ticker,name,event_date,high_52w,event_price,market_type,market_cap,gap_pct,resistance_tests,days_since_high,momentum_5d,volume_ratio,volume_trend,volatility_contraction,atr_pct,ma_alignment,trend_strength,rs_vs_market,market_return,pct_from_52w_low,broke_through_10d,max_gain_20d,days_to_breakout
020150,롯데에너지머티리얼즈,2020-01-02,45150,43000,KOSPI,23722.0,-4.7619,0,213,9.5541,1.0327,1.1258,0.7856,2.392,3,-0.0473,3.3862,3.9796,38.9338,1,22.79,6
006060,화승인더,2020-01-02,12200,11700,KOSPI,1873.0,-4.0984,10,28,4.9327,0.9643,1.3122,1.0317,4.2735,3,3.8133,3.8545,3.9796,115.8672,1,11.11,3
143240,사람인,2020-01-02,32400,31000,KOSDAQ,1656.0,-4.321,12,30,5.802,0.4535,0.7754,0.8636,3.2949,3,3.5135,-1.4988,6.2285,82.3529,1,6.13,10
036570,엔씨소프트,2020-01-02,563000,541000,KOSPI,43842.0,-3.9076,25,29,0.1852,0.4716,0.5189,0.4613,1.8748,4,0.1645,7.1087,3.9796,27.4441,1,22.92,1
012510,더존비즈온,2020-01-02,81600,80700,KOSPI,25613.0,-1.1029,5,38,3.861,0.4254,0.8512,0.6528,2.2305,4,5.6218,10.0035,3.9796,105.6051,1,14.0,1
100840,SNT에너지,2020-01-02,7349,7186,KOSPI,9079.0,-2.218,9,30,2.8629,1.1844,1.7201,0.643,2.2743,4,2.4154,5.413,3.9796,88.6089,0,0.5,-1
003850,보령,2020-01-02,12556,12331,KOSPI,8184.0,-1.792,3,22,6.1462,0.9581,1.3406,1.1826,2.7909,4,8.4204,1.4857,3.9796,71.2163,0,0.3,-1
137400,피엔티,2020-01-02,7610,7380,KOSDAQ,12295.0,-3.0223,5,39,7.7372,0.9977,0.903,0.7344,3.736,4,1.6974,7.3099,6.2285,83.8107,1,8.54,1
043150,바텍,2020-01-02,30050,28550,KOSDAQ,3067.0,-4.9917,6,121,-1.0399,0.9113,1.1747,1.0921,2.5519,3,2.4392,0.1029,6.2285,48.3117,1,18.04,6
034230,파라다이스,2020-01-02,21050,20150,KOSPI,19636.0,-4.2755,3,37,4.9479,2.3794,1.3597,0.8595,2.3573,4,1.5428,3.2013,3.9796,51.5038,1,10.17,6
114190,강원에너지,2020-01-02,8720,8360,KOSDAQ,4164.0,-4.1284,1,32,23.486,4.9548,1.8709,1.3947,7.5615,2,22.4284,-1.7285,6.2285,155.6575,0,2.51,-1
016710,대성홀딩스,2020-01-02,8630,8240,KOSPI,1411.0,-4.5191,4,74,0.9804,1.4559,2.7084,1.3233,3.2334,4,1.381,0.7218,3.9796,34.202,1,12.86,2
108380,대양전기공업,2020-01-02,14650,14150,KOSDAQ,2679.0,-3.413,0,164,5.597,2.2571,1.7881,1.0257,1.7415,3,1.4733,1.376,6.2285,27.4775,0,1.41,-1
044450,KSS해운,2020-01-02,8000,7770,KOSPI,2380.0,-2.875,14,28,2.2368,1.1132,1.6362,1.1733,1.9673,4,2.4307,-2.0111,3.9796,28.8557,0,0.26,-1
035720,카카오,2020-01-02,31913,30609,KOSPI,258039.0,-4.0861,24,28,2.6941,0.5993,1.0199,1.0904,1.9432,3,3.7175,-6.5359,3.9796,63.466,1,13.11,3
089010,켐트로닉스,2020-01-02,18500,17600,KOSDAQ,5572.0,-4.8649,3,29,14.2857,0.8772,1.1548,0.9749,5.1339,4,16.0022,-0.2044,6.2285,236.5201,0,14.49,-1
214370,케어젠,2020-01-02,12416,12240,KOSDAQ,63437.0,-1.4175,60,206,0.0,1.0,1.0,1.0,100.0,0,0.0,-6.2285,6.2285,0.0,0,-100.0,-1
008490,서흥,2020-01-02,36500,35400,KOSPI,2696.0,-3.0137,18,31,1.7241,0.6911,1.0095,0.8086,2.1893,4,2.6861,0.138,3.9796,56.9845,1,6.21,10
007810,코리아써키트,2020-01-02,12350,12000,KOSPI,12873.0,-2.834,1,45,15.942,0.6589,0.8887,0.8184,4.5238,4,23.5653,8.1699,3.9796,192.3264,1,4.17,1
000440,중앙에너비스,2020-01-02,10800,10500,KOSDAQ,1028.0,-2.7778,0,72,23.8208,5.3776,1.6536,2.2682,7.4422,3,1.0027,45.2866,6.2285,94.8052,1,50.48,1
034590,인천도시가스,2020-01-03,30100,28650,KOSPI,1148.0,-4.8173,60,250,-4.0201,0.5205,1.0903,2.2284,1.2216,1,0.2358,-7.6426,4.4332,2.5045,0,1.92,-1
007700,F&F홀딩스,2020-01-03,61250,58750,KOSPI,8312.0,-4.0816,10,34,10.8491,1.0373,0.9844,0.9783,3.4653,4,5.9892,0.948,4.4332,221.9178,1,8.94,6
044990,에이치엔에스하이텍,2020-01-03,4800,4700,KOSDAQ,1346.0,-2.0833,6,55,17.5,0.0671,0.2406,0.6176,1.2158,3,1.1511,11.091,6.409,121.1765,1,8.51,6
033500,동성화인텍,2020-01-03,11200,10650,KOSDAQ,8397.0,-4.9107,5,57,5.9701,1.4244,1.1081,1.2146,3.2931,3,-0.0314,1.4937,6.409,52.1429,1,6.57,5
003230,삼양식품,2020-01-03,95200,92600,KOSPI,86479.0,-2.7311,13,34,2.4336,3.2643,1.17,1.0589,2.5764,4,4.0061,0.318,4.4332,96.1864,1,16.09,2
100120,뷰웍스,2020-01-03,36450,34750,KOSDAQ,2471.0,-4.6639,0,186,16.4154,2.2321,1.9404,1.2381,4.0904,3,4.9055,20.6476,6.409,48.5043,1,12.23,2
077360,덕산하이메탈,2020-01-06,4165,4005,KOSDAQ,5048.0,-3.8415,1,30,16.5939,1.8549,2.2255,1.322,4.7708,4,5.7437,8.9741,4.8043,89.1828,0,11.61,-1
131970,두산테스나,2020-01-06,28328,28127,KOSDAQ,11944.0,-0.7095,0,133,17.191,1.5567,1.4839,1.0784,5.1425,2,2.1416,58.8865,4.8043,217.6398,1,25.94,1
117580,대성에너지,2020-01-06,5990,5830,KOSPI,2228.0,-2.6711,0,169,7.963,290.6163,3.8514,2.416,2.5606,1,-0.0801,3.7974,4.1655,13.2039,1,18.18,2
161580,필옵틱스,2020-01-06,11350,11200,KOSDAQ,12169.0,-1.3216,2,30,13.1313,2.5797,1.3086,0.9699,4.4515,4,7.508,4.9996,4.8043,75.8242,1,12.5,1
002790,아모레퍼시픽홀딩스,2020-01-07,87797,85700,KOSPI,27850.0,-2.3885,10,45,5.4121,1.8405,1.0561,0.766,3.6839,4,6.7261,6.1632,5.5708,69.0902,1,8.17,4
010120,LS ELECTRIC,2020-01-07,56000,53900,KOSPI,191100.0,-3.75,13,211,0.3724,0.9882,1.068,1.4348,2.2131,3,3.8762,0.1155,5.5708,27.1226,0,2.23,-1
241590,화승엔터프라이즈,2020-01-07,17800,17250,KOSPI,3405.0,-3.0899,7,31,3.9157,1.8061,0.9099,0.7676,3.499,4,3.3074,2.2417,5.5708,105.8473,1,3.48,1
195870,해성디에스,2020-01-07,18700,17800,KOSPI,10370.0,-4.8128,0,165,13.0159,3.4536,2.0316,1.5377,3.4109,3,4.6937,22.4867,5.5708,65.5814,1,10.67,3
101360,에코앤드림,2020-01-07,2885,2774,KOSDAQ,3700.0,-3.8475,1,77,4.6792,4.2689,0.8031,0.9362,5.2709,4,13.0682,10.3197,7.4223,0.0,1,91.06,1
067310,하나마이크론,2020-01-08,4126,3992,KOSDAQ,22605.0,-3.2477,1,49,4.3115,2.7101,1.091,0.6241,5.1818,4,10.3352,17.9437,2.0443,88.0358,1,19.34,1
003650,미창석유,2020-01-08,85000,82200,KOSPI,2157.0,-3.2941,12,175,3.5264,22.3107,2.4647,1.2171,2.4244,2,0.293,1.9132,3.3365,13.0674,0,-4.99,-1
089970,브이엠,2020-01-09,8230,8150,KOSDAQ,7763.0,-0.9721,0,183,7.8042,1.1509,1.0364,1.0025,3.7248,4,3.0316,25.7881,6.0889,67.5231,1,18.16,1
160980,싸이맥스,2020-01-09,12100,11850,KOSDAQ,1957.0,-2.0661,0,189,7.7273,6.1601,1.524,1.4489,4.4304,3,5.2764,19.5738,6.0889,96.1921,1,16.46,4
092070,디엔에프,2020-01-09,11050,10850,KOSDAQ,2176.0,-1.81,0,216,7.4257,3.7426,1.5738,1.3382,3.6471,4,3.6506,23.2317,6.0889,61.9403,0,1.38,-1
123690,한국화장품,2020-01-09,13400,12950,KOSPI,1700.0,-3.3582,0,232,10.6838,4.0029,1.0801,1.0024,6.8119,3,11.093,44.3394,4.6825,100.7752,1,37.07,1
025770,한국정보통신,2020-01-09,10700,10200,KOSDAQ,3018.0,-4.6729,0,202,46.9741,56.2691,3.3422,2.1377,4.2647,1,-6.6644,27.7693,6.0889,51.7857,0,1.96,-1
060250,NHN KCP,2020-01-10,13504,13275,KOSDAQ,8916.0,-1.6958,4,97,7.1775,2.9436,1.1141,1.4058,4.0409,3,1.0302,5.8778,7.3225,109.517,1,15.34,1
095660,네오위즈,2020-01-10,18250,17750,KOSDAQ,5836.0,-2.7397,5,46,5.6548,2.213,1.1243,1.2292,3.9437,4,1.4408,8.3127,7.3225,53.0172,1,9.01,1
006400,삼성SDI,2020-01-10,250631,243779,KOSPI,307031.0,-2.7339,0,99,8.7338,3.7309,1.3112,1.6442,2.252,2,0.3914,4.7673,5.1663,28.3513,1,40.96,1
123040,엠에스오토텍,2020-01-10,7130,6920,KOSDAQ,1437.0,-2.9453,0,88,14.5695,7.9494,2.0804,1.3597,5.0578,4,3.4604,26.2683,7.3225,245.1372,1,8.38,1
052260,현대바이오랜드,2020-01-10,13875,13650,KOSDAQ,1308.0,-1.6216,0,29,23.8095,8.3154,1.6624,1.3275,5.259,3,16.0141,32.3195,7.3225,140.5286,1,8.79,1
222080,씨아이에스,2020-01-10,2885,2745,KOSDAQ,10639.0,-4.8527,0,131,4.771,2.039,1.063,1.3402,3.7471,3,2.4285,4.0365,7.3225,38.9873,1,39.89,6
145020,휴젤,2020-01-13,148341,142885,KOSDAQ,31990.0,-3.678,0,127,10.2635,1.269,0.9768,1.4099,2.8759,3,0.2833,5.2512,7.9618,39.2031,1,8.59,7
051905,LG생활건강우,2020-01-13,868000,832000,KOSPI,2438.0,-4.1475,0,199,8.7582,1.4552,1.2643,1.6123,2.2579,3,0.9035,7.3254,5.8719,25.6798,0,2.76,-1
090430,아모레퍼시픽,2020-01-13,240500,232000,KOSPI,96045.0,-3.5343,0,180,12.0773,2.587,1.7326,1.1405,3.633,3,11.8961,14.3353,5.8719,96.6102,0,3.66,-1
051900,LG생활건강,2020-01-13,1466000,1404000,KOSPI,42005.0,-4.2292,0,177,12.4099,1.6047,1.3769,1.6841,2.2334,3,0.0712,6.0006,5.8719,30.3621,0,2.99,-1
237880,클리오,2020-01-13,27300,27000,KOSDAQ,2467.0,-1.0989,0,143,21.3483,5.2864,2.0297,1.0773,6.2963,3,5.1481,24.0676,7.9618,157.1429,1,9.26,1
003690,코리안리,2020-01-14,6035,5751,KOSPI,25015.0,-4.7059,5,218,4.4876,1.4789,0.8251,1.1754,2.366,2,4.3009,4.9179,4.7503,25.9251,0,1.04,-1
215200,메가스터디교육,2020-01-14,43500,42750,KOSDAQ,4732.0,-1.7241,5,167,6.875,2.3827,1.2234,1.1032,3.584,2,6.4402,-1.2624,6.5579,66.0194,1,8.77,1
018290,브이티,2020-01-14,11300,10850,KOSDAQ,7268.0,-3.9823,0,122,20.9588,3.1926,2.7817,1.7807,4.0224,2,-0.8376,11.3769,6.5579,50.904,1,8.76,2
028050,삼성E&A,2020-01-15,19950,19000,KOSPI,64582.0,-4.7619,28,20,0.7958,0.6043,0.9833,1.0696,2.2368,3,4.369,-7.3209,2.7983,31.0345,0,0.26,-1
119610,인터로조,2020-01-15,19280,18569,KOSDAQ,2106.0,-3.6878,4,145,8.4638,2.501,2.4427,1.0876,3.3924,2,0.9031,-1.2471,5.5498,44.7537,1,8.73,2
000140,하이트진로홀딩스,2020-01-15,14750,14450,KOSPI,2216.0,-2.0339,12,45,7.4349,2.3205,1.0084,1.1517,3.5838,3,5.4668,14.2058,2.7983,93.9597,1,7.61,2
183300,코미코,2020-01-16,31100,29700,KOSDAQ,11256.0,-4.5016,0,164,2.4138,4.5904,1.6609,1.3588,3.7398,3,3.9092,3.6744,6.5297,39.7647,1,5.89,2
036200,유니셈,2020-01-16,6450,6350,KOSDAQ,3299.0,-1.5504,0,179,9.4828,3.0466,1.039,1.3208,4.4657,3,7.6509,26.7337,6.5297,99.6855,1,12.13,1
071280,로체시스템즈,2020-01-16,5900,5670,KOSDAQ,1667.0,-3.8983,0,229,5.3903,1.1872,0.8483,1.079,4.5981,4,1.5301,18.6359,6.5297,80.0,1,21.87,1
013990,아가방컴퍼니,2020-01-16,4590,4465,KOSDAQ,1546.0,-2.7233,0,220,12.327,26.1734,3.0013,0.7032,4.9992,4,2.2308,24.601,6.5297,62.6594,1,25.2,1
093320,케이아이엔엑스,2020-01-16,44800,43450,KOSDAQ,6129.0,-3.0134,0,152,17.4324,1.4488,1.8657,1.428,3.8879,3,5.7451,16.2104,6.5297,118.3417,1,14.04,1
187870,디바이스,2020-01-16,15961,15350,KOSDAQ,1583.0,-3.8281,0,193,12.4542,3.1204,1.3949,1.2012,4.4318,3,9.6161,27.3794,6.5297,94.9454,1,22.15,3
008490,서흥,2020-01-16,36500,36400,KOSPI,2696.0,-0.274,25,41,4.8991,1.7859,1.3039,1.267,2.502,4,2.264,1.6694,3.6852,58.2609,1,9.62,1
214370,케어젠,2020-01-16,12416,12240,KOSDAQ,63437.0,-1.4175,60,216,0.0,1.0,1.0,1.0,100.0,0,0.0,-6.5297,6.5297,0.0,0,-100.0,-1
143240,사람인,2020-01-16,32400,31850,KOSDAQ,1656.0,-1.6975,15,40,4.9423,1.8485,0.9866,1.1416,3.42,4,2.2874,0.1705,6.5297,84.6377,0,0.16,-1
092130,이크레더블,2020-01-17,19650,18800,KOSDAQ,1903.0,-4.3257,18,186,1.0753,1.3768,0.9804,1.0329,1.3488,3,0.3465,-5.8148,5.8148,23.2787,0,1.6,-1
042370,비츠로테크,2020-01-17,6940,6720,KOSDAQ,2693.0,-3.17,0,247,4.6729,2.2942,0.9947,1.2635,2.0089,3,5.2635,2.0504,5.8148,47.6923,0,4.91,-1
083310,엘오티베큠,2020-01-17,11291,10800,KOSDAQ,2306.0,-4.3486,0,186,8.5427,7.9977,1.922,1.2523,3.7368,3,6.6398,12.7232,5.8148,68.7236,0,17.13,-1
067900,와이엔텍,2020-01-17,11500,11200,KOSDAQ,1279.0,-2.6087,0,23,6.6667,5.4265,1.3215,1.3064,3.7245,4,9.645,5.628,5.8148,149.4432,1,6.25,2
080580,오킨스전자,2020-01-17,2270,2158,KOSDAQ,3124.0,-4.9339,0,89,13.6986,6.6168,2.1033,1.3322,3.3828,4,1.417,10.5194,5.8148,72.3642,0,0.79,-1
166090,하나머티리얼즈,2020-01-17,20900,20200,KOSDAQ,12045.0,-3.3493,0,204,5.7592,4.021,1.466,1.0844,4.2256,2,8.395,-0.3318,5.8148,74.8918,0,2.97,-1
306620,지아이에스,2020-01-17,2260,2170,KOSDAQ,1150.0,-3.9823,0,156,6.3725,6.3942,1.5113,1.4909,1.9421,3,-0.7366,0.5577,5.8148,0.0,1,33.87,1
281740,레이크머티리얼즈,2020-01-17,2163,2055,KOSDAQ,16038.0,-4.9931,39,72,0.2439,4.315,2.1899,0.7433,1.4946,3,-1.0234,-3.321,5.8148,0.0,0,16.79,-1
006405,삼성SDI우,2020-01-17,105052,100233,KOSPI,3292.0,-4.5873,0,30,6.4485,2.3603,1.9482,1.5706,2.5136,4,2.5806,10.5431,2.4999,28.7134,1,79.81,2
220100,퓨쳐켐,2020-01-17,9016,8749,KOSDAQ,5248.0,-2.9614,0,174,8.6562,1.8517,0.956,0.7926,3.6306,3,5.1631,12.2872,5.8148,43.0276,1,6.41,4
003555,LG우,2020-01-17,36756,36500,KOSPI,2144.0,-0.6965,24,20,2.3671,0.2431,1.4407,0.9125,1.6658,3,2.7251,-2.0955,2.4999,26.5911,1,4.52,1
105560,KB금융,2020-01-20,50800,48300,KOSPI,579782.0,-4.9213,10,22,3.4261,1.0212,1.0858,0.805,2.2035,3,3.8618,-5.3195,3.0928,27.947,0,-0.1,-1
144960,뉴파워프라즈마,2020-01-20,5100,5070,KOSDAQ,2713.0,-0.5882,0,25,15.8857,2.0406,0.801,1.163,4.4308,4,7.0902,7.5982,5.3194,0.0,1,1.97,1
001340,PKC,2020-01-20,3897,3745,KOSPI,2951.0,-3.9004,0,155,31.542,188.0892,3.6926,2.3664,2.9792,2,-1.5756,27.9429,3.0928,39.0126,1,23.98,1
02826K,삼성물산우B,2020-01-20,82800,79000,KOSPI,2722.0,-4.5894,0,184,1.1524,4.5593,1.4235,0.9166,1.5009,3,4.0231,2.6635,3.0928,25.3968,0,20.0,-1
131400,이브이첨단소재,2020-01-20,4463,4258,KOSDAQ,1118.0,-4.5933,0,93,9.1795,2.1372,1.5247,1.4651,2.7964,3,1.3417,8.0157,5.3194,86.509,0,0.19,-1
077360,덕산하이메탈,2020-01-21,4165,4080,KOSDAQ,5048.0,-2.0408,8,41,1.6189,1.4181,0.7102,0.8166,4.4643,4,9.3088,4.2297,4.4254,76.6234,1,9.56,1
010120,LS ELECTRIC,2020-01-21,56000,53900,KOSPI,191100.0,-3.75,19,221,-1.1009,0.473,0.9058,1.1989,2.7167,4,3.5504,-3.426,1.9635,27.1226,0,1.48,-1
290650,엘앤씨바이오,2020-01-21,10650,10133,KOSDAQ,22408.0,-4.8545,0,197,16.6993,1.9049,1.8019,1.5736,3.9834,3,5.5159,20.9365,4.4254,103.3514,1,79.28,1
243840,신흥에스이씨,2020-01-22,8800,8360,KOSDAQ,2375.0,-5.0,0,128,2.2005,0.6076,0.7579,1.0827,3.0272,3,5.3085,8.5919,5.9286,40.0335,1,16.99,4
108380,대양전기공업,2020-01-22,14650,13950,KOSDAQ,2679.0,-4.7782,4,178,0.3597,0.4965,0.7386,0.6797,2.0225,3,2.8225,-1.4342,5.9286,25.6757,0,0.36,-1
051360,토비스,2020-01-22,9800,9610,KOSDAQ,2383.0,-1.9388,18,21,0.7338,5.913,1.4529,1.357,4.0583,4,11.836,-4.9832,5.9286,63.4354,0,-0.73,-1
051600,한전KPS,2020-01-22,41300,39650,KOSPI,26235.0,-3.9952,9,21,1.148,1.2701,0.8259,0.9459,2.2338,4,4.8382,-4.8391,2.8614,32.6087,0,3.03,-1
007070,GS리테일,2020-01-22,36435,35066,KOSPI,18686.0,-3.7574,1,80,3.4029,1.109,1.0906,0.9279,2.3091,3,-1.1777,2.8068,2.8614,22.0239,0,2.93,-1
005290,동진쎄미켐,2020-01-22,20000,19700,KOSDAQ,26067.0,-1.5,0,60,10.6742,2.0574,1.3979,0.9066,4.8042,4,-0.2788,13.1046,5.9286,146.5582,0,0.51,-1
042700,한미반도체,2020-01-22,4840,4755,KOSPI,185763.0,-1.7562,0,183,12.6777,10.468,2.0652,1.1685,5.2426,3,8.1222,15.5695,2.8614,80.7985,1,7.78,1
204320,HL만도,2020-01-23,39800,39000,KOSPI,27705.0,-2.0101,0,189,10.4816,5.5477,1.6421,1.2617,2.9304,3,0.2455,10.3053,1.9249,46.3415,0,-1.67,-1
028260,삼성물산,2020-01-23,120500,117000,KOSPI,538826.0,-2.9046,0,240,8.3333,4.2679,1.4505,1.3351,2.6862,3,5.6784,5.4145,1.9249,39.1201,0,3.85,-1
086390,유니테스트,2020-01-23,17800,16950,KOSDAQ,4375.0,-4.7753,0,208,8.3067,0.8988,1.1452,0.8159,4.6355,3,0.8854,16.9662,5.8599,78.2334,0,5.6,-1
203400,에이비온,2020-01-23,4258,4170,KOSDAQ,3163.0,-2.0667,4,20,6.0259,0.2259,0.9503,1.1158,3.3762,4,12.5141,-4.7445,5.8599,130.7692,1,28.35,4
206640,바디텍메드,2020-01-23,13650,13000,KOSDAQ,3098.0,-4.7619,0,215,37.7119,28.974,3.2816,2.1005,4.0989,3,3.7457,29.5567,5.8599,70.8279,1,42.69,1
005389,현대차3우B,2020-01-23,77400,74600,KOSPI,5679.0,-3.6176,7,180,5.5163,2.3231,1.115,1.224,1.7714,1,-0.913,-0.0124,1.9249,13.0303,0,1.47,-1
094170,동운아나텍,2020-01-23,7056,6855,KOSDAQ,6524.0,-2.8486,0,147,6.4937,2.2841,1.0309,1.0193,4.7692,3,11.1926,12.3297,5.8599,71.4607,1,14.88,3
108230,톱텍,2020-01-28,12650,12050,KOSDAQ,1861.0,-4.7431,0,234,7.5893,9.4025,1.5771,1.0463,4.4754,3,9.5699,21.6152,4.0366,65.0685,0,3.32,-1
011210,현대위아,2020-01-28,55500,53100,KOSPI,22654.0,-4.3243,9,46,9.8242,2.0264,1.5797,1.4256,4.2709,3,1.7834,8.7567,-0.61,37.9221,0,0.75,-1
041920,메디아나,2020-01-29,5196,4942,KOSDAQ,5087.0,-4.8884,0,169,8.8307,9.5619,3.0921,1.8031,3.3315,3,-0.102,11.0674,2.7773,39.8415,0,0.2,-1
084650,랩지노믹스,2020-01-30,1419,1394,KOSDAQ,1362.0,-1.7618,0,198,59.4966,20.1363,3.8705,1.7942,6.6561,3,3.793,64.3485,-0.7335,109.9398,1,82.14,5
214370,케어젠,2020-02-03,12416,12240,KOSDAQ,63437.0,-1.4175,60,226,0.0,1.0,1.0,1.0,100.0,0,0.0,4.031,-4.031,0.0,0,-100.0,-1
214320,이노션,2020-02-04,37750,36650,KOSPI,7980.0,-2.9139,0,180,5.9249,3.2631,1.5674,1.1393,3.3814,3,1.764,6.9309,-0.8528,16.9059,0,2.32,-1
237690,에스티팜,2020-02-04,31300,31000,KOSDAQ,31619.0,-0.9585,1,23,6.8966,3.3979,1.2216,1.5539,4.9539,4,15.0235,8.0097,-1.2972,152.0325,1,10.16,1
019170,신풍제약,2020-02-05,8740,8550,KOSPI,6856.0,-2.1739,0,228,19.9158,14.579,2.015,2.2271,6.2406,2,2.9621,22.5316,0.49,73.0769,1,27.49,1
051910,LG화학,2020-02-05,400000,382000,KOSPI,226601.0,-4.5,0,229,14.0299,1.9573,1.6629,1.6138,3.6556,3,3.6935,23.94,0.49,33.3333,1,10.6,4
293580,나우IB,2020-02-05,581,561,KOSDAQ,1918.0,-3.4423,0,215,28.0822,17.1318,3.8894,2.149,4.7364,2,2.0832,27.1651,0.9171,42.0253,1,4.63,7
102120,어보브반도체,2020-02-05,9270,9030,KOSDAQ,2235.0,-2.589,0,191,17.5781,11.6011,2.141,1.8567,5.3314,3,10.9583,25.9087,0.9171,102.0134,1,14.06,1
063160,종근당바이오,2020-02-05,32940,31400,KOSPI,1174.0,-4.6752,0,158,7.5342,6.2673,1.8516,1.5265,3.2302,3,0.3221,5.7706,0.49,56.0947,1,11.15,2
281740,레이크머티리얼즈,2020-02-05,2163,2090,KOSDAQ,16038.0,-3.3749,32,83,2.451,5.9793,1.5358,1.2339,2.1873,3,-1.5776,2.805,0.9171,0.0,1,14.83,2
005387,현대차2우B,2020-02-06,89500,85100,KOSPI,89333.0,-4.9162,0,192,3.4022,1.1809,0.8239,1.6345,2.8958,1,-0.0778,5.5863,2.4086,13.4667,0,3.29,-1
064760,티씨케이,2020-02-06,70200,66900,KOSDAQ,23309.0,-4.7009,0,234,10.5785,2.8636,1.1775,1.0877,3.8544,2,5.7956,8.0984,1.3942,50.3371,1,15.4,4
267320,나인테크,2020-02-06,2223,2115,KOSDAQ,2165.0,-4.8583,21,147,4.4444,6.347,2.1639,1.1875,1.8575,2,-1.8776,1.7765,1.3942,0.0,1,13.48,5
02826K,삼성물산우B,2020-02-06,82800,81300,KOSPI,2722.0,-1.8116,5,195,3.9642,0.9351,0.6387,1.9531,2.2931,3,3.504,3.0389,2.4086,29.0476,1,16.61,2
044450,KSS해운,2020-02-06,8000,7630,KOSPI,2380.0,-4.625,19,51,6.8627,2.3505,1.7246,1.5929,2.6774,2,0.349,-2.4086,2.4086,20.1575,0,4.85,-1
003720,삼영,2020-02-06,1300,1260,KOSPI,2295.0,-3.0769,0,153,7.6923,1.0375,0.5423,1.3389,5.4989,2,1.6257,23.9705,2.4086,68.4492,1,3.57,3
007810,코리아써키트,2020-02-06,12500,12000,KOSPI,12873.0,-4.0,4,22,14.2857,6.5016,1.6434,1.6107,6.2976,3,8.003,3.7861,2.4086,192.3264,1,11.67,2
011500,한농화성,2020-02-07,4495,4420,KOSPI,3995.0,-1.6685,32,206,4.2453,28.5197,2.6792,1.2893,3.1432,2,1.9498,4.5932,2.8187,26.2857,0,15.38,-1
241590,화승엔터프라이즈,2020-02-07,17850,17250,KOSPI,3405.0,-3.3613,13,20,9.1772,1.3008,0.9644,1.1562,3.9337,3,3.3715,-1.3482,2.8187,93.3857,1,8.99,8
065680,우주일렉트로,2020-02-07,11000,10600,KOSDAQ,3290.0,-3.6364,0,181,8.3845,2.3819,1.5006,1.9382,4.8046,3,3.7625,28.2215,4.9443,37.6623,1,46.23,2
259630,엠플러스,2020-02-07,12300,12225,KOSDAQ,1616.0,-0.6098,0,206,17.7179,2.5704,1.5649,1.5609,5.1405,3,9.6287,42.0261,4.9443,85.8468,1,6.39,1
092130,이크레더블,2020-02-07,19650,18700,KOSDAQ,1903.0,-4.8346,13,199,1.0811,2.5269,1.2625,1.2402,1.5661,3,-0.1166,-2.7585,4.9443,18.7302,0,2.14,-1
083310,엘오티베큠,2020-02-07,11291,10750,KOSDAQ,2306.0,-4.7914,1,199,14.9733,3.2207,1.0952,1.5728,5.0432,3,6.3786,8.8123,4.9443,67.9425,1,24.19,1
001570,금양,2020-02-07,2900,2780,KOSPI,6333.0,-4.1379,0,25,13.7014,2.5547,1.4613,1.2218,4.3165,4,2.5297,12.7738,2.8187,45.1697,0,5.76,-1
079810,디이엔티,2020-02-10,4044,3928,KOSDAQ,1188.0,-2.8684,0,100,25.2152,2.8136,1.8387,1.2833,5.8718,3,0.8644,28.0104,1.4983,116.4187,1,11.3,1
028260,삼성물산,2020-02-10,120500,116000,KOSPI,538826.0,-3.7344,3,250,7.907,0.7073,0.996,1.4357,3.4791,4,4.3003,8.2515,0.6687,37.931,1,4.74,3
067570,엔브이에이치코리아,2020-02-11,3041,2981,KOSDAQ,1008.0,-1.973,0,198,13.2599,7.4915,3.0914,1.6018,3.8937,2,1.23,13.3147,1.3833,44.4983,1,29.99,1
217820,원익피앤이,2020-02-11,7846,7589,KOSDAQ,1950.0,-3.2756,0,219,23.9628,5.0257,2.109,1.5213,5.3847,2,1.709,42.5932,1.3833,103.7315,1,17.26,1
051905,LG생활건강우,2020-02-11,868000,832000,KOSPI,2438.0,-4.1475,6,218,7.9118,0.8233,1.0522,0.9409,3.0649,3,2.5363,4.6917,0.7583,21.9941,1,4.45,7
001820,삼화콘덴서,2020-02-11,68500,66500,KOSPI,3638.0,-2.9197,0,244,12.3311,3.6567,1.28,1.4655,4.4146,3,7.7888,7.5479,0.7583,79.2453,1,5.11,4
030190,NICE평가정보,2020-02-11,19100,18650,KOSPI,10251.0,-2.356,0,161,8.4302,0.8597,0.6776,0.8147,4.3087,3,9.4285,14.3652,0.7583,88.1937,0,-0.8,-1
003550,LG,2020-02-11,75100,71417,KOSPI,143272.0,-4.9041,0,222,5.7356,1.0332,1.2478,1.3998,2.6927,2,1.2319,7.0882,0.7583,14.0282,1,6.08,1
005389,현대차3우B,2020-02-11,77400,73800,KOSPI,5679.0,-4.6512,10,191,4.2373,1.05,1.2026,1.4395,2.71,1,-0.2981,7.1365,0.7583,11.8182,0,2.57,-1
049430,코메론,2020-02-12,8680,8250,KOSDAQ,1358.0,-4.9539,18,27,3.7736,0.5673,1.0512,0.9241,1.8961,3,0.3719,-1.9264,1.0851,13.7931,0,0.61,-1
051900,LG생활건강,2020-02-12,1466000,1398000,KOSPI,42005.0,-4.6385,5,197,7.3733,0.7609,0.877,0.9349,2.6977,3,2.3135,-0.8365,0.4091,24.5989,0,2.0,-1
005385,현대차우,2020-02-12,82000,78000,KOSPI,58819.0,-4.878,0,192,6.8493,1.4158,1.2247,1.4138,3.1319,2,-0.0181,9.1415,0.4091,15.899,0,0.77,-1
036810,에프에스티,2020-02-12,9338,9092,KOSDAQ,9551.0,-2.6344,6,22,8.3155,3.2178,0.9686,0.9335,4.8206,2,8.5297,4.8576,1.0851,87.2323,1,5.63,3
098460,고영,2020-02-13,21860,21580,KOSDAQ,22347.0,-1.2809,10,20,14.3008,2.203,1.1425,1.1748,3.5152,3,0.4453,3.8544,1.3113,48.6226,0,-0.75,-1
033500,동성화인텍,2020-02-13,11350,10950,KOSDAQ,8397.0,-3.5242,10,22,2.8169,2.5427,1.0668,1.3019,3.9596,4,1.5091,-1.7659,1.3113,56.4286,0,3.2,-1
178320,서진시스템,2020-02-13,16420,15820,KOSDAQ,19681.0,-3.6541,0,78,8.4081,1.7324,1.1859,1.0658,4.26,4,0.6037,3.8469,1.3113,85.3544,1,4.74,2
900140,엘브이엠씨홀딩스,2020-02-13,2682,2678,KOSPI,3051.0,-0.1491,3,71,10.5241,5.6114,1.4667,1.0505,4.4516,3,-0.537,13.9799,-0.2644,115.4465,1,14.9,1
180640,한진칼,2020-02-13,50500,48000,KOSPI,83186.0,-4.9505,0,32,15.6627,6.467,1.7623,1.1408,4.3304,3,9.0823,17.3376,-0.2644,102.5316,1,100.0,4
000660,SK하이닉스,2020-02-13,103500,102000,KOSPI,6377301.0,-1.4493,15,20,1.4925,1.3039,0.8507,0.762,2.8852,4,6.3707,1.757,-0.2644,63.4615,1,3.92,1
051915,LG화학우,2020-02-13,222500,211500,KOSPI,12187.0,-4.9438,0,235,6.8182,0.7484,1.5235,1.2356,4.2047,3,3.4706,18.0917,-0.2644,33.0189,0,2.36,-1
035420,NAVER,2020-02-14,194499,186500,KOSPI,398406.0,-4.1126,13,21,0.8108,1.3574,0.9553,0.635,2.4703,4,4.4123,-3.1762,0.5652,75.1174,0,2.68,-1
036010,아비코전자,2020-02-14,6640,6500,KOSDAQ,1160.0,-2.1084,0,237,19.7053,4.6322,1.8875,1.3636,4.1538,4,4.1402,14.8435,1.4356,57.0048,1,6.0,4
099320,쎄트렉아이,2020-02-14,24300,23200,KOSDAQ,20479.0,-4.5267,0,160,17.7665,1.7886,2.2287,1.0403,3.7254,3,1.862,7.7409,1.4356,63.3803,1,18.32,2
086390,유니테스트,2020-02-14,17800,17350,KOSDAQ,4375.0,-2.5281,2,222,6.1162,1.1646,0.7078,0.977,5.3314,4,5.0983,11.2267,1.4356,82.4395,1,3.17,1
166090,하나머티리얼즈,2020-02-14,20900,20000,KOSDAQ,12045.0,-4.3062,1,222,15.6069,1.6146,1.317,1.158,4.6607,3,3.1067,8.7572,1.4356,73.1602,0,4.0,-1
215200,메가스터디교육,2020-02-17,46500,44500,KOSDAQ,4732.0,-4.3011,9,20,1.7143,0.5223,0.8706,0.3745,3.3949,4,6.4596,-4.5638,0.8842,58.9286,1,12.36,3
214370,케어젠,2020-02-17,12416,12240,KOSDAQ,63437.0,-1.4175,60,236,0.0,1.0,1.0,1.0,100.0,0,0.0,-0.8842,0.8842,0.0,0,-100.0,-1
079940,가비아,2020-02-17,10750,10350,KOSDAQ,4362.0,-3.7209,0,186,9.1772,0.5806,1.8515,1.028,5.0449,3,7.4983,15.933,0.8842,54.9401,1,9.18,2
265520,AP시스템,2020-02-17,34850,33300,KOSDAQ,3424.0,-4.4476,9,30,8.646,1.7817,0.9767,0.9167,3.5178,3,3.1866,-2.2175,0.8842,66.5,0,0.3,-1
064850,에프앤가이드,2020-02-17,4300,4100,KOSDAQ,1475.0,-4.6512,5,218,14.6853,0.3124,0.75,0.7404,1.8902,1,-2.8762,15.5931,0.8842,36.4393,1,13.9,3
025900,동화기업,2020-02-17,8611,8391,KOSDAQ,5192.0,-2.5549,0,100,13.8689,1.7587,1.8546,1.2332,4.4546,3,-0.9922,16.1614,0.8842,36.4834,1,6.2,1
052710,아모텍,2020-02-18,21535,20534,KOSDAQ,1339.0,-4.6482,4,22,4.0645,2.8498,0.9866,0.4367,4.1461,4,6.4065,-0.0044,-0.7975,99.6888,0,2.43,-1
047820,초록뱀미디어,2020-02-18,28244,27465,KOSDAQ,1154.0,-2.7581,0,245,41.7183,34.1059,3.8486,2.1141,6.231,2,-1.4245,39.9312,-0.7975,58.6655,1,13.48,1
000080,하이트진로,2020-02-19,33000,31500,KOSPI,12666.0,-4.5455,10,21,5.8824,2.7613,1.0528,1.2617,3.8322,3,1.7054,0.5954,-2.3115,85.2941,0,3.97,-1
017960,한국카본,2020-02-19,9400,8940,KOSPI,17571.0,-4.8936,0,168,12.1706,1.7888,2.4628,1.2871,3.6353,2,0.9425,11.469,-2.3115,42.1304,0,4.03,-1
108230,톱텍,2020-02-19,12650,12300,KOSDAQ,1861.0,-2.7668,1,250,8.8496,1.595,1.0455,0.5949,4.6167,4,7.4878,11.6265,0.1917,68.4932,0,1.22,-1
005930,삼성전자,2020-02-19,62800,60200,KOSPI,9814760.0,-4.1401,17,20,-0.4959,0.7969,0.8615,0.9766,2.4324,4,4.8175,-1.2142,-2.3115,47.3684,0,1.83,-1
044450,KSS해운,2020-02-20,8000,7670,KOSPI,2380.0,-4.125,27,61,-0.2601,1.08,0.81,0.4403,2.8776,3,0.2212,4.5131,-1.973,19.8438,0,4.3,-1
092130,이크레더블,2020-02-21,19650,18950,KOSDAQ,1903.0,-3.5623,21,209,-0.2632,2.1086,1.0993,0.9231,1.5266,4,0.2062,3.7416,-2.9437,16.9753,0,0.26,-1
005950,이수화학,2020-02-21,5436,5233,KOSPI,2385.0,-3.7344,0,89,25.1614,412.2738,3.8595,2.2967,3.0466,2,-4.5819,23.6994,-4.6051,40.0321,0,0.42,-1
011150,CJ씨푸드,2020-02-24,4040,3945,KOSPI,1051.0,-2.3515,0,126,25.8373,5.1072,1.1721,2.1187,7.3601,3,-0.4706,53.2801,-7.439,97.7444,1,22.43,1
214370,케어젠,2020-03-02,12416,12240,KOSDAQ,63437.0,-1.4175,60,246,0.0,1.0,1.0,1.0,100.0,0,0.0,2.9667,-2.9667,0.0,0,-100.0,-1
001570,금양,2020-03-04,2900,2760,KOSPI,6333.0,-4.8276,4,43,6.1538,0.8149,0.8609,1.3319,4.7231,3,4.8535,11.4722,-4.9085,44.1253,1,6.52,2
020120,키다리스튜디오,2020-03-04,5430,5300,KOSPI,1234.0,-2.3941,0,156,16.9978,2.9818,1.2096,1.6778,7.4461,3,1.2854,37.0781,-4.9085,106.6277,1,25.47,1
004700,조광피혁,2020-03-05,41250,39500,KOSPI,4754.0,-4.2424,0,221,1.8041,6.2941,2.0322,0.63,2.3508,3,-0.6581,10.0787,-6.4041,16.1765,0,4.43,-1
044450,KSS해운,2020-03-05,8000,7930,KOSPI,2380.0,-0.875,32,71,0.6345,0.8901,0.7349,1.3322,2.8914,4,0.8173,10.336,-6.4041,23.9062,0,0.5,-1
033640,네패스,2020-03-05,36100,35850,KOSDAQ,4213.0,-0.6925,0,131,20.5042,2.7664,1.5751,1.3833,6.0968,2,8.8949,45.8895,-3.3448,186.8,1,6.83,1
058630,엠게임,2020-03-05,4570,4350,KOSDAQ,1075.0,-4.814,0,164,8.3437,1.9216,1.1718,1.5361,5.4433,4,6.2339,15.4582,-3.3448,66.6667,0,0.0,-1
134380,미원화학,2020-03-06,47800,45600,KOSPI,2294.0,-4.6025,6,232,1.6722,0.1574,0.4177,1.1162,1.4803,4,0.8945,9.8914,-7.7637,18.4416,0,0.0,-1
011000,진원생명과학,2020-03-09,3827,3673,KOSPI,1613.0,-4.024,0,29,66.1991,0.97,1.8874,1.2025,15.5614,3,17.1482,100.1303,-11.19,174.9251,1,158.89,7
044990,에이치엔에스하이텍,2020-03-11,5100,4850,KOSDAQ,1346.0,-4.902,3,40,27.6316,1.6574,1.107,1.112,5.3461,3,0.8618,31.5437,-13.251,128.2353,0,0.0,-1
214370,케어젠,2020-03-16,12416,12240,KOSDAQ,63437.0,-1.4175,60,249,0.0,1.0,1.0,1.0,100.0,0,0.0,27.156,-27.156,0.0,0,-100.0,-1
108860,셀바스AI,2020-03-19,4330,4155,KOSDAQ,3343.0,-4.0416,60,250,0.0,1.0,1.0,1.0,100.0,0,0.0,37.1608,-37.1608,0.0,0,-100.0,-1
046070,코다코,2020-03-19,56320,54000,KOSDAQ,1592.0,-4.1193,60,249,0.0,1.0,1.0,1.0,100.0,0,0.0,37.1608,-37.1608,0.0,0,-100.0,-1
138360,앤로보틱스,2020-03-20,4600,4480,KOSDAQ,2183.0,-2.6087,60,249,0.0,1.0,1.0,1.0,100.0,0,0.0,29.9765,-29.9765,0.0,0,-100.0,-1
004700,조광피혁,2020-03-20,41250,39300,KOSPI,4754.0,-4.7273,7,232,1.8135,3.149,1.2153,1.94,4.1258,2,0.4356,28.8769,-27.5883,15.5882,1,15.78,10
156100,엘앤케이바이오,2020-03-20,5457,5213,KOSDAQ,3153.0,-4.4713,60,250,0.0,1.0,1.0,1.0,100.0,0,0.0,29.9765,-29.9765,0.0,0,-100.0,-1
180400,DXVX,2020-03-23,7392,7029,KOSDAQ,4592.0,-4.9107,60,250,0.0,1.0,1.0,1.0,100.0,0,0.0,30.5855,-30.5855,0.0,0,-100.0,-1
068760,셀트리온제약,2020-03-24,47174,46362,KOSDAQ,30708.0,-1.7213,0,228,54.4525,13.4511,3.0484,2.1509,7.842,3,3.8282,67.3183,-26.8742,109.9538,1,43.11,1
950130,엑세스바이오,2020-03-26,4076,3875,KOSDAQ,1413.0,-4.9313,0,242,19.525,1.7981,0.7,1.4201,14.7834,3,21.0318,82.6193,-19.0482,186.8246,1,27.59,1
041960,코미팜,2020-03-26,24144,23098,KOSDAQ,6170.0,-4.3323,0,200,34.7529,2.6275,1.0185,1.368,11.2635,3,13.9668,63.7816,-19.0482,160.8175,1,14.95,1
131370,알서포트,2020-03-30,4755,4670,KOSDAQ,1273.0,-1.7876,0,201,83.8583,1.873,0.9769,1.6663,12.9091,3,6.7409,32.4595,-13.63,121.8527,1,66.38,1
093320,케이아이엔엑스,2020-03-30,49550,47800,KOSDAQ,6129.0,-3.5318,8,32,21.9388,5.0696,1.3238,1.7537,7.9946,3,5.0604,20.3264,-13.63,63.1399,1,43.31,1
285130,SK케미칼,2020-03-30,59447,58247,KOSPI,11400.0,-2.0186,0,82,37.6998,3.8608,2.0466,1.6034,10.7673,3,0.5539,59.7527,-14.2516,119.353,1,6.76,1
016710,대성홀딩스,2020-03-31,9300,8870,KOSPI,1411.0,-4.6237,0,57,3.1395,1.1398,1.5909,1.3865,4.5096,4,1.8432,19.8807,-12.8843,34.5979,1,21.2,4
271560,오리온,2020-03-31,118500,115000,KOSPI,50685.0,-2.9536,3,50,18.1912,1.3939,1.1298,1.4342,7.559,2,-1.2786,35.0948,-12.8843,51.5152,1,10.0,3
006280,녹십자,2020-04-01,149000,142500,KOSPI,19762.0,-4.3624,0,229,25.0,2.3338,1.5339,1.1686,7.9749,2,-1.9774,39.9498,-18.1549,47.0588,1,33.33,1
060250,NHN KCP,2020-04-02,18664,18609,KOSDAQ,8916.0,-0.2947,5,28,21.0814,1.5523,1.1395,1.3391,7.03,4,7.1233,29.4165,-12.6871,162.8019,1,32.66,1
006140,피제이전자,2020-04-02,5440,5200,KOSDAQ,1188.0,-4.4118,0,74,51.1628,40.1688,3.7411,2.0557,9.3956,1,-9.1791,31.9531,-12.6871,79.0017,0,-2.5,-1
079940,가비아,2020-04-03,11300,10950,KOSDAQ,4362.0,-3.0973,2,31,34.8522,3.0722,2.2341,1.5786,10.3196,3,4.0876,16.1346,-10.8461,59.3886,1,60.27,1
002840,미원상사,2020-04-06,60600,57900,KOSPI,7073.0,-4.4554,30,54,4.5126,1.0347,1.3775,0.9169,2.1836,3,-1.7426,10.9925,-8.3329,0.0,1,8.98,6
268280,미원에스씨,2020-04-09,79200,75400,KOSPI,7105.0,-4.798,0,229,1.8919,2.2204,0.6512,0.8602,2.5767,2,-0.6858,7.9204,0.1025,14.4158,0,4.77,-1
051160,지어소프트,2020-04-09,10250,9990,KOSDAQ,1167.0,-2.5366,0,199,38.943,4.6152,1.9728,0.7887,8.5979,3,13.31,58.3076,9.3098,158.1395,1,19.62,8
049720,고려신용정보,2020-04-09,5620,5340,KOSDAQ,1469.0,-4.9822,0,176,12.1849,5.5191,1.4393,1.0831,4.3874,1,-2.2203,9.8866,9.3098,37.0988,0,19.85,-1
008490,서흥,2020-04-10,40400,38600,KOSPI,2696.0,-4.4554,16,26,3.4853,2.3417,1.0569,0.9361,5.607,3,0.1496,5.2469,5.0388,48.4615,1,19.95,3
290650,엘앤씨바이오,2020-04-10,19500,18967,KOSDAQ,22408.0,-2.7333,1,24,15.3009,2.0253,0.808,0.9203,6.546,4,17.3318,29.6186,16.6527,280.6342,1,45.34,1
194700,노바렉스,2020-04-14,13631,13060,KOSDAQ,2905.0,-4.189,2,244,6.5687,1.6109,1.4223,0.8672,6.1201,3,2.5649,-9.2215,18.5651,41.6947,1,36.18,7
023450,동남합성,2020-04-16,28700,27350,KOSPI,1106.0,-4.7038,16,22,5.5985,1.9798,1.7025,1.0677,3.4866,4,2.1236,-17.9723,16.7088,0.0,1,18.65,3
094280,효성ITX,2020-04-16,17100,16250,KOSPI,1478.0,-4.9708,1,76,22.6415,0.7892,1.759,1.0229,5.033,2,-6.5926,23.3774,16.7088,83.6158,1,19.69,5
073490,이노와이어리스,2020-04-16,48000,47950,KOSDAQ,2486.0,-0.1042,2,42,16.2424,2.0882,1.1597,1.0178,6.1448,4,5.0802,9.2822,28.5052,108.4783,1,12.83,1
035600,KG이니시스,2020-04-16,22200,21250,KOSDAQ,3105.0,-4.2793,4,34,6.25,1.4577,0.9262,0.9701,6.8908,3,2.4141,21.1427,28.5052,87.2247,1,29.41,5
003230,삼양식품,2020-04-16,107500,102500,KOSPI,86479.0,-4.6512,5,54,3.64,1.0963,1.1409,0.7136,5.108,3,-1.537,7.9871,16.7088,77.9514,1,30.24,6
064760,티씨케이,2020-04-17,77200,73500,KOSDAQ,23309.0,-4.7927,4,42,5.0,0.8041,0.8907,0.6933,5.7143,3,-0.4048,4.7714,48.1942,78.6148,0,14.69,-1
007390,네이처셀,2020-04-20,13128,12700,KOSDAQ,14691.0,-3.2602,0,250,48.1914,5.9196,2.0402,1.0616,7.5703,3,10.9555,39.5411,36.3592,128.8288,1,4.33,2
126340,비나텍,2020-04-21,14925,14344,KOSDAQ,7878.0,-3.8928,0,136,17.6509,4.0169,1.115,1.3111,6.992,2,-3.3889,2.6434,41.6915,120.8808,1,11.67,1
003480,한진중공업홀딩스,2020-04-21,4275,4155,KOSPI,1497.0,-2.807,0,246,32.7476,20.0362,2.2495,1.4446,6.6615,3,5.4197,44.9198,26.7744,87.1622,1,17.21,1
078340,컴투스,2020-04-22,110500,105000,KOSDAQ,4202.0,-4.9774,7,61,6.8159,0.9566,0.7292,0.6052,4.5102,2,-4.0247,2.4006,32.2148,53.7335,1,11.62,8
035720,카카오,2020-04-23,38435,37232,KOSPI,258039.0,-3.13,7,44,12.0838,1.7956,1.2292,0.6684,2.9836,3,-0.0852,7.7478,12.3167,64.155,1,50.67,6
185750,종근당,2020-04-23,77788,74343,KOSPI,12892.0,-4.4287,11,242,1.8453,0.4584,0.7325,0.3346,3.3354,3,-2.7745,19.4294,12.3167,54.0341,1,13.54,1
018290,브이티,2020-04-23,11800,11450,KOSDAQ,7268.0,-2.9661,0,66,6.5116,1.2743,1.0868,0.6974,5.9763,3,0.1443,9.814,27.3117,95.0596,0,-1.31,-1
035420,NAVER,2020-04-23,194499,190000,KOSPI,398406.0,-2.3131,10,69,11.437,2.002,1.1366,0.6357,3.2707,2,-2.7395,9.4782,12.3167,78.4038,1,29.47,1
051900,LG생활건강,2020-04-23,1466000,1444000,KOSPI,42005.0,-1.5007,4,247,21.2427,2.5511,1.4519,1.1251,3.6357,2,-3.3728,16.6119,12.3167,38.1818,0,3.19,-1
100120,뷰웍스,2020-04-23,39000,38000,KOSDAQ,2471.0,-2.5641,1,70,23.1767,2.0519,1.3598,0.4032,5.9586,3,-5.3093,17.7264,27.3117,136.7601,0,11.97,-1
092130,이크레더블,2020-04-24,19450,18550,KOSDAQ,1903.0,-4.6272,23,250,0.8152,1.158,1.0317,0.6533,2.2333,2,-1.2756,-12.7585,22.5218,25.7627,1,19.41,8
268280,미원에스씨,2020-04-24,79200,75700,KOSPI,7105.0,-4.4192,7,239,0.1323,0.0316,0.1659,0.8057,1.8494,2,0.4083,-9.8657,12.025,14.871,0,5.94,-1
134380,미원화학,2020-04-24,47100,44950,KOSPI,2294.0,-4.5648,19,65,4.0509,0.5229,0.9183,0.6265,1.6844,2,-1.4808,-0.9001,12.025,21.4865,0,13.46,-1
053030,바이넥스,2020-04-24,12200,12150,KOSDAQ,4952.0,-0.4098,0,242,15.7143,6.2116,1.2226,0.8464,5.9024,3,12.7548,14.6114,22.5218,99.5074,1,23.05,1
083420,그린케미칼,2020-04-27,3850,3690,KOSPI,1507.0,-4.1558,0,98,14.7745,1.9831,2.2234,0.7403,3.4746,3,-2.1178,25.7499,11.9367,62.5551,0,2.17,-1
049720,고려신용정보,2020-04-27,5620,5590,KOSDAQ,1469.0,-0.5338,1,187,6.0721,5.1887,1.3616,1.2028,4.0825,2,1.6213,2.0365,23.7228,43.5173,1,27.19,1
058470,리노공업,2020-04-27,18300,17840,KOSDAQ,73621.0,-2.5137,3,49,14.3736,1.3438,1.0806,0.9403,3.6335,3,3.83,-6.1765,23.7228,86.0271,1,19.53,1
000080,하이트진로,2020-04-27,33000,31800,KOSPI,12666.0,-3.6364,1,68,9.2784,1.4521,1.1433,0.5134,3.1334,3,-1.5635,12.7692,11.9367,74.7253,1,18.55,3
101490,에스앤에스텍,2020-04-28,20150,19600,KOSDAQ,18945.0,-2.7295,3,42,7.6923,0.9587,0.9717,0.6023,5.6669,4,4.1206,4.3038,18.9666,276.9231,1,62.5,1
034950,한국기업평가,2020-04-29,69500,66100,KOSDAQ,4441.0,-4.8921,0,213,4.0945,1.1439,0.8396,0.7693,2.1936,3,1.9682,-2.282,13.3745,22.4074,1,22.09,2
213500,한솔제지,2020-04-29,16350,15700,KOSPI,2068.0,-3.9755,0,163,18.0451,6.465,1.5043,1.079,4.3221,2,-3.8228,38.529,10.9948,98.7342,1,4.78,2
131400,이브이첨단소재,2020-04-29,4463,4318,KOSDAQ,1118.0,-3.2489,0,162,4.8058,8.4982,1.7222,0.6805,4.114,4,0.9481,1.5577,13.3745,62.453,1,58.99,1
017890,한국알콜,2020-04-29,16350,15800,KOSDAQ,2517.0,-3.3639,0,46,27.9352,7.9721,1.7561,0.7487,7.3915,4,13.6818,35.6822,13.3745,133.0383,1,26.58,1
067900,와이엔텍,2020-05-04,11900,11400,KOSDAQ,1279.0,-4.2017,1,67,9.0909,2.6484,0.9764,0.7283,5.0188,3,-1.6989,9.7844,16.3218,81.2401,1,15.79,1
011500,한농화성,2020-05-04,5100,4950,KOSPI,3995.0,-2.9412,1,44,5.9957,1.77,1.1011,0.6666,4.4805,3,0.487,15.7842,12.4542,65.0,0,2.02,-1
052260,현대바이오랜드,2020-05-06,14850,14375,KOSDAQ,1308.0,-3.1987,0,76,24.4589,18.4108,2.4404,1.2946,4.9809,4,0.9265,6.8865,15.9767,153.304,1,69.91,3
214430,아이쓰리시스템,2020-05-06,24550,24200,KOSDAQ,8359.0,-1.4257,0,245,22.8426,1.5777,1.1844,0.5498,4.9587,3,-3.1555,24.3131,15.9767,94.3775,1,22.93,1
042370,비츠로테크,2020-05-06,7050,6760,KOSDAQ,2693.0,-4.1135,8,60,12.8548,2.7418,1.6087,0.401,6.3028,3,-5.7664,34.2455,15.9767,97.0845,1,15.24,2
092070,디엔에프,2020-05-06,11150,10650,KOSDAQ,2176.0,-4.4843,0,78,3.3981,1.2174,1.0582,0.512,4.8558,3,-3.4314,14.2189,15.9767,119.5876,1,39.44,2
045390,대아티아이,2020-05-06,7230,6910,KOSDAQ,3235.0,-4.426,0,151,12.3577,2.0707,1.477,1.0545,10.5231,2,0.9114,67.7998,15.9767,179.7571,1,5.5,1
215200,메가스터디교육,2020-05-06,50000,48350,KOSDAQ,4732.0,-3.3,0,49,15.8084,1.0729,0.9731,0.4644,4.3876,3,-1.8733,17.7715,15.9767,72.6786,0,1.34,-1
001390,KG케미칼,2020-05-06,3070,2930,KOSPI,4000.0,-4.5603,2,52,8.9219,1.0231,0.8195,0.5598,5.4608,4,1.374,27.7026,11.8212,81.5366,0,3.41,-1
064760,티씨케이,2020-05-07,77200,76500,KOSDAQ,23309.0,-0.9067,5,53,7.8984,1.355,0.6704,0.4597,3.7442,4,3.3545,8.5975,16.607,85.9052,1,24.71,1
181710,NHN,2020-05-07,44495,42513,KOSPI,10809.0,-4.4544,0,217,5.2954,2.1888,1.1036,0.4402,3.6283,4,-1.2264,3.1747,11.775,57.339,1,18.41,1
037270,YG PLUS,2020-05-07,1920,1865,KOSPI,4616.0,-2.8646,2,250,5.3672,0.5497,0.5899,0.5433,7.1046,3,2.6912,69.293,11.775,182.5758,0,3.75,-1
005430,한국공항,2020-05-08,53300,51500,KOSPI,2204.0,-3.3771,0,246,23.2057,1.3253,1.5185,1.1461,8.7309,2,-2.4656,87.9739,8.591,156.8579,1,3.88,1
030190,NICE평가정보,2020-05-08,19100,18300,KOSPI,10251.0,-4.1885,1,220,1.9499,1.2314,0.9715,0.5584,4.6253,4,0.6737,15.8988,8.591,70.2326,1,36.61,1
272550,삼양패키징,2020-05-08,19100,18200,KOSPI,1899.0,-4.712,0,204,10.9756,3.7912,1.568,0.7859,3.0808,2,-0.9989,19.578,8.591,59.6491,0,1.65,-1
012510,더존비즈온,2020-05-08,103000,99800,KOSPI,25613.0,-3.1068,5,54,14.4495,1.8906,1.3533,0.5236,5.239,4,-0.3073,13.4139,8.591,86.5421,1,23.75,2
119850,지엔씨에너지,2020-05-11,4900,4680,KOSDAQ,6012.0,-4.4898,0,210,17.1464,2.9838,1.8306,0.6486,5.609,2,-4.7855,33.1466,12.8753,141.2371,1,14.74,7
242040,나무기술,2020-05-11,4885,4685,KOSDAQ,1142.0,-4.0942,0,225,7.2082,1.2769,0.5876,0.4306,6.2967,4,10.0915,16.9031,12.8753,156.0109,0,2.13,-1
182400,엔케이맥스,2020-05-11,13815,13498,KOSDAQ,2630.0,-2.2946,0,247,23.337,2.337,1.2569,0.737,5.8136,2,7.4301,15.8242,12.8753,169.1525,1,18.57,1
140860,파크시스템스,2020-05-11,47350,45700,KOSDAQ,18156.0,-3.4847,0,67,25.0342,3.4105,1.666,0.5315,3.9934,2,-5.7033,25.6096,12.8753,125.1232,1,21.01,4
095660,네오위즈,2020-05-11,19850,19300,KOSDAQ,5836.0,-2.7708,1,42,11.2392,1.9362,1.1546,0.479,4.4782,4,-0.8274,0.989,12.8753,66.3793,1,43.78,1
036570,엔씨소프트,2020-05-11,725000,699000,KOSPI,43842.0,-3.5862,3,43,8.7092,1.134,1.0512,0.8405,3.4335,4,0.6098,-2.5752,6.1307,54.8173,1,19.03,1
000140,하이트진로홀딩스,2020-05-12,15550,14950,KOSPI,2216.0,-3.8585,0,72,7.1685,2.2883,1.4907,0.5086,4.7778,3,-4.0198,16.1757,6.3653,84.5679,1,28.43,3
004370,농심,2020-05-12,324000,308500,KOSPI,26855.0,-4.784,0,22,4.5763,2.1999,0.8999,0.8338,2.8247,4,8.2605,-3.532,6.3653,42.1659,1,10.86,3
051900,LG생활건강,2020-05-12,1446000,1419000,KOSPI,42005.0,-1.8672,14,79,4.185,0.6511,0.7096,0.5526,3.1712,3,-0.2226,10.8106,6.3653,35.7895,1,5.0,2
069080,웹젠,2020-05-12,19150,19100,KOSDAQ,5162.0,-0.2611,0,249,15.7576,10.4253,1.7703,0.5543,4.4877,2,0.9831,27.2755,12.6513,124.4418,1,24.35,1
100120,뷰웍스,2020-05-12,39000,37050,KOSDAQ,2471.0,-5.0,2,80,5.8571,1.343,1.013,0.5183,5.7066,3,-2.3148,8.0328,12.6513,130.8411,1,14.84,2
045970,코아시아,2020-05-12,10080,9590,KOSDAQ,1616.0,-4.8611,0,219,18.3951,1.1906,1.1548,0.7243,6.912,4,-0.5412,21.8508,12.6513,248.7273,1,20.96,1
268280,미원에스씨,2020-05-13,79200,77800,KOSPI,7105.0,-1.7677,16,249,0.5168,0.1207,0.4127,0.5314,1.625,4,1.0311,-2.4923,5.6753,18.0577,1,3.08,3
063160,종근당바이오,2020-05-13,34900,33200,KOSPI,1174.0,-4.8711,7,61,2.9457,0.9995,0.9258,0.4455,3.3563,4,0.8989,7.0582,5.6753,59.6154,1,12.05,4
025900,동화기업,2020-05-13,8911,8711,KOSDAQ,5192.0,-2.2444,1,57,45.4986,17.643,2.8411,1.5808,4.4902,1,-5.1379,39.8336,12.2705,109.1979,1,26.21,1
001680,대상,2020-05-13,26850,25850,KOSPI,7969.0,-3.7244,0,243,11.4224,1.8324,1.3706,0.9402,4.7941,2,-0.1721,29.665,5.6753,96.5779,1,8.32,1
134380,미원화학,2020-05-13,47100,46900,KOSPI,2294.0,-0.4246,25,75,1.9565,4.4151,1.0958,0.7817,1.6905,3,0.0595,4.8076,5.6753,26.7568,1,8.74,1
205470,휴마시스,2020-05-14,1092,1071,KOSDAQ,1316.0,-1.9231,0,29,36.0864,3.4341,1.3506,0.6167,10.6576,4,28.9425,46.6377,12.9748,0.0,1,7.66,1
097950,CJ제일제당,2020-05-14,313000,301000,KOSPI,34399.0,-3.8339,0,250,5.7996,1.7367,1.1256,0.5187,4.3308,3,1.8439,26.5681,3.4535,103.3784,1,10.63,1
001630,종근당홀딩스,2020-05-14,137000,132000,KOSPI,2585.0,-3.6496,0,230,13.7931,1.3623,1.186,1.0501,4.329,4,0.753,18.2054,3.4535,76.7068,0,3.03,-1
064290,인텍플러스,2020-05-15,9970,9830,KOSDAQ,2290.0,-1.4042,2,46,5.0214,2.0557,1.0641,0.546,5.2245,4,11.865,21.525,15.9575,148.2323,1,16.99,1
194480,데브시스터즈,2020-05-15,9570,9460,KOSDAQ,4579.0,-1.1494,0,245,14.3894,2.1164,1.101,0.6509,4.6587,2,-1.854,14.8862,15.9575,144.129,1,4.55,1
214450,파마리서치,2020-05-15,52100,50500,KOSDAQ,34961.0,-3.071,0,228,11.2335,3.9999,1.5259,0.7704,4.7525,4,3.3904,16.9372,15.9575,70.0337,1,22.77,1
090850,현대이지웰,2020-05-15,6674,6350,KOSDAQ,1270.0,-4.8547,0,76,7.6271,2.6694,0.9389,0.5671,5.9438,3,-2.6703,18.1502,15.9575,128.4173,1,14.17,7
107590,미원홀딩스,2020-05-15,44650,43800,KOSPI,1594.0,-1.9037,0,225,4.1617,2.6926,1.2443,0.8242,2.544,2,0.782,2.4544,5.5604,23.7288,1,5.14,1
083420,그린케미칼,2020-05-15,3850,3695,KOSPI,1507.0,-4.026,6,109,1.3717,2.5291,0.8256,0.2659,3.1123,3,1.5618,11.9277,5.5604,62.7753,0,1.62,-1
253590,네오셈,2020-05-15,1930,1870,KOSDAQ,7313.0,-3.1088,0,250,16.875,2.119,1.743,0.4988,5.615,4,0.5591,29.5678,15.9575,159.0028,1,51.07,2
003720,삼영,2020-05-15,1305,1255,KOSPI,2295.0,-3.8314,4,64,5.4622,2.1692,0.8552,0.3086,5.1793,3,-0.9302,20.4436,5.5604,73.5823,1,17.13,5
101730,위메이드맥스,2020-05-15,6679,6599,KOSDAQ,5648.0,-1.1978,0,207,43.2696,4.1395,2.5917,1.1707,6.4967,2,11.8134,75.3179,15.9575,365.7022,1,10.06,1
102710,이엔에프테크놀로지,2020-05-18,30850,30000,KOSDAQ,8216.0,-2.7553,0,61,12.9944,2.9475,1.313,0.585,4.3929,3,-3.3222,12.0607,13.2003,127.2727,1,8.67,3
003350,한국화장품제조,2020-05-18,42900,41800,KOSPI,2425.0,-2.5641,0,84,8.5714,2.8793,0.987,0.6789,4.5284,3,6.0912,12.9416,4.3095,121.164,1,8.97,1
183300,코미코,2020-05-18,32400,31900,KOSDAQ,11256.0,-1.5432,7,48,16.0,4.9181,1.6898,0.8296,4.4559,2,-3.6887,17.5374,13.2003,93.3333,1,20.69,1
247540,에코프로비엠,2020-05-18,23027,22979,KOSDAQ,197559.0,-0.2085,2,62,26.3624,4.1638,2.5067,1.0962,4.2551,4,3.0923,21.5818,13.2003,108.7671,1,38.38,1
029460,케이씨,2020-05-18,19350,18500,KOSPI,4307.0,-4.3928,0,91,8.5044,1.6261,1.9476,0.7367,4.7104,3,-4.871,32.7276,4.3095,98.0728,1,15.95,1
036810,에프에스티,2020-05-18,9604,9172,KOSDAQ,9551.0,-4.4981,2,58,12.9696,2.5206,1.468,0.5487,3.9733,3,-4.1325,19.5349,13.2003,129.3,1,155.08,2
042510,라온시큐어,2020-05-18,20359,20260,KOSDAQ,1080.0,-0.4863,0,241,36.3667,8.6477,2.2945,1.3136,6.1924,2,1.2933,69.2401,13.2003,211.5964,1,20.12,1
025770,한국정보통신,2020-05-18,11600,11050,KOSDAQ,3018.0,-4.7414,0,86,27.7457,30.5046,2.6751,1.9928,4.4861,2,3.15,28.1041,13.2003,80.261,1,15.84,1
016710,대성홀딩스,2020-05-19,10750,10350,KOSPI,1411.0,-3.7209,1,21,4.5455,0.9384,0.7728,0.8588,3.0573,4,6.7667,0.1587,6.6524,47.8571,1,44.93,3
039490,키움증권,2020-05-19,86000,83200,KOSPI,121734.0,-3.2558,0,223,10.4914,2.6165,1.0604,0.608,3.1078,3,-0.0749,7.0088,6.6524,66.4,1,15.26,2
222080,씨아이에스,2020-05-19,4790,4585,KOSDAQ,10639.0,-4.2797,1,64,17.2634,4.655,2.2715,0.5667,5.3046,4,5.1136,3.6477,11.6982,132.1519,1,34.57,2
009410,태영건설,2020-05-20,16073,15666,KOSPI,4985.0,-2.5322,0,232,11.996,2.6344,1.8243,0.822,4.1491,3,0.1643,7.27,3.9232,89.4775,1,9.73,2
166090,하나머티리얼즈,2020-05-20,20800,19950,KOSDAQ,12045.0,-4.0865,0,62,19.4611,2.6562,1.7256,0.7948,5.1916,3,-3.9589,19.167,11.6527,102.5381,0,2.26,-1
089030,테크윙,2020-05-20,9746,9721,KOSDAQ,16674.0,-0.2565,0,76,9.7055,2.418,1.0231,0.6795,6.3059,3,-3.8568,30.5712,11.6527,137.0397,1,6.51,1
100130,동국S&C,2020-05-20,2980,2910,KOSDAQ,1130.0,-2.349,1,62,18.0527,1.5794,2.1712,0.8301,5.4001,3,-2.4822,19.4284,11.6527,145.5696,1,70.96,1
002320,한진,2020-05-20,54470,52376,KOSPI,3413.0,-3.8443,1,20,10.5539,0.3105,0.9713,0.5079,5.0322,4,13.4463,9.1291,3.9232,109.5291,1,10.0,2
001390,KG케미칼,2020-05-20,3070,2950,KOSPI,4000.0,-3.9088,5,62,4.2403,0.5142,0.9839,0.5012,4.2131,4,2.018,9.5384,3.9232,82.7757,0,2.37,-1
083930,아바코,2020-05-20,7700,7320,KOSDAQ,2353.0,-4.9351,0,227,11.0774,0.6084,1.5471,0.6635,4.4301,3,2.9715,23.9029,11.6527,102.4896,1,16.94,1
319400,현대무벡스,2020-05-20,2697,2570,KOSDAQ,33858.0,-4.7089,31,236,0.0,0.4602,0.3712,1.4191,0.6198,1,-0.4419,-11.1443,11.6527,1.7822,0,0.47,-1
137400,피엔티,2020-05-20,12550,12000,KOSDAQ,12295.0,-4.3825,2,59,15.3846,1.0943,1.429,0.4396,4.5774,4,2.508,8.5878,11.6527,198.8792,1,12.5,3
097955,CJ제일제당 우,2020-05-21,131000,125000,KOSPI,1892.0,-4.5802,2,223,2.8807,0.4623,1.2881,0.4876,3.5429,2,2.1045,18.4973,5.2651,82.4818,0,25.2,-1
084370,유진테크,2020-05-21,21800,21100,KOSDAQ,22618.0,-3.211,0,53,21.6138,5.839,1.6398,0.8517,4.6716,4,-2.0823,12.5916,12.2605,121.8717,1,25.36,2
018000,유니슨,2020-05-21,1147,1140,KOSDAQ,2461.0,-0.6103,0,233,33.0222,42.8807,3.0487,1.5962,5.589,3,1.5008,27.6168,12.2605,137.5,1,66.58,3
900140,엘브이엠씨홀딩스,2020-05-21,3077,2929,KOSPI,3051.0,-4.8099,0,61,14.0132,0.6922,0.9238,0.3108,4.909,4,2.0137,-1.5102,5.2651,135.6396,0,3.69,-1
006400,삼성SDI,2020-05-21,343640,327976,KOSPI,307031.0,-4.5583,1,68,8.7663,1.1178,0.9922,0.6315,3.6567,4,-2.551,13.1096,5.2651,86.1121,1,19.1,3
160980,싸이맥스,2020-05-22,13800,13250,KOSDAQ,1957.0,-3.9855,0,81,16.7401,1.58,1.2128,0.5568,6.3235,3,-4.4458,33.7158,12.693,167.4067,1,6.04,1
000050,경방,2020-05-22,13150,12850,KOSPI,2942.0,-2.2814,0,26,21.8009,7.3231,1.6844,1.0111,3.8021,2,4.8904,14.7062,4.8287,90.3704,1,18.29,4
060150,인선이엔티,2020-05-22,8980,8590,KOSDAQ,2046.0,-4.343,9,244,0.3505,0.8221,0.821,0.5699,4.0329,3,1.593,3.7026,12.693,65.1923,1,7.8,2
036580,팜스코,2020-05-22,7750,7620,KOSPI,1335.0,-1.6774,0,250,27.0,1.1802,1.281,1.0568,6.5992,2,12.7133,84.9596,4.8287,211.0204,1,6.04,1
000990,DB하이텍,2020-05-25,32800,32150,KOSPI,42112.0,-1.9817,0,82,14.2096,4.491,1.4551,1.0847,4.6545,3,-1.5414,20.8863,5.1921,169.0377,1,2.95,1
011500,한농화성,2020-05-25,5100,4845,KOSPI,3995.0,-5.0,3,58,2.3231,0.4773,0.663,0.3956,3.2803,2,3.2113,3.0761,5.1921,61.5,0,1.44,-1
089970,브이엠,2020-05-25,9980,9800,KOSDAQ,7763.0,-1.8036,0,68,13.9535,3.7698,2.0204,0.5775,4.4023,3,-1.9219,15.6074,13.3399,117.7778,1,22.96,1
036200,유니셈,2020-05-25,7120,6870,KOSDAQ,3299.0,-3.5112,0,67,18.4483,1.8449,1.7551,0.5922,4.6475,3,-5.1223,24.0601,13.3399,118.442,0,2.62,-1
092870,엑시콘,2020-05-25,9142,9001,KOSDAQ,3661.0,-1.5423,0,82,21.4874,5.8799,1.8679,0.8717,4.14,3,-2.2549,29.9653,13.3399,154.8414,1,2.3,1
278280,천보,2020-05-25,86100,84200,KOSDAQ,6321.0,-2.2067,0,236,18.0926,4.5751,1.7716,0.6338,4.2925,2,-3.3833,22.6859,13.3399,130.6849,1,22.68,1
101360,에코앤드림,2020-05-25,5888,5596,KOSDAQ,3700.0,-4.9592,0,69,33.8116,1.3083,0.7894,0.7483,7.5602,4,-2.4675,32.8461,13.3399,0.0,1,47.34,1
058970,엠로,2020-05-25,3700,3590,KOSDAQ,4926.0,-2.973,5,62,2.8653,5.3991,0.8512,1.4986,6.546,4,0.0149,-4.2214,13.3399,83.6317,1,65.74,1
011200,HMM,2020-05-25,4280,4155,KOSPI,199966.0,-2.9206,0,220,10.5053,1.3193,1.6978,0.4386,3.3093,3,1.0578,8.6435,5.1921,95.9906,1,36.7,1
131970,두산테스나,2020-05-26,38291,36480,KOSDAQ,11944.0,-4.7296,0,69,10.8579,0.8063,1.1031,0.9492,5.3102,4,-3.7405,19.0458,13.2528,113.246,0,4.27,-1
001570,금양,2020-05-26,2940,2900,KOSPI,6333.0,-1.3605,2,53,14.8515,15.0504,2.1542,0.9251,4.5197,3,-1.7049,21.1843,6.0087,90.7895,1,42.59,1
079810,디이엔티,2020-05-26,4372,4224,KOSDAQ,1188.0,-3.3852,0,68,27.3824,2.1013,2.0164,0.3919,4.6774,2,-6.2291,31.3552,13.2528,173.3981,1,48.75,5
219130,타이거일렉,2020-05-26,7850,7500,KOSDAQ,2191.0,-4.4586,0,210,18.6709,6.8104,2.0755,0.6165,5.2381,3,-4.1095,12.3754,13.2528,150.0,0,0.0,-1
000250,삼천당제약,2020-05-26,45200,43250,KOSDAQ,120337.0,-4.3142,2,52,20.4735,1.765,0.9896,0.7246,5.9042,4,-0.7052,22.3272,13.2528,102.5761,0,3.12,-1
006405,삼성SDI우,2020-05-26,180226,179263,KOSPI,3292.0,-0.5343,0,71,11.0448,3.7355,1.5245,0.5714,3.2449,4,1.2789,15.9589,6.0087,130.1992,1,84.95,10
192080,더블유게임즈,2020-05-26,61819,60464,KOSPI,11942.0,-2.1919,0,250,14.0572,0.9116,0.87,0.7111,4.4817,3,11.8674,22.6409,6.0087,101.7013,0,15.12,-1
051910,LG화학,2020-05-26,422500,414000,KOSPI,226601.0,-2.0118,1,67,15.9664,1.8537,1.2261,0.5107,3.166,3,-2.9408,8.6728,6.0087,80.0,1,25.36,8
011790,SKC,2020-05-26,60500,58900,KOSPI,42299.0,-2.6446,0,75,9.4796,2.2802,1.1795,0.6217,3.8928,3,-3.2042,7.0431,6.0087,112.6354,1,10.19,2
121440,골프존홀딩스,2020-05-27,4985,4900,KOSDAQ,2135.0,-1.7051,0,209,22.0423,1.4927,0.7406,0.5014,3.7828,2,4.5811,50.785,14.4764,0.0,0,16.73,-1
122450,KX,2020-05-27,3690,3540,KOSDAQ,1602.0,-4.065,0,237,8.9231,1.5512,0.8991,0.9974,3.8539,4,5.2249,19.8689,14.4764,73.785,0,8.33,-1
095700,제넥신,2020-05-27,57815,54983,KOSDAQ,2145.0,-4.8984,0,230,4.8474,0.7412,0.5334,0.6177,4.3973,4,9.3584,0.746,14.4764,87.3803,1,46.63,4
026890,스틱인베스트먼트,2020-05-27,12600,12100,KOSPI,5018.0,-3.9683,0,68,11.0092,3.1637,1.1215,0.6152,6.3341,4,7.2581,37.0367,7.5272,231.9616,0,1.24,-1
079550,LIG넥스원,2020-05-27,36700,34950,KOSPI,101420.0,-4.7684,0,151,21.5652,1.2394,1.0021,0.6075,4.2408,2,-1.1103,28.7301,7.5272,124.0385,1,6.72,1
083420,그린케미칼,2020-05-29,3850,3680,KOSPI,1507.0,-4.4156,16,119,-0.6748,0.5873,0.76,0.208,2.1642,3,3.1824,-5.4788,4.9382,62.1145,0,1.77,-1
082920,비츠로셀,2020-05-29,8781,8554,KOSDAQ,10020.0,-2.5851,0,83,11.5109,2.4336,1.1961,0.4605,4.1509,3,-1.8979,13.5269,10.6601,72.0781,1,16.52,1
000120,CJ대한통운,2020-05-29,169000,161000,KOSPI,31184.0,-4.7337,0,137,3.537,1.1186,0.7351,0.7287,3.4827,2,2.5189,4.9594,4.9382,46.3636,0,4.66,-1
068270,셀트리온,2020-06-01,201566,194309,KOSPI,525436.0,-3.6003,1,39,5.8138,4.8735,1.3997,0.4729,2.8727,4,6.8805,2.0413,6.0342,73.2303,1,45.49,3
082740,한화엔진,2020-06-01,3914,3773,KOSPI,45479.0,-3.6025,0,130,38.2051,2.9351,2.8704,0.8989,5.5715,3,-5.1875,35.0125,6.0342,160.7464,1,24.12,1
036530,SNT홀딩스,2020-06-02,16500,15950,KOSPI,9864.0,-3.3333,0,143,5.9801,2.8331,1.2528,0.6075,2.6431,2,1.4113,-5.1862,10.1205,58.7065,1,5.33,6
004700,조광피혁,2020-06-02,45500,43900,KOSPI,4754.0,-3.5165,1,36,2.093,0.6096,1.7511,0.736,2.4325,4,3.4072,-3.9536,10.1205,29.1176,1,79.73,1
005290,동진쎄미켐,2020-06-02,20000,19650,KOSDAQ,26067.0,-1.75,0,148,7.6712,3.3844,1.2155,0.7237,5.1254,3,2.5978,5.8332,15.8387,114.7541,1,54.45,3
174900,앱클론,2020-06-02,29150,28900,KOSDAQ,12772.0,-0.8576,0,250,31.3636,20.4218,2.8059,0.7164,5.0047,4,13.1598,18.4238,15.8387,134.9593,1,62.28,1
033500,동성화인텍,2020-06-02,11350,10800,KOSDAQ,8397.0,-4.8458,0,96,15.6317,5.4422,2.291,0.7005,5.7672,2,-6.6385,17.4947,15.8387,140.0,1,18.98,1
099190,아이센스,2020-06-02,14762,14487,KOSDAQ,5306.0,-1.8629,0,171,14.8759,5.952,1.4213,1.1994,3.9331,2,3.5537,10.8513,15.8387,93.0056,0,1.55,-1
200710,에이디테크놀로지,2020-06-02,33155,31550,KOSDAQ,5134.0,-4.8409,2,58,6.6671,1.7077,0.8686,0.6443,5.6785,4,0.7322,29.0057,15.8387,211.3282,0,2.54,-1
200470,에이팩트,2020-06-02,5106,4910,KOSDAQ,3071.0,-3.8386,0,80,14.186,5.2496,1.3758,1.1554,6.126,3,-1.2221,4.2102,15.8387,106.3025,0,1.79,-1
086520,에코프로,2020-06-02,3637,3580,KOSDAQ,211811.0,-1.5672,0,73,6.2315,2.855,1.316,0.9624,5.5427,3,-3.3649,25.5515,15.8387,104.5714,1,23.24,1
319400,현대무벡스,2020-06-03,2697,2570,KOSDAQ,33858.0,-4.7089,31,246,0.0,0.3293,1.1537,0.6937,0.4308,2,-0.3739,-11.8043,12.0383,1.7822,0,0.47,-1
048530,인트론바이오,2020-06-03,17300,16900,KOSDAQ,1193.0,-2.3121,0,243,15.7534,2.1942,1.8429,0.8458,5.8326,3,5.9445,17.4636,12.0383,108.642,1,5.92,3
005070,코스모신소재,2020-06-04,13674,13286,KOSPI,16938.0,-2.8375,0,243,13.9842,2.6763,0.7093,0.6433,6.8773,3,3.6418,37.9084,11.5404,175.1294,1,3.71,1
097955,CJ제일제당 우,2020-06-04,131000,124500,KOSPI,1892.0,-4.9618,8,233,1.6327,0.8674,0.8276,0.266,2.7826,3,3.773,-5.583,11.5404,81.7518,1,25.7,3
014680,한솔케미칼,2020-06-04,118500,115000,KOSPI,32589.0,-2.9536,0,90,16.3968,3.6422,1.5652,1.0013,5.2112,3,-1.2,26.5148,11.5404,80.2508,1,22.17,1
001200,유진투자증권,2020-06-04,3600,3445,KOSPI,4219.0,-4.3056,0,21,20.4545,1.5711,1.4759,0.6835,4.4785,3,14.6051,-1.6521,11.5404,196.9828,1,12.77,1
001440,대한전선,2020-06-05,7248,6949,KOSPI,57985.0,-4.1253,2,20,4.3707,0.5717,0.7976,0.4548,3.7981,4,11.1278,-10.6711,12.1311,104.0223,0,0.24,-1
001230,동국홀딩스,2020-06-05,6279,6084,KOSPI,2519.0,-3.1056,0,219,67.6495,16.4661,3.4168,1.4523,6.2952,2,-3.7411,63.0993,12.1311,157.2516,1,23.49,3
039200,오스코텍,2020-06-05,25921,24860,KOSDAQ,19359.0,-4.0932,1,142,17.8478,1.1919,1.9965,0.6719,4.4383,4,3.4503,-3.6363,9.8212,72.8309,1,27.18,3
044820,코스맥스비티아이,2020-06-08,20600,20500,KOSPI,1308.0,-0.4854,0,242,32.2581,12.7579,2.7628,1.6827,6.3763,3,10.4312,18.1305,12.8599,136.4475,1,6.34,1
003670,포스코퓨처엠,2020-06-08,59136,56317,KOSPI,196571.0,-4.767,0,80,5.4527,1.0144,0.9722,0.6377,3.727,3,-1.73,8.513,12.8599,87.5858,1,30.05,3
011070,LG이노텍,2020-06-08,163500,159500,KOSPI,57629.0,-2.4465,0,88,4.2484,0.9021,0.8313,0.3106,3.3811,3,0.7196,4.4195,12.8599,110.7001,1,12.23,2
041020,폴라리스오피스,2020-06-09,1945,1850,KOSDAQ,2345.0,-4.8843,0,119,33.574,2.2041,2.2929,1.1896,6.139,3,2.5769,46.6059,10.1738,0.0,1,5.95,1
089980,상아프론테크,2020-06-09,19650,19000,KOSDAQ,2846.0,-3.3079,0,219,9.1954,5.8525,1.3403,0.851,5.9023,2,1.0332,31.6173,10.1738,156.4103,1,59.74,2
002620,제일파마홀딩스,2020-06-09,25950,24800,KOSPI,1287.0,-4.4316,0,243,29.8429,4.5702,1.0599,1.0487,6.1636,2,11.8866,55.9855,13.8775,211.1669,1,6.85,1
074430,아미노로직스,2020-06-10,2385,2335,KOSDAQ,1433.0,-2.0964,0,174,32.6705,56.8051,3.4396,1.3918,5.9804,2,1.3464,27.2485,9.7017,124.5192,1,3.64,1
003220,대원제약,2020-06-10,19178,18677,KOSPI,2635.0,-2.6124,0,91,30.5262,23.7385,2.4051,1.7249,4.247,2,3.5384,19.0805,13.1554,113.4027,1,13.43,1
121440,골프존홀딩스,2020-06-10,4985,4800,KOSDAQ,2135.0,-3.7111,6,219,1.3728,0.4746,0.626,0.2335,4.0179,2,12.0652,16.9474,9.7017,0.0,1,19.17,3
051915,LG화학우,2020-06-10,217000,214000,KOSPI,12187.0,-1.3825,0,82,17.9063,2.3748,1.4118,0.4549,4.0888,3,-4.0032,21.4358,13.1554,107.767,1,33.64,1
002390,한독,2020-06-10,30200,29100,KOSPI,1543.0,-3.6424,0,241,13.8943,1.8723,1.6369,0.8843,3.8169,3,3.0525,7.5915,13.1554,87.1383,1,12.71,1
086890,이수앱지스,2020-06-11,7840,7450,KOSDAQ,2292.0,-4.9745,0,146,13.0501,6.3225,1.5667,0.6273,4.4008,2,5.3959,16.8573,9.6283,112.8571,1,13.15,1
251370,와이엠티,2020-06-11,19050,18375,KOSDAQ,2309.0,-3.5433,0,158,27.383,35.3193,2.8778,1.5016,6.1707,2,0.4468,62.1007,9.6283,211.4407,0,-1.77,-1
03473K,SK우,2020-06-11,249500,246500,KOSPI,1347.0,-1.2024,0,132,22.0297,2.9122,0.9354,0.9004,4.3755,3,11.9601,13.0051,13.0818,191.0272,1,113.39,1
064850,에프앤가이드,2020-06-11,4670,4510,KOSDAQ,1475.0,-3.4261,0,71,5.6206,1.1134,0.7235,0.3626,2.9062,4,-0.3072,-1.6043,9.6283,50.0832,1,77.16,1
030520,한글과컴퓨터,2020-06-11,13600,13450,KOSDAQ,5706.0,-1.1029,9,21,8.9069,4.7677,1.2468,0.694,3.8237,3,8.7262,-6.1667,9.6283,112.8165,1,32.34,1
000120,CJ대한통운,2020-06-12,169000,161000,KOSPI,31184.0,-4.7337,10,147,-1.8293,0.6162,0.7433,0.5512,3.2387,3,6.0015,-2.2203,10.6378,46.3636,0,4.35,-1
067000,조이시티,2020-06-12,3420,3317,KOSDAQ,2034.0,-3.0117,1,20,9.9801,2.7173,1.4044,0.7507,6.3418,3,5.1349,-10.1781,7.823,143.3602,1,31.69,2
044450,KSS해운,2020-06-12,8640,8250,KOSPI,2380.0,-4.5139,0,32,5.364,2.0529,0.9601,1.0582,3.2554,3,0.7593,-1.5108,10.6378,55.6604,0,7.39,-1
206650,유바이오로직스,2020-06-12,8479,8257,KOSDAQ,4943.0,-2.6182,0,236,19.183,4.0211,2.5121,0.6086,5.2328,3,4.9304,22.805,7.823,84.1026,1,10.27,1
081000,일진다이아,2020-06-12,38700,36900,KOSPI,1896.0,-4.6512,0,222,30.8511,2.0762,2.5338,0.6253,5.933,2,7.1746,39.6677,10.6378,241.6667,1,47.15,7
02826K,삼성물산우B,2020-06-12,94800,90800,KOSPI,2722.0,-4.2194,0,82,11.411,3.9369,2.3314,0.8614,4.4368,3,-0.9537,14.7766,10.6378,74.2802,1,42.07,1
237690,에스티팜,2020-06-16,43100,41200,KOSDAQ,31619.0,-4.4084,0,46,12.8767,1.7659,2.3116,1.1141,5.8166,4,6.8889,8.841,5.6034,234.9593,1,30.1,5
268280,미원에스씨,2020-06-16,80200,78500,KOSPI,7105.0,-2.1197,32,20,2.0806,2.1529,1.9768,0.8397,2.1929,4,3.4161,-7.9491,7.9491,19.1199,1,8.15,3
001680,대상,2020-06-16,28000,26850,KOSPI,7969.0,-4.1071,0,22,9.816,1.8135,1.6998,0.7177,3.6047,2,11.1598,0.9759,7.9491,104.1825,1,8.38,3
010820,퍼스텍,2020-06-17,2975,2970,KOSPI,2283.0,-0.1681,0,109,32.0,6.8727,2.1186,1.8205,8.2371,2,8.394,42.7698,7.6099,173.7327,1,64.81,1
072710,농심홀딩스,2020-06-17,90700,86800,KOSPI,4336.0,-4.2999,0,246,12.5811,3.5233,2.3209,1.1423,3.1517,2,3.4242,1.4353,7.6099,47.1186,0,0.69,-1
001630,종근당홀딩스,2020-06-17,136000,132500,KOSPI,2585.0,-2.5735,2,23,11.3445,1.8169,1.7944,1.0989,4.9326,4,5.0427,1.8942,7.6099,64.801,1,8.68,1
003550,LG,2020-06-17,75762,74723,KOSPI,143272.0,-1.3714,0,86,7.7663,2.2973,1.2599,1.0743,3.8741,2,2.0091,16.9575,7.6099,77.3545,0,-1.14,-1
319400,현대무벡스,2020-06-17,2697,2576,KOSDAQ,33858.0,-4.4865,31,231,0.2335,0.1679,1.1895,0.6444,0.3993,2,-0.1254,-3.5252,3.7587,2.0198,0,0.5,-1
003545,대신증권우,2020-06-18,9650,9260,KOSPI,6331.0,-4.0415,0,243,7.5494,4.073,2.2549,1.2688,3.0623,2,4.2526,3.3428,6.7642,53.5655,0,2.05,-1
107590,미원홀딩스,2020-06-18,46050,44000,KOSPI,1594.0,-4.4517,16,20,1.4994,0.8085,1.0963,0.6652,2.3214,3,3.0762,-8.5499,6.7642,24.2938,1,31.82,1
060590,씨티씨바이오,2020-06-18,9230,8840,KOSDAQ,1022.0,-4.2254,0,36,8.867,3.4859,1.3274,0.7076,5.6642,4,15.7275,11.0883,2.9762,154.023,1,29.52,3
256840,한국비엔씨,2020-06-18,3012,2994,KOSDAQ,3201.0,-0.5976,0,143,10.3982,3.0241,1.3552,1.4756,8.3119,3,11.315,47.2496,2.9762,0.0,1,5.85,1
145020,휴젤,2020-06-18,155161,148000,KOSDAQ,31990.0,-4.6152,0,100,3.3332,5.6072,1.5025,1.1551,5.3901,3,3.7857,6.1788,2.9762,45.6378,1,47.93,1
091120,이엠텍,2020-06-18,14110,13476,KOSDAQ,1290.0,-4.4933,0,250,17.4481,1.1587,1.5644,0.8974,8.4213,2,11.1878,49.8476,2.9762,161.8733,0,4.34,-1
003547,대신증권2우B,2020-06-18,8880,8490,KOSPI,2340.0,-4.3919,0,243,5.4658,8.4745,2.0882,0.8303,2.3557,3,4.2265,-0.2397,6.7642,48.6865,1,5.42,1
122450,KX,2020-06-18,3690,3650,KOSDAQ,1602.0,-1.084,6,236,7.1953,11.68,2.0647,1.0721,4.0802,3,10.6081,8.8156,2.9762,79.1851,1,8.63,1
102710,이엔에프테크놀로지,2020-06-19,32600,32000,KOSDAQ,8216.0,-1.8405,1,21,14.9013,5.8485,1.6437,1.3617,5.279,2,7.6568,3.0234,4.7207,142.4242,1,43.12,1
020120,키다리스튜디오,2020-06-19,7530,7190,KOSPI,1234.0,-4.5153,4,30,14.3084,0.8518,1.0141,0.5642,6.9442,4,14.4016,4.8968,8.6893,244.0191,0,7.51,-1
121600,나노신소재,2020-06-19,21200,20600,KOSDAQ,8890.0,-2.8302,0,247,26.7692,1.8835,2.4816,1.7187,5.7732,2,9.7879,29.0455,4.7207,183.3563,1,42.23,1
166090,하나머티리얼즈,2020-06-22,20800,20700,KOSDAQ,12045.0,-0.4808,2,85,29.375,2.9294,1.3901,1.3776,5.6246,3,7.6017,1.472,4.4104,110.1523,1,21.98,1
140860,파크시스템스,2020-06-22,55300,52700,KOSDAQ,18156.0,-4.7016,10,20,10.251,0.5692,0.7303,1.1005,4.8048,3,13.6667,-6.8178,4.4104,159.6059,0,13.66,-1
263720,디앤씨미디어,2020-06-23,29450,29000,KOSDAQ,1594.0,-1.528,4,28,9.2279,4.0896,1.0194,0.8896,4.5567,4,10.1813,0.8211,3.3081,133.871,1,30.34,1
086960,MDS테크,2020-06-23,1440,1370,KOSDAQ,1519.0,-4.8611,0,249,15.1261,5.0116,1.7131,1.297,4.9791,3,12.22,6.732,3.3081,119.9037,0,4.01,-1
079370,제우스,2020-06-23,5116,4933,KOSDAQ,5661.0,-3.577,0,105,50.58,12.7033,2.3486,1.8966,5.9077,2,4.9377,41.1005,3.3081,153.1042,1,12.16,1
044990,에이치엔에스하이텍,2020-06-24,5100,5000,KOSDAQ,1346.0,-1.9608,0,111,25.0,0.63,1.0201,1.0612,3.5929,3,0.1377,20.1821,4.8179,135.2941,1,15.0,1
023590,다우기술,2020-06-24,22300,21200,KOSPI,23420.0,-4.9327,0,242,13.369,0.8442,1.9655,1.0554,4.7675,3,9.1421,4.2895,6.4154,83.5498,0,14.39,-1
003160,디아이,2020-06-24,4460,4370,KOSPI,10358.0,-2.0179,0,250,30.0595,31.1249,2.815,2.0689,5.0997,4,13.8757,10.2735,6.4154,142.7778,0,6.98,-1
114810,한솔아이원스,2020-06-24,4054,3860,KOSDAQ,4575.0,-4.7854,0,110,18.6232,17.738,2.1063,1.9654,5.3608,2,10.5596,11.728,4.8179,122.2222,0,11.71,-1
263750,펄어비스,2020-06-24,45580,43800,KOSDAQ,34501.0,-3.9052,1,161,5.8482,1.1024,1.1024,1.2408,3.4736,3,6.3031,1.0815,4.8179,40.3846,0,4.25,-1
095660,네오위즈,2020-06-24,27750,27350,KOSDAQ,5836.0,-1.4414,0,23,13.7214,1.9821,1.6028,1.208,5.7717,4,13.2158,13.07,4.8179,135.7759,1,7.13,1
211270,AP위성,2020-06-25,8400,8000,KOSDAQ,2930.0,-4.7619,0,206,9.4391,0.9542,1.6286,0.9957,3.3036,4,7.0428,6.1739,5.8709,75.8242,1,7.25,3
285130,SK케미칼,2020-06-25,78396,76061,KOSPI,11400.0,-2.9785,0,29,16.3261,7.0801,1.575,1.0078,5.4073,4,15.1321,19.111,4.1325,186.439,1,154.39,1
088800,에이스테크,2020-06-25,30960,29737,KOSDAQ,2209.0,-3.9503,0,249,17.2086,1.9472,1.7868,1.4655,5.0272,4,9.8896,21.1831,5.8709,120.6991,1,99.08,1
020150,롯데에너지머티리얼즈,2020-06-25,54400,53000,KOSPI,23722.0,-2.5735,0,93,10.7628,7.2497,1.7808,1.454,4.4542,3,9.6241,10.0916,4.1325,144.2396,1,2.83,8
144960,뉴파워프라즈마,2020-06-26,5170,4960,KOSDAQ,2713.0,-4.0619,0,106,29.6732,15.8482,2.2121,1.7859,5.3211,2,8.5536,19.7666,5.1704,0.0,1,38.91,4
000120,CJ대한통운,2020-06-26,169000,161500,KOSPI,31184.0,-4.4379,15,157,-0.6154,0.5475,0.7896,0.8975,3.3613,2,7.1632,-4.8653,5.1759,46.8182,0,4.02,-1
066970,엘앤에프,2020-06-26,31754,30596,KOSPI,47483.0,-3.6468,0,231,29.157,2.2696,2.1283,1.7959,6.5368,3,8.2448,34.6596,5.1759,141.7701,1,28.88,3
161580,필옵틱스,2020-06-26,13500,12900,KOSDAQ,12169.0,-4.4444,0,89,16.2162,3.2519,1.6529,1.4551,5.515,3,3.8075,13.1782,5.1704,88.0466,1,9.69,8
127120,제이에스링크,2020-06-26,5946,5781,KOSDAQ,9363.0,-2.775,1,29,27.1388,4.1508,1.6984,0.8425,5.6021,4,17.1249,0.8641,5.1704,177.6657,1,37.02,1
033270,유나이티드제약,2020-06-26,24349,23450,KOSPI,3213.0,-3.6921,0,250,8.0645,2.804,1.0431,0.6713,5.4066,3,11.6623,14.467,5.1759,118.1395,1,33.9,1
035080,그래디언트,2020-06-29,12600,12275,KOSDAQ,1604.0,-2.5794,0,250,30.2387,51.357,3.3445,0.999,5.9633,3,10.9611,32.1292,-0.14,162.5668,0,15.68,-1
178320,서진시스템,2020-06-29,16570,15845,KOSDAQ,19681.0,-4.3754,0,91,25.5945,6.9695,2.9449,1.7506,5.089,2,1.98,17.58,-0.14,63.5697,1,32.38,2
253450,스튜디오드래곤,2020-06-30,90200,86200,KOSDAQ,14473.0,-4.4346,0,148,4.6117,6.9572,1.4849,1.2419,4.4001,3,2.791,11.1258,-0.7545,69.3517,1,9.05,2
023900,풍국주정,2020-06-30,25500,24500,KOSDAQ,1148.0,-3.9216,0,28,7.221,1.1557,1.1066,0.8145,7.4052,3,22.1419,10.6199,-0.7545,219.4263,1,11.02,1
003350,한국화장품제조,2020-06-30,45550,43600,KOSPI,2425.0,-4.281,1,29,27.4854,10.0094,1.5824,1.7981,4.964,3,12.5421,14.637,1.0128,130.6878,1,7.45,1
319400,현대무벡스,2020-07-01,2697,2576,KOSDAQ,33858.0,-4.4865,41,241,0.0,0.2319,0.5789,0.5971,0.6156,2,0.1112,1.5999,-1.3665,2.0198,0,0.5,-1
319660,피에스케이,2020-07-01,14425,14025,KOSDAQ,16250.0,-2.773,0,94,7.6775,3.4321,1.4221,0.7969,5.9842,3,13.0166,18.2415,-1.3665,147.1366,1,12.83,4
009450,경동나비엔,2020-07-02,47500,45150,KOSPI,8960.0,-4.9474,0,161,13.0163,7.9375,1.783,1.1176,3.5121,3,10.1438,5.3699,-0.7349,73.3205,1,22.92,3
083310,엘오티베큠,2020-07-02,13350,13100,KOSDAQ,2306.0,-1.8727,0,91,19.6347,4.7456,1.8016,1.1909,5.9978,4,9.1188,14.3862,0.0242,104.6555,1,28.63,1
092870,엑시콘,2020-07-02,9208,8953,KOSDAQ,3661.0,-2.7693,6,27,11.9685,0.9506,1.3769,1.2889,5.6805,4,16.1302,-0.3471,0.0242,153.4824,1,55.55,6
058630,엠게임,2020-07-02,4920,4750,KOSDAQ,1075.0,-3.4553,2,36,11.3716,7.6448,1.7929,1.392,5.7444,4,11.8516,11.217,0.0242,137.5,1,39.79,1
009240,한샘,2020-07-03,95900,95700,KOSPI,10720.0,-0.2086,1,22,8.5034,3.5421,1.594,0.9548,4.635,4,15.9927,6.7467,-1.3502,108.0435,1,29.05,1
230360,에코마케팅,2020-07-03,20950,20475,KOSDAQ,4932.0,-2.2673,0,106,14.7059,2.8694,1.1429,1.0289,5.1108,2,17.3128,5.5678,0.383,164.1935,1,22.83,1
029460,케이씨,2020-07-03,21450,20900,KOSPI,4307.0,-2.5641,2,31,11.1702,1.4148,1.1612,0.7921,4.5455,4,16.1581,12.5204,-1.3502,123.7687,1,15.55,1
251270,넷마블,2020-07-03,110000,106500,KOSPI,48564.0,-3.1818,2,250,9.2308,1.22,1.3718,1.5898,4.118,4,1.9621,11.144,-1.3502,33.125,1,28.64,1
064760,티씨케이,2020-07-03,95400,93400,KOSDAQ,23309.0,-2.0964,5,22,5.6561,1.7955,0.9841,1.0729,4.2521,3,13.1253,2.2543,0.383,126.9745,0,6.32,-1
080580,오킨스전자,2020-07-03,2270,2173,KOSDAQ,3124.0,-4.2731,0,203,2.9858,2.5072,1.1308,1.4978,5.3218,3,15.3592,13.9854,0.383,151.2139,1,81.09,2
281820,케이씨텍,2020-07-06,24900,24100,KOSPI,9766.0,-3.2129,0,116,17.2749,1.6609,2.1454,1.1085,4.2531,4,8.7181,13.7813,0.1666,91.2698,0,2.49,-1
271560,오리온,2020-07-06,150000,146500,KOSPI,50685.0,-2.3333,0,35,5.3957,0.9598,0.7473,0.8284,3.4861,4,8.3216,12.9608,0.1666,93.0171,1,4.78,1
201490,미투온,2020-07-06,7630,7420,KOSDAQ,1343.0,-2.7523,0,181,13.6294,2.2182,1.407,1.2501,5.593,3,9.8156,18.1901,0.911,139.3548,1,14.56,2
092040,아미코젠,2020-07-06,16824,16338,KOSDAQ,1001.0,-2.8887,1,20,17.1099,2.5208,0.8897,1.4068,6.7371,3,21.0914,0.6746,0.911,238.9627,1,15.03,1
112610,씨에스윈드,2020-07-06,22727,22301,KOSPI,18134.0,-1.8744,0,28,9.3026,2.738,1.211,1.0834,5.3335,4,14.6907,15.1734,0.1666,189.2477,1,82.98,1
095340,ISC,2020-07-06,19200,19000,KOSDAQ,35802.0,-1.0417,1,30,15.5015,2.2223,1.3451,0.7876,5.6767,4,23.4117,9.5541,0.911,227.0224,1,24.21,1
092130,이크레더블,2020-07-06,22150,21150,KOSDAQ,1903.0,-4.5147,9,28,7.3604,3.1553,1.2788,0.8305,1.7562,4,5.6402,4.0518,0.911,43.3898,0,13.48,-1
006110,삼아알미늄,2020-07-07,5360,5160,KOSPI,4266.0,-3.7313,0,201,39.8374,67.4724,3.3065,2.207,3.7929,2,7.047,24.2811,-1.1307,105.988,1,22.48,1
044450,KSS해운,2020-07-07,8640,8320,KOSPI,2380.0,-3.7037,2,49,6.1224,1.3965,0.7796,0.7712,2.8674,4,7.0382,7.6608,-1.1307,56.9811,1,6.49,2
200470,에이팩트,2020-07-08,5106,4917,KOSDAQ,3071.0,-3.7015,1,106,18.2824,2.7734,1.6509,1.1063,5.8049,4,9.1805,5.0251,0.9675,106.5966,1,7.85,7
290670,대보마그네틱,2020-07-08,33100,31950,KOSDAQ,1053.0,-3.4743,0,96,12.8975,4.1826,1.1468,0.8355,4.1918,4,11.6625,13.7542,0.9675,113.0,1,12.99,1
020000,한섬,2020-07-08,38500,36900,KOSPI,4757.0,-4.1558,0,230,6.0345,0.617,0.5815,0.724,3.9973,3,20.1359,7.7109,-1.6765,132.0755,0,3.39,-1
192440,슈피겐코리아,2020-07-08,73300,71200,KOSDAQ,1417.0,-2.8649,3,25,13.0159,2.0589,0.8269,0.9908,4.5847,3,23.642,-0.9675,0.9675,159.854,1,6.74,2
023450,동남합성,2020-07-08,32450,31050,KOSPI,1106.0,-4.3143,0,50,6.701,1.3667,2.7367,0.9591,1.7713,4,2.7445,10.6238,-1.6765,0.0,0,10.79,-1
052710,아모텍,2020-07-08,21535,21335,KOSDAQ,1339.0,-0.9287,0,119,16.6038,2.1302,1.3045,1.379,6.2369,2,13.1857,27.603,0.9675,120.3574,1,9.86,1
263750,펄어비스,2020-07-08,45580,43480,KOSDAQ,34501.0,-4.6073,4,171,4.0689,0.757,0.8174,1.271,4.0942,3,5.8509,7.3533,0.9675,39.359,1,5.01,2
053580,웹케시,2020-07-08,32394,30775,KOSDAQ,1350.0,-4.9978,3,40,10.9489,2.592,1.5916,1.0467,4.2996,4,12.5733,7.0263,0.9675,114.087,1,6.41,1
096240,크레버스,2020-07-09,22750,22000,KOSDAQ,1190.0,-3.2967,0,43,8.9109,3.041,2.2553,0.9088,4.1558,3,11.5619,7.9077,2.0923,117.8218,1,9.77,4
094280,효성ITX,2020-07-09,21150,20350,KOSPI,1478.0,-3.7825,3,20,5.168,1.0939,0.848,0.5999,3.5451,4,13.2161,1.1505,-0.4079,129.9435,1,50.12,1
009830,한화솔루션,2020-07-09,28296,27149,KOSPI,80102.0,-4.0536,0,250,18.4718,6.4303,1.4195,1.254,3.9299,3,15.5583,24.7849,-0.4079,139.6205,1,34.52,2
094480,갤럭시아머니트리,2020-07-09,4185,4000,KOSDAQ,4276.0,-4.4205,2,36,15.942,1.3987,2.8849,0.7712,4.7054,3,12.4103,7.3468,2.0923,146.1538,1,47.25,1
060250,NHN KCP,2020-07-09,34407,32974,KOSDAQ,8916.0,-4.1649,0,39,17.4664,2.1453,1.7585,0.7888,3.881,4,18.0412,15.7351,2.0923,254.979,1,18.95,1
290550,디케이티,2020-07-09,8325,8025,KOSDAQ,2258.0,-3.6036,0,158,24.9027,2.2148,1.3539,1.1884,5.5176,3,17.8895,38.0824,2.0923,186.0963,1,92.21,1
277880,티에스아이,2020-07-09,8000,7800,KOSDAQ,1186.0,-2.5,0,246,11.4286,10.2453,2.6021,0.7588,4.9817,2,3.3366,17.9077,2.0923,77.2727,1,57.37,1
100090,SK오션플랜트,2020-07-09,5100,4940,KOSPI,11290.0,-3.1373,0,31,26.5045,8.1119,2.283,1.1533,6.1379,3,16.4372,12.6807,-0.4079,185.5491,1,106.48,1
264450,유비쿼스,2020-07-09,15047,14581,KOSDAQ,1887.0,-3.097,0,29,16.378,3.8632,1.7159,1.1485,4.4995,4,18.1209,18.7915,2.0923,205.6813,0,1.36,-1
010780,아이에스동서,2020-07-10,37800,37450,KOSPI,8830.0,-0.9259,1,250,14.3511,1.8425,1.6414,1.1932,4.1961,3,11.3921,26.1073,0.8418,140.836,1,33.38,1
000120,CJ대한통운,2020-07-10,169000,166000,KOSPI,31184.0,-1.7751,21,167,2.7864,0.8785,1.1081,0.8217,2.5818,3,6.9581,2.2638,0.8418,50.9091,0,0.6,-1
039030,이오테크닉스,2020-07-10,118800,113500,KOSDAQ,48169.0,-4.4613,0,115,13.5,0.8559,0.8885,0.9802,5.5758,2,14.5108,32.3426,3.5855,196.3446,0,12.95,-1
008490,서흥,2020-07-13,58200,55500,KOSPI,2696.0,-4.6392,5,20,3.352,0.8389,0.8587,0.6117,3.5521,4,14.6267,-5.0564,7.6442,97.5089,0,8.11,-1
010120,LS ELECTRIC,2020-07-13,55100,52400,KOSPI,191100.0,-4.9002,0,120,10.432,1.6798,1.0467,0.7183,3.1897,3,11.4537,20.7872,7.6442,105.0881,1,21.18,2
215100,로보로보,2020-07-13,6909,6609,KOSDAQ,2021.0,-4.3422,0,23,17.8285,2.9634,1.5381,0.64,4.7727,3,25.9327,18.5076,12.7014,304.2202,0,-2.07,-1
033160,엠케이전자,2020-07-13,9500,9170,KOSDAQ,2330.0,-3.4737,0,220,10.6152,11.3978,1.8431,1.5266,4.0115,3,10.8381,11.5533,12.7014,82.6693,1,40.13,1
067900,와이엔텍,2020-07-13,13200,12950,KOSDAQ,1279.0,-1.8939,6,42,12.1212,4.6182,1.4992,0.6749,4.0265,3,7.7413,8.3266,12.7014,105.8824,1,11.2,2
089030,테크윙,2020-07-13,10354,9975,KOSDAQ,16674.0,-3.6604,2,36,8.8498,1.3225,1.877,0.8579,4.4046,4,13.9391,11.5976,12.7014,143.2334,1,13.69,1
060150,인선이엔티,2020-07-13,9260,8900,KOSDAQ,2046.0,-3.8877,4,34,3.972,2.2676,1.352,0.6961,2.801,3,9.25,-0.3277,12.7014,71.1538,1,35.96,9
195870,해성디에스,2020-07-13,19700,19000,KOSPI,10370.0,-3.5533,0,109,19.8738,3.9638,3.0547,1.5194,3.9474,2,4.8404,23.8437,7.6442,76.7442,0,13.16,-1
016740,두올,2020-07-14,4075,3995,KOSPI,1396.0,-1.9632,0,250,39.1986,24.0977,3.3541,1.5061,5.1493,3,8.6923,41.3161,2.1309,154.4586,1,2.25,2
066570,LG전자,2020-07-14,73100,70800,KOSPI,169402.0,-3.1464,1,141,8.0916,2.0251,1.1527,0.9845,3.0973,3,10.1974,6.458,2.1309,70.1923,1,21.89,1
054920,한컴위드,2020-07-14,3735,3550,KOSDAQ,1521.0,-4.9531,0,36,8.067,0.7322,1.0144,0.7253,4.5473,4,15.5541,15.3117,5.8487,180.6324,1,15.35,10
009290,광동제약,2020-07-14,8680,8400,KOSPI,3112.0,-3.2258,0,36,10.9643,7.0173,1.8806,0.8635,3.1803,3,11.8185,9.1274,2.1309,114.8338,1,44.64,4
050890,쏠리드,2020-07-14,7150,7112,KOSDAQ,5498.0,-0.5315,0,210,14.396,7.1066,1.9355,1.2781,5.3812,4,4.2385,40.7905,5.8487,82.7808,1,68.25,1
005960,동부건설,2020-07-15,11500,11200,KOSPI,1540.0,-2.6087,0,248,9.2683,1.9051,1.274,1.0691,3.6862,4,10.3807,13.8255,2.8411,86.6667,1,14.29,1
319400,현대무벡스,2020-07-15,2685,2570,KOSDAQ,33858.0,-4.2831,59,247,0.0,0.1802,0.8757,1.0089,0.6782,1,0.2524,-6.4731,6.2401,1.7822,0,0.47,-1
011780,금호석유화학,2020-07-15,90200,88300,KOSPI,36184.0,-2.1064,0,250,19.0027,2.7212,1.8969,1.1896,3.891,3,6.9064,11.0944,2.8411,101.5982,1,14.95,1
000990,DB하이텍,2020-07-15,33100,31850,KOSPI,42112.0,-3.7764,2,36,9.0753,1.9185,1.2596,0.7837,3.577,4,9.6797,11.1124,2.8411,166.5272,1,12.4,9
073490,이노와이어리스,2020-07-15,56100,54500,KOSDAQ,2486.0,-2.852,3,39,8.3499,2.3631,1.2666,0.7517,3.8925,3,7.1737,12.1095,6.2401,128.5115,1,13.58,5
251370,와이엠티,2020-07-15,19050,18250,KOSDAQ,2309.0,-4.1995,1,182,6.2591,1.9678,0.8884,0.562,4.9706,3,19.8549,21.3822,6.2401,209.322,1,35.62,1
082920,비츠로셀,2020-07-16,9967,9765,KOSDAQ,10020.0,-2.0267,3,31,9.326,1.7818,1.195,1.0068,3.3948,4,6.6147,6.0875,5.1185,96.4393,1,7.24,1
314130,지놈앤컴퍼니,2020-07-16,20620,19955,KOSDAQ,2676.0,-3.225,0,250,26.2256,1.0994,1.2341,1.7342,5.6914,2,2.0705,30.8333,5.1185,56.805,1,11.34,1
039490,키움증권,2020-07-16,98200,94200,KOSPI,121734.0,-4.0733,6,20,9.5349,0.8811,1.2397,1.1412,3.7535,4,8.7637,-4.8412,2.3567,88.4,1,32.17,1
006800,미래에셋증권,2020-07-17,8150,7910,KOSPI,294317.0,-2.9448,0,243,15.4745,1.9899,1.6301,0.8186,2.8626,3,10.8898,13.8707,2.7959,125.6776,1,25.54,2
003547,대신증권2우B,2020-07-17,8950,8610,KOSPI,2340.0,-3.7989,2,20,2.2565,0.7338,1.3519,0.4645,1.4435,3,4.4398,-1.2629,2.7959,50.7881,1,14.63,3
091120,이엠텍,2020-07-17,14061,13476,KOSDAQ,1290.0,-4.1604,2,20,4.1502,0.8952,0.96,0.8658,5.3571,4,21.995,-7.3294,5.551,161.8733,1,11.95,1
003545,대신증권우,2020-07-17,9580,9130,KOSPI,6331.0,-4.6973,1,169,4.9425,1.2396,1.3268,0.7097,1.5412,3,4.2865,-0.4417,2.7959,51.4096,0,12.27,-1
021320,KCC건설,2020-07-17,7080,6760,KOSDAQ,1305.0,-4.5198,6,250,6.4567,2.6374,1.1709,0.6842,2.0921,3,7.4661,2.0923,5.551,98.8235,0,24.26,-1
036710,심텍홀딩스,2020-07-20,1930,1840,KOSDAQ,1387.0,-4.6632,0,205,12.5382,2.863,2.8505,0.8271,4.0761,3,10.0636,13.9149,4.0338,145.3333,1,59.78,8
222080,씨아이에스,2020-07-20,6170,5960,KOSDAQ,10639.0,-3.4036,0,37,4.7452,1.2438,1.8369,1.0415,5.2073,4,15.538,9.2741,4.0338,201.7722,1,57.89,1
026960,동서,2020-07-20,18800,18300,KOSPI,27019.0,-2.6596,0,244,14.375,2.4485,2.1685,1.4773,2.7518,2,0.2089,9.6024,3.3606,29.3286,1,37.16,1
068790,DMS,2020-07-20,6040,5850,KOSDAQ,1429.0,-3.1457,2,41,11.2167,5.4941,1.3693,1.188,4.2491,3,13.2962,14.5072,4.0338,165.9091,1,51.79,1
054540,삼영엠텍,2020-07-20,4395,4180,KOSDAQ,1777.0,-4.8919,0,89,5.5556,3.0284,1.2244,0.8377,3.4689,4,5.5557,13.7126,4.0338,83.7363,1,31.1,1
011500,한농화성,2020-07-20,5100,4905,KOSPI,3995.0,-3.8235,3,98,1.9751,2.4871,1.1544,0.6915,2.4246,4,5.617,3.9699,3.3606,63.5,1,40.67,9
059090,미코,2020-07-20,13500,12950,KOSDAQ,5898.0,-4.0741,0,76,10.6838,1.9622,1.7532,1.7137,6.4865,4,1.614,31.1436,4.0338,199.422,1,42.08,1
298040,효성중공업,2020-07-21,39250,37700,KOSPI,218847.0,-3.949,0,226,24.8344,2.2473,1.1437,1.1191,6.2239,3,30.2734,32.7616,4.579,341.9695,1,31.7,1
034020,두산에너빌리티,2020-07-21,6569,6339,KOSPI,602768.0,-3.5013,0,209,54.0836,15.7516,2.9358,1.8075,4.4644,3,8.6671,48.8334,4.579,198.5869,1,65.03,1
107640,한중엔시에스,2020-07-21,5290,5100,KOSDAQ,4687.0,-3.5917,0,109,6.25,2.8571,1.0,1.0034,1.4006,2,3.4171,25.8106,4.9586,167.7165,0,1.96,-1
084690,대상홀딩스,2020-07-21,8960,8750,KOSPI,3683.0,-2.3438,2,35,6.7073,3.7937,1.182,0.6903,2.4408,3,12.0696,0.337,4.579,170.8978,1,29.14,1
018000,유니슨,2020-07-21,1899,1845,KOSDAQ,2461.0,-2.8436,0,38,23.7425,4.4112,1.508,0.8994,7.5881,4,25.7038,20.5516,4.9586,284.375,1,18.97,1
145990,삼양사,2020-07-21,57000,54900,KOSPI,5136.0,-3.6842,0,245,29.7872,4.4221,1.4301,1.9721,3.8577,2,6.9942,31.6493,4.579,138.1779,1,39.34,1
086520,에코프로,2020-07-21,4412,4196,KOSDAQ,211811.0,-4.8957,0,30,4.5862,1.9848,1.3469,0.3888,3.6582,4,17.309,-0.7102,4.9586,139.7714,1,40.68,1
092070,디엔에프,2020-07-22,16350,16100,KOSDAQ,2176.0,-1.5291,2,20,5.5738,2.1194,0.9494,0.9568,5.8784,4,16.9757,-0.8018,4.6728,231.9588,1,7.14,5
000250,삼천당제약,2020-07-22,45200,43300,KOSDAQ,120337.0,-4.2035,2,93,12.4675,1.7116,1.6804,0.7608,3.8354,3,5.6579,0.68,4.6728,102.8103,1,37.18,1
009150,삼성전기,2020-07-22,148500,142000,KOSPI,234165.0,-4.3771,0,106,9.2308,3.4645,1.6518,1.0537,3.0433,4,7.4137,1.3051,3.1066,73.8066,0,4.23,-1
00680K,미래에셋증권2우B,2020-07-22,4375,4185,KOSPI,23208.0,-4.3429,0,209,9.555,1.5658,1.8312,0.7389,2.0481,3,9.023,6.8802,3.1066,89.7959,1,20.67,8
003070,코오롱글로벌,2020-07-22,11283,11093,KOSPI,2481.0,-1.6839,0,67,28.1835,15.3915,2.7285,1.6968,4.4455,3,6.8753,28.7175,3.1066,123.1094,0,24.99,-1
058470,리노공업,2020-07-22,25969,25569,KOSDAQ,73621.0,-1.5403,0,20,4.5852,1.6935,1.0981,1.2183,3.8825,4,13.7292,3.8221,4.6728,166.6215,1,31.56,2
270660,에브리봇,2020-07-22,22950,22000,KOSDAQ,3249.0,-4.1394,1,20,20.2186,0.6077,0.9105,0.2949,5.9091,4,40.8391,-8.6029,4.6728,340.0,1,97.05,9
001440,대한전선,2020-07-22,7248,7112,KOSPI,57985.0,-1.8764,4,53,26.2784,2.8906,3.2424,1.6128,3.8386,3,4.5112,17.538,3.1066,108.808,1,32.31,1
001390,KG케미칼,2020-07-22,3070,2920,KOSPI,4000.0,-4.886,8,107,7.3529,1.5783,2.0125,0.7565,3.18,3,4.7647,6.6678,3.1066,80.917,1,76.37,9
023450,동남합성,2020-07-22,32450,31250,KOSPI,1106.0,-3.698,5,60,2.9654,0.5456,0.3344,1.2371,1.7257,4,3.507,4.2817,3.1066,0.0,1,25.44,3
092130,이크레더블,2020-07-22,22150,21050,KOSDAQ,1903.0,-4.9661,16,40,1.6908,0.4416,0.609,0.5877,2.019,4,4.8384,0.5772,4.6728,42.7119,1,26.6,5
131970,두산테스나,2020-07-23,38291,36429,KOSDAQ,11944.0,-4.8628,1,111,12.9476,1.9957,1.7144,1.1034,4.568,4,4.8562,15.8696,6.8407,112.9479,1,33.15,1
064760,티씨케이,2020-07-23,95400,91400,KOSDAQ,23309.0,-4.1929,12,36,4.2189,1.0611,0.947,0.8198,3.3448,3,9.5743,-2.6218,6.8407,122.1142,1,19.58,2
214450,파마리서치,2020-07-23,62000,59400,KOSDAQ,34961.0,-4.1935,6,30,9.1912,1.2146,1.0153,0.757,4.0885,4,11.5181,-3.1758,6.8407,100.0,1,30.81,4
088390,이녹스,2020-07-23,8580,8520,KOSDAQ,1487.0,-0.6993,0,170,21.1949,7.7321,2.5277,1.0179,5.6841,3,14.3123,16.103,6.8407,240.1198,1,64.32,1
226950,올릭스,2020-07-23,27425,26875,KOSDAQ,26045.0,-2.0055,1,21,21.9097,5.6978,1.5265,0.9627,4.0904,4,10.0341,-0.9252,6.8407,173.9831,1,14.34,1
174900,앱클론,2020-07-23,46900,46600,KOSDAQ,12772.0,-0.6397,2,22,36.8576,3.7822,1.4764,1.173,6.5374,4,18.5156,3.1947,6.8407,278.8618,1,4.08,1
290740,액트로,2020-07-23,14800,14450,KOSDAQ,2657.0,-2.3649,0,148,40.9756,6.2883,2.8189,1.2081,5.1409,2,3.4531,54.2518,6.8407,142.8571,0,-0.35,-1
095700,제넥신,2020-07-23,80622,77717,KOSDAQ,2145.0,-3.6032,0,24,10.0823,2.7568,1.3888,0.719,4.686,4,15.9146,1.6783,6.8407,164.857,1,36.45,2
083930,아바코,2020-07-23,8560,8550,KOSDAQ,2353.0,-0.1168,7,42,5.2956,4.3705,1.224,0.8789,4.0852,4,12.416,14.2641,6.8407,136.5145,0,0.12,-1
268280,미원에스씨,2020-07-23,84900,80700,KOSPI,7105.0,-4.947,12,23,2.0228,0.9546,0.7213,1.0455,1.7083,3,2.4166,-6.2596,4.9149,22.4583,0,4.09,-1
215000,골프존,2020-07-23,78500,75200,KOSDAQ,3684.0,-4.2038,3,249,7.891,3.5899,1.0212,0.9674,2.9255,3,16.2007,-1.9593,6.8407,160.6586,1,7.71,3
196170,알테오젠,2020-07-23,105689,102875,KOSDAQ,202252.0,-2.6625,0,21,28.6533,2.0023,1.022,0.8076,5.1052,4,38.5798,23.8589,6.8407,1708.9502,1,11.89,1
272550,삼양패키징,2020-07-24,19200,18450,KOSPI,1899.0,-3.9062,4,33,3.9437,1.9622,2.1434,0.5145,2.3616,3,5.1258,1.7475,3.082,61.8421,1,5.42,7
199800,툴젠,2020-07-24,70000,69800,KOSDAQ,4972.0,-0.2857,0,190,15.1815,2.5838,1.0376,0.6005,3.6738,3,21.7525,6.1471,5.8914,215.8371,1,1.72,1
134380,미원화학,2020-07-24,54100,52500,KOSPI,2294.0,-2.9575,22,20,-0.7561,0.1447,0.5666,0.3991,1.1293,3,6.9856,-6.0395,3.082,41.8919,0,3.81,-1
170920,엘티씨,2020-07-27,14900,14400,KOSDAQ,3011.0,-3.3557,0,197,35.2113,12.064,2.7058,1.7857,4.8512,3,7.7766,49.1849,9.0569,180.7018,1,14.93,1
017900,광전자,2020-07-27,2415,2345,KOSPI,1117.0,-2.8986,0,210,27.1003,106.8736,3.598,2.1099,4.0207,2,2.3541,32.4068,5.9413,123.3333,1,24.95,1
008490,서흥,2020-07-27,58200,56500,KOSPI,2696.0,-2.921,13,30,1.2545,1.1855,1.154,0.9303,3.1985,4,10.4719,-2.8391,5.9413,101.0676,1,6.73,2
003720,삼영,2020-07-27,1470,1425,KOSPI,2295.0,-3.0612,2,43,19.7479,13.544,2.8466,1.3429,4.1353,3,4.5983,16.3763,5.9413,97.0954,1,45.61,1
195870,해성디에스,2020-07-27,19700,19350,KOSPI,10370.0,-1.7766,4,119,4.0323,1.5821,0.9431,0.8889,5.1126,4,6.7643,25.2451,5.9413,80.0,1,11.11,3
095610,테스,2020-07-28,28800,27650,KOSDAQ,12874.0,-3.9931,0,131,19.181,2.4461,2.6411,1.1251,4.1462,3,6.16,19.7364,9.4692,97.5,0,0.36,-1
039030,이오테크닉스,2020-07-28,118800,114200,KOSDAQ,48169.0,-3.8721,1,127,8.8656,2.2071,1.0143,1.1429,5.7606,3,14.7524,11.3773,9.4692,198.1723,1,12.7,2
054920,한컴위드,2020-07-28,3735,3650,KOSDAQ,1521.0,-2.2758,3,46,2.9619,5.4436,1.3615,0.7327,4.3542,4,11.0605,6.4038,9.4692,188.5375,1,25.62,1
240810,원익IPS,2020-07-28,38550,37700,KOSDAQ,51195.0,-2.2049,0,131,11.5385,7.7482,1.789,0.954,2.9557,3,7.3748,-3.7189,9.4692,95.3368,1,6.1,2
018670,SK가스,2020-07-28,87600,83700,KOSPI,20709.0,-4.4521,0,145,9.6986,2.1742,1.113,1.1244,2.9271,2,0.9945,5.9044,7.0511,74.375,1,12.9,2
011200,HMM,2020-07-29,5680,5490,KOSPI,199966.0,-3.3451,4,34,5.7803,2.8885,1.1099,0.7154,3.103,4,12.0474,10.6377,7.4268,158.9623,1,26.59,1
078350,한양디지텍,2020-07-29,6350,6180,KOSDAQ,4261.0,-2.6772,0,30,8.8028,76.7357,3.5853,1.1225,4.5192,3,11.1209,1.2295,11.1342,147.2,0,7.93,-1
100790,미래에셋벤처투자,2020-07-29,3893,3708,KOSDAQ,12670.0,-4.7521,0,245,8.9627,2.6016,1.9876,1.3095,5.4804,3,6.906,25.3399,11.1342,149.3611,1,7.07,6
290650,엘앤씨바이오,2020-07-29,43433,41767,KOSDAQ,22408.0,-3.8358,3,41,17.4319,1.8091,1.1545,1.2156,5.712,4,16.1845,19.3877,11.1342,738.1898,1,19.47,6
319400,현대무벡스,2020-07-29,2678,2570,KOSDAQ,33858.0,-4.0329,60,250,0.234,0.2022,1.1023,0.4876,0.4391,0,0.2034,-11.3671,11.1342,1.7822,0,0.47,-1
016710,대성홀딩스,2020-07-29,15000,14400,KOSPI,1411.0,-4.0,0,33,3.5971,0.9656,1.3015,0.5189,2.505,4,12.1566,0.8439,7.4268,105.7143,0,9.72,-1
000490,대동,2020-07-29,7950,7800,KOSPI,3370.0,-1.8868,0,210,17.8248,57.4358,3.3211,1.4527,5.4212,3,14.2824,22.7902,7.4268,176.1062,0,1.54,-1
232140,와이씨,2020-07-29,5240,5200,KOSDAQ,18009.0,-0.7634,0,126,6.1224,7.1582,1.6435,1.0381,6.2294,4,15.3437,12.8229,11.1342,201.4493,1,27.88,1
104830,원익머트리얼즈,2020-07-30,30600,29800,KOSDAQ,5308.0,-2.6144,0,145,6.619,1.9756,1.1654,0.7885,3.2478,3,7.0226,-4.5332,9.6478,102.7211,1,3.86,5
036200,유니셈,2020-07-30,7120,6770,KOSDAQ,3299.0,-4.9157,2,115,5.7813,1.203,1.57,0.7559,3.5978,4,8.8987,-1.5009,9.6478,115.2623,1,17.28,3
005935,삼성전자우,2020-07-30,53000,50600,KOSPI,932659.0,-4.5283,0,114,7.5452,0.7524,1.3598,0.8684,1.461,4,4.0333,2.3026,6.1647,46.6667,0,2.57,-1
021320,KCC건설,2020-07-31,6980,6880,KOSDAQ,1305.0,-1.4327,18,217,2.0772,1.1751,0.9654,0.7657,2.3567,3,5.0319,-0.3853,8.3916,102.3529,1,22.09,1
001200,유진투자증권,2020-07-31,3885,3820,KOSPI,4219.0,-1.6731,2,39,12.8508,2.1056,1.1414,0.6239,4.1417,4,12.3203,29.2956,4.5047,229.3103,1,27.62,1
014830,유니드,2020-07-31,57156,55481,KOSPI,5644.0,-2.9306,0,189,15.2469,9.5958,2.5334,1.5645,2.9761,3,2.4364,11.5789,4.5047,65.521,1,8.75,1
075580,세진중공업,2020-07-31,4920,4698,KOSPI,10273.0,-4.5122,2,24,24.9468,4.0797,1.5437,0.9512,5.9797,3,23.6202,5.9585,4.5047,337.8378,1,6.17,2
122870,와이지엔터테인먼트,2020-07-31,42750,40700,KOSDAQ,13794.0,-4.7953,0,23,6.2663,0.8939,0.8028,0.6415,3.8961,4,10.8485,-3.3594,8.3916,114.7757,1,28.99,1
045970,코아시아,2020-07-31,11600,11250,KOSDAQ,1616.0,-3.0172,0,53,11.3861,4.5803,1.3357,1.0105,5.4095,4,9.1151,13.0987,8.3916,309.0909,1,11.11,2
003545,대신증권우,2020-07-31,9580,9290,KOSPI,6331.0,-3.0271,11,179,-0.1075,0.8806,0.7574,0.4779,1.4916,3,3.6034,2.3998,4.5047,54.063,1,10.33,3
017890,한국알콜,2020-08-03,20000,19000,KOSDAQ,2517.0,-5.0,0,56,15.5015,9.4684,2.1238,0.9735,5.6391,4,8.1297,16.0949,8.9051,180.236,0,5.0,-1
061970,LB세미콘,2020-08-03,10500,10150,KOSDAQ,2788.0,-3.3333,0,39,11.5385,3.0556,2.312,0.9344,4.3772,3,8.7791,2.1452,8.9051,141.6667,1,10.84,1
037460,삼지전자,2020-08-03,12250,11650,KOSDAQ,3598.0,-4.898,1,224,4.955,1.2002,0.6215,0.9032,4.3838,3,7.5586,3.1141,8.9051,115.7407,1,26.18,5
093320,케이아이엔엑스,2020-08-03,71500,68000,KOSDAQ,6129.0,-4.8951,4,60,9.1493,1.8868,1.1318,0.9274,3.0462,4,0.2069,1.8441,8.9051,131.6865,0,33.53,-1
014790,HL D&I,2020-08-03,3850,3700,KOSPI,1206.0,-3.8961,0,220,12.1212,2.8256,1.8482,1.0932,4.3147,3,2.7141,22.7522,2.8845,107.8652,1,11.76,1
220260,켐트로스,2020-08-03,5970,5870,KOSDAQ,1591.0,-1.675,0,249,30.5895,7.2273,1.2324,1.5404,7.1794,3,22.395,78.6348,8.9051,381.1475,1,46.51,1
034950,한국기업평가,2020-08-03,80700,76800,KOSDAQ,4441.0,-4.8327,9,52,1.5873,1.9279,1.1131,0.498,1.6927,4,4.7317,-5.2614,8.9051,42.2222,1,22.27,3
049070,인탑스,2020-08-03,15600,15350,KOSDAQ,3578.0,-1.6026,0,237,34.0611,2.1451,2.6921,1.2683,4.7231,3,3.7582,29.3832,8.9051,115.5899,1,7.49,8
104460,디와이피엔에프,2020-08-04,13900,13400,KOSDAQ,1567.0,-3.5971,0,138,25.2336,0.7031,2.0526,1.6595,5.9009,3,4.5373,27.824,10.0361,143.1942,1,42.91,2
004710,한솔테크닉스,2020-08-04,10959,10437,KOSPI,1894.0,-4.7632,0,142,8.1106,2.1075,1.2863,1.167,4.5285,3,12.1718,31.6357,5.3508,177.8014,0,3.5,-1
066575,LG전자우,2020-08-04,29950,28800,KOSPI,8662.0,-3.8397,1,32,6.4695,2.2711,1.1536,0.6844,2.505,3,9.3627,6.7115,5.3508,104.2553,1,26.22,4
003470,유안타증권,2020-08-04,3120,3015,KOSPI,9142.0,-3.3654,4,134,6.7257,3.8608,1.1321,0.8041,2.8548,3,4.2811,5.0888,5.3508,125.0,1,24.38,1
021080,에이티넘인베스트,2020-08-04,2265,2170,KOSDAQ,1622.0,-4.1943,0,135,25.7971,29.3141,3.2728,1.702,4.2791,3,1.8206,22.281,10.0361,120.5285,1,37.33,2
004000,롯데정밀화학,2020-08-04,50200,48200,KOSPI,12448.0,-3.9841,0,249,15.0358,2.2924,0.9655,1.1328,3.3566,2,9.0146,11.2151,5.3508,104.6709,0,3.11,-1
182400,엔케이맥스,2020-08-04,16004,15368,KOSDAQ,2630.0,-3.974,0,45,8.7076,4.4723,1.5255,0.5896,5.5705,4,6.8003,26.3986,10.0361,206.4407,1,9.19,2
001630,종근당홀딩스,2020-08-04,144000,139000,KOSPI,2585.0,-3.4722,0,33,13.0081,25.9722,2.6839,1.6363,4.8304,4,2.2792,8.5836,5.3508,72.8856,1,9.71,1
092040,아미코젠,2020-08-04,18794,18470,KOSDAQ,1001.0,-1.724,3,20,9.3288,1.0433,1.2906,0.7513,4.8298,4,10.8931,-7.8564,10.0361,283.195,1,10.03,1
003550,LG,2020-08-04,75762,73873,KOSPI,143272.0,-2.4933,1,120,3.1659,1.8589,1.1887,0.8017,2.7585,3,5.6615,4.3263,5.3508,75.337,1,20.72,1
005380,현대차,2020-08-04,137500,132500,KOSPI,983861.0,-3.6364,0,120,7.7236,1.0147,0.8518,0.8906,4.6361,3,7.3472,28.2178,5.3508,103.8462,1,37.36,2
035510,신세계 I&C,2020-08-05,13800,13250,KOSPI,2525.0,-3.9855,7,41,9.0535,1.1131,1.4372,0.6466,3.5315,3,2.6872,3.7926,7.0861,84.2837,0,2.26,-1
086890,이수앱지스,2020-08-05,8430,8190,KOSDAQ,2292.0,-2.847,1,36,13.75,3.3252,1.2048,1.1249,4.8055,3,7.0035,19.5899,10.6167,134.0,1,41.03,2
003850,보령,2020-08-05,13721,13159,KOSPI,8184.0,-4.0959,1,24,5.1122,3.5879,1.4853,1.091,4.7127,3,7.4256,0.6069,7.0861,108.3769,0,1.7,-1
067290,JW신약,2020-08-05,4459,4421,KOSDAQ,1166.0,-0.8522,3,37,7.6455,9.1613,1.9696,1.1075,5.3979,3,2.3813,15.9145,10.6167,120.1693,1,28.64,1
077360,덕산하이메탈,2020-08-05,4470,4260,KOSDAQ,5048.0,-4.698,0,133,9.0909,1.8081,1.0997,0.7602,4.0074,3,9.1171,9.3833,10.6167,166.25,0,0.94,-1
115180,큐리언트,2020-08-05,13685,13515,KOSDAQ,13928.0,-1.2422,0,160,14.3111,4.6676,2.0267,0.9808,5.1842,3,1.1564,24.2231,10.6167,160.857,1,21.86,1
253450,스튜디오드래곤,2020-08-05,94000,90500,KOSDAQ,14473.0,-3.7234,9,20,5.4779,1.3512,0.8858,0.7413,2.281,3,3.7528,-12.7789,10.6167,77.7996,0,2.43,-1
006805,미래에셋증권우,2020-08-05,5490,5300,KOSPI,2742.0,-3.4608,0,33,11.1111,2.7908,0.9984,0.6974,3.7668,3,12.7087,20.9332,7.0861,120.3742,1,11.7,3
059210,메타바이오메드,2020-08-05,3180,3070,KOSDAQ,1424.0,-3.4591,0,132,13.2841,14.5597,2.3531,0.9603,6.0144,3,2.6545,13.1736,10.6167,106.734,0,0.0,-1
102460,이연제약,2020-08-05,20499,19567,KOSPI,2208.0,-4.5466,0,34,26.2631,24.1861,2.6842,1.1482,5.7469,3,6.3953,27.2565,7.0861,187.877,1,16.04,2
009150,삼성전기,2020-08-05,148500,143000,KOSPI,234165.0,-3.7037,5,116,-1.0381,0.8934,0.8341,0.9989,3.7463,4,6.7354,4.6327,7.0861,75.0306,0,1.05,-1
246710,티앤알바이오팹,2020-08-05,5232,5092,KOSDAQ,1570.0,-2.6758,1,59,8.2943,9.2533,1.8318,0.9479,4.6642,4,7.1635,16.3025,10.6167,121.584,1,13.86,2
060720,KH바텍,2020-08-05,26600,25450,KOSDAQ,4148.0,-4.3233,0,117,2.2088,4.0163,1.3021,0.6733,3.3118,4,8.5623,1.0061,10.6167,279.8507,0,0.2,-1
000080,하이트진로,2020-08-05,47050,46500,KOSPI,12666.0,-1.169,4,30,9.2832,2.6168,1.2506,1.2171,3.2796,4,10.2739,-1.5242,7.0861,133.0827,0,-0.97,-1
243840,신흥에스이씨,2020-08-05,9780,9420,KOSDAQ,2375.0,-3.681,0,122,9.5349,3.2883,1.4643,1.0793,3.7382,3,10.3757,-2.713,10.6167,151.2,1,12.1,1
009470,삼화전기,2020-08-05,20450,20000,KOSPI,3314.0,-2.2005,1,43,3.3592,2.0195,0.7688,0.5674,3.8929,4,9.478,-0.9853,7.0861,166.6667,1,12.75,1
010130,고려아연,2020-08-06,463500,450000,KOSPI,355049.0,-2.9126,0,117,6.7616,1.2821,1.0282,1.3997,4.1587,2,1.2875,10.9887,8.059,62.7486,1,3.78,1
029460,케이씨,2020-08-06,24150,23150,KOSPI,4307.0,-4.1408,9,20,-0.6438,0.6303,0.9736,0.8463,3.6717,4,15.2036,-8.059,8.059,147.8587,0,4.32,-1
002100,경농,2020-08-06,17050,16300,KOSPI,1862.0,-4.3988,0,217,18.5455,23.0491,2.5889,1.3777,5.6091,3,2.4849,19.2848,8.059,182.9861,1,21.47,2
003090,대웅,2020-08-06,35900,34950,KOSPI,15262.0,-2.6462,0,35,30.8989,12.3576,2.0149,1.4523,7.4699,4,13.9252,44.2286,8.059,440.1855,1,21.6,1
005385,현대차우,2020-08-06,78600,76600,KOSPI,58819.0,-2.5445,0,121,10.2158,1.378,0.86,0.821,3.7859,3,4.7808,30.4582,8.059,95.6577,1,22.72,1
044450,KSS해운,2020-08-06,8860,8800,KOSPI,2380.0,-0.6772,15,20,5.0119,1.5509,1.2785,0.6382,2.638,4,5.7533,-7.9452,8.059,66.0377,1,1.14,1
001750,한양증권,2020-08-07,9710,9230,KOSPI,2826.0,-4.9434,0,131,11.7433,1.1462,1.4932,0.9114,3.0104,3,10.1132,15.8702,9.3673,110.7306,1,14.84,2
051900,LG생활건강,2020-08-07,1490000,1432000,KOSPI,42005.0,-3.8926,4,59,4.4493,1.7154,0.9865,0.7797,2.9479,4,-0.2468,1.2119,9.3673,37.0335,1,11.73,2
005389,현대차3우B,2020-08-07,75700,73500,KOSPI,5679.0,-2.9062,0,217,14.8438,1.2765,1.0197,0.9505,3.207,3,3.5356,25.9918,9.3673,89.6774,1,15.51,1
033290,로젠,2020-08-07,5764,5552,KOSDAQ,1266.0,-3.678,1,250,3.4856,2.2221,1.1317,0.9486,4.6251,3,3.3275,0.8472,10.9755,91.5143,0,0.61,-1
122990,와이솔,2020-08-07,16900,16300,KOSDAQ,1708.0,-3.5503,1,250,3.8217,2.7203,1.0062,0.5809,3.8563,3,13.9593,-7.4835,10.9755,129.2546,0,2.15,-1
032500,케이엠더블유,2020-08-10,80100,76400,KOSDAQ,7593.0,-4.6192,0,218,7.0028,1.48,1.041,0.7247,3.8052,4,5.5628,8.747,10.4418,99.2177,1,17.15,1
001500,현대차증권,2020-08-10,9792,9569,KOSPI,5942.0,-2.2774,0,220,14.9291,2.3606,1.7936,1.2733,2.6492,3,4.0106,13.6892,9.1635,111.4696,0,2.33,-1
000270,기아,2020-08-10,46900,46350,KOSPI,603969.0,-1.1727,0,218,16.7506,2.9131,1.1705,1.0873,3.9297,3,9.9316,27.9667,9.1635,115.5814,1,2.91,1
271560,오리온,2020-08-10,153500,146500,KOSPI,50685.0,-4.5603,5,23,8.5185,1.223,0.9754,0.5304,2.6572,4,3.4254,-9.5037,9.1635,93.0171,1,12.29,3
030520,한글과컴퓨터,2020-08-10,18050,17600,KOSDAQ,5706.0,-2.4931,6,21,1.4409,1.1601,0.9762,0.6326,4.2817,4,9.8362,-10.725,10.4418,178.481,1,21.59,1
001570,금양,2020-08-10,5170,5030,KOSPI,6333.0,-2.7079,0,21,9.3478,1.3922,0.8988,0.3921,5.1406,4,21.5082,4.6374,9.1635,230.9211,0,20.68,-1
108490,로보티즈,2020-08-10,15142,14899,KOSDAQ,40433.0,-1.6048,0,57,19.0682,5.9962,2.5428,0.8259,3.9216,3,6.9386,9.0945,10.4418,169.8605,0,1.31,-1
298050,HS효성첨단소재,2020-08-10,152000,148000,KOSPI,11625.0,-2.6316,0,240,5.7143,1.8165,1.0384,0.8138,6.1052,3,16.8075,13.1505,9.1635,248.2353,1,18.92,1
058860,KTis,2020-08-10,2400,2390,KOSPI,1020.0,-0.4167,0,154,9.633,3.3915,1.2838,1.3349,3.8404,3,3.669,6.8559,9.1635,98.3402,1,12.13,9
001530,DI동일,2020-08-10,7069,6963,KOSPI,4222.0,-1.4995,0,218,12.1617,4.2418,1.367,1.3978,2.9093,3,6.0552,7.8027,9.1635,100.2588,1,26.84,2
268280,미원에스씨,2020-08-11,84900,81000,KOSPI,7105.0,-4.5936,13,36,1.25,2.3133,1.5226,0.3124,1.9753,4,1.3275,-9.5147,10.7647,22.9135,0,20.86,-1
027360,아주IB투자,2020-08-11,1590,1540,KOSDAQ,5894.0,-3.1447,0,124,10.7914,7.0073,1.615,1.2401,2.9453,2,2.9103,3.1391,10.514,132.9803,0,1.95,-1
144960,뉴파워프라즈마,2020-08-11,6890,6580,KOSDAQ,2713.0,-4.4993,1,22,9.3023,2.5164,1.212,0.812,6.003,3,23.3083,-4.7262,10.514,0.0,0,1.06,-1
014940,오리엔탈정공,2020-08-11,1535,1505,KOSDAQ,3578.0,-1.9544,1,49,10.6618,1.3438,1.0432,0.5861,4.6512,4,19.695,12.3431,10.514,227.1739,1,81.4,1
009450,경동나비엔,2020-08-11,55500,53800,KOSPI,8960.0,-3.0631,6,21,4.8733,1.5668,1.0802,0.9518,3.1731,3,11.9948,-12.0491,10.7647,106.5259,1,8.92,2
151860,KG에코솔루션,2020-08-11,4860,4835,KOSDAQ,3104.0,-0.5144,0,66,12.5728,5.7491,2.5663,1.2388,3.5382,4,-0.3994,2.7178,10.514,129.1469,0,8.38,-1
053580,웹케시,2020-08-11,32748,31129,KOSDAQ,1350.0,-4.9438,3,22,0.9862,1.8188,1.0374,0.6614,2.7067,3,4.0367,-10.0233,10.514,116.5496,0,14.96,-1
017670,SK텔레콤,2020-08-11,42702,40891,KOSPI,158300.0,-4.241,1,173,5.0993,1.0819,1.5622,1.1477,3.1795,3,1.8005,-1.8005,10.7647,44.5167,1,6.12,9
136540,윈스테크넷,2020-08-11,18400,17750,KOSDAQ,1363.0,-3.5326,0,68,5.0296,4.6379,1.9426,0.8028,3.159,4,1.1245,-4.5439,10.514,86.6456,1,18.31,2
007310,오뚜기,2020-08-12,624000,605000,KOSPI,15791.0,-3.0449,0,250,6.8905,4.1395,1.7868,0.7945,1.7001,2,1.1598,-5.2496,10.467,50.4975,0,2.48,-1
107640,한중엔시에스,2020-08-12,5290,5100,KOSDAQ,4687.0,-3.5917,5,125,4.0816,3.3333,0.5714,1.369,1.1204,2,10.2768,-1.9813,8.2313,121.7391,1,17.65,5
207940,삼성바이오로직스,2020-08-12,1255249,1226158,KOSPI,791575.0,-2.3175,2,42,7.1155,3.4655,1.7293,1.1617,3.4062,4,8.4821,2.0829,10.467,243.3818,0,0.12,-1
001130,대한제분,2020-08-12,183000,182000,KOSPI,2450.0,-0.5464,0,243,9.9698,8.6476,1.9235,0.8975,3.1593,3,7.4072,7.3324,10.467,112.1212,1,1.1,1
079550,LIG넥스원,2020-08-12,37300,36600,KOSPI,101420.0,-1.8767,3,40,9.417,1.9353,1.2406,0.8909,4.1081,3,8.9807,6.653,10.467,134.6154,0,1.23,-1
086670,비엠티,2020-08-12,9920,9500,KOSDAQ,1191.0,-4.2339,0,243,7.7098,11.4797,2.5617,1.015,4.015,4,8.8929,1.4685,8.2313,146.4332,0,2.95,-1
161890,한국콜마,2020-08-12,54700,52400,KOSPI,17184.0,-4.2048,0,146,11.4894,1.4072,1.2593,0.9593,3.4692,3,3.3421,8.6239,10.467,72.0854,0,2.86,-1
000370,한화손해보험,2020-08-12,3400,3270,KOSPI,8510.0,-3.8235,0,227,21.1111,16.137,2.2747,1.3708,3.8336,3,7.5788,9.7536,10.467,251.2352,1,4.43,1
319400,현대무벡스,2020-08-12,2678,2570,KOSDAQ,33858.0,-4.0329,60,217,0.234,0.0,2.0879,1.225,7.5264,2,0.1038,-8.2313,8.2313,0.0,0,-100.0,-1
065350,신성델타테크,2020-08-12,4350,4170,KOSDAQ,19679.0,-4.1379,0,35,12.3989,3.4607,1.3443,1.075,5.2587,3,9.3748,6.3292,8.2313,157.4074,0,-0.48,-1
005090,SGC에너지,2020-08-12,36650,35600,KOSPI,4445.0,-2.8649,0,246,20.0675,2.7937,2.6435,1.5569,3.0899,3,1.498,13.7913,10.467,64.4342,1,20.37,1
016710,대성홀딩스,2020-08-12,15000,14250,KOSPI,1411.0,-5.0,7,43,-0.3497,3.4191,2.0505,0.4867,3.5088,4,12.0409,-8.6813,10.467,92.0485,1,21.4,5
018880,한온시스템,2020-08-12,11712,11154,KOSPI,46900.0,-4.7643,0,219,20.4796,14.5062,2.2868,1.2694,5.0616,3,3.4788,15.7238,10.467,48.1472,1,16.67,1
013870,지엠비코리아,2020-08-13,6180,5940,KOSPI,1030.0,-3.8835,0,136,22.3481,49.2341,3.4065,1.1042,3.9502,3,5.1392,-0.7999,11.6208,148.5356,0,31.14,-1
039340,한국경제TV,2020-08-13,6220,6050,KOSDAQ,1220.0,-2.7331,7,20,1.1706,0.86,0.7872,0.6576,3.7898,4,5.6591,-8.2593,10.2829,98.6864,0,-5.12,-1
016740,두올,2020-08-13,4345,4230,KOSPI,1396.0,-2.6467,0,22,15.5738,3.2918,1.3625,0.8229,5.3783,3,13.0306,-1.0325,11.6208,169.4268,0,2.13,-1
126600,BGF에코머티리얼즈,2020-08-13,3986,3930,KOSDAQ,2583.0,-1.4049,0,243,14.2442,7.2788,1.7072,1.4276,4.7674,3,6.4635,10.2692,10.2829,115.4605,0,-0.38,-1
065710,서호전기,2020-08-13,24900,24150,KOSDAQ,2673.0,-3.012,0,223,18.9655,2.8122,1.809,1.2968,3.4457,3,1.5888,14.5233,10.2829,70.0704,0,14.29,-1
083420,그린케미칼,2020-08-13,3850,3670,KOSPI,1507.0,-4.6753,14,173,6.9971,1.3581,1.6044,1.7643,2.4912,3,-1.9895,-2.0685,11.6208,61.674,1,14.85,10
005935,삼성전자우,2020-08-13,53000,50700,KOSPI,932659.0,-4.3396,3,124,0.396,0.8066,0.8697,0.7105,1.9019,3,5.2351,-3.8631,11.6208,45.2722,0,2.37,-1
134380,미원화학,2020-08-13,54100,51500,KOSPI,2294.0,-4.8059,30,34,0.9804,1.6316,2.3553,0.8853,1.4147,3,3.6557,-14.0829,11.6208,39.1892,1,6.02,2
004840,DRB동일,2020-08-14,8760,8560,KOSPI,1130.0,-2.2831,0,53,25.8824,63.1638,3.4965,1.3974,4.9232,4,2.9216,16.141,9.3722,239.6825,1,24.42,2
001680,대상,2020-08-18,29100,28050,KOSPI,7969.0,-3.6082,7,24,5.8491,8.9088,1.9875,1.1851,3.1067,3,2.5816,0.4402,6.8256,113.308,1,8.02,1
012750,에스원,2020-08-18,107500,103000,KOSPI,34389.0,-4.186,0,245,14.3174,1.4279,1.1267,1.0889,3.4327,3,1.286,9.9545,6.8256,43.0556,0,0.0,-1
041510,에스엠,2020-08-19,40100,39100,KOSDAQ,26192.0,-2.4938,0,186,12.1951,3.269,1.7079,0.9567,4.6493,3,7.2595,15.8274,3.5619,139.1437,0,3.45,-1
067570,엔브이에이치코리아,2020-08-20,3875,3787,KOSDAQ,1008.0,-2.271,0,123,38.0102,15.8704,3.5911,1.4129,5.7867,3,6.3822,43.1208,-0.4843,190.4141,1,60.63,1
018000,유니슨,2020-08-20,2195,2099,KOSDAQ,2461.0,-4.3736,0,20,14.2624,3.5458,1.9161,1.4928,6.857,4,22.4493,8.0701,-0.4843,337.2917,1,218.34,1
260970,에스앤디,2020-08-21,166400,160000,KOSDAQ,2002.0,-3.8462,0,46,18.5185,0.1947,1.012,0.7397,4.808,4,10.154,11.0533,-0.7085,146.1538,1,73.37,2
096240,크레버스,2020-08-24,24150,23400,KOSDAQ,1190.0,-3.1056,1,26,17.8841,14.524,2.9923,1.6868,5.5708,3,1.6948,17.3654,2.6346,131.6832,1,29.91,1
064960,SNT모티브,2020-08-24,31350,30138,KOSPI,9236.0,-3.866,0,228,5.1937,0.7691,0.8838,0.8768,5.1783,3,9.775,26.0841,5.8802,128.873,1,4.57,1
123890,한국자산신탁,2020-08-25,3658,3500,KOSPI,3243.0,-4.3193,0,164,8.3591,1.3427,0.8072,1.454,4.3878,3,7.1867,17.4011,6.7123,153.6232,1,15.29,5
243070,휴온스,2020-08-25,57668,56094,KOSDAQ,3354.0,-2.7294,1,21,11.8993,1.7402,1.4713,1.2978,4.8639,4,6.7743,9.2114,4.3783,120.8947,1,14.33,2
214330,금호에이치티,2020-08-25,2850,2710,KOSPI,1156.0,-4.9123,1,20,27.5294,0.7424,2.1438,0.7509,6.4312,3,19.5658,-8.1669,6.7123,369.6707,1,83.95,1
051980,중앙첨단소재,2020-08-25,2927,2921,KOSDAQ,2627.0,-0.205,0,94,23.145,17.4535,2.3849,1.843,7.5023,4,2.3454,31.926,4.3783,0.0,1,105.96,1
126340,비나텍,2020-08-26,29272,29239,KOSDAQ,7878.0,-0.1127,5,23,9.3251,2.3633,1.0423,1.0683,4.9152,4,19.5101,3.9376,4.1468,214.804,1,53.28,1
217330,싸이토젠,2020-08-26,5202,5051,KOSDAQ,1605.0,-2.9027,0,209,30.2811,4.3715,2.6045,1.3316,5.6481,2,1.3518,28.4254,4.1468,121.3409,1,145.85,1
002900,TYM,2020-08-26,4599,4380,KOSPI,3109.0,-4.7619,0,162,13.6187,1.9795,1.0762,1.6611,5.4338,3,5.0384,16.0509,4.977,100.5495,1,15.05,5
268280,미원에스씨,2020-08-26,84900,84400,KOSPI,7105.0,-0.5889,23,46,0.716,0.7376,0.9819,0.8111,1.8365,4,1.624,0.2599,4.977,28.0728,1,16.0,1
053580,웹케시,2020-08-26,32748,32293,KOSDAQ,1350.0,-1.3894,6,32,4.9326,1.0584,1.2277,1.0661,3.7505,4,1.5011,2.1851,4.1468,124.647,1,21.79,1
319400,현대무벡스,2020-08-27,2678,2570,KOSDAQ,33858.0,-4.0329,60,227,0.0,0.0,0.0,0.0,78.7132,2,0.013,-3.4393,3.4393,0.0,0,-100.0,-1
044990,에이치엔에스하이텍,2020-08-28,7140,6800,KOSDAQ,1346.0,-4.7619,5,24,6.4163,0.6924,0.825,1.0075,4.9265,4,17.7208,1.4469,3.3297,183.3333,0,0.0,-1
047920,HLB제약,2020-08-28,7170,6860,KOSDAQ,5340.0,-4.3236,0,215,23.6036,2.8866,2.0434,1.6979,6.2057,4,-2.3173,12.3533,3.3297,157.4109,1,213.41,1
151860,KG에코솔루션,2020-08-31,4860,4820,KOSDAQ,3104.0,-0.823,1,79,14.0828,6.0069,1.5305,1.7492,5.8684,4,0.4303,12.1043,4.0402,128.436,1,8.71,1
042420,네오위즈홀딩스,2020-08-31,18750,18050,KOSDAQ,2280.0,-3.7333,0,70,10.7362,1.0833,1.016,1.3901,4.907,4,2.0941,7.7245,4.0402,83.8086,1,17.45,2
093370,후성,2020-09-01,9814,9629,KOSPI,8763.0,-1.8851,0,244,22.6312,14.8764,1.924,1.7712,4.7683,2,2.5548,12.4522,4.3762,114.3589,1,28.81,1
017960,한국카본,2020-09-01,10100,10000,KOSPI,17571.0,-0.9901,0,64,8.1081,6.4071,1.6676,1.6661,5.7429,3,3.3803,15.9607,4.3762,150.941,1,12.0,2
298040,효성중공업,2020-09-01,49650,48550,KOSPI,218847.0,-2.2155,1,24,16.1483,2.6371,1.0753,0.9103,5.7452,3,33.677,15.5003,4.3762,469.1676,1,59.63,1
084110,휴온스글로벌,2020-09-01,33500,32547,KOSDAQ,6596.0,-2.8448,0,81,5.7579,2.5092,1.4168,1.2146,3.8805,3,-0.3036,6.6975,3.1176,91.9724,0,0.28,-1
307750,국전약품,2020-09-01,2348,2235,KOSDAQ,1588.0,-4.8126,54,249,0.0,1.0,1.0,0.0,100.0,2,0.4713,-3.1176,3.1176,0.0,1,91.86,3
074600,원익QnC,2020-09-02,17400,17150,KOSDAQ,7650.0,-1.4368,0,134,15.4882,3.7515,1.1906,1.5891,6.0392,3,1.6885,5.478,3.7577,91.8345,1,7.0,1
199800,툴젠,2020-09-02,71000,68700,KOSDAQ,4972.0,-3.2394,5,27,15.8516,2.2721,1.0472,0.8198,3.4623,4,14.197,1.9346,3.7577,210.8597,0,15.43,-1
101160,월덱스,2020-09-02,14350,13800,KOSDAQ,4433.0,-3.8328,3,20,11.7409,2.4604,1.1377,1.3358,6.8841,4,11.9341,-4.4771,3.7577,208.7248,1,22.46,1
019170,신풍제약,2020-09-02,159500,158000,KOSPI,6856.0,-0.9404,0,27,39.823,1.1502,1.192,0.7924,8.5714,4,60.3053,106.9649,3.7018,0.0,1,35.44,1
017940,E1,2020-09-02,51100,49700,KOSPI,6538.0,-2.7397,0,239,13.9908,0.8935,1.6097,1.2094,4.714,3,3.9465,27.26,3.7018,125.3968,1,3.22,9
009300,삼아제약,2020-09-03,21950,21250,KOSDAQ,1024.0,-3.1891,1,30,14.8649,21.1033,2.2112,0.7512,5.5126,3,8.2792,4.6991,3.169,117.5026,1,8.24,1
009420,한올바이오파마,2020-09-03,39400,39000,KOSPI,28314.0,-1.0152,0,162,7.1429,3.3903,1.2542,1.3686,6.9048,3,6.9561,19.3932,3.6352,166.2116,1,7.56,1
314130,지놈앤컴퍼니,2020-09-03,22260,21352,KOSDAQ,2676.0,-4.0791,3,34,8.6892,1.5426,0.9789,0.8946,4.1609,3,8.2566,13.9824,3.169,67.7825,1,5.92,5
006260,LS,2020-09-03,51900,49950,KOSPI,69264.0,-3.7572,0,206,23.1813,3.2422,2.0912,0.9288,4.6833,3,3.6698,17.6027,3.6352,107.6923,1,43.14,1
041510,에스엠,2020-09-03,40100,38850,KOSDAQ,26192.0,-3.1172,1,197,13.1004,0.9874,0.7415,0.8796,5.4054,3,10.3152,14.2026,3.169,137.6147,1,4.12,3
115450,HLB테라퓨틱스,2020-09-03,15047,14422,KOSDAQ,2485.0,-4.1537,0,179,17.3093,1.0542,2.1349,0.7653,5.6684,3,2.0575,8.4564,3.169,211.2886,0,1.23,-1
140860,파크시스템스,2020-09-03,62000,59200,KOSDAQ,18156.0,-4.5161,4,23,8.2267,1.472,0.9529,0.7306,4.0782,4,3.2193,-2.4887,3.169,191.6256,1,28.04,6
033290,로젠,2020-09-03,5663,5578,KOSDAQ,1266.0,-1.501,5,23,10.4554,3.5958,1.3693,0.7235,3.8429,4,0.9044,-0.1778,3.169,92.4112,1,5.79,8
029460,케이씨,2020-09-03,24150,23000,KOSPI,4307.0,-4.7619,12,39,11.1111,7.1944,1.7371,1.2594,5.264,3,3.4885,-5.5541,3.6352,146.2527,1,13.48,2
036890,진성티이씨,2020-09-03,9210,8980,KOSDAQ,3411.0,-2.4973,1,31,34.4311,25.9116,2.5495,1.3406,5.6157,3,4.8685,12.107,3.169,150.4881,1,43.65,1
023910,대한약품,2020-09-04,34300,33700,KOSDAQ,1800.0,-1.7493,0,58,14.8211,49.5185,3.0516,1.7702,4.2603,2,-0.4018,5.25,1.3956,53.5308,1,41.54,1
005500,삼진제약,2020-09-04,32350,31050,KOSPI,2588.0,-4.0185,2,20,6.1538,1.2237,1.2902,0.8733,3.6577,4,2.7258,-0.6091,1.0945,95.283,0,3.54,-1
000500,가온전선,2020-09-04,21211,20469,KOSPI,14442.0,-3.4982,0,175,37.7734,6.0816,2.045,1.6341,6.3776,3,2.6673,47.8576,1.0945,144.406,1,26.61,1
00088K,한화3우B,2020-09-04,14400,13800,KOSPI,8984.0,-4.1667,0,244,9.0909,6.8824,1.827,1.2209,2.9244,3,3.8955,13.9055,1.0945,72.7159,1,7.97,1
086390,유니테스트,2020-09-04,17900,17850,KOSDAQ,4375.0,-0.2793,0,139,19.7987,3.4976,1.7602,1.1108,5.7223,3,1.3139,9.1307,1.3956,123.6842,1,62.46,1
054540,삼영엠텍,2020-09-04,5480,5390,KOSDAQ,1777.0,-1.6423,0,31,5.0682,3.1223,0.9307,0.6923,6.3875,4,8.2549,28.9551,1.3956,136.9231,1,36.36,1
230240,에치에프알,2020-09-07,42372,41530,KOSDAQ,2124.0,-1.9872,0,139,14.9524,6.7105,1.5581,1.2961,5.6856,4,-1.1186,9.8566,2.4778,104.4,1,9.54,1
105740,디케이락,2020-09-07,11300,11200,KOSDAQ,1050.0,-0.885,0,238,20.1717,35.0983,2.8823,1.4292,5.2041,3,5.2327,19.6596,2.4778,163.2197,1,22.77,1
095190,이엠코리아,2020-09-07,5840,5560,KOSDAQ,1553.0,-4.7945,1,49,22.1978,13.4456,2.58,0.9923,5.6655,3,5.8453,9.5061,2.4778,185.1282,1,51.08,3
122990,와이솔,2020-09-07,16650,16000,KOSDAQ,1708.0,-3.9039,8,20,0.0,0.7434,1.0489,0.8932,5.0893,3,6.5391,-4.3182,2.4778,125.0352,1,18.75,1
046890,서울반도체,2020-09-07,19500,18950,KOSDAQ,4332.0,-2.8205,0,138,16.2577,2.5429,1.977,1.2415,4.8813,3,7.0636,5.808,2.4778,94.5585,0,2.64,-1
130660,한전산업,2020-09-07,3685,3635,KOSPI,5796.0,-1.3569,0,193,10.1515,4.938,2.2541,1.201,2.9672,3,-0.0663,10.6344,1.3841,0.0,1,4.54,1
139480,이마트,2020-09-07,138000,132500,KOSPI,32453.0,-3.9855,0,201,10.4167,1.3134,0.9955,1.0643,4.4205,3,2.6455,14.3364,1.3841,36.1768,1,17.36,2
006650,대한유화,2020-09-07,150000,145000,KOSPI,9607.0,-3.3333,0,89,22.8814,15.565,2.3915,1.788,4.9754,3,-2.9693,23.6159,1.3841,139.2739,1,35.86,1
085620,미래에셋생명,2020-09-07,4505,4335,KOSPI,14869.0,-3.7736,0,151,15.6,0.5166,0.8267,1.3368,5.0997,2,6.5143,32.0005,1.3841,113.5468,1,4.73,3
097230,HJ중공업,2020-09-08,7920,7790,KOSPI,21310.0,-1.6414,0,95,23.6508,4.5455,2.6922,1.5353,5.0156,4,3.0438,21.6412,0.6508,116.9916,1,31.58,3
290740,액트로,2020-09-08,14800,14300,KOSDAQ,2657.0,-3.3784,1,180,12.5984,2.7275,1.2831,0.8293,5.7193,3,9.3733,3.735,1.8,140.3361,0,1.05,-1
044450,KSS해운,2020-09-08,8900,8510,KOSPI,2380.0,-4.382,21,21,4.1616,1.1394,0.995,0.5875,2.3502,4,2.1603,-1.9269,0.6508,60.566,1,16.22,8
194700,노바렉스,2020-09-08,23782,22615,KOSDAQ,2905.0,-4.9071,5,20,-2.681,0.9632,1.0003,0.8459,4.3457,4,10.0141,-2.5984,1.8,144.0117,0,2.64,-1
099750,이지케어텍,2020-09-08,11785,11410,KOSDAQ,1244.0,-3.182,2,39,20.6386,24.0454,2.5032,1.5469,5.4676,3,2.0034,8.6122,1.8,143.8555,1,6.35,2
009150,삼성전기,2020-09-08,148500,143000,KOSPI,234165.0,-3.7037,8,139,13.0435,3.2952,1.7285,0.9535,3.9211,2,1.4731,0.7677,0.6508,75.0306,0,2.8,-1
063080,컴투스홀딩스,2020-09-08,40000,39100,KOSDAQ,1401.0,-2.25,2,40,14.4949,3.5888,1.9079,0.8319,4.5853,4,7.3308,1.5025,1.8,188.5609,1,3.32,1
007690,국도화학,2020-09-09,38115,36643,KOSPI,3565.0,-3.862,0,233,19.9012,1.5184,2.6929,1.4593,4.2649,2,0.8975,21.9761,-1.772,47.8136,1,4.97,5
082740,한화엔진,2020-09-10,4683,4605,KOSPI,45479.0,-1.6656,0,71,17.8654,4.5049,1.9942,1.1912,5.3746,4,2.493,23.5261,-1.4747,218.2446,1,2.69,1
183300,코미코,2020-09-10,42750,41600,KOSDAQ,11256.0,-2.6901,4,31,5.3165,1.3916,1.2949,0.762,3.5457,4,4.0672,10.182,4.5766,152.1212,1,9.13,1
099190,아이센스,2020-09-10,15613,15288,KOSDAQ,5306.0,-2.0816,0,29,9.3015,4.203,1.7354,0.8754,3.307,4,2.4665,3.949,4.5766,103.6771,1,12.93,1
066575,LG전자우,2020-09-10,36350,35400,KOSPI,8662.0,-2.6135,3,20,6.7873,2.905,1.27,0.6491,3.6219,3,12.0604,4.3817,-1.4747,151.0638,1,2.97,2
083310,엘오티베큠,2020-09-10,16850,16300,KOSDAQ,2306.0,-3.2641,1,29,9.7643,1.6163,1.3788,0.5153,4.645,4,7.6458,10.6177,4.5766,146.9697,1,13.19,2
007310,오뚜기,2020-09-10,627000,596000,KOSPI,15791.0,-4.9442,7,20,0.6757,0.9517,0.7495,1.3116,2.1333,3,1.2139,-0.0129,-1.4747,48.2587,0,0.5,-1
000300,DH오토넥스,2020-09-10,15195,14498,KOSPI,1740.0,-4.587,0,245,37.7482,10.2674,3.1604,2.1749,4.3898,1,-3.982,39.0008,-1.4747,77.8023,1,38.23,1
005935,삼성전자우,2020-09-10,53000,50700,KOSPI,932659.0,-4.3396,5,143,5.8455,1.1936,1.0893,1.1623,1.9231,3,2.6173,1.4747,-1.4747,45.2722,0,6.11,-1
061970,LB세미콘,2020-09-10,11250,10950,KOSDAQ,2788.0,-2.6667,3,25,11.6208,11.4902,2.4902,1.1702,5.8643,4,4.3904,5.2529,4.5766,160.7143,1,10.5,1
195870,해성디에스,2020-09-10,21500,20750,KOSPI,10370.0,-3.4884,6,28,5.3299,1.5335,1.1913,0.6144,3.9243,4,5.8275,1.4747,-1.4747,92.1296,0,2.65,-1
051900,LG생활건강,2020-09-10,1600000,1527000,KOSPI,42005.0,-4.5625,7,21,2.967,1.101,0.9475,0.6922,2.3108,3,3.5511,0.1181,-1.4747,46.1244,0,4.65,-1
160980,싸이맥스,2020-09-10,15400,14800,KOSDAQ,1957.0,-3.8961,3,24,7.2464,1.703,1.834,1.0525,4.7539,3,0.8169,1.1377,4.5766,198.6882,0,2.7,-1
226950,올릭스,2020-09-10,30728,29327,KOSDAQ,26045.0,-4.5594,0,23,6.7407,1.3795,1.6363,0.4868,5.1257,4,6.6036,4.1426,4.5766,198.9805,1,28.5,2
319400,현대무벡스,2020-09-10,2678,2570,KOSDAQ,33858.0,-4.0329,60,237,0.0,1.0,1.0,0.0,100.0,1,-0.0117,-4.5766,4.5766,0.0,0,-100.0,-1
034220,LG디스플레이,2020-09-10,15528,15158,KOSPI,58350.0,-2.3828,0,172,10.4408,0.6623,0.9188,0.6409,4.6826,3,9.0081,26.1908,-1.4747,85.3283,1,4.57,1
222800,심텍,2020-09-10,22600,21600,KOSDAQ,19567.0,-4.4248,0,21,6.9307,1.6098,1.9816,0.6926,6.4319,4,17.0787,3.694,4.5766,300.7421,0,0.23,-1
003300,한일홀딩스,2020-09-10,9647,9170,KOSPI,5017.0,-4.9445,0,234,2.8373,1.5619,0.8312,0.3632,2.59,4,-0.301,6.974,-1.4747,78.6828,0,7.24,-1
192440,슈피겐코리아,2020-09-11,76000,74200,KOSDAQ,1417.0,-2.3684,0,44,12.766,1.3607,1.1637,1.2404,4.64,4,0.0233,8.4852,3.9391,170.8029,1,7.41,1
107590,미원홀딩스,2020-09-11,58000,56500,KOSPI,1594.0,-2.5862,0,58,7.619,1.6188,1.1681,0.5759,2.6043,4,6.265,4.5899,-1.6755,59.6045,1,5.84,2
036200,유니셈,2020-09-11,7940,7580,KOSDAQ,3299.0,-4.534,1,20,7.5177,2.9668,1.3285,0.591,3.9295,4,3.4081,-3.1412,3.9391,141.0175,1,6.07,1
042520,한스바이오메드,2020-09-11,27200,26950,KOSDAQ,6147.0,-0.9191,0,197,33.0864,4.3593,2.968,1.4435,4.9165,3,-0.7581,27.5243,3.9391,122.7273,1,3.15,1
079370,제우스,2020-09-11,5533,5450,KOSDAQ,5661.0,-1.5001,2,40,22.9416,3.5178,1.7711,0.678,4.5832,2,7.5565,16.7429,3.9391,179.6306,1,21.71,1
089030,테크윙,2020-09-14,11341,11038,KOSDAQ,16674.0,-2.6717,9,31,9.5474,3.3642,1.1353,0.9634,3.8322,3,3.0482,5.0013,7.0824,158.9256,0,-0.01,-1
102120,어보브반도체,2020-09-14,12100,11700,KOSDAQ,2235.0,-3.3058,3,23,11.9617,1.0793,1.5894,0.6708,4.42,4,5.6423,0.7517,7.0824,146.3158,0,0.85,-1
100790,미래에셋벤처투자,2020-09-14,3970,3780,KOSDAQ,12670.0,-4.7859,8,22,7.7537,0.7711,1.391,0.7827,3.7056,4,5.8365,-9.8852,7.0824,154.2031,0,2.12,-1
015230,대창단조,2020-09-14,3150,3005,KOSPI,1949.0,-4.6032,0,246,11.2963,9.1414,2.6124,1.488,3.4704,2,0.5586,8.4245,0.8482,68.8202,1,17.97,1
222080,씨아이에스,2020-09-14,9410,8950,KOSDAQ,10639.0,-4.8884,2,21,4.1909,1.0629,0.7381,0.5697,5.85,4,19.1415,-1.5399,7.0824,333.414,0,2.12,-1
014830,유니드,2020-09-14,60335,57792,KOSPI,5644.0,-4.2148,3,20,2.0411,1.0463,1.1676,1.1103,3.0216,4,4.1737,-1.2463,0.8482,72.4156,0,0.8,-1
307950,현대오토에버,2020-09-14,58200,58000,KOSPI,118197.0,-0.3436,0,241,35.1981,4.5722,2.9676,1.495,4.9076,3,0.9163,34.6658,0.8482,171.6628,1,27.59,1
118990,모트렉스,2020-09-14,7544,7377,KOSDAQ,2486.0,-2.2137,0,128,29.1266,78.5786,3.4283,2.0671,5.6759,2,-3.0927,17.6344,7.0824,128.6733,1,99.08,1
123040,엠에스오토텍,2020-09-14,7500,7220,KOSDAQ,1437.0,-3.7333,0,167,27.7876,41.4645,3.0402,1.8564,4.8575,3,-2.4042,20.7052,7.0824,164.9541,1,12.6,3
106190,하이텍팜,2020-09-14,10139,9873,KOSDAQ,1631.0,-2.6235,0,159,27.0329,11.4,2.6441,2.0751,7.0018,3,4.9849,33.1989,7.0824,123.9791,1,11.81,1
071670,에이테크솔루션,2020-09-14,10800,10500,KOSDAQ,1070.0,-2.7778,2,41,15.3846,6.6443,2.3026,1.0271,4.6259,3,2.7064,5.0971,7.0824,227.1028,1,20.48,1
078020,LS증권,2020-09-14,6460,6190,KOSDAQ,3334.0,-4.1796,0,178,8.5965,1.4466,1.1372,0.901,3.6926,3,2.705,5.8738,7.0824,98.3974,0,0.16,-1
005930,삼성전자,2020-09-14,62800,60400,KOSPI,9814760.0,-3.8217,0,163,6.9027,0.9533,1.1749,1.0151,2.3652,3,2.6478,3.2897,0.8482,42.7896,0,1.66,-1
003620,KG모빌리티,2020-09-14,29906,28538,KOSPI,8135.0,-4.5743,0,57,48.6664,8.6903,1.9454,1.0801,6.1877,4,19.3248,58.3596,0.8482,0.0,1,10.32,1
000120,CJ대한통운,2020-09-15,169000,162500,KOSPI,31184.0,-3.8462,12,213,4.1667,2.6784,0.9892,0.9044,2.967,3,-1.538,3.2007,4.0601,47.7273,1,19.08,1
091580,상신이디피,2020-09-15,14900,14650,KOSDAQ,2150.0,-1.6779,0,25,15.8103,3.8237,2.0382,1.2155,5.3145,4,12.8767,7.6804,12.4016,313.8418,1,7.85,2
002840,미원상사,2020-09-15,99500,98600,KOSPI,7073.0,-0.9045,10,20,2.8154,0.4256,0.9243,0.2274,1.3764,4,10.4241,4.2916,4.0601,100.4065,0,0.91,-1
218410,RFHIC,2020-09-15,44978,42930,KOSDAQ,12457.0,-4.5533,2,245,4.5136,0.8748,1.0571,1.0776,4.8211,4,3.8486,7.6555,12.4016,64.7985,0,4.54,-1
066700,테라젠이텍스,2020-09-15,14400,14300,KOSDAQ,1076.0,-0.6944,0,106,27.6786,4.9657,2.8254,1.7327,6.4186,4,-1.2342,30.5984,12.4016,185.4291,0,0.7,-1
093520,매커스,2020-09-15,4385,4180,KOSDAQ,3279.0,-4.675,14,31,2.3256,0.9798,0.8897,1.2105,3.4091,4,3.0869,-5.6328,12.4016,132.8691,1,27.27,7
023450,동남합성,2020-09-15,39200,37350,KOSPI,1106.0,-4.7194,3,22,1.7711,0.6455,0.5747,0.1857,1.8168,4,7.7658,4.8321,4.0601,61.3391,0,4.42,-1
182400,엔케이맥스,2020-09-16,16827,16007,KOSDAQ,2630.0,-4.8731,3,30,2.6353,1.7097,1.2831,0.8582,5.0871,4,4.7403,-1.4685,9.4707,219.1825,0,-0.3,-1
005389,현대차3우B,2020-09-16,84900,81400,KOSPI,5679.0,-4.1225,3,25,8.5333,1.1374,0.9185,0.7544,3.1327,3,10.1222,6.6582,3.1933,110.0645,0,2.33,-1
086670,비엠티,2020-09-16,10150,9950,KOSDAQ,1191.0,-1.9704,0,24,12.3025,6.4978,2.2286,0.8704,4.6088,3,0.6947,14.1318,9.4707,158.1064,1,2.51,1
049430,코메론,2020-09-16,10000,9900,KOSDAQ,1358.0,-1.0,0,51,10.1224,12.9233,1.8314,1.245,4.3434,4,4.2938,7.1371,9.4707,70.6897,0,-0.51,-1
161580,필옵틱스,2020-09-16,16150,15400,KOSDAQ,12169.0,-4.644,2,25,8.0702,3.7333,1.3894,0.4364,4.8701,4,7.698,2.9381,9.4707,124.4898,1,14.29,1
103140,풍산,2020-09-16,26350,25100,KOSPI,31275.0,-4.7438,8,25,5.0209,2.0837,1.0017,0.8671,2.9311,4,3.0444,0.7404,3.1933,85.9259,0,5.98,-1
000640,동아쏘시오홀딩스,2020-09-16,113656,109285,KOSPI,7125.0,-3.8458,2,28,9.7559,3.2355,1.0722,1.0382,4.6031,4,2.3031,2.4399,3.1933,68.6653,1,27.11,2
000270,기아,2020-09-16,47700,46750,KOSPI,603969.0,-1.9916,2,25,11.0451,2.3997,1.1615,0.7734,2.8266,3,7.436,7.3268,3.1933,117.4419,1,10.16,1
267290,경동도시가스,2020-09-16,22260,21350,KOSPI,1326.0,-4.0881,0,250,26.3314,26.5462,3.3748,1.7709,3.3121,2,-0.8893,23.89,3.1933,77.1784,0,0.47,-1
141000,비아트론,2020-09-16,11050,10600,KOSDAQ,1050.0,-4.0724,0,177,9.2784,2.9469,2.0206,1.0018,3.8275,2,1.2664,5.8721,9.4707,118.5567,0,0.47,-1
018880,한온시스템,2020-09-17,13153,12502,KOSPI,46900.0,-4.9494,1,25,8.4678,4.1721,1.1185,0.7729,4.3307,2,9.8028,0.9432,5.802,66.0513,0,1.86,-1
043260,성호전자,2020-09-18,975,940,KOSDAQ,18972.0,-3.5897,0,23,10.8491,40.8225,2.9356,1.3423,5.7219,3,10.985,16.7484,11.6669,175.6598,1,26.6,2
027360,아주IB투자,2020-09-18,1590,1530,KOSDAQ,5894.0,-3.7736,1,151,8.8968,0.9111,1.2183,1.2483,4.2484,4,0.1032,2.5122,11.6669,131.4675,1,87.58,4
259630,엠플러스,2020-09-18,15123,15048,KOSDAQ,1616.0,-0.4959,0,26,9.5356,2.908,1.0462,0.9722,4.5953,4,9.4282,16.718,11.6669,204.6154,1,33.0,1
008490,서흥,2020-09-18,60300,57400,KOSPI,2696.0,-4.8093,22,21,5.709,0.5885,1.2549,1.177,3.0488,3,1.8181,-5.3701,4.6781,90.3814,0,0.35,-1
161390,한국타이어앤테크놀로지,2020-09-21,36500,35250,KOSPI,91296.0,-3.4247,0,219,5.6972,0.7934,0.7466,0.6908,3.5562,3,8.2111,20.0523,2.5564,134.2193,0,-0.71,-1
000100,유한양행,2020-09-21,61119,60366,KOSPI,86179.0,-1.232,0,22,9.589,9.866,2.0145,1.1334,3.4326,4,7.8359,7.3638,2.5564,0.0,0,-0.84,-1
267320,나인테크,2020-09-21,3585,3550,KOSDAQ,2165.0,-0.9763,0,26,34.981,14.9259,3.2867,1.5888,6.5392,4,10.1534,30.783,6.2826,0.0,1,75.49,1
049950,미래컴퍼니,2020-09-21,38115,37091,KOSDAQ,1567.0,-2.6866,0,218,3.1767,4.9287,1.3505,1.8943,8.0491,2,1.6235,47.5645,6.2826,259.4786,1,6.79,1
142210,유니트론텍,2020-09-23,6119,6088,KOSDAQ,1374.0,-0.5066,0,79,12.5948,6.7197,1.6985,1.6341,6.3263,4,-1.8036,26.0051,0.2496,239.5427,1,17.08,1
047560,이스트소프트,2020-09-23,8200,7870,KOSDAQ,2044.0,-4.0244,0,206,10.6892,9.8962,2.8374,1.9153,4.8012,3,2.2878,18.9928,0.2496,64.6444,1,31.51,5
011500,한농화성,2020-09-23,6900,6800,KOSPI,3995.0,-1.4493,0,31,12.3967,7.1232,1.6612,1.4454,4.8424,3,8.5402,24.7112,-1.5228,126.6667,1,55.15,1
319400,현대무벡스,2020-09-24,2678,2570,KOSDAQ,33858.0,-4.0329,60,247,0.0,1.0,1.0,0.0,100.0,2,-0.0311,3.521,-3.521,0.0,0,-100.0,-1
003545,대신증권우,2020-09-25,10250,9750,KOSPI,6331.0,-4.878,7,32,2.5237,1.5678,1.4326,0.6429,1.2234,4,2.9376,7.1313,-3.1868,61.6915,0,6.67,-1
003100,선광,2020-09-25,18300,17600,KOSDAQ,1449.0,-3.8251,0,224,6.0241,1.3282,1.5965,1.2051,2.5365,4,1.0943,15.6709,-3.9249,76.5296,1,37.5,3
005935,삼성전자우,2020-09-25,53000,50700,KOSPI,932659.0,-4.3396,15,154,-0.3929,0.8588,0.798,0.7613,2.0006,4,2.318,8.3735,-3.1868,45.2722,1,6.9,8
289080,SV인베스트먼트,2020-09-28,5180,4970,KOSDAQ,1820.0,-4.0541,0,124,36.1644,12.8929,3.3654,1.8527,7.4231,4,2.6994,20.7813,-1.4536,217.5719,1,72.43,1
199800,툴젠,2020-09-29,71000,69000,KOSDAQ,4972.0,-2.8169,10,46,12.7451,2.6588,1.1834,1.2757,5.0207,3,10.5538,12.4431,-0.6117,212.2172,1,16.67,1
192820,코스맥스,2020-09-29,116158,113708,KOSPI,23550.0,-2.1092,1,30,12.0773,1.7647,1.1702,1.1454,4.027,4,3.9678,8.8298,-0.9219,93.3349,1,9.91,1
002230,피에스텍,2020-09-29,4830,4730,KOSDAQ,2348.0,-2.0704,0,91,14.8058,3.0485,0.7594,1.8354,5.2779,4,0.382,24.2718,-0.6117,162.7778,1,6.77,2
002840,미원상사,2020-09-29,99500,96300,KOSPI,7073.0,-3.2161,20,30,1.6895,0.6137,0.9638,0.5868,1.7282,3,10.2034,3.4778,-0.9219,90.6931,0,3.22,-1
005389,현대차3우B,2020-10-05,84900,82200,KOSPI,5679.0,-3.1802,6,35,4.1825,1.1096,0.728,0.8254,3.2847,3,11.6811,4.8496,-0.2694,112.129,0,0.73,-1
058970,엠로,2020-10-05,8760,8400,KOSDAQ,4926.0,-4.1096,0,61,6.3291,2.9349,1.4164,0.526,1.8367,3,9.5365,8.6557,-0.9634,329.6675,1,50.6,2
204320,HL만도,2020-10-05,39400,39300,KOSPI,27705.0,-0.2538,0,172,8.7137,1.9541,1.1599,1.4393,6.0796,3,12.1779,23.6603,-0.2694,142.5926,1,0.64,1
003547,대신증권2우B,2020-10-05,9870,9420,KOSPI,2340.0,-4.5593,7,35,1.3994,0.9895,0.9556,0.6417,1.4028,4,3.7915,1.234,-0.2694,64.9737,0,11.46,-1
017670,SK텔레콤,2020-10-05,43392,41495,KOSPI,158300.0,-4.3718,21,26,3.2188,0.9112,0.739,0.7752,1.8116,3,4.2412,-0.5552,-0.2694,46.6514,0,1.25,-1
005387,현대차2우B,2020-10-05,93000,91100,KOSPI,89333.0,-2.043,12,22,4.5924,0.8672,0.9177,0.6594,2.9167,3,12.8361,3.3237,-0.2694,107.0455,0,1.43,-1
014280,금강공업,2020-10-05,4200,4130,KOSPI,1827.0,-1.6667,5,83,3.25,1.3056,0.7052,1.0215,4.8426,4,4.8842,14.3578,-0.2694,122.043,1,10.9,1
005950,이수화학,2020-10-06,6002,5750,KOSPI,2385.0,-4.1986,0,107,38.8889,20.4803,2.1709,2.1158,3.8944,3,1.0768,31.49,-1.2521,155.2153,1,8.26,1
103140,풍산,2020-10-06,26350,25600,KOSPI,31275.0,-2.8463,12,36,10.1075,0.9455,0.7181,1.123,3.7667,3,3.5289,10.6538,-1.2521,89.6296,1,10.55,8
083420,그린케미칼,2020-10-07,4215,4015,KOSPI,1507.0,-4.745,9,23,6.6401,1.3134,1.1387,0.95,3.5047,3,3.9155,-0.0364,0.7892,76.8722,1,5.85,1
009150,삼성전기,2020-10-07,148500,143000,KOSPI,234165.0,-3.7037,15,157,5.5351,0.6408,0.6533,0.9877,3.1219,4,2.5612,5.1367,0.7892,75.0306,0,1.75,-1
005930,삼성전자,2020-10-07,62800,59900,KOSPI,9814760.0,-4.6178,3,177,3.4542,0.75,0.7985,0.6133,1.8602,2,3.8516,6.9446,0.7892,41.6076,0,2.67,-1
060250,NHN KCP,2020-10-07,43008,41059,KOSDAQ,8916.0,-4.5317,3,24,11.8743,2.2369,1.1513,1.2572,4.0096,4,8.9419,3.1983,0.418,289.1479,0,1.81,-1
036010,아비코전자,2020-10-07,6890,6810,KOSDAQ,1160.0,-1.1611,0,156,24.9541,6.71,1.5554,0.9808,5.7688,3,11.9335,22.064,0.418,143.2143,1,24.52,1
046890,서울반도체,2020-10-07,19500,18600,KOSDAQ,4332.0,-4.6154,5,157,11.3772,1.7463,0.6804,0.9574,3.9555,3,8.7426,2.3444,0.418,90.9651,1,8.33,3
009780,엠에스씨,2020-10-07,5590,5570,KOSDAQ,1417.0,-0.3578,0,224,34.0554,276.1857,3.7924,2.2469,3.3855,3,0.2566,32.2011,0.418,72.1793,1,7.0,1
268280,미원에스씨,2020-10-08,97900,95400,KOSPI,7105.0,-2.5536,17,20,1.4894,0.2482,0.7981,0.5326,1.737,4,5.5666,2.3664,0.3246,44.7648,1,13.73,5
003720,삼영,2020-10-08,2430,2325,KOSPI,2295.0,-4.321,1,25,14.8148,3.9011,0.9801,0.9903,5.7604,4,19.5534,15.06,0.3246,221.5768,1,7.31,1
037710,광주신세계,2020-10-08,35800,35400,KOSPI,2773.0,-1.1173,0,228,18.7919,3.6909,3.0417,1.6792,4.4998,3,4.0012,18.4673,0.3246,58.7444,1,2.54,1
086280,현대글로비스,2020-10-08,79531,76280,KOSPI,182625.0,-4.0877,0,174,8.9294,2.0636,1.0859,0.671,4.0517,3,10.68,12.6393,0.3246,116.9326,1,45.57,1
210540,디와이파워,2020-10-08,12350,11900,KOSPI,1650.0,-3.6437,3,48,10.1852,3.9415,0.9816,1.0244,4.7659,4,2.0666,9.8606,0.3246,167.7165,1,8.82,1
000250,삼천당제약,2020-10-08,64600,62800,KOSDAQ,120337.0,-2.7864,0,23,16.946,2.4172,1.0862,0.922,5.7382,4,11.8904,19.5406,-0.8261,194.1452,0,0.96,-1
051900,LG생활건강,2020-10-08,1600000,1540000,KOSPI,42005.0,-3.75,9,38,4.8332,1.3851,1.1244,0.9869,2.3052,4,4.2318,4.0821,0.3246,47.3684,0,3.77,-1
001500,현대차증권,2020-10-12,9792,9345,KOSPI,5942.0,-4.565,2,39,3.4655,1.254,0.9276,0.6588,2.1348,4,5.7562,1.379,0.0758,106.5193,1,12.92,8
067830,세이브존I&C,2020-10-12,3460,3425,KOSPI,1385.0,-1.0116,0,245,18.9236,6.6148,1.8088,1.1618,6.2565,3,6.8491,36.6508,0.0758,103.2641,1,1.61,1
105630,한세실업,2020-10-12,20200,19400,KOSPI,5192.0,-3.9604,0,244,7.7778,0.9614,1.6708,0.9208,5.081,3,17.391,12.388,0.0758,184.8752,1,12.89,8
195870,해성디에스,2020-10-12,21500,20500,KOSPI,10370.0,-4.6512,10,46,3.5354,1.2785,0.7933,0.9524,3.6585,4,7.6909,1.6612,0.0758,89.8148,0,0.49,-1
009240,한샘,2020-10-12,123500,118500,KOSPI,10720.0,-4.0486,1,58,10.7477,0.9972,1.1075,0.9335,3.9602,4,3.9283,20.8426,0.0758,157.6087,0,-0.42,-1
024880,케이피에프,2020-10-13,5450,5350,KOSDAQ,1219.0,-1.8349,0,234,29.3833,56.5819,3.2981,1.4602,6.4152,4,4.8384,19.2713,0.2818,166.1692,1,28.97,1
094170,동운아나텍,2020-10-13,7875,7558,KOSDAQ,6524.0,-4.0254,0,171,20.4078,0.4143,0.9295,1.4969,6.8745,3,10.1186,69.1421,0.2818,248.2949,1,14.61,1
160980,싸이맥스,2020-10-13,15400,14750,KOSDAQ,1957.0,-4.2208,5,43,4.9822,7.7564,1.6693,0.8288,4.1162,4,1.9163,0.7456,0.2818,197.6791,0,1.02,-1
089010,켐트로닉스,2020-10-14,20150,19700,KOSDAQ,5572.0,-2.2333,0,180,25.8786,3.4227,2.4721,1.3889,4.4054,3,4.2045,32.6136,-2.5806,173.6111,1,5.08,1
319400,현대무벡스,2020-10-14,2672,2570,KOSDAQ,33858.0,-3.8174,60,235,0.0,1.0,1.0,0.0,100.0,2,-0.0318,2.5806,-2.5806,0.0,0,-100.0,-1
264850,이랜시스,2020-10-14,2585,2465,KOSDAQ,2384.0,-4.6422,0,27,16.8246,6.396,1.5794,1.2468,4.6218,4,4.5309,26.7619,-2.5806,90.3475,1,15.21,2
130660,한전산업,2020-10-14,3800,3775,KOSPI,5796.0,-0.6579,12,20,6.488,2.3069,1.6057,0.4694,2.4503,4,3.5184,1.7386,-0.6676,0.0,1,2.25,1
015750,성우하이텍,2020-10-14,4100,4010,KOSDAQ,6240.0,-2.1951,0,178,11.0803,2.4855,1.0511,1.1938,5.2547,3,8.3981,31.7271,-2.5806,128.49,0,-0.87,-1
086960,MDS테크,2020-10-14,1425,1365,KOSDAQ,1519.0,-4.2105,1,63,11.8852,3.3683,2.6916,1.4014,4.7619,2,-2.507,16.8065,-2.5806,119.1011,0,3.3,-1
023450,동남합성,2020-10-15,39200,38500,KOSPI,1106.0,-1.7857,12,40,4.1949,6.2211,2.3711,0.8066,1.9944,3,7.6757,5.5344,-1.4804,63.482,0,1.69,-1
003545,대신증권우,2020-10-15,10250,9970,KOSPI,6331.0,-2.7317,16,42,0.201,0.7063,0.8122,0.6028,1.6478,4,3.667,5.7691,-1.4804,65.34,1,4.31,6
293780,압타바이오,2020-10-15,18868,18018,KOSDAQ,2250.0,-4.505,0,83,19.0092,30.8098,2.8543,1.3504,4.0963,3,-2.1501,21.0853,-4.9525,195.0868,1,7.78,1
058610,에스피지,2020-10-16,7860,7550,KOSDAQ,29540.0,-3.944,0,248,3.1421,2.1468,1.5629,1.3908,4.106,4,4.8143,21.6633,-6.747,126.0479,1,5.83,1
003310,대주산업,2020-10-16,2325,2250,KOSDAQ,1660.0,-3.2258,0,50,22.9508,21.1527,3.0834,1.0895,6.0635,3,13.035,20.6711,-6.747,261.1557,1,30.67,1
002840,미원상사,2020-10-19,99500,98800,KOSPI,7073.0,-0.7035,30,40,0.7136,0.8709,1.1008,0.2929,0.9615,4,8.9209,4.1659,-3.963,95.6436,0,15.89,-1
107590,미원홀딩스,2020-10-19,59800,58200,KOSPI,1594.0,-2.6756,6,20,6.789,0.8129,1.0634,0.7513,3.326,4,6.2907,2.2738,-3.963,64.4068,1,23.2,3
123890,한국자산신탁,2020-10-19,4035,3870,KOSPI,3243.0,-4.0892,0,29,4.0323,2.3016,1.1708,0.4548,1.8365,4,8.5102,8.4165,-3.963,180.4348,1,7.62,3
003540,대신증권,2020-10-20,12900,12500,KOSPI,18025.0,-3.1008,7,250,0.8065,0.5327,0.5808,0.4165,2.7714,4,6.1361,21.1065,-3.182,87.9699,1,16.0,2
003547,대신증권2우B,2020-10-20,9870,9500,KOSPI,2340.0,-3.7487,17,45,-0.9385,0.717,0.9801,0.4607,1.2406,4,3.608,6.2188,-3.182,66.3748,1,11.05,3
011170,롯데케미칼,2020-10-20,233840,225268,KOSPI,32766.0,-3.6658,0,250,6.7722,1.7321,0.9802,0.832,4.2435,3,7.4624,18.2673,-3.182,106.5504,1,20.72,2
092130,이크레더블,2020-10-21,26650,25650,KOSDAQ,1903.0,-3.7523,1,48,6.875,1.4259,1.3603,0.5672,2.1164,4,4.7437,14.6147,-6.1581,73.8983,0,0.0,-1
017940,E1,2020-10-21,51300,49100,KOSPI,6538.0,-4.2885,5,22,5.7051,1.0927,1.626,0.7417,3.5787,4,9.6035,5.1634,-1.4675,122.6757,0,1.83,-1
008260,NI스틸,2020-10-21,2500,2375,KOSPI,1058.0,-5.0,0,100,4.3956,4.7128,1.5734,0.958,3.3985,4,2.9405,10.4124,-1.4675,121.9626,1,9.26,2
011200,HMM,2020-10-21,7680,7600,KOSPI,199966.0,-1.0417,10,23,5.7024,2.8797,1.1968,0.8279,3.5808,3,13.7897,5.5771,-1.4675,258.4906,1,100.66,1
121440,골프존홀딩스,2020-10-21,6700,6430,KOSDAQ,2135.0,-4.0299,4,46,12.4126,2.2274,0.9783,0.8555,4.1991,3,2.2386,16.0726,-6.1581,289.697,1,15.09,7
093320,케이아이엔엑스,2020-10-21,99000,94900,KOSDAQ,6129.0,-4.1414,2,28,7.3529,2.7974,1.4047,0.4979,3.6655,4,11.905,12.1916,-6.1581,223.339,0,0.21,-1
017960,한국카본,2020-10-21,11200,11000,KOSPI,17571.0,-1.7857,0,28,10.2204,7.0787,1.4865,1.3391,4.3442,4,7.1842,12.5786,-1.4675,176.0351,1,8.64,2
060370,LS마린솔루션,2020-10-21,6363,6152,KOSDAQ,15306.0,-3.316,0,28,26.5323,4.3654,3.3816,1.042,7.6015,4,9.1286,30.4409,-6.1581,277.1919,0,-2.42,-1
019550,SBI인베스트먼트,2020-10-22,975,940,KOSDAQ,1277.0,-3.5897,0,66,11.1111,26.4065,2.9332,1.2145,5.3343,4,2.8423,25.0511,-8.5703,135.0,0,1.49,-1
013120,동원개발,2020-10-22,4540,4320,KOSDAQ,2715.0,-4.8458,0,250,5.1095,4.8369,1.4068,0.894,2.3231,4,5.701,18.634,-8.5703,51.049,0,3.59,-1
025820,이구산업,2020-10-22,2010,1910,KOSPI,1853.0,-4.9751,0,205,17.1779,34.0652,3.6107,1.6236,5.6096,4,1.3021,23.2634,-2.3773,153.9894,0,-0.26,-1
005930,삼성전자,2020-10-22,62800,60100,KOSPI,9814760.0,-4.2994,12,187,0.1667,0.8371,0.9539,0.6582,1.759,4,3.4447,3.7264,-2.3773,42.0804,0,11.48,-1
004080,신흥,2020-10-23,10000,9500,KOSPI,1290.0,-5.0,0,242,4.3956,2.3387,1.6324,1.8632,1.5639,2,0.2487,5.937,-1.1961,22.2651,1,89.47,3
134380,미원화학,2020-10-23,59000,56500,KOSPI,2294.0,-4.2373,10,20,1.4363,3.8421,1.8128,0.7777,1.3527,3,1.9695,0.1453,-1.1961,52.7027,0,12.57,-1
051900,LG생활건강,2020-10-23,1600000,1539000,KOSPI,42005.0,-3.8125,19,48,-2.0369,1.0823,1.0195,0.7,2.5898,4,4.0856,4.0017,-1.1961,47.2727,0,7.08,-1
270660,에브리봇,2020-10-23,68000,66700,KOSDAQ,3249.0,-1.9118,8,20,4.2188,2.4276,1.2093,0.3898,2.9878,4,41.9015,7.8669,-6.8063,1234.0,1,42.28,3
035890,서희건설,2020-10-26,1255,1205,KOSDAQ,3730.0,-3.9841,3,103,2.9915,2.5294,1.8298,0.7315,2.1932,4,2.1901,16.2361,-7.6775,89.4654,0,17.43,-1
02826K,삼성물산우B,2020-10-26,129000,123500,KOSPI,2722.0,-4.2636,0,89,28.6458,102.0386,3.5001,1.9864,2.5217,3,2.9127,28.6988,0.4853,137.0441,1,23.48,1
026960,동서,2020-10-26,30800,30000,KOSPI,27019.0,-2.5974,11,20,2.0408,1.0231,0.7702,0.7201,3.881,4,17.6364,0.355,0.4853,112.0141,0,2.0,-1
220100,퓨쳐켐,2020-10-27,9866,9500,KOSDAQ,5248.0,-3.7097,6,29,7.4661,25.3214,2.5883,0.8169,5.3774,4,11.1643,16.8182,-7.0804,149.3438,1,37.06,1
005710,대원산업,2020-10-27,6160,5950,KOSDAQ,2707.0,-3.4091,0,223,14.2035,3.8069,2.6495,1.3192,3.6134,4,1.885,18.2954,-7.0804,97.0199,0,2.86,-1
319400,현대무벡스,2020-10-28,2672,2570,KOSDAQ,33858.0,-3.8174,60,245,0.0,1.0,1.0,0.0,100.0,1,-0.0006,0.0929,-0.0929,0.0,0,-100.0,-1
023450,동남합성,2020-10-29,39200,38800,KOSPI,1106.0,-1.0204,22,50,1.8373,1.6587,1.5258,0.4369,1.9974,4,6.533,1.0904,2.1011,63.7131,0,0.77,-1
112040,위메이드,2020-11-02,22126,21141,KOSDAQ,10015.0,-4.4518,0,86,11.8986,2.3226,2.3402,1.1616,4.6866,4,-0.0494,17.5248,-5.3292,208.8983,1,22.1,10
002840,미원상사,2020-11-02,99500,97800,KOSPI,7073.0,-1.7085,40,50,-0.2041,0.5677,0.9169,0.1462,1.1247,3,7.6935,2.7488,-1.1912,93.6634,1,17.59,5
023760,한국캐피탈,2020-11-03,555,528,KOSDAQ,2822.0,-4.8649,8,210,2.3256,0.8546,1.0352,0.7073,1.3663,3,0.755,6.9773,-4.6517,57.6119,1,17.42,8
017390,서울가스,2020-11-03,93200,89500,KOSPI,3275.0,-3.97,1,31,10.4938,0.369,0.2689,0.3209,3.735,4,5.2609,16.5556,-0.623,52.2109,1,8.27,2
007330,푸른저축은행,2020-11-03,8740,8410,KOSDAQ,1713.0,-3.7757,0,128,2.3114,2.0111,0.8713,1.3506,1.5033,4,1.1967,9.6455,-4.6517,44.7504,0,7.97,-1
079370,제우스,2020-11-04,6633,6450,KOSDAQ,5661.0,-2.7589,0,33,13.1579,1.8104,1.0751,0.7104,5.8837,4,6.7841,22.8473,-4.1283,230.9389,1,44.68,1
039200,오스코텍,2020-11-04,51650,49623,KOSDAQ,19359.0,-3.9245,0,28,22.0918,4.8103,1.274,1.4111,5.6839,3,17.7478,15.9901,-4.1283,198.8437,1,25.68,1
001460,BYC,2020-11-04,25749,24650,KOSPI,3379.0,-4.2681,1,237,2.7083,1.5119,1.1912,1.0489,2.6369,4,3.4865,8.953,-0.3627,87.4525,1,27.18,4
092870,엑시콘,2020-11-04,13926,13407,KOSDAQ,3661.0,-3.7268,0,64,17.4404,1.8358,0.9602,1.2278,5.601,4,2.861,20.1259,-4.1283,279.5866,0,10.23,-1
285490,노바텍,2020-11-04,18194,17503,KOSDAQ,2797.0,-3.798,1,21,10.3733,2.8351,0.9502,0.7347,4.9628,4,16.3927,6.9299,-4.1283,394.7145,1,104.36,1
204320,HL만도,2020-11-04,39550,37650,KOSPI,27705.0,-4.804,7,20,3.5763,0.9504,1.457,0.7798,5.1129,4,13.0286,-1.972,-0.3627,132.4074,1,49.0,5
156100,엘앤케이바이오,2020-11-05,11658,11254,KOSDAQ,3153.0,-3.4654,1,41,20.1837,5.642,1.6166,1.1535,6.4675,4,10.3523,16.4894,-2.8586,0.0,1,45.6,1
005930,삼성전자,2020-11-05,62800,60300,KOSPI,9814760.0,-3.9809,16,197,3.7866,1.1793,1.1771,1.2208,1.9071,3,2.2778,-0.4571,1.1249,42.5532,1,16.92,6
175330,JB금융지주,2020-11-05,5750,5470,KOSPI,56586.0,-4.8696,0,212,6.6277,0.9665,1.1831,1.26,2.4484,3,1.8282,14.6423,1.1249,67.7914,1,11.52,4
064960,SNT모티브,2020-11-05,31515,30303,KOSPI,9236.0,-3.8458,12,48,8.4807,1.0419,1.0582,0.7157,3.6241,3,5.1753,4.6448,1.1249,130.1261,0,2.0,-1
281820,케이씨텍,2020-11-05,24900,23950,KOSPI,9766.0,-3.8153,0,199,4.5852,1.2409,1.28,1.2075,5.771,3,-0.9444,4.6146,1.1249,90.0794,1,9.6,1
001120,LX인터내셔널,2020-11-05,17500,16700,KOSPI,17035.0,-4.5714,2,31,7.7419,1.1796,1.4118,0.7461,2.4808,4,0.8802,6.6171,1.1249,153.4143,1,23.95,3
006400,삼성SDI,2020-11-05,498327,473852,KOSPI,307031.0,-4.9114,1,59,12.1671,2.0051,1.9094,1.0129,3.3869,3,3.0518,9.0003,1.1249,168.8903,1,16.32,2
015230,대창단조,2020-11-06,3545,3440,KOSPI,1949.0,-2.9619,8,20,3.7707,1.8961,1.24,1.0942,3.6752,4,8.199,-2.5996,1.0259,93.2584,1,6.4,1
219130,타이거일렉,2020-11-06,16900,16200,KOSDAQ,2191.0,-4.142,1,31,6.2295,1.214,0.7132,0.5285,6.1949,4,7.3715,7.8433,-3.9972,440.0,1,9.26,1
051900,LG생활건강,2020-11-06,1600000,1526000,KOSPI,42005.0,-4.625,24,58,1.7333,0.7289,0.9676,0.697,2.111,3,4.1253,-1.935,1.0259,46.0287,1,7.99,4
014280,금강공업,2020-11-06,4580,4390,KOSPI,1827.0,-4.1485,7,22,2.2119,0.5137,0.4561,0.4073,2.6928,3,6.8782,3.1259,1.0259,136.0215,0,7.52,-1
134380,미원화학,2020-11-06,59000,56200,KOSPI,2294.0,-4.7458,18,30,-0.531,0.905,1.2346,0.7058,1.3472,4,2.3288,-0.6688,1.0259,51.8919,1,13.17,5
060250,NHN KCP,2020-11-06,43008,41232,KOSDAQ,8916.0,-4.1295,7,45,6.9961,3.6075,1.1995,1.023,4.391,4,4.4697,4.138,-3.9972,277.4787,0,2.08,-1
021080,에이티넘인베스트,2020-11-06,2980,2870,KOSDAQ,1622.0,-3.6913,1,44,25.8772,6.1841,1.7037,0.9623,9.1588,4,7.8308,39.056,-3.9972,191.6667,1,17.77,8
298020,효성티앤씨,2020-11-09,181000,176000,KOSPI,16488.0,-2.7624,0,185,13.1833,1.5286,1.2418,1.2634,4.9716,3,11.7548,17.1105,1.8084,134.3542,1,13.92,2
009830,한화솔루션,2020-11-09,63246,63126,KOSPI,80102.0,-0.1897,0,41,11.6583,2.3711,1.9008,1.2008,6.609,4,18.2815,4.5055,1.8084,457.158,1,3.45,1
285130,SK케미칼,2020-11-09,310915,299906,KOSPI,11400.0,-3.5408,0,56,29.3523,2.5412,1.8339,0.825,5.0691,3,10.1982,24.6328,1.8084,817.3682,0,2.22,-1
075580,세진중공업,2020-11-09,8201,7940,KOSPI,10273.0,-3.1825,0,37,8.9163,3.1907,1.086,0.7527,7.6376,4,16.9758,20.4583,1.8084,639.9814,0,2.27,-1
035890,서희건설,2020-11-10,1255,1195,KOSDAQ,3730.0,-4.7809,2,114,4.3668,1.8733,0.7045,1.156,2.5105,3,1.1201,7.0335,-3.5703,87.8931,1,19.25,4
004020,현대제철,2020-11-10,33350,32150,KOSPI,42703.0,-3.5982,2,248,5.5829,1.1696,0.7154,0.8795,4.0324,4,6.4277,11.9398,2.0673,159.2742,1,20.68,5
003490,대한항공,2020-11-10,19322,18803,KOSPI,91871.0,-2.6861,0,216,17.4307,11.2399,2.2928,1.6237,4.0636,4,4.9949,16.5113,2.0673,126.5695,1,24.33,1
333430,일승,2020-11-10,2449,2420,KOSDAQ,1761.0,-1.1842,60,40,0.0,1.0,1.0,0.0,100.0,3,0.7763,3.5703,-3.5703,0.0,0,-100.0,-1
079810,디이엔티,2020-11-10,9841,9573,KOSDAQ,1188.0,-2.7233,0,58,22.1357,3.9624,2.1766,0.9823,4.8671,3,4.922,17.9704,-3.5703,519.6117,1,3.75,1
005880,대한해운,2020-11-10,2222,2125,KOSPI,7149.0,-4.3654,0,245,39.8947,25.0755,3.5464,2.1758,4.3395,2,1.2022,29.3489,2.0673,0.0,1,60.71,2
005710,대원산업,2020-11-10,6160,5860,KOSDAQ,2707.0,-4.8701,3,233,0.8606,0.6648,0.4682,0.4757,4.4125,4,3.3028,13.103,-3.5703,94.0397,0,4.44,-1
005490,POSCO홀딩스,2020-11-10,249000,237000,KOSPI,300261.0,-4.8193,0,220,7.483,1.1784,0.9363,1.1454,3.2248,4,3.5401,13.5425,2.0673,78.1955,1,16.24,10
005960,동부건설,2020-11-11,12800,12200,KOSPI,1540.0,-4.6875,0,65,6.5502,1.636,1.9125,0.7569,2.5176,4,-0.4634,4.9898,4.4273,103.3333,1,15.98,3
034020,두산에너빌리티,2020-11-11,16224,15781,KOSPI,602768.0,-2.7305,0,46,18.0506,2.0998,1.5606,0.5527,5.1767,4,18.6602,33.5427,4.4273,643.3349,0,8.25,-1
049070,인탑스,2020-11-11,19800,18850,KOSDAQ,3578.0,-4.798,0,42,11.5385,4.4934,1.2689,0.9871,4.5851,4,7.4882,13.7144,-2.505,164.7472,1,27.32,6
126600,BGF에코머티리얼즈,2020-11-11,4352,4196,KOSDAQ,2583.0,-3.5846,2,20,11.7741,4.5623,1.5236,0.6161,3.871,4,4.2025,1.1648,-2.505,130.0439,0,1.91,-1
139130,iM금융지주,2020-11-11,7500,7400,KOSPI,29732.0,-1.3333,0,220,9.9554,1.3138,0.7802,1.7261,3.8224,4,8.5128,20.3619,4.4273,119.9108,1,6.49,1
006800,미래에셋증권,2020-11-11,9930,9580,KOSPI,294317.0,-3.5247,10,61,8.7401,2.6388,1.3081,1.0143,2.4829,3,2.0077,7.0978,4.4273,173.3238,1,11.69,10
018880,한온시스템,2020-11-11,13153,12502,KOSPI,46900.0,-4.9494,2,60,13.0278,5.022,1.6858,0.9812,3.4783,3,6.1501,4.0406,4.4273,66.0513,1,28.25,6
249420,일동제약,2020-11-11,19300,18750,KOSPI,11485.0,-2.8497,7,45,4.7486,1.2417,1.2437,0.4291,3.4667,3,2.2732,14.2436,4.4273,102.0474,1,34.93,7
013120,동원개발,2020-11-11,4500,4345,KOSDAQ,2715.0,-3.4444,3,249,2.8402,0.7859,0.6079,0.5025,1.9645,4,5.3588,5.3452,-2.505,51.9231,0,6.79,-1
016710,대성홀딩스,2020-11-11,24500,23300,KOSPI,1411.0,-4.898,1,20,1.0846,0.4469,0.9647,0.9356,3.4795,4,17.8358,0.2918,4.4273,210.6667,1,9.44,6
136490,선진,2020-11-11,11100,10800,KOSPI,2996.0,-2.7027,1,57,8.2164,4.2164,1.3669,1.3164,2.0767,3,-0.3983,4.774,4.4273,119.7355,0,4.63,-1
016800,퍼시스,2020-11-11,30300,29300,KOSPI,4836.0,-3.3003,15,241,-0.1704,2.0284,0.8513,0.503,1.3286,4,0.6845,-1.6202,4.4273,21.5768,0,2.22,-1
005389,현대차3우B,2020-11-11,84900,80700,KOSPI,5679.0,-4.947,8,61,4.2636,1.077,0.7902,0.5233,1.8676,4,4.9939,-3.8038,4.4273,108.2581,0,9.67,-1
078020,LS증권,2020-11-11,6460,6370,KOSDAQ,3334.0,-1.3932,2,216,7.0588,3.1,1.2005,0.9172,2.9042,4,4.7382,9.744,-2.505,104.1667,1,15.7,3
319400,현대무벡스,2020-11-11,2653,2570,KOSDAQ,33858.0,-3.1285,60,248,0.0,1.0,1.0,1.0,100.0,0,0.0156,2.505,-2.505,0.0,0,68.87,-1
131290,티에스이,2020-11-11,44900,44350,KOSDAQ,9767.0,-1.2249,1,60,12.4208,1.1523,1.0506,0.8945,4.5579,4,0.8875,32.3732,-2.505,582.3077,1,39.8,1
009150,삼성전기,2020-11-12,148500,143500,KOSPI,234165.0,-3.367,11,182,1.773,2.2014,1.2366,0.7838,2.3395,4,-0.1214,-1.608,4.8454,75.6426,1,16.03,1
002310,아세아제지,2020-11-12,7470,7120,KOSPI,4149.0,-4.6854,0,179,12.8368,1.8015,1.2951,1.0026,4.0841,2,3.3934,11.6849,4.8454,79.798,1,19.94,10
130660,한전산업,2020-11-12,3860,3855,KOSPI,5796.0,-0.1295,22,20,1.715,1.5725,1.0713,0.5926,1.8251,4,4.4826,-2.7262,4.8454,69.8238,1,6.1,7
014940,오리엔탈정공,2020-11-12,2730,2720,KOSDAQ,3578.0,-0.3663,0,47,18.5185,22.5999,2.8269,0.7571,5.646,3,13.8866,14.0863,-0.5163,491.3043,1,16.73,1
028670,팬오션,2020-11-12,4660,4510,KOSPI,27156.0,-3.2189,0,220,27.0423,11.4718,3.3747,1.8539,5.1869,3,1.4274,15.4213,4.8454,119.4647,0,1.22,-1
015750,성우하이텍,2020-11-13,4160,4010,KOSDAQ,6240.0,-3.6058,1,22,8.0863,2.894,1.3852,0.6737,3.7674,4,7.3497,8.0365,0.6356,128.49,1,4.99,2
319660,피에스케이,2020-11-13,17125,16350,KOSDAQ,16250.0,-4.5255,0,66,4.1401,1.2682,0.8403,0.5928,5.6466,4,-0.8021,11.5428,0.6356,188.1057,1,21.71,1
024850,HLB이노베이션,2020-11-13,1400,1345,KOSDAQ,4685.0,-3.9286,2,248,-0.738,2.4773,1.6037,1.8683,13.043,4,9.1321,60.6354,0.6356,147.698,1,32.34,1
095610,테스,2020-11-13,28800,28500,KOSDAQ,12874.0,-1.0417,0,204,8.9866,2.2676,1.1492,0.9055,4.7744,4,-0.7205,18.1144,0.6356,89.3688,1,10.53,1
002320,한진,2020-11-13,57613,55500,KOSPI,3413.0,-3.6676,0,120,12.2346,2.8601,1.2325,1.0111,4.2535,3,2.2375,5.5021,6.506,122.0266,1,7.57,1
307750,국전약품,2020-11-13,4288,4260,KOSDAQ,1588.0,-0.653,0,44,16.1079,8.1351,2.0948,0.7028,5.0,4,15.1558,17.7635,0.6356,0.0,1,54.37,1
003300,한일홀딩스,2020-11-13,9834,9347,KOSPI,5017.0,-4.9522,0,22,5.8311,0.7901,1.0168,0.9379,2.2979,4,1.4643,0.5738,6.506,82.1317,1,21.63,3
049950,미래컴퍼니,2020-11-13,40894,40847,KOSDAQ,1567.0,-0.1149,2,35,10.2691,6.3389,1.6021,0.619,5.2301,4,10.0478,7.143,0.6356,295.881,1,3.37,1
264660,씨앤지하이테크,2020-11-13,10371,9931,KOSDAQ,1837.0,-4.2426,0,185,9.9048,1.3411,2.1099,0.3205,3.3575,4,-1.6334,9.9915,0.6356,129.3004,1,28.19,3
045100,한양이엔지,2020-11-16,13150,12650,KOSDAQ,5103.0,-3.8023,0,201,11.4537,2.1705,2.126,0.9751,2.9927,4,2.3991,11.9498,3.0502,81.4921,1,34.39,2
084010,대한제강,2020-11-16,5601,5501,KOSPI,4644.0,-1.7854,0,101,11.1987,5.8683,1.8656,1.4986,3.6097,3,1.9878,9.1533,8.3644,147.7928,1,35.16,1
104830,원익머트리얼즈,2020-11-16,30950,29450,KOSDAQ,5308.0,-4.8465,0,67,7.0909,2.9617,1.3403,0.7273,3.9292,3,-2.1349,9.3544,3.0502,100.3401,1,15.62,6
016360,삼성증권,2020-11-16,39700,38250,KOSPI,85371.0,-3.6524,0,220,14.3498,3.2904,1.6263,1.2802,3.0532,3,3.633,7.897,8.3644,87.0416,1,14.51,5
016610,DB증권,2020-11-16,4485,4380,KOSPI,5743.0,-2.3411,0,250,8.6849,2.197,1.1892,1.1716,2.2913,4,2.8392,3.228,8.3644,90.4348,1,12.56,1
028260,삼성물산,2020-11-16,130000,124000,KOSPI,538826.0,-4.6154,0,62,7.8261,0.7087,0.6947,0.8276,2.9954,3,0.9376,12.024,8.3644,68.7075,0,9.27,-1
014680,한솔케미칼,2020-11-16,180000,173000,KOSPI,32589.0,-3.8889,0,65,12.7036,3.251,1.6283,1.0377,3.5714,3,-1.8128,10.536,8.3644,171.1599,0,-0.29,-1
017940,E1,2020-11-16,51300,50000,KOSPI,6538.0,-2.5341,7,40,4.3841,2.0146,0.9091,0.5801,2.15,4,7.7237,-4.6299,8.3644,126.7574,0,-2.6,-1
234300,에스트래픽,2020-11-16,5237,5121,KOSDAQ,1016.0,-2.215,0,246,30.8046,5.5407,2.0993,1.2999,5.5249,4,3.2515,21.609,3.0502,169.5263,1,7.44,1
049180,셀루메드,2020-11-16,7844,7470,KOSDAQ,1459.0,-4.768,60,250,0.0,1.0,1.0,1.0,100.0,0,0.0,-3.0502,3.0502,0.0,0,-100.0,-1
039490,키움증권,2020-11-16,124500,123000,KOSPI,121734.0,-1.2048,0,64,10.3139,4.8925,1.6205,1.5197,4.0069,4,1.3166,20.4314,8.3644,146.0,1,17.89,5
160980,싸이맥스,2020-11-16,15400,15150,KOSDAQ,1957.0,-1.6234,4,67,6.6901,4.795,1.3142,0.6749,3.2768,4,-0.2792,5.1641,3.0502,205.7518,1,17.16,1
101160,월덱스,2020-11-16,16900,16200,KOSDAQ,4433.0,-4.142,1,40,7.2848,3.9197,1.3678,0.6758,3.8139,4,3.8471,14.3411,3.0502,262.4161,1,4.63,1
108320,LX세미콘,2020-11-16,51800,51200,KOSPI,8897.0,-1.1583,2,49,7.2251,4.4823,1.4624,0.9368,2.9855,4,0.7364,0.456,8.3644,117.4098,1,5.08,1
194480,데브시스터즈,2020-11-16,9890,9450,KOSDAQ,4579.0,-4.4489,0,125,10.3972,3.0096,1.2644,1.3394,2.6909,3,0.7074,4.8265,3.0502,143.871,1,64.02,10
023450,동남합성,2020-11-16,39200,37400,KOSPI,1106.0,-4.5918,27,62,-0.7958,1.4773,1.9625,0.7441,1.3083,3,4.2563,-9.2915,8.3644,57.8059,0,30.08,-1
006360,GS건설,2020-11-16,33100,31500,KOSPI,18314.0,-4.8338,0,246,6.599,0.9931,1.0358,1.1707,3.5488,3,2.0884,10.7283,8.3644,115.0171,1,25.56,9
108670,LX하우시스,2020-11-17,74800,73700,KOSPI,2789.0,-1.4706,0,114,15.1563,4.3024,1.9202,1.047,3.8186,3,2.8586,4.6839,7.6636,142.8336,1,13.84,1
005380,현대차,2020-11-17,191500,182500,KOSPI,983861.0,-4.6997,6,39,5.1873,1.5727,1.4218,0.6297,2.7397,3,5.9332,1.2916,7.6636,180.7692,0,9.04,-1
001790,대한제당,2020-11-17,2150,2100,KOSPI,2556.0,-2.3256,0,77,10.5263,13.886,2.3278,1.5147,2.3639,3,-1.4374,4.3364,7.6636,61.5385,1,4.76,1
007330,푸른저축은행,2020-11-17,8740,8530,KOSDAQ,1713.0,-2.4027,10,138,0.1174,1.9158,1.2088,1.374,1.4487,4,1.6939,3.3817,1.7971,46.8158,1,6.45,5
306200,세아제강,2020-11-17,98500,94500,KOSPI,3548.0,-4.0609,2,40,3.6184,2.2854,1.0485,1.0336,4.263,4,8.8526,6.4668,7.6636,239.9281,0,3.17,-1
003830,대한화섬,2020-11-18,106000,102000,KOSPI,1575.0,-3.7736,0,102,16.041,11.1737,2.5918,1.8324,3.9776,3,-0.1999,15.9654,7.372,133.4096,1,13.24,3
006380,카프로,2020-11-18,18500,18250,KOSPI,6185.0,-1.3514,0,217,11.1111,1.7441,0.5931,1.3239,6.528,2,5.2762,35.7652,7.372,71.3615,1,29.18,2
058610,에스피지,2020-11-18,7990,7870,KOSDAQ,29540.0,-1.5019,1,22,3.8259,2.9641,1.377,0.5369,3.4307,4,3.7634,3.8148,2.5365,135.6287,0,1.02,-1
183300,코미코,2020-11-18,45400,43400,KOSDAQ,11256.0,-4.4053,0,44,16.6667,4.9758,2.1671,1.0117,3.5138,3,-1.0703,16.3676,2.5365,163.0303,0,9.91,-1
032830,삼성생명,2020-11-19,76800,75000,KOSPI,395400.0,-2.3438,0,227,12.6126,1.5657,1.0183,0.9097,2.5333,4,7.0513,10.8792,8.1684,136.5931,0,2.27,-1
240810,원익IPS,2020-11-19,40000,38850,KOSDAQ,51195.0,-2.875,0,75,16.6667,3.4857,1.6934,1.2846,3.8426,3,-2.772,15.9741,5.8127,101.2953,1,17.76,6
092870,엑시콘,2020-11-19,13926,13264,KOSDAQ,3661.0,-4.7537,5,75,5.2615,0.5067,0.6912,0.7225,5.306,4,6.1465,12.331,5.8127,275.5379,1,20.71,1
084370,유진테크,2020-11-19,34650,34250,KOSDAQ,22618.0,-1.1544,0,75,25.2285,2.8896,1.9531,1.2928,4.4108,3,-3.9623,26.1719,5.8127,192.735,1,1.9,3
161390,한국타이어앤테크놀로지,2020-11-19,36500,35000,KOSPI,91296.0,-4.1096,1,250,4.6338,3.1223,1.0792,0.9133,3.3469,4,4.4451,-1.4611,8.1684,132.5581,1,16.71,1
032820,우리기술,2020-11-19,1645,1575,KOSDAQ,15842.0,-4.2553,0,33,26.0,8.031,1.5046,1.1732,6.6667,4,16.9719,24.8927,5.8127,191.6667,1,18.73,1
086670,비엠티,2020-11-20,10200,9790,KOSDAQ,1191.0,-4.0196,3,43,6.5288,2.8798,1.7493,0.6882,3.9982,4,1.3643,6.2715,7.6982,153.9559,1,9.3,3
008970,KBI동양철관,2020-11-20,2239,2201,KOSPI,1881.0,-1.6972,0,127,10.7143,6.091,1.9419,1.1135,2.7974,4,1.037,6.8929,8.162,74.544,1,5.5,1
00088K,한화3우B,2020-11-20,14900,14200,KOSPI,8984.0,-4.698,0,50,4.4118,0.9005,1.2864,0.4328,1.66,4,3.2007,-1.795,8.162,77.7222,0,1.41,-1
014280,금강공업,2020-11-20,4580,4450,KOSPI,1827.0,-2.8384,17,32,0.4515,0.7064,1.1734,0.9147,2.6726,4,6.6068,-4.3114,8.162,139.2473,1,15.51,9
264450,유비쿼스,2020-11-20,15047,14348,KOSDAQ,1887.0,-4.6454,0,120,25.3757,35.5348,3.1721,1.6926,3.9353,2,-4.3126,28.173,7.6982,200.7966,1,46.12,2
285130,SK케미칼,2020-11-23,310915,299573,KOSPI,11400.0,-3.6479,3,66,12.2501,0.5134,0.7815,0.9182,6.4985,4,4.5039,23.3948,11.0363,814.4754,0,0.22,-1
005680,삼영전자,2020-11-23,9450,9070,KOSPI,2384.0,-4.0212,0,229,3.5388,1.0674,1.7714,1.0879,2.2996,4,1.0404,3.7739,11.0363,56.1102,1,14.11,3
104700,한국철강,2020-11-23,5840,5720,KOSPI,3375.0,-2.0548,0,118,13.2673,2.1169,1.9413,1.2755,2.6786,4,3.0364,9.5117,11.0363,111.0701,1,29.37,1
046890,서울반도체,2020-11-23,20150,19150,KOSDAQ,4332.0,-4.9628,1,29,4.3597,1.2288,1.2577,0.664,2.7042,4,2.435,-9.5642,12.2452,96.6119,0,7.57,-1
051910,LG화학,2020-11-23,785000,748000,KOSPI,226601.0,-4.7134,4,58,10.4874,0.9512,0.7154,0.9105,3.4855,4,0.781,4.7532,11.0363,225.2174,1,15.37,1
005945,NH투자증권우,2020-11-23,9370,9000,KOSPI,4463.0,-3.9488,0,230,1.9253,1.0916,0.714,0.903,1.4286,4,3.8957,-1.9454,11.0363,62.1622,0,4.22,-1
030210,다올투자증권,2020-11-23,3280,3220,KOSPI,2500.0,-1.8293,0,69,9.3379,2.4672,1.5847,1.5439,4.2591,4,1.0009,10.7029,11.0363,114.6667,1,5.75,1
034950,한국기업평가,2020-11-23,99400,94800,KOSDAQ,4441.0,-4.6278,6,45,1.2821,0.8186,1.1423,0.4277,1.1754,4,3.9502,-6.9119,12.2452,75.5556,1,15.93,2
001940,KISCO홀딩스,2020-11-23,13500,12900,KOSPI,3331.0,-4.4444,2,244,1.1765,2.3245,1.4136,1.1933,2.2979,4,2.9465,-1.7142,11.0363,61.4518,1,22.48,1
103140,풍산,2020-11-23,28300,27500,KOSPI,31275.0,-2.8269,3,22,3.5782,1.6833,0.7746,0.8967,2.8961,4,1.8169,-6.6719,11.0363,103.7037,1,8.18,9
237690,에스티팜,2020-11-23,81300,79000,KOSDAQ,31619.0,-2.829,0,44,24.6057,2.4991,2.6437,1.4999,6.2387,3,3.2424,25.3855,12.2452,285.3659,1,50.13,6
114810,한솔아이원스,2020-11-24,5102,4871,KOSDAQ,4575.0,-4.5276,4,49,5.7075,1.7462,1.346,0.8917,3.4607,3,1.7375,11.5744,11.2756,180.426,1,41.08,10
138610,나이벡,2020-11-24,35500,34450,KOSDAQ,3745.0,-2.9577,0,45,27.5926,1.7308,0.8871,0.9161,7.3917,4,11.36,25.9754,11.2756,408.1121,1,42.09,1
074600,원익QnC,2020-11-24,18350,18000,KOSDAQ,7650.0,-1.9074,3,46,7.4627,5.1756,1.4198,1.0593,4.0675,3,2.2829,13.2919,11.2756,101.3423,1,21.39,2
267270,HD건설기계,2020-11-24,31800,30800,KOSPI,62462.0,-3.1447,0,227,2.6667,4.038,1.1465,0.5452,4.0584,4,5.7473,0.099,12.3097,189.2019,1,32.31,1
005490,POSCO홀딩스,2020-11-24,249000,244500,KOSPI,300261.0,-1.8072,7,230,2.5157,1.1597,0.9112,0.5887,2.6877,4,5.1649,-1.1734,12.3097,83.8346,1,16.56,1
068760,셀트리온제약,2020-11-24,116919,111094,KOSDAQ,30708.0,-4.9821,0,105,10.1053,1.0023,1.2856,1.4643,4.6456,3,1.257,19.239,11.2756,363.8968,1,84.13,1
014790,HL D&I,2020-11-24,4135,4065,KOSPI,1206.0,-1.6929,0,74,11.2175,3.0473,1.749,1.4051,3.444,4,-0.9675,6.8985,12.3097,128.3708,1,39.73,1
066970,엘앤에프,2020-11-24,46501,44338,KOSPI,47483.0,-4.6515,0,72,9.7611,2.3392,1.2749,0.8457,3.9895,4,-0.6523,5.2915,12.3097,250.3595,1,67.46,3
333430,일승,2020-11-24,2449,2420,KOSDAQ,1761.0,-1.1842,60,50,0.0,1.0,1.0,0.0,100.0,3,0.8154,-11.2756,11.2756,0.0,0,-100.0,-1
003030,세아제강지주,2020-11-24,51800,49300,KOSPI,6043.0,-4.8263,3,51,1.8595,1.9571,1.1141,0.6369,2.7963,4,2.3877,-4.6678,12.3097,167.9348,0,1.22,-1
058970,엠로,2020-11-24,12650,12400,KOSDAQ,4926.0,-1.9763,1,28,6.4378,1.1496,1.3431,0.5836,3.197,4,13.2624,10.8919,11.2756,467.5057,0,0.81,-1
004490,세방전지,2020-11-24,38800,37050,KOSPI,9356.0,-4.5103,1,250,7.0809,1.4817,1.362,1.46,4.2799,3,2.254,22.4175,12.3097,66.1435,1,52.77,1
105560,KB금융,2020-11-25,50800,48300,KOSPI,579782.0,-4.9213,0,233,3.095,1.6699,0.9516,1.0465,2.869,4,6.3167,3.9357,10.9276,86.8472,0,0.31,-1
030530,원익홀딩스,2020-11-25,6040,5830,KOSDAQ,27999.0,-3.4768,0,215,25.2417,2.8757,3.0148,1.3743,3.6633,3,0.3878,29.0659,7.3084,114.3382,1,17.67,1
319400,현대무벡스,2020-11-25,2627,2570,KOSDAQ,33858.0,-2.1698,60,194,0.0,1.0,1.0,1.0,100.0,0,0.0078,-7.3084,7.3084,0.0,1,72.18,2
016800,퍼시스,2020-11-25,30250,29650,KOSPI,4836.0,-1.9835,25,250,1.1945,0.9855,1.0306,0.9555,1.337,4,1.1328,-10.2485,10.9276,23.029,0,6.24,-1
033500,동성화인텍,2020-11-25,12850,12350,KOSDAQ,8397.0,-3.8911,0,120,11.2613,3.2701,1.814,1.0594,5.3557,4,3.4899,19.3583,7.3084,174.4444,0,0.81,-1
005389,현대차3우B,2020-11-25,84900,81300,KOSPI,5679.0,-4.2403,15,71,0.0,1.2663,0.913,0.5284,1.5551,4,2.9855,-6.563,10.9276,109.8065,1,9.23,6
068270,셀트리온,2020-11-25,289967,281856,KOSPI,525436.0,-2.7972,0,87,13.4024,11.1213,1.9055,1.0657,4.4585,3,-2.8261,25.1545,10.9276,138.2714,1,22.27,3
002310,아세아제지,2020-11-26,7470,7140,KOSPI,4149.0,-4.4177,2,189,8.1818,3.7492,1.3189,1.0392,5.091,3,6.6816,3.4253,12.8613,80.303,1,19.61,1
049960,쎌바이오텍,2020-11-26,19850,19000,KOSDAQ,1266.0,-4.2821,0,221,10.4651,11.6553,2.1546,1.3277,4.0226,3,1.5001,11.6769,7.4454,89.0547,1,38.68,2
232680,라온로보틱스,2020-11-26,9500,9430,KOSDAQ,2310.0,-0.7368,0,107,17.581,10.5246,2.1239,1.5065,5.893,4,0.0693,10.4296,7.4454,181.4925,1,34.15,1
002200,한국수출포장,2020-11-26,2225,2130,KOSPI,1286.0,-4.2697,0,189,4.1565,1.9219,1.24,1.1742,2.8504,3,3.2105,1.0424,12.8613,62.5954,1,25.35,2
217270,넵튠,2020-11-26,15500,14900,KOSDAQ,2388.0,-3.871,0,40,24.1667,4.9429,2.3044,1.1275,4.2186,3,3.9642,17.2408,7.4454,362.0155,1,189.93,1
058650,세아홀딩스,2020-11-26,81200,77700,KOSPI,6440.0,-4.3103,0,244,8.3682,0.6989,1.7679,1.4361,1.7099,3,-0.4416,-2.8046,12.8613,74.2152,1,5.79,5
034020,두산에너빌리티,2020-11-26,16224,15491,KOSPI,602768.0,-4.518,3,57,9.5545,1.2581,0.7659,0.6841,5.2288,4,17.3821,0.5594,12.8613,629.675,1,10.28,1
061970,LB세미콘,2020-11-27,12100,11700,KOSDAQ,2788.0,-3.3058,2,52,8.8372,1.7586,1.4497,0.6203,3.6386,3,1.3677,16.85,11.7214,178.5714,0,16.67,-1
078340,컴투스,2020-11-27,137000,133200,KOSDAQ,4202.0,-2.7737,0,98,9.9917,2.5808,1.7289,1.2831,4.5313,4,1.7793,7.6334,11.7214,95.022,1,33.93,1
032940,원익,2020-11-27,4425,4395,KOSDAQ,2340.0,-0.678,0,219,13.2732,4.1246,1.831,0.9561,3.2504,4,2.5252,21.058,11.7214,131.9261,1,12.97,1
001720,신영증권,2020-11-27,56000,54400,KOSPI,30989.0,-2.8571,0,73,6.6667,2.5762,1.3684,1.3735,2.1468,3,2.3875,2.6204,16.1568,37.7215,0,1.47,-1
336370,솔루스첨단소재,2020-11-27,24189,23805,KOSPI,6263.0,-1.5875,0,55,20.3428,17.9845,2.957,1.0704,5.5225,4,-1.955,40.4241,16.1568,261.9431,1,12.54,1
054210,이랜텍,2020-11-27,6800,6740,KOSDAQ,2721.0,-0.8824,1,33,10.6732,10.3169,1.7483,1.0027,4.4828,4,6.4376,10.824,11.7214,180.8333,1,41.99,3
080160,모두투어,2020-11-27,19600,19200,KOSDAQ,2829.0,-2.0408,0,217,16.0121,0.7888,1.0626,1.0074,7.1243,4,13.0405,27.409,11.7214,167.7824,1,20.83,1
293780,압타바이오,2020-11-27,19419,18668,KOSDAQ,2250.0,-3.8673,0,30,16.3768,7.1833,2.3026,0.7569,5.1796,3,1.7069,16.0191,11.7214,205.7321,1,34.05,1
023450,동남합성,2020-11-30,39200,39000,KOSPI,1106.0,-0.5102,37,72,1.0363,0.086,0.3844,0.685,1.3828,4,3.0224,-11.0966,12.6591,64.557,1,34.62,1
051370,인터플렉스,2020-11-30,17650,17150,KOSDAQ,2998.0,-2.8329,0,225,27.037,4.8414,2.7288,1.3429,4.5606,3,2.724,18.1076,10.3568,146.7626,1,7.87,2
009155,삼성전기우,2020-11-30,74300,70900,KOSPI,3637.0,-4.576,0,116,5.3492,1.359,1.3984,0.8993,2.5992,4,1.8243,4.725,12.6591,96.6713,1,31.59,2
054920,한컴위드,2020-11-30,6250,6050,KOSDAQ,1521.0,-3.2,1,30,6.3269,11.877,1.992,0.7029,3.2468,4,11.1298,1.8881,10.3568,378.2609,1,10.58,1
018470,조일알미늄,2020-11-30,791,779,KOSPI,1616.0,-1.5171,0,26,12.2478,2.1637,1.0763,0.7513,2.9892,4,6.3791,7.9291,12.6591,123.8506,1,9.63,1
151860,KG에코솔루션,2020-11-30,5240,5180,KOSDAQ,3104.0,-1.145,0,59,16.93,27.159,2.8158,1.6565,3.2612,4,0.4023,15.9847,10.3568,145.4976,1,34.94,1
063160,종근당바이오,2020-11-30,67400,64200,KOSPI,1174.0,-4.7478,0,78,18.6691,13.6036,2.5432,2.1927,7.2652,3,-6.7654,57.4071,12.6591,208.6538,1,85.36,1
140860,파크시스템스,2020-11-30,75800,73800,KOSDAQ,18156.0,-2.6385,1,48,9.8214,3.8776,1.8083,0.7902,3.4262,4,5.3865,12.2346,10.3568,263.5468,0,23.31,-1
008930,한미사이언스,2020-11-30,69906,66411,KOSPI,30776.0,-4.9996,0,75,23.3328,5.0656,2.9472,1.424,4.8063,3,-1.8902,18.012,12.6591,271.0112,1,29.44,4
199800,툴젠,2020-12-01,80500,77000,KOSDAQ,4972.0,-4.3478,2,39,10.1574,1.6519,1.3485,0.6761,3.6549,4,4.3438,6.371,8.8984,248.4163,1,56.36,1
008260,NI스틸,2020-12-01,2595,2590,KOSPI,1058.0,-0.1927,0,27,6.8041,91.7047,3.4183,1.2259,3.5025,4,3.2199,4.5143,12.4158,142.0561,1,7.92,1
002710,TCC스틸,2020-12-01,4681,4583,KOSPI,4351.0,-2.0936,0,45,25.287,8.5449,2.6225,0.9012,5.4471,4,8.8946,20.7336,12.4158,352.4186,1,31.18,1
005380,현대차,2020-12-01,191500,183500,KOSPI,983861.0,-4.1775,7,49,1.3812,0.8844,0.9825,0.5828,2.6664,4,2.655,-4.7911,12.4158,182.3077,1,8.45,2
077500,유니퀘스트,2020-12-02,6449,6300,KOSPI,1460.0,-2.3104,0,103,10.5263,2.8493,1.3515,0.8019,4.0249,4,4.4368,6.4855,13.5145,260.2058,1,19.05,1
010060,OCI홀딩스,2020-12-02,59917,57454,KOSPI,28360.0,-4.1107,2,57,4.7838,1.3854,0.7744,0.6134,3.023,4,2.0623,7.5917,13.5145,173.3562,0,40.39,-1
011700,한신기계,2020-12-02,1840,1750,KOSPI,1376.0,-4.8913,0,197,2.9412,1.5968,0.9714,0.3758,1.8571,4,6.5726,-4.4802,13.5145,88.781,0,0.0,-1
006260,LS,2020-12-02,71500,68400,KOSPI,69264.0,-4.3357,0,58,12.1311,1.3456,1.1582,0.7513,4.1458,4,11.6583,17.2694,13.5145,184.4075,1,13.3,9
183300,코미코,2020-12-02,45400,44400,KOSDAQ,11256.0,-2.2026,8,54,3.0162,0.9067,0.6561,0.6467,4.4562,4,3.3339,8.5539,8.7512,169.0909,1,15.32,1
089010,켐트로닉스,2020-12-02,20700,20000,KOSDAQ,5572.0,-3.3816,3,34,7.5269,3.2363,1.2127,0.5986,3.6071,4,7.1233,-1.2243,8.7512,177.7778,1,51.25,1
010780,아이에스동서,2020-12-02,49950,48050,KOSPI,8830.0,-3.8038,0,86,11.7442,3.3273,1.6821,0.8334,2.8467,4,-1.0119,5.8644,13.5145,209.0032,1,14.05,6
092070,디엔에프,2020-12-02,17250,16550,KOSDAQ,2176.0,-4.058,0,84,9.2409,4.9123,1.4324,0.9888,4.4238,3,1.8719,20.0425,8.7512,241.2371,0,38.97,-1
035610,솔본,2020-12-02,5400,5250,KOSDAQ,1083.0,-2.7778,0,40,23.2394,149.0296,3.6986,0.9859,4.4218,4,8.4335,16.2488,8.7512,180.0,1,42.86,1
025820,이구산업,2020-12-02,2085,2020,KOSPI,1853.0,-3.1175,0,29,13.8028,5.1334,3.1275,0.7644,4.0488,4,5.6323,12.3422,13.5145,168.617,1,15.35,2
000650,천일고속,2020-12-02,83500,82500,KOSPI,4209.0,-1.1976,0,113,19.9128,20.8126,2.5359,1.9323,3.0043,4,4.0114,10.9199,13.5145,107.2864,0,-1.21,-1
017670,SK텔레콤,2020-12-02,43392,41236,KOSPI,158300.0,-4.9687,17,67,4.3659,1.1385,1.0791,0.6375,1.8079,3,-1.0502,-4.1323,13.5145,45.736,0,5.23,-1
036190,금화피에스시,2020-12-02,30250,29550,KOSDAQ,1971.0,-2.314,1,229,5.3476,2.5696,1.1702,1.1075,1.8371,3,2.7245,-1.4917,8.7512,58.0214,0,2.2,-1
058820,CMG제약,2020-12-02,5240,5050,KOSDAQ,3105.0,-3.626,0,88,10.262,6.9258,1.6442,0.9556,2.6733,4,1.582,0.085,8.7512,82.6401,1,40.59,1
029460,케이씨,2020-12-02,26950,25700,KOSPI,4307.0,-4.6382,2,35,3.4205,1.6985,0.9256,0.5674,3.0156,4,4.924,-6.8755,13.5145,175.1606,1,9.73,5
036200,유니셈,2020-12-02,8040,7650,KOSDAQ,3299.0,-4.8507,1,53,4.3656,2.4581,0.9081,0.7435,3.0252,4,1.4665,-1.6084,8.7512,143.2432,0,16.34,-1
065680,우주일렉트로,2020-12-03,35950,34750,KOSDAQ,3290.0,-3.338,6,36,10.6688,0.9532,1.2788,0.9124,5.1182,4,3.4456,9.1758,7.4349,395.0142,1,18.71,1
032830,삼성생명,2020-12-03,76800,73500,KOSPI,395400.0,-4.2969,8,237,-0.8097,0.4739,0.789,0.9727,3.45,4,5.4288,3.3228,11.7007,131.8612,0,14.56,-1
183190,아세아시멘트,2020-12-03,7780,7480,KOSPI,5074.0,-3.856,0,153,16.1491,2.9406,1.4378,1.299,3.56,3,4.3076,12.966,11.7007,80.241,1,4.95,2
099320,쎄트렉아이,2020-12-03,31600,30500,KOSDAQ,20479.0,-3.481,0,77,11.9266,3.1403,1.3735,1.017,3.0796,4,-1.0766,14.079,7.4349,145.9677,0,8.2,-1
000250,삼천당제약,2020-12-03,64600,62800,KOSDAQ,120337.0,-2.7864,1,62,11.1504,1.8879,1.2725,0.6976,4.106,4,0.6119,3.3235,7.4349,194.1452,1,52.39,2
004800,효성,2020-12-03,66248,63090,KOSPI,25161.0,-4.7669,1,58,2.6304,1.0866,0.9995,0.9147,1.7798,4,4.7339,-5.6136,11.7007,67.8283,0,0.49,-1
300720,한일시멘트,2020-12-03,10300,10100,KOSPI,13532.0,-1.9417,0,153,12.0977,2.4739,1.0002,1.4709,3.2885,4,3.2628,11.47,11.7007,99.6047,1,10.89,1
032560,황금에스티,2020-12-03,6658,6338,KOSPI,1037.0,-4.8062,0,76,5.4751,0.8351,1.3773,0.8886,3.0091,4,1.7972,2.3947,11.7007,122.9335,1,21.57,1
005387,현대차2우B,2020-12-03,93000,91900,KOSPI,89333.0,-1.1828,11,64,8.1176,1.275,0.9545,0.9769,1.912,4,-0.0505,-0.4416,11.7007,108.8636,1,2.18,9
102120,어보브반도체,2020-12-03,12100,11850,KOSDAQ,2235.0,-2.0661,1,77,3.9474,1.9741,0.9328,0.7712,3.6468,4,1.7186,9.3139,7.4349,149.4737,1,55.27,1
003670,포스코퓨처엠,2020-12-03,93253,90798,KOSPI,196571.0,-2.6326,0,75,14.4489,2.377,1.5432,0.8503,2.8555,4,-2.5823,9.4166,11.7007,202.4382,1,35.58,1
063170,서울옥션,2020-12-03,6800,6500,KOSDAQ,1495.0,-4.4118,0,217,21.7228,3.6081,3.1231,1.1075,4.8132,4,7.5844,22.0472,7.4349,136.3636,1,31.85,1
035900,JYP Ent.,2020-12-03,43300,43250,KOSDAQ,25299.0,-0.1155,1,58,10.8974,5.1182,1.5727,1.1424,4.5665,4,2.0659,15.0864,7.4349,184.5395,0,-0.69,-1
207940,삼성바이오로직스,2020-12-04,1255249,1199978,KOSPI,791575.0,-4.4032,0,119,3.2541,1.9834,1.0376,0.504,2.5887,3,-0.4615,-6.8557,13.0333,134.3753,1,6.67,1
00680K,미래에셋증권2우B,2020-12-04,5050,4860,KOSPI,23208.0,-3.7624,0,78,2.9661,2.8661,1.4925,0.888,1.6534,4,0.7971,-6.1026,13.0333,120.4082,0,0.72,-1
281740,레이크머티리얼즈,2020-12-04,2750,2745,KOSDAQ,16038.0,-0.1818,0,98,20.9251,18.5992,3.1377,1.4968,5.1132,3,2.1751,15.2902,9.1996,0.0,1,8.2,1
021320,KCC건설,2020-12-04,8400,8080,KOSDAQ,1305.0,-3.8095,0,83,5.6209,6.505,1.4558,1.2217,2.431,4,-0.0879,3.0227,9.1996,137.6471,1,20.67,4
101930,인화정공,2020-12-04,5730,5500,KOSDAQ,3822.0,-4.014,0,221,14.7028,3.137,0.8735,1.6908,5.4805,3,4.1777,34.4036,9.1996,125.4098,1,58.55,1
034220,LG디스플레이,2020-12-04,15851,15158,KOSPI,58350.0,-4.372,4,55,4.1286,2.3176,1.2199,0.9755,3.1789,3,2.6124,-3.3358,13.0333,85.3283,1,26.52,7
028260,삼성물산,2020-12-04,130000,123500,KOSPI,538826.0,-5.0,4,76,0.8163,1.5782,0.9959,0.5466,2.2556,4,2.3078,-5.642,13.0333,68.0272,1,18.62,5
317400,자이에스앤디,2020-12-07,9593,9315,KOSPI,1807.0,-2.8979,0,22,6.6155,1.4129,0.9985,0.6353,2.4285,4,7.9343,-2.0546,12.187,258.545,1,33.99,2
104460,디와이피엔에프,2020-12-07,19400,18550,KOSDAQ,1567.0,-4.3814,0,63,14.1538,1.2594,1.073,1.1162,3.8506,4,3.0162,-4.9681,8.8897,236.6606,1,12.67,2
005945,NH투자증권우,2020-12-07,9370,9080,KOSPI,4463.0,-3.095,9,240,2.0225,0.9008,0.9693,0.777,1.4317,4,5.0644,-6.7282,12.187,63.6036,1,3.41,8
136490,선진,2020-12-07,11100,10950,KOSPI,2996.0,-1.3514,3,75,10.6061,6.5828,1.5149,1.5471,3.1246,3,0.6735,-3.2318,12.187,122.7874,1,36.99,7
333430,일승,2020-12-08,2449,2420,KOSDAQ,1761.0,-1.1842,60,60,0.0,1.0,1.0,0.0,100.0,3,0.7995,-7.8557,7.8557,0.0,0,-100.0,-1
066575,LG전자우,2020-12-08,36450,35000,KOSPI,8662.0,-3.9781,7,57,6.5449,4.0494,1.6749,1.2557,2.2959,3,0.0149,-3.5699,10.1148,148.227,1,109.14,2
064850,에프앤가이드,2020-12-08,12000,11750,KOSDAQ,1475.0,-2.0833,0,58,18.3283,7.7741,1.9202,1.5312,3.617,3,6.5761,11.3126,7.8557,283.3605,1,39.15,1
042700,한미반도체,2020-12-08,6824,6725,KOSPI,185763.0,-1.4508,0,79,7.6,4.0463,1.2392,1.1076,3.9543,4,5.8482,6.8417,10.1148,158.6538,1,38.29,1
058970,엠로,2020-12-08,12650,12150,KOSDAQ,4926.0,-3.9526,11,38,-2.8,0.7663,2.3674,0.1934,2.2928,4,15.2031,-4.0096,7.8557,417.0213,0,1.65,-1
066570,LG전자,2020-12-08,98900,95000,KOSPI,169402.0,-3.9434,2,42,10.4651,4.3672,1.7293,1.4983,2.6992,3,0.4327,0.4789,10.1148,128.3654,0,63.16,-1
014970,삼륭물산,2020-12-08,11500,11000,KOSDAQ,1062.0,-4.3478,0,226,8.9109,2.1838,1.2297,1.0261,7.5974,4,6.428,18.2911,7.8557,206.4067,0,2.73,-1
294870,HDC현대산업개발,2020-12-09,26600,25450,KOSPI,15521.0,-4.3233,0,65,25.3695,2.8116,2.2996,1.5939,3.4241,3,-1.6842,7.8027,10.8453,112.0833,1,13.95,1
016800,퍼시스,2020-12-09,30050,29700,KOSPI,4836.0,-1.1647,47,236,1.0204,0.9139,1.2653,0.7962,1.3588,4,1.2697,-9.4801,10.8453,23.2365,1,6.06,2
112610,씨에스윈드,2020-12-09,67852,65480,KOSPI,18134.0,-3.4958,0,63,12.1963,3.6666,1.3113,0.8483,4.451,4,9.5855,1.8085,10.8453,749.2866,1,44.78,1
046890,서울반도체,2020-12-09,20150,19350,KOSDAQ,4332.0,-3.9702,2,41,4.0323,1.6944,1.0815,0.4399,3.1192,4,2.704,-1.8938,8.7999,98.6653,1,17.57,4
005420,코스모화학,2020-12-09,10711,10326,KOSPI,6383.0,-3.5944,0,81,26.1884,16.965,2.7854,2.081,4.9563,2,-6.8797,32.0158,10.8453,189.3247,1,15.81,1
005070,코스모신소재,2020-12-09,17187,17040,KOSPI,16938.0,-0.8553,0,82,11.2925,23.6843,2.8029,1.2841,4.3461,4,-1.021,6.1073,10.8453,252.8681,1,28.11,5
074430,아미노로직스,2020-12-09,3100,2970,KOSDAQ,1433.0,-4.1935,0,92,24.0084,9.5428,2.588,1.3636,6.6138,3,1.8268,37.1461,8.7999,185.5769,1,23.74,2
038500,삼표시멘트,2020-12-10,4550,4390,KOSDAQ,17396.0,-3.5165,0,150,5.2758,1.1515,1.1816,1.1201,4.3443,4,4.1332,12.7389,9.7157,121.7172,0,1.94,-1
086960,MDS테크,2020-12-10,1425,1385,KOSDAQ,1519.0,-2.807,2,104,9.0551,5.0116,1.8617,0.7969,2.8365,3,3.1984,0.6428,9.7157,122.3114,1,19.86,1
004960,한신공영,2020-12-10,16800,16600,KOSPI,1469.0,-1.1905,0,87,9.571,4.495,1.8462,1.2238,3.1627,4,1.9554,4.7392,10.9403,110.3929,1,16.27,1
096770,SK이노베이션,2020-12-10,194330,187442,KOSPI,189001.0,-3.5445,0,83,5.8331,1.9974,1.1214,0.9942,4.7805,4,3.3181,9.2487,10.9403,245.7383,0,67.19,-1
141080,리가켐바이오,2020-12-10,71600,69000,KOSDAQ,65349.0,-3.6313,0,58,14.2384,1.5836,1.8545,0.9342,5.2795,4,2.6567,24.0052,9.7157,317.802,1,8.55,1
095340,ISC,2020-12-10,23600,23300,KOSDAQ,35802.0,-1.2712,0,96,17.0854,5.521,1.7644,1.2633,4.5831,3,1.2551,12.9158,9.7157,301.0327,1,22.1,1
323280,태성,2020-12-10,2561,2436,KOSDAQ,22140.0,-4.8809,37,105,-0.2865,0.3233,0.812,0.9951,0.7096,3,0.0082,-10.4492,9.7157,3.0893,0,3.16,-1
037350,성도이엔지,2020-12-10,4615,4395,KOSDAQ,1110.0,-4.7671,6,52,4.6429,0.4776,1.2738,0.6229,2.2428,4,2.3579,-6.0601,9.7157,92.7632,0,19.23,-1
039340,한국경제TV,2020-12-11,6220,6010,KOSDAQ,1220.0,-3.3762,0,101,2.5597,2.9998,1.8871,0.9324,3.0901,3,3.51,-4.2702,10.6418,97.3727,0,11.48,-1
210540,디와이파워,2020-12-11,12950,12400,KOSPI,1650.0,-4.2471,2,42,3.7657,1.1744,1.1299,0.5072,3.053,4,3.791,-3.7154,11.0748,178.9651,1,10.08,6
268280,미원에스씨,2020-12-11,110000,104500,KOSPI,7105.0,-5.0,14,20,-0.4762,1.5046,1.1449,0.5377,2.0848,3,6.0435,-14.7614,11.0748,58.5736,0,14.35,-1
048530,인트론바이오,2020-12-11,19250,18800,KOSDAQ,1193.0,-2.3377,0,86,26.1745,3.2905,2.7137,1.4227,4.7682,3,-2.6628,26.5844,10.6418,132.0988,1,83.51,1
182400,엔케이맥스,2020-12-11,16827,16418,KOSDAQ,2630.0,-2.4306,1,88,27.6672,3.0979,2.443,1.1511,5.035,3,-4.8853,22.7077,10.6418,227.3779,1,47.21,1
090350,노루페인트,2020-12-11,8820,8450,KOSPI,1840.0,-4.195,0,211,9.0323,1.071,0.9593,1.2305,2.3838,4,3.2022,4.8375,11.0748,89.2497,1,38.46,1
023410,유진기업,2020-12-11,5080,4905,KOSDAQ,3313.0,-3.4449,0,238,4.9198,1.8153,1.2288,0.9131,2.5411,4,4.6219,-2.3637,10.6418,81.6667,0,7.03,-1
009410,태영건설,2020-12-11,24414,23805,KOSPI,4985.0,-2.4945,0,53,11.9656,2.0131,1.5634,0.8271,3.6934,4,0.2317,3.076,11.0748,0.0,0,14.53,-1
000860,강남제비스코,2020-12-11,10379,10054,KOSPI,2214.0,-3.1313,0,232,8.6567,4.5889,1.5084,1.4174,2.6201,4,6.7937,3.1363,11.0748,74.8218,1,22.88,2
015230,대창단조,2020-12-11,3660,3650,KOSPI,1949.0,-0.2732,22,23,1.5299,4.0613,3.0531,1.5956,65.6556,3,9.6149,-6.6398,11.0748,0.0,1,3.42,10
003555,LG우,2020-12-11,45634,44020,KOSPI,2144.0,-3.5368,0,122,5.8199,1.5106,0.9145,1.4157,2.0476,4,1.1785,-2.1817,11.0748,79.3733,1,49.0,8
015890,태경산업,2020-12-11,6670,6380,KOSPI,1416.0,-4.3478,0,21,10.19,1.3521,2.1659,1.1345,4.1536,4,5.1133,3.2622,11.0748,101.2618,0,0.94,-1
088350,한화생명,2020-12-11,2420,2340,KOSPI,35349.0,-3.3058,0,245,3.7694,1.7944,0.7628,1.1575,4.5635,4,12.4031,12.4081,11.0748,165.6073,1,55.77,1
025000,KPX케미칼,2020-12-11,58483,56125,KOSPI,2211.0,-4.0319,0,23,10.3888,1.6411,0.8993,1.4185,3.0008,4,4.8199,5.8207,11.0748,65.9717,0,0.17,-1
051900,LG생활건강,2020-12-11,1648000,1571000,KOSPI,42005.0,-4.6723,6,21,3.2194,2.4341,1.5048,0.967,1.8687,4,0.7823,-11.392,11.0748,50.3349,1,4.96,3
083310,엘오티베큠,2020-12-11,18450,18400,KOSDAQ,2306.0,-0.271,1,60,10.5105,6.0659,1.5787,0.8957,3.4356,4,5.4369,0.5364,10.6418,178.7879,1,8.15,3
220100,퓨쳐켐,2020-12-14,13021,12765,KOSDAQ,5248.0,-1.9661,0,26,20.8349,8.5833,1.5608,1.1561,5.6443,4,10.798,14.5797,9.7022,235.0394,1,48.55,2
056080,유진로봇,2020-12-14,3255,3175,KOSDAQ,17143.0,-2.4578,0,245,32.8452,33.4,2.6505,1.9693,3.9145,4,6.7599,16.2898,9.7022,159.1837,1,7.09,7
051980,중앙첨단소재,2020-12-14,6776,6730,KOSDAQ,2627.0,-0.6789,0,44,23.3052,6.4123,1.4239,1.0348,6.678,4,11.6715,19.4724,9.7022,0.0,1,51.6,1
012330,현대모비스,2020-12-14,268500,258000,KOSPI,396501.0,-3.9106,0,244,6.3918,3.0939,1.2757,0.9275,2.5748,4,2.9453,-3.3123,8.6185,104.7619,0,56.98,-1
002840,미원상사,2020-12-15,115000,112500,KOSPI,7073.0,-2.1739,8,20,2.2727,0.4572,1.3702,1.0053,1.2698,4,4.6512,-7.2212,8.5726,122.7723,1,37.78,7
134380,미원화학,2020-12-15,63600,61500,KOSPI,2294.0,-3.3019,22,20,0.9852,1.3317,1.2655,0.5457,1.4983,3,4.7813,-10.1726,8.5726,66.2162,0,8.62,-1
090360,로보스타,2020-12-15,19300,18350,KOSDAQ,7829.0,-4.9223,0,143,41.1538,36.0267,3.7511,2.1897,3.8536,2,1.6617,31.3126,10.9355,171.4497,1,31.61,1
123890,한국자산신탁,2020-12-15,4225,4195,KOSPI,3243.0,-0.7101,10,20,4.7441,1.6653,1.2877,0.7173,2.1454,4,4.3139,-6.1306,8.5726,203.9855,1,5.01,2
175330,JB금융지주,2020-12-15,6100,6070,KOSPI,56586.0,-0.4918,12,20,10.1633,2.345,1.5064,0.8714,2.4947,4,8.6199,-7.5742,8.5726,86.1963,1,2.97,1
077360,덕산하이메탈,2020-12-15,4470,4350,KOSDAQ,5048.0,-2.6846,0,222,16.622,13.8188,2.3425,1.7376,3.5796,3,1.268,5.0645,10.9355,171.875,1,62.64,1
101160,월덱스,2020-12-15,16950,16200,KOSDAQ,4433.0,-4.4248,8,20,2.8571,0.8711,1.0328,0.5703,2.8219,4,4.332,-10.9355,10.9355,262.4161,1,14.81,1
001360,삼성제약,2020-12-15,4761,4562,KOSPI,1940.0,-4.1798,0,97,28.652,7.4905,3.5326,1.5353,5.3235,3,-0.1433,27.9325,8.5726,105.7736,1,166.35,3
106190,하이텍팜,2020-12-15,11039,10573,KOSDAQ,1631.0,-4.2214,0,61,10.8397,1.4226,1.1721,1.4503,4.9587,4,3.2876,17.925,10.9355,139.8593,1,69.4,5
101360,에코앤드림,2020-12-16,27121,27043,KOSDAQ,3700.0,-0.2876,0,86,32.9417,6.452,1.9516,1.3971,6.4931,4,-1.702,31.7636,10.3212,1048.8105,1,29.32,1
036200,유니셈,2020-12-16,8040,7810,KOSDAQ,3299.0,-2.8607,5,63,-0.1279,0.6355,0.9231,0.8077,2.9084,4,2.1854,-5.0652,10.3212,148.3307,1,26.76,1
141000,비아트론,2020-12-16,11050,10700,KOSDAQ,1050.0,-3.1674,0,238,5.9406,2.9055,1.3324,1.155,3.251,4,2.2731,-0.8023,10.3212,120.6186,1,9.81,1
089970,브이엠,2020-12-16,16700,16600,KOSDAQ,7763.0,-0.5988,0,94,14.4828,10.1005,1.8721,1.5768,3.9802,3,6.5207,1.8409,10.3212,268.8889,1,28.92,1
014680,한솔케미칼,2020-12-16,180000,172000,KOSPI,32589.0,-4.4444,2,87,6.5015,1.9251,1.1632,0.8383,2.6163,4,1.592,-3.0377,8.8838,169.5925,1,15.99,3
017670,SK텔레콤,2020-12-16,43392,42616,KOSPI,158300.0,-1.7883,17,77,2.9148,0.5886,1.171,0.9436,1.7928,4,-0.7424,-1.9589,8.8838,50.6132,0,11.13,-1
036190,금화피에스시,2020-12-16,30250,29900,KOSDAQ,1971.0,-1.157,10,239,1.7007,0.5568,0.7736,1.1541,2.15,4,2.1212,-2.7673,10.3212,59.893,0,1.0,-1
247540,에코프로비엠,2020-12-16,40867,38891,KOSDAQ,197559.0,-4.8352,0,87,3.1455,2.0555,1.0511,0.6664,2.6137,3,0.0191,-3.2454,10.3212,225.5567,1,30.24,1
024800,유성티엔에스,2020-12-17,3340,3175,KOSDAQ,1263.0,-4.9401,0,235,11.7958,29.5507,2.8792,1.8189,6.5692,4,6.7974,14.9747,9.7798,142.3664,0,2.99,-1
222800,심텍,2020-12-17,22600,21950,KOSDAQ,19567.0,-2.8761,0,87,9.75,1.7112,0.9773,0.6717,3.6772,4,1.0376,10.8246,9.7798,307.2356,1,12.76,8
058610,에스피지,2020-12-17,8090,7710,KOSDAQ,29540.0,-4.6972,5,21,3.629,0.953,1.9034,0.6917,2.7145,4,5.6982,-9.9093,9.7798,130.8383,1,37.48,2
272550,삼양패키징,2020-12-17,23000,22250,KOSPI,1899.0,-3.2609,1,59,5.9524,6.939,1.9016,0.9282,1.9904,4,-0.2135,-3.3041,8.7543,95.1754,0,1.35,-1
052710,아모텍,2020-12-17,23805,22637,KOSDAQ,1339.0,-4.9065,0,70,11.5123,0.6852,1.4327,1.0041,3.2242,3,-1.41,-1.9896,9.7798,133.805,1,28.91,4
083500,에프엔에스테크,2020-12-17,13450,13050,KOSDAQ,1418.0,-2.974,0,205,41.3868,3.1041,2.7078,1.3722,4.0394,3,6.3274,25.5937,9.7798,182.1622,1,20.31,10
092070,디엔에프,2020-12-17,17250,17150,KOSDAQ,2176.0,-0.5797,4,95,6.192,2.2255,1.0304,0.9524,4.519,3,5.0756,3.4216,9.7798,253.6082,1,54.81,1
100090,SK오션플랜트,2020-12-17,23500,22850,KOSPI,11290.0,-2.766,0,69,17.4807,1.9403,1.5745,0.9447,4.3295,4,5.2238,12.1451,8.7543,1220.8092,0,3.28,-1
166090,하나머티리얼즈,2020-12-17,28350,26950,KOSDAQ,12045.0,-4.9383,0,92,4.8638,4.1621,1.3912,0.8435,3.472,4,2.7536,-4.9159,9.7798,173.6041,1,17.63,8
032830,삼성생명,2020-12-17,76800,75900,KOSPI,395400.0,-1.1719,13,247,4.4017,0.6926,0.9998,0.9763,2.3904,4,5.7378,-7.5543,8.7543,139.4322,1,15.15,3
131970,두산테스나,2020-12-17,50518,48450,KOSDAQ,11944.0,-4.0936,0,65,4.8701,1.1435,0.9398,0.5983,3.4572,4,1.0946,4.8948,9.7798,145.0187,1,22.6,5
098120,마이크로컨텍솔,2020-12-17,6640,6480,KOSDAQ,1829.0,-2.4096,2,46,10.017,8.264,1.6614,1.0749,4.6847,4,7.2301,5.9345,9.7798,227.2727,0,1.39,-1
195870,해성디에스,2020-12-17,21500,20850,KOSPI,10370.0,-3.0233,1,94,5.0378,4.8111,1.5426,0.9265,2.5865,4,-0.1608,1.8557,8.7543,93.0556,1,49.16,4
004710,한솔테크닉스,2020-12-17,10959,10698,KOSPI,1894.0,-2.3816,0,234,8.819,2.1876,1.4652,1.0592,4.0835,4,0.9648,7.5915,8.7543,184.7485,1,15.11,10
088390,이녹스,2020-12-17,14000,13550,KOSDAQ,1487.0,-3.2143,0,85,42.3319,10.0983,1.807,1.8445,5.1028,3,1.0631,51.5298,9.7798,440.9182,1,10.7,1
00088K,한화3우B,2020-12-17,14900,14300,KOSPI,8984.0,-4.0268,2,69,3.2491,1.3983,1.1183,0.6291,1.0739,4,1.9568,-7.6943,8.7543,78.9737,0,1.4,-1
004800,효성,2020-12-17,66248,63167,KOSPI,25161.0,-4.6507,2,68,2.2434,1.2846,1.0717,0.5374,1.4905,4,3.2128,-3.3566,8.7543,68.0331,0,0.12,-1
251630,브이원텍,2020-12-18,10750,10550,KOSDAQ,1181.0,-1.8605,0,80,12.1148,11.2842,1.9178,1.1443,3.7508,4,-0.2119,3.3784,8.8556,165.0754,1,18.96,1
000100,유한양행,2020-12-18,62879,60619,KOSPI,86179.0,-3.5942,1,60,6.7969,3.7892,1.0602,1.4626,3.1029,4,-0.0076,0.9832,8.5639,0.0,1,17.08,1
034830,한국토지신탁,2020-12-18,2250,2200,KOSPI,3272.0,-2.2222,0,246,7.5795,2.0619,1.4256,1.5843,3.263,4,2.6468,8.1469,8.5639,53.3101,0,1.82,-1
336260,두산퓨얼셀,2020-12-18,61325,58700,KOSPI,22661.0,-4.2805,0,69,19.6738,1.1165,1.4238,0.7793,5.7861,4,1.1427,32.7116,8.5639,0.0,0,1.53,-1
102260,동성케미컬,2020-12-18,5235,5146,KOSPI,2215.0,-1.7001,0,243,9.6293,2.7634,1.3096,1.2386,2.2334,4,3.0442,14.3109,8.5639,150.7797,0,1.34,-1
000680,LS네트웍스,2020-12-18,3190,3155,KOSPI,2750.0,-1.0972,0,131,25.1984,21.1836,2.239,2.2762,5.0826,4,3.5702,34.1962,8.5639,185.5204,1,8.87,1
015760,한국전력,2020-12-18,28700,28300,KOSPI,390314.0,-1.3937,0,247,18.9076,6.5213,1.756,1.7874,4.1015,3,3.7055,24.9266,8.5639,81.9936,1,3.71,1
099320,쎄트렉아이,2020-12-18,31600,30550,KOSDAQ,20479.0,-3.3228,4,88,2.5168,0.9173,0.9724,1.145,3.5656,4,2.8765,3.0491,8.8556,146.371,1,81.01,6
003960,사조대림,2020-12-18,17400,16550,KOSPI,3441.0,-4.8851,0,150,3.1153,1.54,1.3212,0.9684,3.0427,4,3.4338,-2.8131,8.5639,91.9954,0,6.65,-1
016580,환인제약,2020-12-21,18600,17800,KOSPI,1962.0,-4.3011,0,101,2.2989,3.0245,1.1511,1.0626,4.3138,3,0.3198,6.611,6.7648,78.8945,0,3.93,-1
003380,하림지주,2020-12-21,8570,8550,KOSDAQ,18134.0,-0.2334,0,242,13.5458,10.0818,1.8198,1.7695,4.1019,4,3.4021,3.306,9.194,136.5145,1,9.12,4
131030,옵투스제약,2020-12-21,9050,8770,KOSDAQ,1443.0,-3.0939,0,133,7.3439,30.4895,2.956,1.5683,2.9809,3,-0.3173,1.5384,9.194,85.0211,0,2.74,-1
009420,한올바이오파마,2020-12-21,41950,39900,KOSPI,28314.0,-4.8868,0,71,6.4,1.7643,1.1028,0.935,4.8425,4,-0.4749,3.4562,6.7648,172.3549,0,1.75,-1
064760,티씨케이,2020-12-21,114500,111000,KOSDAQ,23309.0,-3.0568,0,73,6.0172,0.763,1.3746,0.5298,3.2497,4,0.7337,-6.6062,9.194,169.7448,1,25.59,3
001390,KG케미칼,2020-12-21,5150,4930,KOSPI,4000.0,-4.2718,0,89,11.5385,1.5904,1.2348,1.3479,4.7378,4,-1.2002,24.0044,6.7648,205.4523,1,5.27,7
089030,테크윙,2020-12-21,11341,10886,KOSDAQ,16674.0,-4.012,0,97,6.1738,1.3664,1.0601,0.5393,2.9061,3,0.617,3.3694,9.194,155.3601,1,13.71,5
333430,일승,2020-12-22,2449,2420,KOSDAQ,1761.0,-1.1842,60,70,0.0,1.0,1.0,1.0,100.0,2,0.5505,-6.4935,6.4935,0.0,0,-100.0,-1
000990,DB하이텍,2020-12-22,40350,39000,KOSPI,42112.0,-3.3457,0,67,11.7479,7.857,1.8443,0.9899,3.0952,4,-0.6522,7.9637,4.4282,168.9655,1,90.51,1
015750,성우하이텍,2020-12-23,4210,4020,KOSDAQ,6240.0,-4.5131,8,25,4.2802,2.3156,1.0648,0.8725,2.9051,3,6.7137,-3.1018,6.7101,129.0598,1,126.37,1
003540,대신증권,2020-12-23,14500,13850,KOSPI,18025.0,-4.4828,21,26,0.7273,0.8963,0.862,0.5453,2.1145,3,8.3575,-6.4438,6.0841,108.2707,0,3.97,-1
00680K,미래에셋증권2우B,2020-12-23,5050,4820,KOSPI,23208.0,-4.5545,3,91,0.4167,1.6817,1.0429,0.6681,1.356,4,1.9221,-4.0735,6.0841,118.5941,0,1.45,-1
016610,DB증권,2020-12-23,4930,4810,KOSPI,5743.0,-2.4341,21,20,1.2632,3.2176,1.4677,0.328,1.6558,4,8.1694,-5.2455,6.0841,109.1304,1,30.98,7
100250,진양홀딩스,2020-12-24,2910,2776,KOSPI,1811.0,-4.6048,0,114,3.2354,2.6805,1.7812,1.3203,1.3998,4,1.4963,-3.9999,6.8909,69.9939,0,0.5,-1
028670,팬오션,2020-12-24,4880,4720,KOSPI,27156.0,-3.2787,0,30,10.5386,3.015,2.1854,0.6801,4.3281,4,8.0153,8.231,6.8909,129.6837,1,18.86,1
005385,현대차우,2020-12-24,94000,89300,KOSPI,58819.0,-5.0,0,93,0.1121,0.8142,0.7774,0.6467,1.6317,4,0.8705,-0.7078,6.8909,128.0971,1,51.18,8
001720,신영증권,2020-12-24,56000,53500,KOSPI,30989.0,-4.4643,5,92,2.4904,0.6353,0.4632,0.8589,2.2964,3,4.044,-4.0063,6.8909,35.443,1,5.05,9
037350,성도이엔지,2020-12-24,4615,4465,KOSDAQ,1110.0,-3.2503,10,62,2.0571,0.5858,1.022,1.1217,2.3596,4,1.9976,-0.5114,6.1919,95.8333,1,70.44,4
025540,한국단자,2020-12-24,61100,58200,KOSPI,7526.0,-4.7463,5,24,8.9888,1.7446,1.3607,1.1211,3.6082,3,7.8945,-1.0728,6.8909,196.1832,1,47.94,1
323280,태성,2020-12-24,2561,2472,KOSDAQ,22140.0,-3.4752,37,115,0.4878,0.1663,0.3403,0.6251,0.7079,3,0.1739,-4.7141,6.1919,4.6128,0,2.91,-1
031330,에스에이엠티,2020-12-24,2660,2560,KOSDAQ,4730.0,-3.7594,0,226,3.2258,3.7341,1.2415,0.8289,2.5112,4,4.3714,3.2098,6.1919,81.5603,0,21.48,-1
036890,진성티이씨,2020-12-24,12900,12300,KOSDAQ,3411.0,-4.6512,0,74,3.7975,9.9298,1.9654,1.2177,5.3136,4,1.8098,14.9904,6.1919,243.0962,1,14.63,1
00104K,CJ4우(전환),2020-12-28,72600,69500,KOSPI,7722.0,-4.27,0,245,9.2767,4.6526,2.005,1.5095,1.9938,4,2.8302,6.5412,6.651,110.6061,1,26.04,3
253450,스튜디오드래곤,2020-12-28,94000,91800,KOSDAQ,14473.0,-2.3404,0,117,10.4693,2.6542,1.996,1.0785,2.8711,3,0.8055,9.6418,4.6795,44.113,1,23.09,2
268280,미원에스씨,2020-12-28,110000,104500,KOSPI,7105.0,-5.0,16,30,1.4563,1.6905,2.2745,1.1464,2.1531,3,3.6594,-5.6848,6.651,58.5736,1,14.35,3
030190,NICE평가정보,2020-12-28,25000,24300,KOSPI,10251.0,-2.8,0,157,11.4679,5.5554,1.7473,0.793,4.7913,4,5.3368,2.0739,6.651,126.0465,1,6.38,2
023760,한국캐피탈,2020-12-28,620,598,KOSDAQ,2822.0,-3.5484,10,20,0.8432,2.4968,0.9899,0.8231,2.0186,4,4.6642,-6.4858,4.6795,78.5075,0,0.33,-1
083930,아바코,2020-12-28,11250,10700,KOSDAQ,2353.0,-4.8889,2,53,9.5189,3.2948,1.8651,0.7647,3.5113,4,5.4811,5.2896,4.6795,195.9889,1,76.17,8
036010,아비코전자,2020-12-29,8480,8460,KOSDAQ,1160.0,-0.2358,0,56,9.0206,3.3236,1.3507,0.8981,4.2891,4,10.2392,4.9042,8.0464,202.1429,1,12.29,1
218410,RFHIC,2020-12-29,44880,43613,KOSDAQ,12457.0,-2.8231,0,67,4.5625,1.6802,1.1487,1.0118,3.3475,3,-1.3342,10.6801,8.0464,67.4203,1,10.85,4
008830,대동기어,2020-12-29,3460,3365,KOSDAQ,2346.0,-2.7457,0,103,7.68,3.5198,1.6417,1.0081,2.8869,4,1.4277,-0.5384,8.0464,106.4417,1,20.36,1
022100,포스코DX,2020-12-29,8230,7850,KOSPI,58609.0,-4.6173,0,55,3.9735,3.584,1.1871,1.2778,3.394,4,5.3624,2.5038,8.8437,170.6897,1,18.85,2
096770,SK이노베이션,2020-12-30,194330,186950,KOSPI,189001.0,-3.7977,5,96,4.3953,1.0276,0.7697,0.7622,3.7403,3,7.6474,-4.9719,9.0811,244.8308,1,67.63,1
079960,동양이엔피,2020-12-30,18700,18450,KOSDAQ,2562.0,-1.3369,2,55,13.5385,1.7812,1.4642,1.3596,3.523,3,-0.9685,7.0202,8.6537,173.3333,1,42.01,1
071670,에이테크솔루션,2020-12-30,12650,12100,KOSDAQ,1070.0,-4.3478,0,55,15.7895,1.8156,2.6101,1.2221,4.5455,4,3.1765,12.8322,8.6537,276.947,1,108.68,1
043370,피에이치에이,2020-12-30,9240,9170,KOSDAQ,2600.0,-0.7576,1,238,13.2099,34.0449,3.0613,1.4269,3.9258,4,5.0461,2.9034,8.6537,110.3211,1,36.31,1
286940,롯데이노베이트,2020-12-30,42200,40150,KOSPI,3510.0,-4.8578,0,235,8.5135,1.7786,1.5024,0.7985,2.037,4,2.0402,1.3728,9.0811,132.7536,1,10.34,3
011210,현대위아,2020-12-30,54200,53500,KOSPI,22654.0,-1.2915,0,232,14.8069,7.7016,1.5932,1.7402,3.1041,3,5.9061,1.0012,9.0811,169.5214,1,102.8,1
134380,미원화학,2020-12-30,63600,61900,KOSPI,2294.0,-2.673,32,30,0.0,0.335,1.3147,0.6442,0.7962,4,3.5673,-6.7671,9.0811,67.2973,1,10.18,2
126700,하이비젼시스템,2020-12-30,14950,14800,KOSDAQ,3153.0,-1.0033,0,217,16.996,10.5467,2.4722,1.7203,4.5125,4,0.9816,8.3423,8.6537,183.5249,1,5.41,1
060250,NHN KCP,2020-12-30,43008,41881,KOSDAQ,8916.0,-2.6204,5,82,9.9874,1.9326,1.3175,0.8777,3.0851,3,0.4106,0.8419,8.6537,258.939,0,2.48,-1
084370,유진테크,2020-12-30,34900,33350,KOSDAQ,22618.0,-4.4413,6,25,7.5806,1.0749,0.9272,0.6606,3.3733,4,3.8943,-3.7795,8.6537,185.0427,1,25.64,2
003160,디아이,2020-12-30,4985,4775,KOSPI,10358.0,-4.2126,0,97,12.6179,4.6904,2.1569,1.1818,3.6425,4,2.8148,7.0989,9.0811,165.2778,1,27.54,4
086390,유니테스트,2021-01-04,29000,28000,KOSDAQ,4375.0,-3.4483,0,76,16.4241,1.6965,1.5463,0.9738,4.1837,4,0.9722,5.8153,8.7042,250.8772,1,4.64,5
004560,현대비앤지스틸,2021-01-04,10450,10050,KOSPI,2417.0,-3.8278,6,144,6.4619,0.7048,0.6657,0.8846,2.8145,3,9.6278,-5.1298,10.0359,101.4028,1,163.18,1
001820,삼화콘덴서,2021-01-04,69900,69200,KOSPI,3638.0,-1.0014,0,217,12.3377,1.9994,1.7074,1.6296,3.7985,3,1.5302,7.2523,10.0359,109.697,1,18.21,1
200470,에이팩트,2021-01-04,5303,5134,KOSDAQ,3071.0,-3.1869,0,113,7.6762,1.5746,0.9519,1.2661,3.929,3,0.8579,1.7995,8.7042,115.7143,1,5.14,2
064350,현대로템,2021-01-04,20050,19650,KOSPI,218285.0,-1.995,0,173,20.1835,9.0606,1.683,1.9716,4.1076,3,0.5928,13.549,10.0359,125.0859,1,23.41,1
093370,후성,2021-01-04,12403,12061,KOSPI,8763.0,-2.7574,0,78,12.7829,1.3698,1.4747,1.5147,5.5966,4,0.0708,18.7522,10.0359,168.4996,1,13.36,3
011780,금호석유화학,2021-01-04,156500,151000,KOSPI,36184.0,-3.5144,6,38,9.0253,1.0622,0.8733,0.6098,4.4702,4,9.7205,-3.6978,10.0359,244.7489,1,90.73,1
013580,계룡건설,2021-01-04,30600,29150,KOSPI,2193.0,-4.7386,0,94,9.176,0.7444,0.7015,0.7568,4.0186,4,6.8711,6.5641,10.0359,249.1018,1,18.18,1
069260,TKG휴켐스,2021-01-04,27650,26600,KOSPI,8646.0,-3.7975,1,37,8.5714,1.6723,1.6199,0.7368,3.5983,4,3.3401,-0.1185,10.0359,119.8347,0,0.94,-1
044990,에이치엔에스하이텍,2021-01-04,9400,9390,KOSDAQ,1346.0,-0.1064,4,20,8.6806,1.4773,0.781,0.9529,5.7508,4,11.7606,-6.5279,8.7042,201.9293,1,10.76,3
232140,와이씨,2021-01-04,6650,6330,KOSDAQ,18009.0,-4.812,0,103,10.8581,2.2506,1.4399,0.8697,3.1144,4,3.4787,-3.9028,8.7042,266.9565,1,7.27,6
002230,피에스텍,2021-01-04,5050,4820,KOSDAQ,2348.0,-4.5545,7,57,0.6263,0.8509,0.8369,1.0203,3.8826,4,2.4538,-6.151,8.7042,167.7778,0,20.54,-1
064960,SNT모티브,2021-01-04,31515,30689,KOSPI,9236.0,-2.621,3,87,9.0002,3.4652,1.3128,1.9335,4.0848,3,-1.4067,0.4794,10.0359,133.0574,1,46.5,4
036570,엔씨소프트,2021-01-04,997000,978000,KOSPI,43842.0,-1.9057,0,122,10.1351,1.506,1.217,0.826,2.1984,3,3.327,3.8174,10.0359,94.0476,1,2.86,4
005850,에스엘,2021-01-04,17250,16800,KOSPI,25314.0,-2.6087,14,20,5.0,2.498,1.0209,1.1193,2.9337,3,7.7967,-9.4371,10.0359,0.0,1,70.83,4
086520,에코프로,2021-01-04,7009,6910,KOSDAQ,211811.0,-1.4125,0,78,13.97,2.2164,1.3941,1.091,3.5166,4,-0.9971,12.354,8.7042,294.8571,1,23.4,3
020120,키다리스튜디오,2021-01-04,11000,10450,KOSPI,1234.0,-5.0,0,74,18.6152,2.0207,1.7938,1.1555,6.2133,4,-2.4136,14.9641,10.0359,400.0,1,52.63,8
137400,피엔티,2021-01-04,26750,25450,KOSDAQ,12295.0,-4.8598,0,72,8.9936,2.0367,1.2312,0.8718,3.7047,4,-0.5791,1.708,8.7042,458.114,1,14.93,3
001230,동국홀딩스,2021-01-04,7513,7386,KOSPI,2519.0,-1.6904,0,139,11.0009,2.1849,0.9477,0.9582,3.495,4,8.3017,3.7349,10.0359,212.3044,1,10.13,1
005290,동진쎄미켐,2021-01-04,38850,37000,KOSDAQ,26067.0,-4.7619,0,96,13.1498,1.1657,1.0223,0.9391,3.7548,3,2.4557,13.8124,8.7042,304.3716,0,3.78,-1
011790,SKC,2021-01-04,104500,101500,KOSPI,42299.0,-2.8708,0,95,11.6612,2.8247,1.1361,1.1371,3.2583,4,1.49,4.1374,10.0359,266.426,1,31.53,2
011170,롯데케미칼,2021-01-05,282418,269083,KOSPI,32766.0,-4.7217,10,27,6.6038,1.0652,1.0493,0.6498,2.6675,4,9.0401,-11.9681,10.9171,146.7248,1,15.58,2
001040,CJ,2021-01-05,97700,94000,KOSPI,65065.0,-3.7871,0,220,6.3348,1.5514,1.2972,1.3556,2.4696,3,1.1498,6.1439,10.9171,79.7323,1,26.06,3
003850,보령,2021-01-05,16917,16435,KOSPI,8184.0,-2.8492,2,22,10.6734,1.4827,0.8093,0.8861,4.9433,4,7.3054,-2.1769,10.9171,160.2534,1,50.5,1
103590,일진전기,2021-01-05,3345,3252,KOSPI,32569.0,-2.7803,0,37,8.8718,4.7475,1.2278,1.025,3.1651,3,1.9374,-3.413,10.9171,202.2305,0,21.8,-1
008970,KBI동양철관,2021-01-05,2322,2266,KOSPI,1881.0,-2.4117,1,28,8.89,6.1141,1.5419,1.4424,3.2184,3,2.2932,-4.3821,10.9171,79.6987,0,13.55,-1
306200,세아제강,2021-01-05,98500,94500,KOSPI,3548.0,-4.0609,3,72,5.8231,3.3255,1.3088,0.7097,2.8949,4,0.8189,-4.1375,10.9171,239.9281,1,16.4,1
272110,케이엔제이,2021-01-05,16450,15700,KOSDAQ,2813.0,-4.5593,0,101,38.326,15.1917,2.5675,1.4125,6.8926,2,-1.8913,26.1534,8.6105,339.7759,0,2.23,-1
060150,인선이엔티,2021-01-05,12100,11600,KOSDAQ,2046.0,-4.1322,0,98,8.4112,1.1237,1.0591,1.196,4.1256,4,4.0715,6.8124,8.6105,123.0769,1,12.93,4
008260,NI스틸,2021-01-05,2885,2775,KOSPI,1058.0,-3.8128,0,22,8.8235,20.6525,2.2546,1.346,3.7323,3,5.8042,-3.359,10.9171,159.3458,1,25.41,3
009830,한화솔루션,2021-01-05,65302,65182,KOSPI,80102.0,-0.1838,2,37,18.0726,4.0469,1.5003,0.9229,4.1546,3,3.3418,4.997,10.9171,475.3045,1,12.43,1
248170,샘표식품,2021-01-05,57000,55500,KOSPI,1393.0,-2.6316,0,97,7.3501,1.4428,0.8992,1.1513,5.1931,3,1.9395,13.662,10.9171,210.9244,1,4.5,3
003100,선광,2021-01-05,29800,28650,KOSDAQ,1449.0,-3.8591,2,33,8.1132,2.2826,2.0008,0.7106,2.5181,4,14.8628,-3.8573,8.6105,187.3621,0,4.01,-1
100090,SK오션플랜트,2021-01-05,23500,22950,KOSPI,11290.0,-2.3404,1,79,18.9119,1.6268,0.986,1.0924,6.0535,4,2.8329,4.1205,10.9171,1226.5896,1,2.83,1
004710,한솔테크닉스,2021-01-05,10959,10645,KOSPI,1894.0,-2.8652,5,244,4.8252,1.6831,1.1219,0.8143,3.9717,4,1.7718,-7.3666,10.9171,183.3378,1,15.69,7
033500,동성화인텍,2021-01-05,13000,12400,KOSDAQ,8397.0,-4.6154,1,26,6.4378,1.8274,1.1661,0.649,3.1682,4,5.45,-1.2512,8.6105,175.5556,0,4.44,-1
014830,유니드,2021-01-05,60335,57388,KOSPI,5644.0,-4.8844,0,94,2.2667,0.8339,0.7797,1.2321,2.8628,3,-0.0639,-1.071,10.9171,71.2104,0,16.21,-1
011500,한농화성,2021-01-05,10550,10450,KOSPI,3995.0,-0.9479,0,58,19.8394,3.6154,1.3104,0.8819,6.4798,4,10.719,16.3667,10.9171,248.3333,1,128.23,1
017670,SK텔레콤,2021-01-05,43392,42444,KOSPI,158300.0,-2.1847,20,88,-0.4036,2.0371,1.4055,1.2761,1.9168,3,0.5091,-7.7725,10.9171,50.0053,1,11.58,1
104480,티케이케미칼,2021-01-05,2990,2880,KOSDAQ,1637.0,-3.6789,0,232,22.8145,5.7916,1.1787,0.9542,8.0729,3,8.0407,24.1084,8.6105,118.1818,1,21.88,1
023410,유진기업,2021-01-05,5050,5020,KOSDAQ,3313.0,-0.5941,8,250,4.3659,5.7388,1.5548,1.2007,2.9027,4,4.6763,1.598,8.6105,85.9259,1,7.17,1
278650,HLB바이오스텝,2021-01-05,3737,3593,KOSDAQ,1136.0,-3.8534,0,135,35.7386,17.5442,1.9963,2.0813,6.4689,3,-1.5091,30.0618,8.6105,219.9466,1,9.57,1
010130,고려아연,2021-01-05,467000,452000,KOSPI,355049.0,-3.212,0,99,9.4431,6.422,1.6501,2.1202,2.7418,3,1.3656,4.389,10.9171,63.472,0,0.66,-1
016360,삼성증권,2021-01-06,43800,42200,KOSPI,85371.0,-3.653,12,20,-2.2016,3.3839,1.7528,1.0213,2.9705,3,10.8346,-8.3112,8.6679,106.357,1,11.97,1
071050,한국금융지주,2021-01-06,89100,87000,KOSPI,131235.0,-2.3569,0,74,8.75,3.5135,1.5811,0.8635,2.7915,4,1.674,-0.8612,8.6679,190.0,1,9.66,1
003960,사조대림,2021-01-06,17400,16900,KOSPI,3441.0,-2.8736,5,160,5.625,1.2549,0.8458,0.9862,3.1276,4,4.6414,-1.7059,8.6679,96.0557,1,4.44,1
036190,금화피에스시,2021-01-06,30200,28800,KOSDAQ,1971.0,-4.6358,20,94,-3.6789,0.9268,1.015,1.7436,2.3313,3,1.417,-10.2681,7.4013,54.0107,0,2.43,-1
001460,BYC,2021-01-06,31350,30250,KOSPI,3379.0,-3.5088,0,25,6.7019,5.8517,2.3749,0.7939,1.7828,4,7.3449,-3.2672,8.6679,130.038,1,25.62,1
013360,일성건설,2021-01-06,1435,1405,KOSPI,1097.0,-2.0906,0,240,25.4464,8.4021,1.2753,1.8797,6.7107,3,8.0964,40.8002,8.6679,157.7982,1,17.44,4
001250,GS글로벌,2021-01-06,2320,2265,KOSPI,2034.0,-2.3707,0,248,17.9688,18.5677,2.7637,1.5751,4.6358,4,5.193,9.9185,8.6679,129.4833,1,23.4,1
005950,이수화학,2021-01-06,8150,8000,KOSPI,2385.0,-1.8405,2,30,22.6054,4.5507,1.9016,0.8182,4.7973,4,12.6035,11.6328,8.6679,255.0821,1,8.44,1
108670,LX하우시스,2021-01-06,83900,80200,KOSPI,2789.0,-4.41,0,26,4.9738,1.0375,0.9883,0.5536,3.7585,4,9.0779,6.0674,8.6679,164.2504,0,27.18,-1
042660,한화오션,2021-01-07,27274,26252,KOSPI,401095.0,-3.7472,0,149,9.6483,1.7747,1.4942,0.7537,3.2027,4,5.3076,-5.4516,10.426,172.3519,0,0.51,-1
297090,씨에스베어링,2021-01-07,17706,17312,KOSDAQ,1800.0,-2.2252,0,81,18.7869,2.9348,1.8682,0.8117,5.5251,4,1.4499,17.2357,6.6869,1079.2916,1,5.23,1
011785,금호석유화학우,2021-01-07,64300,62900,KOSPI,2020.0,-2.1773,3,59,13.7432,1.9035,1.6729,0.9878,4.4856,3,8.1086,12.4255,10.426,268.915,1,113.04,10
126340,비나텍,2021-01-07,48035,47795,KOSDAQ,7878.0,-0.4996,2,59,15.1465,3.4609,1.7251,1.0516,4.829,4,2.734,12.9052,6.6869,396.2621,1,4.55,1
012030,DB,2021-01-07,900,860,KOSPI,3374.0,-4.4444,0,250,10.1152,0.9,0.9023,1.5016,4.4103,4,2.4909,9.5182,10.426,88.5965,0,22.67,-1
001200,유진투자증권,2021-01-07,4875,4675,KOSPI,4219.0,-4.1026,0,99,23.0263,4.0047,2.7991,1.38,4.3545,4,2.4632,5.4352,10.426,303.0172,1,5.78,2
035720,카카오,2021-01-07,84399,80788,KOSPI,258039.0,-4.2785,0,86,4.6816,1.134,1.3655,0.717,2.4128,4,0.7376,-5.8799,10.426,215.6891,1,19.01,1
000720,현대건설,2021-01-07,41400,39454,KOSPI,124718.0,-4.7005,0,238,11.8628,1.1172,1.4656,1.0895,2.9238,4,6.6134,-2.5811,10.426,111.754,1,14.67,2
011760,현대코퍼레이션,2021-01-07,18600,17850,KOSPI,3294.0,-4.0323,0,242,12.6183,2.1315,1.6875,1.7422,3.4614,4,3.6311,10.1821,10.426,156.8345,1,8.4,1
034120,SBS,2021-01-07,26050,25250,KOSPI,3467.0,-3.071,0,228,6.5401,1.1488,1.2443,1.2232,4.7383,3,14.6144,23.8825,10.426,87.037,1,8.91,3
139480,이마트,2021-01-07,169000,168500,KOSPI,32453.0,-0.2959,4,37,11.9601,5.4971,1.9471,1.4704,2.2255,4,1.9855,0.0658,10.426,73.1757,1,13.65,1
039340,한국경제TV,2021-01-07,6220,6100,KOSDAQ,1220.0,-1.9293,1,117,7.3944,2.4785,0.854,0.8853,2.5644,4,2.7709,-0.7842,6.6869,100.3284,1,10.66,1
086790,하나금융지주,2021-01-07,37500,36800,KOSPI,340114.0,-1.8667,19,34,7.9179,2.4575,1.5431,1.2576,2.8436,3,7.2468,-6.4712,10.426,99.458,1,10.87,1
019010,베뉴지,2021-01-07,1945,1850,KOSDAQ,2070.0,-4.8843,4,242,-0.2695,0.6047,0.8443,1.6569,4.7104,4,5.3801,13.4429,6.6869,129.2441,0,6.22,-1
060280,큐렉소,2021-01-07,8710,8570,KOSDAQ,7832.0,-1.6073,0,148,40.0327,4.2559,3.0376,1.4416,4.059,4,1.1781,31.7622,6.6869,267.0236,1,6.42,1
005940,NH투자증권,2021-01-07,12650,12150,KOSPI,101380.0,-3.9526,2,250,8.9686,1.7459,1.7417,1.19,3.1158,3,8.2117,-6.1342,10.426,92.8571,1,6.17,2
006140,피제이전자,2021-01-07,7300,7030,KOSDAQ,1188.0,-3.6986,0,90,10.1881,2.291,1.3864,1.119,3.3733,4,5.7054,1.8007,6.6869,141.9966,0,25.04,-1
049950,미래컴퍼니,2021-01-08,42321,40420,KOSDAQ,1567.0,-4.4919,4,37,7.0558,0.9979,1.3858,0.9414,4.4458,4,1.9492,1.3208,8.9266,291.7426,1,16.23,4
060980,HL홀딩스,2021-01-08,46800,45300,KOSPI,4188.0,-3.2051,0,249,21.123,8.7075,2.3506,1.9093,4.0997,4,8.6234,-0.4043,16.7072,97.8166,1,13.02,1
020150,롯데에너지머티리얼즈,2021-01-08,57900,56400,KOSPI,23722.0,-2.5907,0,102,10.8055,3.3494,1.4155,1.1646,3.0205,3,2.6935,5.9015,16.7072,159.9078,1,45.74,1
006040,동원산업,2021-01-08,45829,45193,KOSPI,19425.0,-1.3878,0,163,11.6869,4.1023,1.6859,1.0373,3.4346,4,1.0674,0.5098,16.7072,109.7123,1,5.43,1
001045,CJ우,2021-01-08,62000,61700,KOSPI,2294.0,-0.4839,0,223,8.8183,1.2383,2.2014,1.4668,2.7437,4,4.903,5.471,16.7072,128.5185,1,7.62,1
140670,알에스오토메이션,2021-01-08,9136,8819,KOSDAQ,3281.0,-3.4698,0,241,5.9212,3.2666,1.4239,1.3263,3.9679,4,1.9105,8.2694,8.9266,156.6647,1,21.96,10
040300,YTN,2021-01-08,4080,4000,KOSDAQ,1707.0,-1.9608,0,64,33.3333,2.391,1.4724,1.5522,6.9107,4,-3.6005,29.4817,8.9266,257.1429,1,25.0,5
105560,KB금융,2021-01-08,48700,46500,KOSPI,579782.0,-4.5175,18,240,7.1429,1.6857,1.6006,1.219,2.6575,3,5.3629,-15.4,16.7072,79.8839,0,3.01,-1
097950,CJ제일제당,2021-01-08,451000,432500,KOSPI,34399.0,-4.102,0,99,13.5171,3.1711,1.8569,1.6098,2.5929,3,-0.8418,2.6031,16.7072,192.2297,1,9.6,4
267260,HD현대일렉트릭,2021-01-08,20800,19950,KOSPI,338483.0,-4.0865,0,79,21.6463,4.456,2.7097,0.9995,4.386,4,0.0206,13.6849,16.7072,312.1901,0,3.26,-1
243840,신흥에스이씨,2021-01-08,10560,10200,KOSDAQ,2375.0,-3.4091,0,101,6.8063,5.2101,1.8973,1.0392,3.8235,4,3.8258,3.1613,8.9266,172.0,1,9.22,1
207940,삼성바이오로직스,2021-01-08,1279976,1217432,KOSPI,791575.0,-4.8863,0,21,1.3317,1.793,1.1817,0.6619,2.381,4,3.9354,-15.6202,16.7072,137.7843,1,5.5,1
097520,엠씨넥스,2021-01-08,44150,43450,KOSPI,5186.0,-1.5855,0,221,7.5495,6.9681,1.7672,1.5757,3.666,4,1.8717,1.6852,16.7072,106.9048,1,53.05,1
053700,삼보모터스,2021-01-08,7960,7820,KOSDAQ,1821.0,-1.7588,0,79,21.6174,11.697,3.3946,1.3907,5.0603,3,-1.5428,18.0214,8.9266,252.2523,1,13.3,1
333430,일승,2021-01-08,2449,2420,KOSDAQ,1761.0,-1.1842,60,80,0.0,1.0,1.0,1.0,100.0,2,0.1497,-8.9266,8.9266,0.0,0,29.96,-1
069080,웹젠,2021-01-11,40300,39200,KOSDAQ,5162.0,-2.7295,0,83,8.7379,4.2399,1.8858,0.959,3.9359,3,-0.6506,7.4112,6.8745,360.6345,1,14.16,1
003470,유안타증권,2021-01-11,3750,3600,KOSPI,9142.0,-4.0,0,101,18.2266,6.6237,2.9249,1.2626,3.8393,4,3.0264,0.7542,14.2618,168.6567,0,-0.28,-1
278280,천보,2021-01-11,212300,205900,KOSDAQ,6321.0,-3.0146,0,73,7.4074,2.7697,1.4124,0.8598,3.7813,4,3.174,11.7315,6.8745,464.1096,0,-0.53,-1
336370,솔루스첨단소재,2021-01-11,26792,25684,KOSPI,6263.0,-4.1356,5,28,4.9226,1.6283,0.7834,1.1856,6.5794,4,9.6211,-14.6342,14.2618,290.5124,1,9.57,10
214370,케어젠,2021-01-11,16800,16080,KOSDAQ,63437.0,-4.2857,0,145,9.9863,3.0287,1.4195,1.1842,3.8997,4,5.707,5.7305,6.8745,0.0,0,0.86,-1
054450,텔레칩스,2021-01-11,18450,17750,KOSDAQ,2228.0,-3.794,0,61,25.4417,22.0247,2.8145,1.7569,6.7002,4,1.2212,39.8197,6.8745,290.9692,1,11.27,10
900140,엘브이엠씨홀딩스,2021-01-11,3077,2928,KOSPI,3051.0,-4.8424,0,220,10.8671,3.8854,1.8692,0.7286,4.4911,2,0.495,-3.2686,14.2618,122.1548,0,10.01,-1
003490,대한항공,2021-01-11,23378,22564,KOSPI,91871.0,-3.4819,0,37,5.2425,5.9949,1.8277,0.5878,3.7189,4,12.6335,-9.3959,14.2618,171.8882,1,41.6,2
241560,두산밥캣,2021-01-11,34250,32600,KOSPI,59622.0,-4.8175,2,250,10.8844,1.5392,1.8332,0.8268,2.947,3,3.121,-4.8658,14.2618,149.8084,0,10.12,-1
006800,미래에셋증권,2021-01-11,10700,10500,KOSPI,294317.0,-1.8692,1,23,10.5263,5.212,2.1341,0.9963,3.1429,4,3.4976,-10.8135,14.2618,199.572,0,0.95,-1
078600,대주전자재료,2021-01-11,54400,53100,KOSDAQ,14784.0,-2.3897,0,90,11.4376,7.494,1.9406,1.0955,3.7194,3,0.8611,8.5603,6.8745,517.4419,0,-1.69,-1
002170,삼양통상,2021-01-12,69400,66300,KOSPI,1734.0,-4.4669,0,98,5.7416,3.5843,2.1289,1.3997,2.187,3,0.356,-6.1876,13.8174,86.7606,0,1.96,-1
009580,무림P&P,2021-01-12,4330,4115,KOSPI,1525.0,-4.9654,0,219,12.5855,5.0102,1.6641,1.158,3.0724,4,5.1416,-4.3759,13.8174,82.4834,1,36.09,5
002310,아세아제지,2021-01-12,8540,8260,KOSPI,4149.0,-3.2787,1,23,10.2804,2.1805,1.4631,0.5244,3.5654,4,13.3657,-7.2368,13.8174,108.5859,1,12.47,8
058860,KTis,2021-01-12,2945,2810,KOSPI,1020.0,-4.584,0,44,8.9147,32.3409,3.0563,1.7521,3.9527,4,2.0096,-2.0878,13.8174,133.195,1,16.37,2
080160,모두투어,2021-01-12,23200,22750,KOSDAQ,2829.0,-1.9397,3,25,7.3113,2.3776,1.3217,0.7903,4.5055,4,17.6355,-0.0755,5.6439,217.2943,1,12.09,2
035760,CJ ENM,2021-01-12,177800,169000,KOSDAQ,16776.0,-4.9494,0,226,14.4986,2.7165,1.7895,1.1922,3.0811,4,0.385,17.4442,5.6439,108.8999,0,2.96,-1
175140,휴먼테크놀로지,2021-01-12,11300,11150,KOSDAQ,1119.0,-1.3274,0,242,34.0144,29.9569,3.1542,2.1053,7.3927,4,8.7204,53.4146,5.6439,296.0924,1,15.25,1
001340,PKC,2021-01-12,5069,4947,KOSPI,2951.0,-2.4068,0,103,23.7988,32.0896,3.4702,1.7161,4.2334,3,-0.8417,10.5103,13.8174,147.35,1,12.98,1
009070,KCTC,2021-01-12,4630,4500,KOSPI,2250.0,-2.8078,0,33,15.8301,6.4029,1.9583,1.5627,6.7937,4,16.0896,-0.4673,13.8174,190.3226,1,22.0,1
323280,태성,2021-01-12,2561,2502,KOSDAQ,22140.0,-2.3038,40,125,0.0,1.5559,1.6822,0.8369,0.9564,4,0.5179,-2.9346,5.6439,5.8824,0,3.32,-1
068270,셀트리온,2021-01-12,344633,333988,KOSPI,525436.0,-3.0888,0,23,8.322,1.1685,0.8191,1.1008,4.3314,4,10.6042,-5.1964,13.8174,182.342,0,1.56,-1
000540,흥국화재,2021-01-13,3420,3300,KOSPI,2573.0,-3.5088,0,224,16.6078,22.7072,3.0393,1.8074,4.9459,4,2.5437,-2.1677,13.6542,154.8263,1,30.0,1
067160,SOOP,2021-01-13,69900,67900,KOSDAQ,8058.0,-2.8612,0,136,11.8616,4.1444,1.9159,1.3372,3.6293,2,1.6532,10.0165,5.4597,74.1026,1,24.89,4
039130,하나투어,2021-01-13,60954,58415,KOSPI,7745.0,-4.1654,3,26,3.6388,1.0155,1.2989,0.9078,3.6911,4,12.1297,-11.9533,13.6542,124.8201,1,15.38,1
178920,PI첨단소재,2021-01-13,41700,40250,KOSPI,5800.0,-3.4772,0,224,10.1231,1.4492,1.5446,0.815,3.4871,4,8.1039,-0.114,13.6542,88.9671,1,11.8,1
030530,원익홀딩스,2021-01-13,6860,6570,KOSDAQ,27999.0,-4.2274,5,25,8.0592,0.9423,1.0591,0.7103,3.4899,4,13.5578,-1.3393,5.4597,141.5441,1,12.48,2
200880,서연이화,2021-01-13,9170,8800,KOSPI,4135.0,-4.0349,0,22,16.5563,1.3575,1.4148,1.0071,8.8474,4,24.5182,2.7479,13.6542,387.5346,0,2.05,-1
036930,주성엔지니어링,2021-01-13,8940,8560,KOSDAQ,23232.0,-4.2506,8,26,7.9445,3.428,1.8232,0.8731,3.9469,3,5.2996,-2.5751,5.4597,114.0,1,30.26,1
058970,엠로,2021-01-13,12650,12200,KOSDAQ,4926.0,-3.5573,13,61,2.521,0.708,0.8817,0.529,2.3419,4,9.8146,-3.3676,5.4597,348.5294,1,75.41,1
317330,덕산테코피아,2021-01-13,20000,19550,KOSDAQ,3923.0,-2.25,0,225,6.5395,4.003,1.3709,1.5623,4.6218,4,1.4261,18.2745,5.4597,166.3488,1,18.67,1
104700,한국철강,2021-01-13,7400,7150,KOSPI,3375.0,-3.3784,0,33,2.7299,1.535,1.3676,0.6508,2.5674,4,12.4679,-8.5072,13.6542,163.8376,1,22.38,4
005960,동부건설,2021-01-13,14500,13800,KOSPI,1540.0,-4.8276,11,20,0.0,0.8164,1.18,0.9343,3.8302,4,7.9539,-15.0828,13.6542,130.0,0,1.81,-1
016580,환인제약,2021-01-14,18600,18500,KOSPI,1962.0,-0.5376,1,116,11.4458,2.2803,1.5639,1.0918,3.3977,4,3.8344,-7.7152,14.037,85.9296,1,10.0,8
036460,한국가스공사,2021-01-14,35700,34600,KOSPI,39464.0,-3.0812,0,248,8.4639,2.2393,1.5953,1.0024,3.4269,4,6.779,1.2963,14.037,110.3343,0,2.02,-1
079810,디이엔티,2021-01-14,9932,9708,KOSDAQ,1188.0,-2.2553,3,43,12.3871,2.3794,1.4255,1.3884,4.6044,4,0.823,12.456,5.4597,528.3495,1,12.02,5
317770,엑스페릭스,2021-01-14,3050,2901,KOSDAQ,1140.0,-4.8852,0,244,10.3461,4.4839,1.4303,0.7251,5.3085,2,4.7002,38.0121,5.4597,93.4,1,8.1,1
138490,코오롱ENP,2021-01-14,5190,4965,KOSPI,4381.0,-4.3353,0,104,5.0794,2.3152,2.0809,1.2104,3.4312,4,3.4714,-3.8261,14.037,152.6718,1,34.74,3
298050,HS효성첨단소재,2021-01-14,176000,168500,KOSPI,11625.0,-4.2614,0,86,5.3125,1.1253,1.7684,1.141,3.8364,4,2.3007,0.2003,14.037,296.4706,1,88.43,6
043610,KT지니뮤직,2021-01-14,5270,5050,KOSDAQ,1109.0,-4.1746,0,71,33.0698,38.9414,3.0414,2.2814,3.5714,3,-3.3916,25.539,5.4597,288.4615,1,26.14,1
079160,CJ CGV,2021-01-14,21358,20297,KOSPI,10084.0,-4.9677,0,246,12.3803,1.5692,1.7003,1.087,3.9946,4,4.7468,7.7645,14.037,130.4382,0,4.47,-1
071840,롯데하이마트,2021-01-14,39800,38300,KOSPI,1924.0,-3.7688,0,135,16.0606,2.3055,2.0995,1.1616,3.1052,4,2.1219,5.8378,14.037,246.6063,1,18.15,6
000070,삼양홀딩스,2021-01-14,55986,53584,KOSPI,4829.0,-4.2904,0,119,2.1621,1.4841,1.1391,1.1331,2.971,4,5.909,4.2265,14.037,148.9963,1,51.31,5
054050,농우바이오,2021-01-14,12250,12150,KOSDAQ,1326.0,-0.8163,0,107,12.5,64.9448,3.3764,2.0877,3.8213,3,0.5569,10.2546,5.4597,91.6404,1,26.34,1
012450,한화에어로스페이스,2021-01-15,36874,36620,KOSPI,590917.0,-0.6888,0,243,9.7722,4.1741,1.913,1.6673,4.7683,4,5.277,16.226,11.9369,142.1157,1,29.76,1
161890,한국콜마,2021-01-15,54700,53500,KOSPI,17184.0,-2.1938,0,250,5.7312,2.6933,1.2651,0.963,3.3645,4,2.1571,4.494,11.9369,75.6979,1,6.73,5
008040,사조동아원,2021-01-15,1090,1040,KOSPI,1553.0,-4.5872,0,222,5.9063,8.5622,1.9238,1.1866,2.6168,4,3.3124,-6.0306,11.9369,120.339,1,14.9,1
064290,인텍플러스,2021-01-15,16950,16500,KOSDAQ,2290.0,-2.6549,0,118,10.3679,5.8825,1.2769,1.2567,5.3247,3,2.7972,21.4382,3.5618,279.3103,1,60.61,3
083650,비에이치아이,2021-01-15,2980,2900,KOSDAQ,22775.0,-2.6846,0,226,7.4074,4.6611,1.4418,1.3091,4.7291,4,6.8704,11.7463,3.5618,162.4434,1,17.07,1
122640,예스티,2021-01-18,13600,13100,KOSDAQ,4996.0,-3.6765,0,248,11.0169,2.13,0.9363,1.6988,6.9526,4,4.0884,40.0237,0.5342,163.0522,1,34.35,2
027710,팜스토리,2021-01-18,1510,1505,KOSDAQ,1305.0,-0.3311,0,156,29.1845,52.8334,3.39,2.0775,4.9359,4,2.2573,24.8824,0.5342,153.7943,1,9.63,1
241770,메카로,2021-01-18,16850,16350,KOSDAQ,2553.0,-2.9674,0,246,21.1111,17.2347,2.1277,1.6603,4.6745,4,4.9612,17.5163,0.5342,150.3828,1,20.18,1
220260,켐트로스,2021-01-18,8600,8320,KOSDAQ,1591.0,-3.2558,0,105,11.5282,3.8704,1.0723,0.8964,4.8935,3,4.6971,14.5418,0.5342,581.9672,0,1.56,-1
145020,휴젤,2021-01-18,230300,224700,KOSDAQ,31990.0,-2.4316,2,58,13.6571,1.8105,1.3829,0.9291,3.2361,3,1.2086,20.9909,0.5342,121.1135,0,2.09,-1
002230,피에스텍,2021-01-19,5050,4920,KOSDAQ,2348.0,-2.5743,1,68,10.6862,1.8515,1.0733,1.1306,4.007,4,0.5225,8.1246,1.4523,173.3333,1,18.09,1
003100,선광,2021-01-19,29800,29400,KOSDAQ,1449.0,-1.3423,12,43,0.3413,0.4042,0.608,0.2642,2.9762,4,10.9913,7.8414,1.4523,194.8847,0,3.4,-1
079550,LIG넥스원,2021-01-19,37300,35950,KOSPI,101420.0,-3.6193,0,146,11.4729,2.1692,1.4442,1.4721,3.4572,3,-0.0859,12.1211,11.631,130.4487,1,30.88,1
001780,알루코,2021-01-19,5870,5620,KOSPI,2213.0,-4.2589,0,105,8.4942,2.4859,1.2904,0.9079,5.8846,4,6.9299,11.4796,11.631,410.9091,0,2.31,-1
014790,HL D&I,2021-01-19,5680,5410,KOSPI,1206.0,-4.7535,0,24,9.2929,2.9727,1.3279,0.8364,4.3966,4,14.5708,0.3772,11.631,203.9326,1,12.38,4
161000,애경케미칼,2021-01-19,10150,9660,KOSPI,4933.0,-4.8276,4,40,7.0953,1.3813,0.9837,1.0581,3.6971,4,7.7113,-5.71,11.631,124.9127,1,22.15,10
039570,HDC랩스,2021-01-19,11550,11200,KOSPI,2123.0,-3.0303,0,249,6.6667,1.0375,1.1051,1.1557,3.9541,4,4.1785,-0.74,11.631,128.3384,1,4.46,5
014830,유니드,2021-01-19,60335,57561,KOSPI,5644.0,-4.5977,2,104,2.999,0.6325,0.914,0.8698,2.4457,3,2.7174,-5.2218,11.631,71.7265,1,32.13,3
058470,리노공업,2021-01-20,33638,32537,KOSDAQ,73621.0,-3.2731,0,118,11.4548,1.7668,1.1033,1.4561,4.1763,4,5.969,25.96,3.2114,150.0154,0,6.09,-1
117730,티로보틱스,2021-01-20,8340,8260,KOSDAQ,5395.0,-0.9592,0,48,12.381,9.4838,2.0548,1.2745,5.3355,4,3.8333,8.1093,3.2114,279.5956,1,45.28,1
038500,삼표시멘트,2021-01-20,4550,4365,KOSDAQ,17396.0,-4.0659,2,176,11.7798,2.4843,2.3608,1.1612,3.6982,4,4.0018,6.1871,3.2114,120.4545,1,29.67,10
007340,DN오토모티브,2021-01-20,5968,5748,KOSPI,17114.0,-3.6863,0,218,3.0477,0.9376,0.5666,0.8341,3.856,3,5.6355,0.2012,12.3502,38.6731,0,2.44,-1
205100,엑셈,2021-01-20,2506,2388,KOSDAQ,1529.0,-4.7087,0,128,7.1332,0.4508,0.5455,1.0664,4.729,4,5.443,15.5355,3.2114,178.3217,1,19.1,3
047810,한국항공우주,2021-01-20,33250,31600,KOSPI,157227.0,-4.9624,0,250,14.9091,2.9946,1.7536,1.3949,4.2495,3,6.4414,9.4224,12.3502,95.6656,1,29.75,3
090430,아모레퍼시픽,2021-01-20,240500,229500,KOSPI,96045.0,-4.5738,0,249,8.5106,1.4209,1.4542,1.2455,3.7193,4,7.6349,-2.2783,12.3502,62.1908,1,10.68,2
036530,SNT홀딩스,2021-01-20,16800,16200,KOSPI,9864.0,-3.5714,0,152,8.7248,1.7378,1.3811,1.0586,2.9541,2,1.6017,-2.8907,12.3502,61.194,1,22.22,1
013570,디와이,2021-01-20,5820,5800,KOSPI,1411.0,-0.3436,0,250,13.2812,28.4259,2.6777,1.9463,4.9446,4,3.7485,13.5998,12.3502,151.0823,1,11.03,1
256840,한국비엔씨,2021-01-20,5786,5510,KOSDAQ,3201.0,-4.7701,0,96,31.9444,2.6917,0.7046,2.0654,6.7527,3,-0.9611,30.2672,3.2114,425.7634,1,66.1,1
036710,심텍홀딩스,2021-01-20,2940,2810,KOSDAQ,1387.0,-4.4218,0,108,3.4991,1.4273,0.8675,0.6608,4.1307,4,4.324,7.4185,3.2114,274.6667,1,10.68,1
081660,미스토홀딩스,2021-01-20,49200,47500,KOSPI,28510.0,-3.4553,5,250,-0.4193,0.8441,0.7878,0.9281,3.3383,4,5.4703,-3.9027,12.3502,151.9894,0,1.05,-1
103590,일진전기,2021-01-20,3345,3195,KOSPI,32569.0,-4.4843,4,48,2.8986,1.8366,0.8555,0.7826,3.9571,4,4.2057,-10.8572,12.3502,196.9331,1,35.49,2
028100,동아지질,2021-01-21,19200,18650,KOSPI,2449.0,-2.8646,0,185,9.3842,6.5593,1.8245,1.5767,4.4044,3,3.9697,3.9111,13.7545,87.6258,0,1.34,-1
098120,마이크로컨텍솔,2021-01-21,6690,6370,KOSDAQ,1829.0,-4.7833,1,22,7.2391,0.8259,1.1815,0.8067,3.8798,4,3.0363,2.5461,2.9174,221.7172,1,12.09,3
264660,씨앤지하이테크,2021-01-21,15584,14946,KOSDAQ,1837.0,-4.0939,0,20,6.6733,1.1809,1.0196,0.8008,4.7724,4,15.9779,4.887,2.9174,245.0935,1,8.54,4
194480,데브시스터즈,2021-01-21,17700,17250,KOSDAQ,4579.0,-2.5424,0,24,5.8282,10.5901,1.9383,1.0674,8.2402,4,21.6693,11.321,2.9174,345.1613,1,273.91,1
097955,CJ제일제당 우,2021-01-21,211000,205000,KOSPI,1892.0,-2.8436,0,108,9.3333,1.3552,1.0922,1.7032,3.7108,4,4.0116,11.2455,13.7545,199.2701,1,14.88,1
108670,LX하우시스,2021-01-21,83900,82900,KOSPI,2789.0,-1.1919,3,37,5.6051,2.9204,1.0397,1.0254,3.4637,3,7.1061,-8.1494,13.7545,173.1466,1,23.04,2
019010,베뉴지,2021-01-21,1945,1910,KOSDAQ,2070.0,-1.7995,8,111,2.4129,0.5555,0.4345,1.2084,3.9828,4,6.9765,7.169,2.9174,136.6791,1,2.88,1
336570,원텍,2021-01-21,2787,2734,KOSDAQ,7467.0,-1.9017,60,20,0.4778,0.6396,0.4773,1.2957,1.2985,3,0.935,-4.5721,2.9174,5.3565,0,3.15,-1
007810,코리아써키트,2021-01-21,18250,17900,KOSPI,12873.0,-1.9178,0,120,22.1843,4.2515,2.6429,2.1229,5.0279,3,2.8206,11.4203,13.7545,256.5737,0,-0.28,-1
093520,매커스,2021-01-21,5680,5540,KOSDAQ,3279.0,-2.4648,0,55,8.4149,2.2679,1.0059,1.0841,4.3966,4,3.1215,5.4974,2.9174,208.6351,1,24.91,3
045100,한양이엔지,2021-01-21,18400,18250,KOSDAQ,5103.0,-0.8152,2,22,11.9632,7.3601,1.6971,1.4397,4.0117,3,15.1273,5.7135,2.9174,161.8364,1,20.55,1
006140,피제이전자,2021-01-21,7300,7150,KOSDAQ,1188.0,-2.0548,7,100,0.7042,0.9215,0.7577,1.4131,4.016,4,6.0694,8.627,2.9174,146.1274,1,22.94,1
057050,현대홈쇼핑,2021-01-21,88400,84200,KOSPI,8040.0,-4.7511,4,23,3.8224,2.7468,1.2722,1.0762,2.4262,3,3.7352,-13.2772,13.7545,99.0544,0,2.14,-1
004090,한국석유,2021-01-21,6006,5773,KOSPI,1969.0,-3.8795,0,248,7.7253,1.5494,1.2348,2.0105,3.353,2,2.3775,1.0625,13.7545,86.1658,1,10.31,3
089470,HDC현대EP,2021-01-21,7760,7550,KOSPI,1640.0,-2.7062,0,68,9.4203,2.2738,0.8296,1.615,5.5061,4,4.42,5.5188,13.7545,281.3131,0,-1.19,-1
011700,한신기계,2021-01-21,1840,1755,KOSPI,1376.0,-4.6196,1,230,7.0122,2.1996,1.8803,1.2392,2.4624,3,0.1265,-6.7423,13.7545,89.3204,0,12.25,-1
217500,러셀,2021-01-21,3590,3435,KOSDAQ,1069.0,-4.3175,0,48,21.3781,3.4144,2.6397,1.2536,5.0426,3,5.4423,21.9917,2.9174,273.3696,1,80.79,1
008110,대동전자,2021-01-21,4900,4685,KOSPI,1578.0,-4.3878,0,23,3.7652,5.9248,1.741,1.2351,2.3327,4,0.066,-10.6742,13.7545,67.0232,1,41.52,2
003570,SNT다이내믹스,2021-01-21,6690,6640,KOSPI,16510.0,-0.7474,0,250,7.9675,9.9995,1.9781,0.9806,2.9583,4,4.8346,-0.2502,13.7545,49.7182,1,7.38,3
333430,일승,2021-01-22,2449,2420,KOSDAQ,1761.0,-1.1842,60,90,0.0,1.0,1.0,1.0,100.0,2,0.0,-5.5183,5.5183,0.0,1,40.29,10
089980,상아프론테크,2021-01-22,55100,52500,KOSDAQ,2846.0,-4.7187,0,111,7.362,2.9412,0.9151,1.0064,5.1293,3,6.3418,10.8897,5.5183,608.502,1,19.81,1
111770,영원무역,2021-01-22,35650,34300,KOSPI,43071.0,-3.7868,0,159,3.1579,1.1529,0.8375,0.8774,3.6651,4,4.3517,-4.4195,14.8865,111.7284,1,22.45,3
078340,컴투스,2021-01-22,178400,171900,KOSDAQ,4202.0,-3.6435,0,33,1.716,2.2387,0.995,0.5746,3.5694,4,12.3922,11.98,5.5183,151.6837,0,1.98,-1
037460,삼지전자,2021-01-22,14700,14000,KOSDAQ,3598.0,-4.7619,0,108,4.8689,2.8732,0.9499,1.8794,4.7704,4,3.1813,14.1398,5.5183,159.2593,1,23.21,1
035420,NAVER,2021-01-22,347000,343500,KOSPI,398406.0,-1.0086,0,99,12.2549,2.6461,1.1445,1.3882,4.242,3,0.866,6.0642,14.8865,154.4444,1,18.05,1
015860,일진홀딩스,2021-01-22,6880,6610,KOSPI,3711.0,-3.9244,0,110,15.3578,5.4549,1.5186,1.8467,4.4305,4,5.6372,8.2047,14.8865,257.2973,1,29.95,1
073240,금호타이어,2021-01-22,4280,4145,KOSPI,21142.0,-3.1542,3,84,7.1059,2.2078,1.4282,1.4075,3.8601,3,1.5279,-5.8076,14.8865,60.3482,0,2.53,-1
095610,테스,2021-01-25,31500,30000,KOSDAQ,12874.0,-4.7619,8,41,10.9057,1.3682,1.3316,0.9961,3.4048,4,5.4208,-2.4265,8.2466,99.3355,1,11.0,3
071280,로체시스템즈,2021-01-25,7150,6860,KOSDAQ,1667.0,-4.0559,0,230,13.0148,1.6272,1.4209,1.1562,3.6547,4,5.2914,2.2204,8.2466,154.0741,1,6.27,2
024090,디씨엠,2021-01-25,12900,12300,KOSPI,1361.0,-4.6512,0,194,3.3613,1.2066,0.7409,0.569,1.7131,4,3.4308,-13.7753,16.2753,32.116,0,5.69,-1
014580,태경비케이,2021-01-25,5180,5140,KOSPI,1302.0,-0.7722,0,250,22.0903,12.1011,2.0526,1.6435,5.2599,4,5.7954,17.9283,16.2753,161.5776,1,6.61,2
023760,한국캐피탈,2021-01-25,620,591,KOSDAQ,2822.0,-4.6774,14,38,3.5026,1.9857,0.7304,0.8991,2.3084,3,3.6979,-7.3933,8.2466,76.4179,0,3.72,-1
900140,엘브이엠씨홀딩스,2021-01-25,3077,2962,KOSPI,3051.0,-3.7374,1,230,12.282,2.095,1.0131,1.149,5.3897,3,3.9739,7.2443,16.2753,124.7344,1,8.74,1
008970,KBI동양철관,2021-01-25,2322,2229,KOSPI,1881.0,-4.0052,4,42,5.2408,1.9561,1.1504,0.6115,3.682,4,3.1721,-6.2013,16.2753,76.7645,1,17.09,2
036190,금화피에스시,2021-01-25,30200,28750,KOSDAQ,1971.0,-4.8013,27,107,1.7699,0.4719,0.6742,0.4952,2.1242,3,0.5378,-11.4452,8.2466,53.7433,0,2.43,-1
001680,대상,2021-01-25,30300,28950,KOSPI,7969.0,-4.4554,0,98,4.7016,1.1249,0.7485,1.1674,3.5159,3,2.3446,-6.1993,16.2753,120.1521,0,0.69,-1
031330,에스에이엠티,2021-01-25,2660,2595,KOSDAQ,4730.0,-2.4436,2,245,9.4937,2.724,0.9472,1.065,2.4635,4,1.8366,-2.7588,8.2466,84.0426,1,19.85,1
241560,두산밥캣,2021-01-25,34000,33000,KOSPI,59622.0,-2.9412,11,42,4.1009,0.7171,0.8148,0.7208,3.9394,4,3.0223,-4.6002,16.2753,152.8736,1,12.42,2
120110,코오롱인더,2021-01-25,47450,45500,KOSPI,17007.0,-4.1096,0,249,10.5711,1.4504,0.852,1.3021,3.9796,4,3.9078,-1.0855,16.2753,124.1379,1,29.67,6
001750,한양증권,2021-01-25,10600,10100,KOSPI,2826.0,-4.717,0,108,8.2529,2.3822,1.1215,1.4138,3.2744,3,2.9712,-9.397,16.2753,130.5936,1,9.41,9
016740,두올,2021-01-26,4345,4130,KOSPI,1396.0,-4.9482,0,132,8.6842,6.9534,1.3129,1.3544,5.8371,3,1.9455,10.6721,11.8798,163.0573,0,0.0,-1
053610,프로텍,2021-01-26,34850,34800,KOSDAQ,5654.0,-0.1435,0,97,33.0784,20.8737,2.4578,2.1273,3.6741,3,-1.404,30.7881,7.0336,254.7401,1,12.07,1
067900,와이엔텍,2021-01-26,15000,14700,KOSDAQ,1279.0,-2.0,0,110,9.7015,6.1652,1.6703,0.7703,3.1584,4,4.4957,1.4534,7.0336,105.0209,1,15.99,5
023590,다우기술,2021-01-26,26450,26350,KOSPI,23420.0,-0.3781,0,90,11.6525,11.3276,1.8791,1.5327,3.9713,4,4.2794,7.6213,11.8798,128.1385,1,9.87,1
115310,인포바인,2021-01-26,21750,20750,KOSDAQ,2551.0,-4.5977,0,232,4.534,0.4396,0.9072,1.2841,2.2547,3,3.1417,0.7586,7.0336,39.2617,0,1.93,-1
323280,태성,2021-01-26,2561,2538,KOSDAQ,22140.0,-0.8981,47,135,0.4751,0.3051,0.2354,0.7057,0.8499,4,1.0817,-4.3637,7.0336,7.4058,1,1.85,3
264900,크라운제과,2021-01-27,10250,10050,KOSPI,1091.0,-1.9512,0,173,13.6878,40.3686,3.3458,1.921,3.8877,3,1.9008,0.8616,11.1785,104.4761,1,21.39,1
000430,대원강업,2021-01-27,4810,4605,KOSPI,2514.0,-4.262,0,84,10.2994,7.4127,1.9318,2.0009,5.615,4,0.3089,9.8464,11.1785,100.2174,1,12.7,3
016800,퍼시스,2021-01-27,31500,29950,KOSPI,4836.0,-4.9206,7,30,2.5685,0.7936,1.0332,0.5817,1.5383,3,0.4882,-12.3336,11.1785,24.2739,0,3.17,-1
128940,한미약품,2021-01-27,399036,382799,KOSPI,75713.0,-4.0691,0,116,11.5707,4.612,1.2406,1.2122,4.5855,4,10.6544,13.8216,11.1785,93.2118,0,3.33,-1
031980,피에스케이홀딩스,2021-01-28,9350,8890,KOSDAQ,15654.0,-4.9198,5,237,-1.2222,0.868,0.8662,1.2893,2.8523,4,8.0179,10.0358,0.399,109.1765,0,0.0,-1
091700,파트론,2021-01-28,12600,12000,KOSDAQ,4004.0,-4.7619,0,235,3.8961,4.7085,1.3434,1.2214,4.0774,4,4.0908,6.7439,0.399,95.7586,0,6.67,-1
000180,성창기업지주,2021-01-28,2615,2485,KOSPI,1050.0,-4.9713,0,24,6.424,7.507,1.8098,0.9675,4.5415,4,8.1329,2.3738,8.8119,150.0,0,0.8,-1
282330,BGF리테일,2021-01-29,174000,170000,KOSPI,21812.0,-2.2989,0,250,11.8421,2.6165,1.3233,1.2181,5.084,3,5.6317,21.8858,3.5755,61.1374,1,4.41,9
003240,태광산업,2021-02-01,961000,933000,KOSPI,10778.0,-2.9136,0,250,10.0236,3.6886,1.282,1.4497,3.9274,4,6.8302,12.5277,3.8065,91.5811,1,11.25,2
145720,덴티움,2021-02-02,51200,50100,KOSPI,5523.0,-2.1484,0,250,6.3694,2.7395,1.305,1.3081,5.1326,4,7.0637,17.6083,3.5525,88.3459,1,25.95,1
016590,신대양제지,2021-02-02,6920,6580,KOSPI,6448.0,-4.9133,5,38,5.7878,2.9885,1.525,0.6575,3.3977,3,6.2851,-0.74,3.5525,64.7059,1,33.89,7
192400,쿠쿠홀딩스,2021-02-02,21800,21000,KOSPI,10046.0,-3.6697,0,250,6.1678,2.3057,0.9205,1.8056,3.1221,4,0.1596,3.6998,3.5525,78.2683,1,29.05,2
213420,덕산네오룩스,2021-02-02,39600,38350,KOSDAQ,10404.0,-3.1566,0,115,4.6385,2.8042,1.3261,1.8186,4.3863,3,4.7,12.5864,-2.2267,93.6869,1,15.12,2
298040,효성중공업,2021-02-03,77500,74800,KOSPI,218847.0,-3.4839,0,101,5.7992,3.5078,1.3748,1.3444,5.6054,4,4.2874,10.7091,5.44,776.905,1,29.01,1
001430,세아베스틸지주,2021-02-03,13800,13450,KOSPI,28941.0,-2.5362,1,166,-0.738,1.6924,0.9992,1.4766,5.3107,4,7.9989,11.0102,5.44,156.1905,1,29.74,1
285130,SK케미칼,2021-02-03,310915,308580,KOSPI,11400.0,-0.751,4,115,12.1212,1.8067,1.1428,1.1464,6.0386,3,4.3188,14.6899,5.44,841.9701,0,-1.08,-1
079370,제우스,2021-02-03,9865,9733,KOSDAQ,5661.0,-1.3381,2,24,4.2859,2.0667,1.2397,1.1536,6.7847,4,12.7703,9.8389,-1.0903,399.3843,0,11.48,-1
000120,CJ대한통운,2021-02-03,193500,189500,KOSPI,31184.0,-2.0672,0,77,12.1302,4.4335,1.6337,1.5097,3.6185,4,0.0503,4.7344,5.44,72.2727,1,2.64,1
047050,포스코인터내셔널,2021-02-03,19900,19300,KOSPI,112591.0,-3.0151,0,240,19.1358,1.6498,2.1206,1.7353,5.3294,4,5.2041,22.7992,5.44,123.3796,1,31.61,1
344820,KCC글라스,2021-02-04,41350,39450,KOSPI,4504.0,-4.5949,7,31,6.7659,2.5102,0.9561,1.2893,3.6484,4,7.1723,6.6853,1.8429,228.75,1,31.05,5
016710,대성홀딩스,2021-02-04,28800,27600,KOSPI,1411.0,-4.1667,13,20,0.1815,1.0863,0.808,0.2873,1.7987,4,6.6439,-0.744,1.8429,265.5629,1,8.33,2
007700,F&F홀딩스,2021-02-04,58500,56750,KOSPI,8312.0,-2.9915,0,197,10.1942,0.3965,0.5599,1.2857,5.651,2,2.052,29.6751,1.8429,42.0526,1,37.44,1
336570,원텍,2021-02-04,2787,2734,KOSDAQ,7467.0,-1.9017,60,30,0.0,1.3582,1.7071,0.324,0.6035,4,0.79,2.4554,-2.4554,5.3565,1,3.15,4
009160,SIMPAC,2021-02-04,2995,2870,KOSPI,3439.0,-4.1736,0,242,3.2374,1.0637,0.7666,1.3899,2.6506,2,5.8868,9.6134,1.8429,72.3724,1,30.84,1
033530,SJG세종,2021-02-04,12000,11450,KOSPI,2991.0,-4.5833,0,99,16.5988,3.3231,1.0617,1.6546,5.8391,3,5.6133,19.9656,1.8429,408.8889,1,13.54,1
085910,네오티스,2021-02-04,4360,4185,KOSDAQ,1555.0,-4.0138,0,159,10.4222,75.9882,3.2703,1.933,4.779,2,0.8028,11.1567,-2.4554,73.6515,0,2.51,-1
056190,에스에프에이,2021-02-04,43650,42500,KOSDAQ,11455.0,-2.6346,0,247,10.3896,1.6064,1.1233,1.5153,4.0672,4,1.3693,8.5727,-2.4554,55.1095,1,11.29,1
006040,동원산업,2021-02-05,47648,45465,KOSPI,19425.0,-4.5815,10,20,3.7327,0.6779,0.6913,1.2367,2.7428,3,5.665,1.6028,-1.0009,110.9745,1,13.4,3
000210,DL,2021-02-05,90271,89700,KOSPI,9703.0,-0.6325,0,102,47.0492,1.4739,1.9015,2.0149,28.8262,2,0.3946,20.6009,-1.0009,0.0,1,8.7,1
073240,금호타이어,2021-02-08,4280,4140,KOSPI,21142.0,-3.271,7,95,5.7471,0.9921,0.7393,1.5016,4.8482,4,2.5433,13.1074,-1.8171,60.1547,0,1.93,-1
010955,S-Oil우,2021-02-08,46100,44150,KOSPI,2216.0,-4.2299,1,242,13.6422,2.6501,1.1392,1.285,3.171,3,8.2306,12.0543,-1.8171,73.1373,1,20.27,1
086520,에코프로,2021-02-08,8527,8218,KOSDAQ,211811.0,-3.6238,7,20,2.4305,0.8137,1.0726,1.1499,4.498,3,14.2274,3.5579,-1.6229,369.6,1,11.47,3
024090,디씨엠,2021-02-08,12900,12400,KOSPI,1361.0,-3.876,5,204,2.4793,1.0729,1.365,1.1891,2.3906,4,3.4629,6.0188,-1.8171,33.1901,1,7.66,10
078020,LS증권,2021-02-08,7620,7330,KOSDAQ,3334.0,-3.8058,9,20,10.0601,0.9189,1.3074,1.1921,3.206,3,4.9827,2.3097,-1.6229,134.9359,0,3.68,-1
020000,한섬,2021-02-08,38150,37100,KOSPI,4757.0,-2.7523,0,144,18.9103,8.6644,1.6416,1.9388,4.0431,3,3.2361,25.4838,-1.8171,133.3333,1,6.87,1
091120,이엠텍,2021-02-08,15086,14355,KOSDAQ,1290.0,-4.8456,0,122,18.5482,1.58,2.0988,1.2607,4.8579,4,5.1038,21.6279,-1.6229,178.9545,1,26.86,3
001720,신영증권,2021-02-08,56200,54400,KOSPI,30989.0,-3.2028,28,20,0.7407,0.6857,0.8635,0.8191,2.0089,3,5.0479,1.2686,-1.8171,37.7215,1,5.7,2
023760,한국캐피탈,2021-02-09,620,592,KOSDAQ,2822.0,-4.5161,18,49,1.7182,2.0341,1.1208,1.1297,2.6665,4,3.2899,3.8751,-1.6298,76.7164,0,23.82,-1
030210,다올투자증권,2021-02-09,4400,4275,KOSPI,2500.0,-2.8409,0,21,14.1522,2.2481,1.5267,1.2155,5.1211,4,12.9527,12.3595,-1.3206,185.0,1,22.81,1
003100,선광,2021-02-09,29800,28400,KOSDAQ,1449.0,-4.698,19,58,0.531,0.9708,0.6696,0.2526,2.3013,3,6.2025,-1.4418,-1.6298,184.8546,1,7.39,5
089970,브이엠,2021-02-09,21400,20500,KOSDAQ,7763.0,-4.2056,5,26,9.6257,2.77,1.2709,0.9295,5.0174,4,16.0427,8.6794,-1.6298,355.5556,1,11.95,2
215200,메가스터디교육,2021-02-10,50000,49000,KOSDAQ,4732.0,-2.0,0,241,9.9888,3.0842,1.0881,1.3906,3.6152,3,6.3605,14.6776,-1.5136,75.0,1,14.69,2
063080,컴투스홀딩스,2021-02-10,41300,40800,KOSDAQ,1401.0,-1.2107,0,104,11.1717,4.7864,1.2747,1.5198,4.1667,3,5.5973,10.897,-1.5136,201.107,1,10.29,1
003540,대신증권,2021-02-10,14500,13850,KOSPI,18025.0,-4.4828,18,58,9.4862,7.9525,1.9104,1.1814,2.9397,3,-1.7173,7.2406,-1.5154,108.2707,0,10.11,-1
002350,넥센타이어,2021-02-10,8040,7820,KOSPI,9503.0,-2.7363,0,248,17.4174,2.8319,1.7251,1.4846,5.5353,4,7.069,29.5023,-1.5154,104.9803,1,8.31,7
016800,퍼시스,2021-02-10,31500,30000,KOSPI,4836.0,-4.7619,11,40,0.8403,0.3287,0.9917,1.0408,1.7619,4,0.4327,5.6821,-1.5154,24.4813,0,1.33,-1
016610,DB증권,2021-02-10,6300,6080,KOSPI,5743.0,-3.4921,0,22,17.1484,1.0387,2.4579,1.4139,5.1046,4,9.4971,13.0751,-1.5154,164.3478,0,3.45,-1
010060,OCI홀딩스,2021-02-10,92974,90591,KOSPI,28360.0,-2.5631,0,22,6.5426,2.7989,1.172,1.2764,6.203,4,18.7013,7.071,-1.5154,331.0163,1,21.49,1
023530,롯데쇼핑,2021-02-10,124500,120500,KOSPI,32108.0,-3.2129,5,20,8.5586,0.9616,1.226,1.0456,4.1494,4,8.0184,1.5154,-1.5154,108.4775,1,12.03,7
011700,한신기계,2021-02-10,1840,1770,KOSPI,1376.0,-3.8043,2,244,5.0445,57.4322,3.2572,1.7057,3.8943,4,1.7364,9.7723,-1.5154,90.9385,1,9.04,1
030200,KT,2021-02-15,25900,24700,KOSPI,152977.0,-4.6332,12,122,2.7027,0.9903,0.8707,0.6231,2.0098,2,1.4865,2.3705,-0.093,43.1884,1,10.73,1
036030,케이티알파,2021-02-15,12400,12000,KOSDAQ,2417.0,-3.2258,0,21,42.5178,0.7286,2.2766,1.4466,6.3214,4,19.5787,42.0087,0.1714,269.2308,1,66.25,1
210540,디와이파워,2021-02-15,13650,13300,KOSPI,1650.0,-2.5641,6,24,10.8333,3.5039,1.5838,1.1157,4.0816,3,3.2413,1.2337,-0.093,199.2126,1,33.08,1
115310,인포바인,2021-02-15,21750,20750,KOSDAQ,2551.0,-4.5977,3,244,1.467,0.4651,0.4784,1.1132,2.4269,4,3.7823,3.5786,0.1714,39.2617,0,1.93,-1
014160,대영포장,2021-02-15,2385,2370,KOSPI,1174.0,-0.6289,0,21,17.9104,3.3808,1.0545,1.3131,7.4895,4,15.0779,33.2391,-0.093,264.6154,1,69.41,1
013120,동원개발,2021-02-15,5410,5150,KOSDAQ,2715.0,-4.8059,8,26,4.4625,1.1523,1.0276,1.1256,3.5229,3,5.635,2.2143,0.1714,80.0699,0,8.16,-1
036190,금화피에스시,2021-02-15,30200,28800,KOSDAQ,1971.0,-4.6358,31,120,2.1277,1.877,1.2897,0.9201,2.2445,2,0.7282,0.1771,0.1714,54.0107,0,2.78,-1
101360,에코앤드림,2021-02-15,34972,33507,KOSDAQ,3700.0,-4.1891,2,27,5.627,2.6689,1.0276,0.8286,5.9668,4,17.5373,7.0613,0.1714,864.5078,1,5.79,1
071050,한국금융지주,2021-02-15,95400,91700,KOSPI,131235.0,-3.8784,0,23,9.952,2.1134,0.964,1.3888,3.5208,4,6.174,4.5349,-0.093,205.6667,1,4.91,5
011170,롯데케미칼,2021-02-16,310993,296706,KOSPI,32766.0,-4.594,2,22,9.6831,0.8521,1.3764,1.0005,3.9554,4,4.1485,0.9817,2.5066,172.0526,1,8.51,5
094170,동운아나텍,2021-02-16,11398,10943,KOSDAQ,6524.0,-3.9919,4,29,13.2113,1.1178,1.0758,1.1431,5.7258,4,9.2995,2.5234,1.379,404.2857,0,-0.01,-1
003960,사조대림,2021-02-16,17650,16800,KOSPI,3441.0,-4.8159,16,25,2.439,1.7929,0.7519,0.6007,2.8061,4,5.0916,-3.683,2.5066,94.8956,1,24.7,1
139480,이마트,2021-02-16,191500,189000,KOSPI,32453.0,-1.3055,2,22,12.5,2.633,1.1905,0.9022,3.7982,4,4.4653,5.8029,2.5066,94.2446,0,1.06,-1
002200,한국수출포장,2021-02-16,2670,2565,KOSPI,1286.0,-3.9326,0,51,8.6864,4.7919,1.6528,0.9095,3.2581,4,6.8607,8.5324,2.5066,95.8015,0,3.51,-1
093320,케이아이엔엑스,2021-02-16,99000,94100,KOSDAQ,6129.0,-4.9495,0,107,7.9128,1.6472,0.7745,1.1826,3.6132,3,2.4915,13.2373,1.379,172.7536,0,0.74,-1
008730,율촌화학,2021-02-16,29900,28850,KOSPI,6932.0,-3.5117,0,22,17.7551,0.976,1.4416,0.8486,5.2983,4,16.1655,14.2951,2.5066,182.8431,0,1.04,-1
272290,이녹스첨단소재,2021-02-16,26559,25300,KOSDAQ,7832.0,-4.7404,0,101,3.9014,2.0541,0.9459,0.9642,3.55,3,2.5253,4.0376,1.379,88.7919,0,2.96,-1
005070,코스모신소재,2021-02-16,21830,21040,KOSPI,16938.0,-3.6189,3,29,10.3593,7.6135,1.5462,0.7617,4.226,4,11.2981,2.6777,2.5066,335.701,1,10.57,1
093050,LF,2021-02-17,16350,15750,KOSPI,6243.0,-3.6697,5,65,4.6512,1.2506,1.1312,0.7389,2.7211,3,-1.0313,3.9018,3.9749,77.7652,1,9.21,1
105550,엣지파운드리,2021-02-17,3025,2940,KOSDAQ,1202.0,-2.8099,0,181,16.4356,3.1653,2.0005,1.1965,4.6672,4,13.7307,14.1201,3.7156,147.0588,1,5.61,1
078150,HB테크놀러지,2021-02-17,3065,3000,KOSDAQ,2021.0,-2.1207,0,240,22.6994,3.2547,1.5968,1.2516,4.9405,3,9.3092,32.031,3.7156,96.7213,1,2.5,1
047310,파워로직스,2021-02-17,11050,10600,KOSDAQ,2200.0,-4.0724,1,25,14.7186,4.374,1.4874,0.9886,4.6563,4,4.5145,7.9809,3.7156,124.3386,0,2.83,-1
058850,KTcs,2021-02-17,2790,2740,KOSPI,1225.0,-1.7921,0,22,15.1261,11.544,2.9692,1.1988,5.1877,4,4.6068,12.3733,3.9749,136.2069,1,40.88,1
058470,리노공업,2021-02-17,33638,31997,KOSDAQ,73621.0,-4.8784,3,136,6.112,0.5942,0.8258,0.6765,3.0135,4,9.0394,1.0724,3.7156,134.3244,1,9.76,2
058630,엠게임,2021-02-17,6920,6820,KOSDAQ,1075.0,-1.4451,0,124,10.0,2.0065,1.1689,0.7881,4.3674,4,7.969,6.9987,3.7156,241.0,1,45.75,1
234340,헥토파이낸셜,2021-02-17,25238,25036,KOSDAQ,4058.0,-0.8004,0,24,17.2756,52.2575,3.3076,1.7788,4.2559,4,3.9457,9.7852,3.7156,213.6164,1,10.54,1
053690,한미글로벌,2021-02-17,11900,11400,KOSPI,2208.0,-4.2017,0,40,11.7647,6.7716,1.3956,0.8533,3.6654,4,4.4854,3.5723,3.9749,141.5254,1,4.82,1
091700,파트론,2021-02-17,12600,12100,KOSDAQ,4004.0,-3.9683,2,247,6.6079,1.2837,0.6026,1.1377,4.7816,4,5.4393,4.8046,3.7156,97.3899,1,5.79,1
280360,롯데웰푸드,2021-02-18,145000,140500,KOSPI,11733.0,-3.1034,1,250,5.6391,2.1152,1.612,1.7186,4.9822,3,5.6894,29.6871,-0.194,55.4204,0,2.14,-1
000180,성창기업지주,2021-02-18,2615,2500,KOSPI,1050.0,-4.3977,1,37,11.6071,2.2479,1.0407,0.7013,4.1143,4,6.9068,13.0608,-0.194,151.5091,0,1.8,-1
002840,미원상사,2021-02-18,155000,149000,KOSPI,7073.0,-3.871,0,31,13.7405,2.3866,1.6723,0.8319,3.0681,4,9.9618,15.2519,-0.194,195.0495,1,36.91,1
205500,넥써쓰,2021-02-18,2400,2285,KOSDAQ,1494.0,-4.7917,0,132,16.285,1.448,1.3581,1.46,7.4711,4,6.899,37.4752,1.0097,258.1505,0,49.23,-1
032350,롯데관광개발,2021-02-18,19650,18800,KOSPI,20879.0,-4.3257,0,124,12.5749,1.8149,1.2745,0.8873,3.8564,4,2.7491,20.3218,-0.194,0.0,1,17.82,4
241710,코스메카코리아,2021-02-18,15500,14950,KOSDAQ,10691.0,-3.5484,0,125,4.1812,1.6049,0.7678,0.9379,3.8939,4,3.2006,14.8818,1.0097,164.6018,0,2.34,-1
011200,HMM,2021-02-19,17000,16400,KOSPI,199966.0,-3.5294,3,31,13.1034,1.9538,1.5438,0.6936,4.5732,4,8.4062,11.7871,-0.2225,673.5849,1,64.63,1
001390,KG케미칼,2021-02-19,5190,5180,KOSPI,4000.0,-0.1927,3,32,14.6018,5.6462,2.4607,0.8822,3.7093,4,6.2636,9.7362,-0.2225,220.9418,1,11.78,1
024850,HLB이노베이션,2021-02-19,1830,1790,KOSDAQ,4685.0,-2.1858,0,26,23.0241,2.8962,1.8244,0.6126,5.3871,4,7.9176,28.234,-1.2837,229.6501,0,12.01,-1
102260,동성케미컬,2021-02-19,5215,4959,KOSPI,2215.0,-4.9089,5,39,3.6797,1.2319,1.1928,0.4212,1.6204,4,5.6293,4.7766,-0.2225,141.6667,0,4.56,-1
000660,SK하이닉스,2021-02-19,140000,133000,KOSPI,6377301.0,-5.0,5,27,5.5556,1.509,0.9719,1.1036,3.84,4,12.5479,2.1382,-0.2225,102.1277,1,13.16,3
032560,황금에스티,2021-02-19,7994,7641,KOSPI,1037.0,-4.4158,0,30,8.0458,2.5053,1.9954,0.9072,3.5364,4,7.2624,8.8984,-0.2225,168.7654,1,9.08,1
003380,하림지주,2021-02-22,9330,9070,KOSDAQ,18134.0,-2.7867,8,33,8.4928,10.0728,2.0784,0.5342,3.2919,4,6.4866,3.0942,-2.7624,150.899,1,7.28,9
088350,한화생명,2021-02-22,3645,3470,KOSPI,35349.0,-4.8011,0,28,17.8268,3.7683,2.4745,1.0057,5.527,4,16.6877,18.2321,-2.5655,293.8706,1,5.62,1
003570,SNT다이내믹스,2021-02-22,7400,7120,KOSPI,16510.0,-3.7838,0,20,5.638,0.4319,1.0615,0.616,2.7588,4,7.0539,9.7944,-2.5655,60.5411,1,12.92,6
272550,삼양패키징,2021-02-22,23000,21900,KOSPI,1899.0,-4.7826,3,101,5.7971,3.7464,1.6275,1.1046,2.3646,3,0.1591,8.8761,-2.5655,92.1053,1,14.16,7
002030,아세아,2021-02-22,101000,97200,KOSPI,5990.0,-3.7624,4,250,3.5144,1.8818,1.1577,0.948,3.1305,4,4.375,3.7101,-2.5655,46.8278,0,0.0,-1
082640,동양생명,2021-02-22,4550,4430,KOSPI,12021.0,-2.6374,0,30,10.0621,7.0845,2.0761,0.8443,3.644,4,5.8141,12.2189,-2.5655,205.5172,1,3.61,1
000320,노루홀딩스,2021-02-22,12400,11950,KOSPI,3203.0,-3.629,0,43,8.6364,2.5826,1.5348,0.8105,3.4967,4,5.6467,13.2136,-2.5655,91.8138,0,2.51,-1
001120,LX인터내셔널,2021-02-22,30000,28550,KOSPI,17035.0,-4.8333,1,38,4.5788,3.2954,1.0489,0.6605,3.8154,4,15.0331,1.8698,-2.5655,333.2322,0,7.36,-1
001460,BYC,2021-02-23,38000,36650,KOSPI,3379.0,-3.5526,0,26,16.5342,0.686,0.7644,0.9503,3.0207,4,6.4292,18.0438,-2.246,178.7072,1,7.23,1
194370,제이에스코퍼레이션,2021-02-23,5850,5725,KOSPI,3859.0,-2.1368,0,250,16.8367,3.7344,1.3987,1.0933,5.9513,4,8.6965,47.3665,-2.246,128.5429,1,63.76,1
063170,서울옥션,2021-02-23,8880,8800,KOSDAQ,1495.0,-0.9009,1,21,12.8205,5.6971,1.7201,0.833,4.4237,4,13.4109,9.8158,-4.4266,220.0,1,79.55,1
089590,제주항공,2021-02-23,19290,18997,KOSPI,5080.0,-1.5189,2,25,4.6206,2.3609,1.0603,0.6657,3.2468,4,12.081,13.2812,-2.246,126.9111,1,14.79,1
000670,영풍,2021-02-23,62568,59648,KOSPI,10720.0,-4.6669,0,250,14.4678,2.4929,1.4193,1.3093,3.1146,4,2.1454,19.6865,-2.246,65.7119,0,4.27,-1
010780,아이에스동서,2021-02-23,59300,56900,KOSPI,8830.0,-4.0472,3,20,3.4545,0.8006,1.0696,0.5331,3.0003,4,9.7362,-1.1495,-2.246,265.9164,0,-0.18,-1
039130,하나투어,2021-02-24,67401,64276,KOSPI,7745.0,-4.6364,0,27,6.4719,5.0117,1.8589,0.8311,3.1919,4,11.024,10.2916,-6.6691,147.3771,1,8.66,3
024090,디씨엠,2021-02-24,12900,12500,KOSPI,1361.0,-3.1008,13,214,1.626,3.3123,1.4877,0.8799,2.4286,4,2.9201,8.2951,-6.6691,34.2642,1,29.6,7
023760,한국캐피탈,2021-02-25,620,593,KOSDAQ,2822.0,-4.3548,27,59,-2.7869,0.3602,1.0571,1.0013,2.2284,4,2.7633,5.3105,-5.8139,77.0149,1,23.61,7
005490,POSCO홀딩스,2021-02-25,295500,283000,KOSPI,300261.0,-4.2301,6,33,6.7925,1.1809,1.3131,0.9423,2.7259,3,4.1947,11.1964,-1.2935,112.782,1,18.02,3
069960,현대백화점,2021-02-25,85300,82700,KOSPI,24484.0,-3.0481,10,21,2.7329,0.9471,1.1477,0.9327,3.023,4,6.1842,1.7795,-1.2935,57.2243,1,13.66,3
084370,유진테크,2021-02-25,41900,41150,KOSDAQ,22618.0,-1.79,9,21,3.2622,2.3145,1.15,1.4388,4.1573,3,9.158,9.3359,-5.8139,251.7094,1,14.95,2
003200,일신방직,2021-02-25,9300,8870,KOSPI,3302.0,-4.6237,4,26,4.3529,2.0506,1.595,0.8305,2.5536,4,5.5526,2.8972,-1.2935,116.6585,0,4.28,-1
036420,콘텐트리중앙,2021-02-25,46150,45850,KOSPI,1414.0,-0.6501,3,21,8.1368,2.021,1.3473,0.94,4.4399,4,12.5161,6.6958,-1.2935,126.9802,1,16.03,2
001230,동국홀딩스,2021-02-25,8134,7956,KOSPI,2519.0,-2.1883,4,35,8.4663,4.8618,1.8107,1.2343,3.8237,4,6.0654,9.6416,-1.2935,236.4059,1,31.54,3
035150,백산,2021-02-25,7250,6890,KOSPI,2799.0,-4.9655,0,250,5.3517,1.3308,0.8576,1.1837,4.3852,3,8.1016,19.0713,-1.2935,93.8115,1,73.44,4
003540,대신증권,2021-02-26,14500,13900,KOSPI,18025.0,-4.1379,14,68,2.963,1.3542,1.036,1.3696,4.0339,3,-1.3961,13.8277,-3.5103,109.0226,1,14.75,2
002790,아모레퍼시픽홀딩스,2021-02-26,67700,64700,KOSPI,27850.0,-4.4313,3,249,2.3734,1.28,1.3676,0.8827,3.4113,4,7.8593,6.3719,-3.5103,48.7356,0,2.32,-1
034230,파라다이스,2021-02-26,18000,17200,KOSPI,19636.0,-4.4444,3,248,9.2063,1.4281,2.1753,1.3025,3.7998,4,4.7937,6.8136,-3.5103,75.6895,1,9.3,3
036190,금화피에스시,2021-03-02,30200,29250,KOSDAQ,1971.0,-3.1457,41,130,0.6885,2.4706,1.3582,0.6541,1.7338,3,0.9343,4.8216,-3.9595,56.4171,0,2.74,-1
268280,미원에스씨,2021-03-02,119500,114500,KOSPI,7105.0,-4.1841,1,35,3.6199,0.9392,1.249,0.9279,2.9008,4,0.9194,10.9166,-0.8204,73.7481,1,78.17,7
241590,화승엔터프라이즈,2021-03-03,17050,16250,KOSPI,3405.0,-4.6921,0,250,7.9734,1.974,1.1605,1.515,5.3846,4,-0.1335,21.8948,3.5878,109.6774,1,14.77,3
007340,DN오토모티브,2021-03-03,5968,5688,KOSPI,17114.0,-4.6917,3,245,2.5234,1.4382,1.2759,0.9924,2.5279,4,4.9742,5.4404,3.5878,37.2256,1,13.38,5
138930,BNK금융지주,2021-03-03,6400,6320,KOSPI,61134.0,-1.25,0,249,7.6661,2.8187,1.505,1.1389,2.1474,4,-0.4058,11.1128,3.5878,77.2791,1,10.28,1
206560,덱스터,2021-03-03,7560,7410,KOSDAQ,1019.0,-1.9841,0,250,12.4431,5.9757,1.3649,1.1653,4.9836,4,9.7308,18.3371,0.2229,165.1163,1,17.54,1
013120,동원개발,2021-03-03,5410,5210,KOSDAQ,2715.0,-3.6969,15,37,-1.6981,1.0922,0.771,1.2816,3.4206,4,5.3492,7.6446,0.2229,82.1678,1,6.91,7
175330,JB금융지주,2021-03-03,6250,5940,KOSPI,56586.0,-4.96,1,49,2.0619,2.025,1.1749,0.4393,1.6114,4,0.1311,11.084,3.5878,82.2086,1,10.77,4
100790,미래에셋벤처투자,2021-03-03,6462,6396,KOSDAQ,12670.0,-1.0214,1,31,8.3884,6.66,1.974,0.6304,3.9824,4,14.9136,16.4711,0.2229,330.1278,1,47.09,1
139480,이마트,2021-03-03,191500,185000,KOSPI,32453.0,-3.3943,5,32,4.5198,2.6102,1.1238,1.2402,3.8224,3,4.1395,9.2171,3.5878,90.1336,0,1.08,-1
105630,한세실업,2021-03-03,21900,21150,KOSPI,5192.0,-3.4247,0,88,2.1739,0.9817,1.0792,1.4041,6.3661,3,2.3693,30.273,3.5878,210.5727,1,10.17,3
036460,한국가스공사,2021-03-03,35300,33950,KOSPI,39464.0,-3.8244,14,27,1.7991,1.9375,1.1622,1.0118,3.2821,3,3.9299,5.9283,3.5878,106.383,0,0.88,-1
139130,iM금융지주,2021-03-04,7880,7580,KOSPI,29732.0,-3.8071,1,70,6.1625,3.8778,1.3629,0.8529,2.1768,3,-1.4963,16.3288,-0.4266,125.26,1,18.21,2
002170,삼양통상,2021-03-04,69400,66200,KOSPI,1734.0,-4.611,6,132,5.414,6.0505,1.6471,1.5716,2.3522,3,-0.1916,7.5464,-0.4266,86.4789,0,7.1,-1
090430,아모레퍼시픽,2021-03-04,254000,245000,KOSPI,96045.0,-3.5433,2,25,5.6034,1.3574,0.9161,0.903,3.7755,4,8.5586,10.2921,-0.4266,73.1449,0,12.86,-1
035250,강원랜드,2021-03-04,26700,26100,KOSPI,39365.0,-2.2472,2,190,6.0976,3.6505,1.4653,1.3548,2.7504,4,2.5261,11.0198,-0.4266,63.125,1,4.98,8
105560,KB금융,2021-03-05,48450,47000,KOSPI,579782.0,-2.9928,13,65,5.0279,1.7488,1.1511,0.9538,2.728,3,-1.3067,14.584,-2.2782,81.8182,1,19.57,1
043150,바텍,2021-03-05,27600,26700,KOSDAQ,3067.0,-3.2609,9,208,1.1364,0.5649,0.8042,0.7805,3.6383,4,4.5889,5.3208,-4.1844,59.403,1,18.16,5
044990,에이치엔에스하이텍,2021-03-05,10400,10050,KOSDAQ,1346.0,-3.3654,0,38,9.4771,2.8483,0.704,0.923,4.2502,4,8.5138,15.8511,-4.1844,223.1511,1,36.32,3
052690,한전기술,2021-03-05,20500,19750,KOSPI,55801.0,-3.6585,0,120,12.5356,4.7283,1.8618,1.4014,3.3454,4,2.6313,14.1762,-2.2782,54.2969,1,39.75,2
114090,GKL,2021-03-05,18150,17250,KOSPI,8245.0,-4.9587,3,54,4.8632,2.154,1.6237,1.2332,3.2091,3,2.3026,13.2106,-2.2782,60.4651,0,1.45,-1
011760,현대코퍼레이션,2021-03-05,19350,18850,KOSPI,3294.0,-2.584,0,37,8.3333,4.1795,1.601,1.1142,4.0167,4,4.8037,16.8678,-2.2782,171.223,1,17.24,10
041440,현대에버다임,2021-03-05,5450,5390,KOSDAQ,1607.0,-1.1009,0,111,10.5641,3.9454,0.8869,1.211,3.101,4,2.9694,25.308,-4.1844,170.8543,1,19.11,4
037070,파세코,2021-03-05,13152,12521,KOSDAQ,1588.0,-4.7977,0,185,11.2187,2.049,1.0095,1.3445,3.6613,3,5.9191,34.003,-4.1844,288.1277,1,67.78,1
019440,세아특수강,2021-03-08,13200,12800,KOSPI,1617.0,-3.0303,1,187,5.7851,4.9351,1.697,0.7508,2.4833,4,1.5424,15.0904,-4.2678,79.021,0,9.77,-1
005440,현대지에프홀딩스,2021-03-08,6579,6329,KOSPI,16635.0,-3.8,2,199,6.0667,1.7184,1.8266,0.8368,3.2018,4,4.1618,12.2344,-4.2678,99.59,1,13.41,5
086790,하나금융지주,2021-03-08,40800,39950,KOSPI,340114.0,-2.0833,3,35,7.8273,1.4082,1.1934,0.7386,3.0932,4,1.6017,19.0667,-4.2678,116.5312,1,7.88,1
007330,푸른저축은행,2021-03-08,11150,10600,KOSDAQ,1713.0,-4.9327,0,22,21.5596,13.2616,2.5865,1.6576,5.876,4,1.1942,20.6471,-6.791,82.4441,1,150.94,1
007690,국도화학,2021-03-08,45782,44312,KOSPI,3565.0,-3.2109,3,51,3.4336,2.1732,1.0966,1.1079,3.8575,4,3.8314,14.4803,-4.2678,78.7495,1,28.85,2
005740,크라운해태홀딩스,2021-03-08,9970,9500,KOSPI,1041.0,-4.7141,2,120,5.3215,4.9624,1.1544,1.8883,2.7068,3,1.1078,6.3087,-4.2678,93.8776,1,11.58,2
003545,대신증권우,2021-03-09,11900,11550,KOSPI,6331.0,-2.9412,2,46,16.1972,1.8399,2.2669,1.2846,2.4737,3,-1.8306,22.6812,-3.609,91.5423,1,24.68,10
104700,한국철강,2021-03-09,8750,8400,KOSPI,3375.0,-4.0,1,20,5.3952,0.8121,0.6143,1.0102,2.2704,4,11.4998,5.181,-3.609,209.9631,1,40.48,8
101330,모베이스,2021-03-09,4725,4570,KOSDAQ,1292.0,-3.2804,0,62,19.7903,31.5275,3.7631,1.715,6.0331,3,2.5949,23.0624,-7.0725,134.9614,1,42.23,1
282330,BGF리테일,2021-03-09,181000,173500,KOSPI,21812.0,-4.1436,2,24,9.1195,2.3274,1.0956,1.1479,4.261,4,8.2914,11.0394,-3.609,64.455,0,3.17,-1
003547,대신증권2우B,2021-03-09,11350,10850,KOSPI,2340.0,-4.4053,3,46,14.6934,1.7679,2.5193,1.3847,2.5148,2,-2.3049,21.8007,-3.609,90.0175,1,29.49,10
267270,HD건설기계,2021-03-09,40750,40300,KOSPI,62462.0,-1.1043,0,56,9.5109,4.5582,1.4132,1.3014,4.6792,4,5.0223,20.083,-3.609,278.4038,1,42.68,1
051500,CJ프레시웨이,2021-03-09,23100,22750,KOSDAQ,3977.0,-1.5152,6,28,6.3084,2.8156,1.2812,0.9413,3.3281,4,5.6779,15.4058,-7.0725,101.3274,1,10.33,3
300720,한일시멘트,2021-03-09,12000,11550,KOSPI,13532.0,-3.75,12,20,-1.2821,1.1425,0.7155,0.9494,3.773,4,6.7757,7.1965,-3.609,128.2609,1,51.08,7
007310,오뚜기,2021-03-10,627000,598000,KOSPI,15791.0,-4.6252,0,139,3.1034,3.063,1.3874,1.2017,1.6722,3,1.1016,10.3043,-5.2076,48.7562,0,0.67,-1
323280,태성,2021-03-10,2585,2544,KOSDAQ,22140.0,-1.5861,54,20,0.4739,0.0005,0.4795,1.612,1.2887,3,1.259,7.2929,-7.9955,7.6598,0,0.43,-1
036530,SNT홀딩스,2021-03-10,19800,18850,KOSPI,9864.0,-4.798,0,31,5.3073,0.7385,0.7966,1.0728,3.3729,3,5.5822,22.6531,-5.2076,87.5622,1,9.02,9
006910,보성파워텍,2021-03-10,2480,2450,KOSDAQ,4009.0,-1.2097,0,96,15.0235,20.3316,2.5804,1.4358,6.2682,4,1.3171,29.2826,-7.9955,139.0244,1,45.71,1
029780,삼성카드,2021-03-11,35700,34150,KOSPI,70210.0,-4.3417,13,51,4.1159,1.1536,1.0842,0.7516,2.3217,3,-1.284,8.3999,-2.5084,55.2273,0,1.32,-1
104480,티케이케미칼,2021-03-11,3510,3415,KOSDAQ,1637.0,-2.7066,0,24,7.2214,7.3978,1.6034,1.1465,8.356,4,12.2802,26.1638,-5.4924,158.7121,1,29.87,10
298020,효성티앤씨,2021-03-11,503000,479000,KOSPI,16488.0,-4.7714,1,23,9.9885,2.1172,1.078,0.7874,5.756,4,34.1097,8.2479,-2.5084,537.8162,1,30.9,2
107640,한중엔시에스,2021-03-11,6600,6300,KOSDAQ,4687.0,-4.5455,0,117,5.0,0.171,0.4066,0.5097,2.8005,3,-1.2114,34.0638,-5.4924,75.0,1,16.83,2
241520,DSC인베스트먼트,2021-03-12,5614,5500,KOSDAQ,3105.0,-2.0306,2,57,27.6102,18.1324,2.346,1.3568,7.2597,4,8.4468,32.8511,-3.3784,531.4581,1,44.36,1
001120,LX인터내셔널,2021-03-12,30000,29550,KOSPI,17035.0,-1.5,2,51,9.4444,7.4585,1.5826,0.7242,3.4445,4,11.004,11.4489,-0.9816,348.4067,1,11.17,1
217330,싸이토젠,2021-03-12,20809,20071,KOSDAQ,1605.0,-3.5465,14,32,4.7274,1.3373,0.8556,0.4229,3.93,4,16.5461,6.3013,-3.3784,779.5355,1,4.85,1
267260,HD현대일렉트릭,2021-03-12,20800,20250,KOSPI,338483.0,-2.6442,1,121,5.4688,6.9696,1.9209,1.1209,4.8148,4,3.5571,16.6959,-0.9816,318.3884,1,8.4,1
079160,CJ CGV,2021-03-15,21205,20332,KOSPI,10084.0,-4.117,4,31,5.4346,1.3043,0.9403,0.8437,4.1845,4,6.1738,9.1475,-1.7697,130.8356,0,2.06,-1
031440,신세계푸드,2021-03-15,78800,75200,KOSPI,1859.0,-4.5685,0,206,8.3573,4.1253,1.3232,1.2021,3.0015,4,4.2283,16.7544,-1.7697,95.5787,0,2.39,-1
307930,컴퍼니케이,2021-03-15,9590,9260,KOSDAQ,1210.0,-3.4411,0,201,25.8152,38.487,3.3091,1.4945,5.4998,3,3.9622,29.3537,-3.8795,161.9519,1,62.53,1
005945,NH투자증권우,2021-03-15,9390,8950,KOSPI,4463.0,-4.6858,11,50,3.4682,1.4239,1.4671,0.6814,1.3887,3,-1.3719,3.7059,-1.7697,61.2613,0,15.08,-1
009540,HD한국조선해양,2021-03-15,124500,122000,KOSPI,270353.0,-2.008,3,45,9.9099,1.8215,1.2607,0.913,4.3033,4,2.5139,22.5617,-1.7697,90.0312,1,14.75,9
080160,모두투어,2021-03-15,25500,24600,KOSDAQ,2829.0,-3.5294,2,39,9.3333,2.2073,0.7715,0.9741,3.8763,3,6.1125,10.836,-3.8795,243.0962,0,3.66,-1
003690,코리안리,2021-03-15,5501,5318,KOSPI,25015.0,-3.3267,8,222,3.5033,1.0647,0.9378,0.6546,2.0228,4,1.1382,10.1013,-1.7697,66.0837,0,2.52,-1
008770,호텔신라,2021-03-15,90900,87200,KOSPI,20762.0,-4.0704,2,37,5.187,2.9614,1.1232,1.0791,2.3755,4,0.6571,7.9816,-1.7697,43.6573,0,2.52,-1
067390,아스트,2021-03-15,6770,6630,KOSDAQ,2923.0,-2.0679,3,248,10.5,2.0127,2.6702,1.4417,4.3633,4,6.1057,16.2523,-3.8795,162.0553,0,1.06,-1
016800,퍼시스,2021-03-15,31500,29950,KOSPI,4836.0,-4.9206,16,60,0.1672,1.0959,1.5612,1.0119,1.3594,3,0.3576,1.603,-1.7697,24.2739,0,2.34,-1
107590,미원홀딩스,2021-03-15,86000,85500,KOSPI,1594.0,-0.5814,2,43,12.9458,2.7296,1.3528,1.2683,3.1078,3,2.787,19.0536,-1.7697,141.5254,1,121.05,1
058650,세아홀딩스,2021-03-16,82200,79900,KOSPI,6440.0,-2.7981,9,63,3.23,1.3956,1.4675,0.9466,1.8773,3,-0.6182,11.3923,-2.5367,79.148,0,12.64,-1
298000,효성화학,2021-03-16,282500,276000,KOSPI,1475.0,-2.3009,0,23,27.1889,1.6798,1.2874,1.0996,5.7971,4,16.4745,18.9924,-2.5367,441.1765,1,26.81,1
241560,두산밥캣,2021-03-16,37100,36450,KOSPI,59622.0,-1.752,6,20,8.0,0.8587,1.0958,0.6595,3.9585,4,3.8176,3.2273,-2.5367,179.3103,1,19.75,1
003200,일신방직,2021-03-16,9300,8860,KOSPI,3302.0,-4.7312,8,38,0.5675,0.2967,0.5796,0.6714,2.3944,4,5.2811,8.0129,-2.5367,116.4143,1,15.12,9
104830,원익머트리얼즈,2021-03-16,38900,37250,KOSDAQ,5308.0,-4.2416,0,47,9.5588,0.7775,0.9522,0.681,4.4391,4,3.6958,8.5496,-4.2079,153.4014,1,6.04,4
134380,미원화학,2021-03-16,68200,65400,KOSPI,2294.0,-4.1056,5,34,6.3415,5.884,1.481,1.4457,1.8349,3,0.2684,8.5335,-2.5367,76.7568,1,66.67,4
00279K,아모레퍼시픽홀딩스3우C,2021-03-16,42700,40900,KOSPI,1890.0,-4.2155,26,33,0.3681,0.4153,0.4647,0.7828,2.2529,3,5.3391,0.3836,-2.5367,38.1757,0,5.5,-1
001750,한양증권,2021-03-16,11050,10500,KOSPI,2826.0,-4.9774,6,23,2.9412,0.9491,1.4703,0.5544,2.9388,4,1.7913,1.1283,-2.5367,139.726,0,38.1,-1
023450,동남합성,2021-03-16,52500,50000,KOSPI,1106.0,-4.7619,3,51,8.4599,5.8016,1.6066,1.0637,1.5,3,4.2667,12.6689,-2.5367,104.0816,1,40.0,6
083450,GST,2021-03-16,11400,10850,KOSDAQ,5243.0,-4.8246,0,163,18.3077,2.1094,1.2869,1.3002,4.9809,3,5.9865,4.9133,-4.2079,153.5639,1,30.48,3
950140,잉글우드랩,2021-03-16,6300,6050,KOSDAQ,2501.0,-3.9683,4,32,5.2174,2.1071,0.6815,0.8842,5.1122,3,5.3996,5.3784,-4.2079,163.6166,1,17.52,1
006140,피제이전자,2021-03-16,8790,8690,KOSDAQ,1188.0,-1.1377,0,34,16.8011,4.8102,1.7858,1.0618,4.8742,4,5.2239,22.2785,-4.2079,199.1394,0,2.42,-1
108320,LX세미콘,2021-03-16,77300,73800,KOSPI,8897.0,-4.5278,3,32,20.3915,2.7321,1.422,1.3316,4.7329,4,9.8396,6.4804,-2.5367,213.3758,1,25.34,4
052330,코텍,2021-03-16,10600,10200,KOSDAQ,1812.0,-3.7736,7,189,0.4926,0.8127,0.7067,0.5824,2.0728,4,3.3999,5.198,-4.2079,56.4417,1,6.37,4
036190,금화피에스시,2021-03-16,30200,29050,KOSDAQ,1971.0,-3.8079,43,140,-0.1718,0.6258,0.6379,0.8188,1.8441,3,0.4482,5.0759,-4.2079,55.3476,0,7.4,-1
038110,에코플라스틱,2021-03-17,2260,2175,KOSDAQ,1379.0,-3.7611,3,33,17.7585,29.099,2.6754,1.2674,4.2529,3,4.9084,17.1691,-3.4733,204.1958,1,48.37,1
120110,코오롱인더,2021-03-17,59000,57200,KOSPI,17007.0,-3.0508,2,20,13.7177,0.8188,0.8081,1.0046,5.1511,4,10.2185,2.2799,-3.6592,181.7734,1,14.51,4
018120,진로발효,2021-03-17,32350,30950,KOSDAQ,1169.0,-4.3277,27,201,0.487,1.4122,0.8886,0.3777,0.6347,3,-0.405,3.9603,-3.4733,48.0861,0,6.79,-1
001740,SK네트웍스,2021-03-17,5950,5730,KOSPI,11175.0,-3.6975,0,37,10.6178,0.6857,1.8322,0.7697,3.9516,3,3.9679,11.9768,-3.6592,50.0,0,2.44,-1
002450,삼익악기,2021-03-17,1730,1665,KOSPI,1074.0,-3.7572,0,193,5.3797,1.3322,0.5943,1.3068,3.861,4,3.1551,13.9241,-3.6592,72.5389,0,7.21,-1
192820,코스맥스,2021-03-17,124980,119589,KOSPI,23550.0,-4.3135,0,106,8.9282,0.918,0.7312,1.0143,4.0984,3,4.5693,17.1482,-3.6592,103.3342,0,4.1,-1
031430,신세계인터내셔날,2021-03-17,44000,41900,KOSPI,4503.0,-4.7727,0,217,6.6158,8.7677,1.6409,0.8195,3.9039,4,7.2478,20.3723,-3.6592,56.3433,0,2.39,-1
003830,대한화섬,2021-03-18,134000,129500,KOSPI,1575.0,-3.3582,1,26,8.3682,1.9188,0.9845,0.5941,3.6128,4,4.7692,11.4437,-2.161,196.3387,1,14.29,1
115310,인포바인,2021-03-18,21500,20450,KOSDAQ,2551.0,-4.8837,12,237,2.5063,0.9088,0.4909,0.6541,2.2005,3,2.2252,3.3009,-3.0558,37.2483,0,7.33,-1
030200,KT,2021-03-18,27350,26950,KOSPI,152977.0,-1.4625,20,20,0.5597,0.5522,0.6959,0.5381,1.63,4,3.1119,3.2867,-2.161,56.2319,1,6.68,4
047560,이스트소프트,2021-03-18,10350,9860,KOSDAQ,2044.0,-4.7343,0,111,8.114,2.9361,1.568,0.8092,3.9988,4,-1.1085,9.5353,-3.0558,106.2762,1,17.65,1
002170,삼양통상,2021-03-18,69400,67800,KOSPI,1734.0,-2.3055,12,142,3.3537,0.8042,0.6564,0.9721,3.3607,4,1.2367,8.0985,-2.161,90.9859,1,15.93,9
114810,한솔아이원스,2021-03-18,7700,7400,KOSDAQ,4575.0,-3.8961,0,34,26.4957,76.5032,3.3853,1.4899,4.5367,3,4.866,18.1414,-3.0558,326.0219,1,26.62,2
272290,이녹스첨단소재,2021-03-18,26559,25850,KOSDAQ,7832.0,-2.6695,2,122,14.6341,4.7766,1.7518,1.2216,3.3368,3,2.5178,5.0282,-3.0558,92.8961,1,15.86,6
065510,휴비츠,2021-03-18,8310,8080,KOSDAQ,1034.0,-2.7677,14,20,3.5897,1.9123,0.9677,0.422,2.0421,4,2.5928,2.5632,-3.0558,64.5621,1,14.11,6
035720,카카오,2021-03-18,104172,99956,KOSPI,258039.0,-4.0472,6,21,3.966,1.1208,0.6374,1.1743,3.2843,4,8.7047,-0.0002,-2.161,290.5904,0,32.56,-1
017370,우신시스템,2021-03-18,5960,5770,KOSPI,1269.0,-3.1879,3,24,14.7117,2.2729,1.2413,0.7827,5.156,4,12.4439,3.9247,-2.161,124.9513,1,15.42,1
011330,유니켐,2021-03-18,1695,1615,KOSPI,1221.0,-4.7198,0,217,4.5307,1.0404,1.1197,0.8945,3.8036,4,3.1781,8.0626,-2.161,69.1099,0,7.74,-1
016710,대성홀딩스,2021-03-18,29900,28500,KOSPI,1411.0,-4.6823,0,25,5.7514,0.1865,0.2317,1.2307,3.6591,4,3.7275,4.8637,-2.161,254.0373,0,10.88,-1
033100,제룡전기,2021-03-19,6620,6300,KOSDAQ,8770.0,-4.8338,1,20,2.2727,0.4788,0.6852,0.8643,4.5918,4,5.3385,11.1478,-1.5826,89.759,0,26.98,-1
011700,한신기계,2021-03-19,1970,1875,KOSPI,1376.0,-4.8223,0,24,4.7486,1.1274,0.78,0.838,2.7429,4,2.3839,1.7943,-1.5269,102.2654,1,36.53,7
063080,컴투스홀딩스,2021-03-19,45000,44000,KOSDAQ,1401.0,-2.2222,3,22,5.7692,1.5156,0.8401,1.5471,5.8279,4,5.2123,11.3082,-1.5826,224.7232,1,18.41,1
074600,원익QnC,2021-03-19,22450,21500,KOSDAQ,7650.0,-4.2316,3,36,8.5859,2.4326,1.1404,1.2292,3.7375,3,2.3658,8.5477,-1.5826,140.4922,1,23.72,3
001940,KISCO홀딩스,2021-03-19,15900,15500,KOSPI,3331.0,-2.5157,9,20,1.6393,0.4868,0.7785,0.5256,2.0507,4,2.9886,5.5537,-1.5269,93.9925,1,18.39,2
078150,HB테크놀러지,2021-03-19,3075,2935,KOSDAQ,2021.0,-4.5528,3,20,2.4433,0.416,0.7612,0.6508,5.1716,4,9.5595,3.3157,-1.5826,92.459,1,41.06,3
000370,한화손해보험,2021-03-19,4700,4500,KOSPI,8510.0,-4.2553,0,68,10.9741,2.2882,1.2591,0.8991,4.6032,4,0.2634,19.9479,-1.5269,383.3512,1,14.44,3
034810,해성산업,2021-03-19,14101,13610,KOSDAQ,2748.0,-3.482,0,214,17.3681,17.4248,2.4431,1.772,2.5527,2,0.7128,15.1033,-1.5826,138.3955,1,31.41,3
143240,사람인,2021-03-19,33300,31650,KOSDAQ,1656.0,-4.955,7,20,-0.6279,0.642,0.519,0.8112,3.6899,4,5.9171,-2.2168,-1.5826,72.4796,1,15.96,8
019010,베뉴지,2021-03-19,1965,1880,KOSDAQ,2070.0,-4.3257,6,37,4.4444,1.6938,1.0763,0.536,2.3366,3,4.4934,3.2042,-1.5826,132.9616,1,31.91,6
058970,엠로,2021-03-19,21400,20400,KOSDAQ,4926.0,-4.6729,2,35,13.3333,1.5665,1.2362,0.6555,3.4489,4,12.4569,25.2189,-1.5826,580.0,1,22.55,1
215000,골프존,2021-03-19,81000,80000,KOSDAQ,3684.0,-1.2346,0,157,8.9918,2.3854,1.6617,1.9339,4.3304,2,-1.0195,21.8833,-1.5826,177.2964,1,22.37,1
183300,코미코,2021-03-19,66900,64300,KOSDAQ,11256.0,-3.8864,2,36,6.8106,1.2589,0.8688,0.9928,4.3879,4,9.1621,4.2982,-1.5826,289.697,1,11.82,1
121440,골프존홀딩스,2021-03-22,7400,7040,KOSDAQ,2135.0,-4.8649,0,90,1.295,2.3714,0.7706,1.1725,4.5556,3,3.8244,25.1704,-1.0082,326.6667,0,9.66,-1
090430,아모레퍼시픽,2021-03-22,254000,247000,KOSPI,96045.0,-2.7559,3,37,9.0508,1.1461,0.9801,0.8095,3.3112,4,5.5109,5.886,-2.322,74.5583,1,11.94,2
299900,위지윅스튜디오,2021-03-22,2725,2613,KOSDAQ,1103.0,-4.1101,0,27,11.1915,1.3308,1.6319,1.0102,6.4349,4,21.69,27.9761,-1.0082,339.1597,1,39.69,2
114090,GKL,2021-03-22,18150,17350,KOSPI,8245.0,-4.4077,3,65,3.5821,0.7504,0.7758,0.6545,3.2318,4,0.5426,15.3514,-2.322,61.3953,0,0.58,-1
008830,대동기어,2021-03-22,4050,3860,KOSDAQ,2346.0,-4.6914,14,39,4.3243,1.7001,0.9346,0.8404,3.7842,3,4.8503,5.3325,-1.0082,136.8098,1,22.41,7
046120,오르비텍,2021-03-22,7840,7490,KOSDAQ,1346.0,-4.4643,0,20,14.8773,1.027,1.8015,1.0761,6.7233,4,12.6335,7.2493,-1.0082,431.2057,1,27.5,2
004970,신라교역,2021-03-22,10900,10400,KOSPI,1587.0,-4.5872,0,39,3.4826,1.0547,1.3153,0.884,1.8887,3,2.4876,4.7851,-2.322,64.0379,0,10.58,-1
047040,대우건설,2021-03-22,6700,6380,KOSPI,29343.0,-4.7761,5,31,1.2698,1.0523,0.684,0.7787,4.9821,4,12.2879,7.9512,-2.322,183.5556,1,11.76,1
166090,하나머티리얼즈,2021-03-22,39500,37800,KOSDAQ,12045.0,-4.3038,1,20,11.0132,1.1679,0.9374,0.8268,4.2706,4,11.2652,0.2208,-1.0082,283.7563,1,30.69,1
102260,동성케미컬,2021-03-22,5215,5175,KOSPI,2215.0,-0.767,8,59,6.4596,7.1603,1.6703,1.1171,1.7654,4,2.529,6.6778,-2.322,152.193,1,17.66,1
006040,동원산업,2021-03-22,51558,49285,KOSPI,19425.0,-4.4086,9,20,3.2384,0.3597,1.1912,0.9734,2.8728,4,6.5308,-0.5455,-2.322,128.7007,0,0.37,-1
178920,PI첨단소재,2021-03-22,49650,47650,KOSPI,5800.0,-4.0282,2,23,12.3821,2.4567,1.24,0.9479,3.4178,4,8.2476,3.5973,-2.322,123.7089,0,3.67,-1
100840,SNT에너지,2021-03-22,6496,6297,KOSPI,9079.0,-3.0634,0,194,6.4402,6.1186,1.5466,1.5167,2.6396,4,1.7703,13.1847,-2.322,69.3197,1,6.61,1
161890,한국콜마,2021-03-22,59900,57300,KOSPI,17184.0,-4.3406,14,20,-0.5208,0.5269,0.6816,0.5793,2.4931,3,7.6976,0.6068,-2.322,88.1773,0,2.79,-1
094800,맵스리얼티,2021-03-22,4330,4150,KOSPI,5440.0,-4.157,10,250,1.467,1.0283,1.3591,0.9487,1.0585,3,-0.1229,5.8133,-2.322,31.746,1,8.19,4
112040,위메이드,2021-03-22,25813,24753,KOSDAQ,10015.0,-4.1065,0,79,15.8414,5.9044,1.7708,1.2553,4.2711,3,0.3322,18.9358,-1.0082,261.6745,1,33.26,1
028050,삼성E&A,2021-03-22,14700,14100,KOSPI,64582.0,-4.0816,6,50,6.015,2.2529,1.1341,0.8318,3.1662,3,-0.8155,12.0497,-2.322,104.0521,0,8.16,-1
336570,원텍,2021-03-22,2820,2761,KOSDAQ,7467.0,-2.0922,60,20,0.0,1.0099,0.7621,0.9219,1.1254,4,0.8712,0.5395,-1.0082,6.3969,0,1.88,-1
000320,노루홀딩스,2021-03-23,12450,12000,KOSPI,3203.0,-3.6145,6,20,3.0043,2.192,0.952,0.5186,2.6786,4,5.3668,2.854,-2.4356,92.6164,1,40.0,6
241710,코스메카코리아,2021-03-23,15500,15300,KOSDAQ,10691.0,-1.2903,1,147,8.1272,7.1974,1.8025,1.1024,3.4314,4,2.7575,8.5827,-0.8362,170.7965,1,16.67,1
064760,티씨케이,2021-03-23,194300,186300,KOSDAQ,23309.0,-4.1173,1,25,3.8462,0.9966,0.9518,0.6194,2.9752,4,16.0755,18.7476,-0.8362,352.7339,1,18.63,1
002810,삼영무역,2021-03-23,15050,14600,KOSPI,3306.0,-2.99,21,20,-0.6803,0.3794,0.6297,0.9276,1.908,4,0.9647,1.7553,-2.4356,45.2736,1,13.01,6
004250,NPC,2021-03-23,4600,4370,KOSPI,1430.0,-5.0,0,22,2.9446,0.8992,0.4972,0.5171,3.833,4,8.528,13.0685,-2.4356,74.4511,0,7.44,-1
160980,싸이맥스,2021-03-24,23850,22950,KOSDAQ,1957.0,-3.7736,1,39,5.7604,1.9774,0.9482,0.8601,4.5596,3,6.0759,9.8403,1.8386,363.1685,1,18.3,8
323280,태성,2021-03-24,2585,2526,KOSDAQ,22140.0,-2.2824,60,30,-0.9412,2.1334,1.3935,0.6191,0.9275,3,1.1156,-2.0755,1.8386,6.898,0,2.1,-1
064290,인텍플러스,2021-03-24,26700,26350,KOSDAQ,2290.0,-1.3109,2,23,11.8896,3.4146,1.2673,0.5343,5.6248,4,18.7242,8.6436,1.8386,505.7471,1,11.57,8
033500,동성화인텍,2021-03-24,13000,12450,KOSDAQ,8397.0,-4.2308,2,79,6.4103,2.1957,2.3833,0.7969,4.1595,3,-0.4084,4.5717,1.8386,176.6667,1,16.47,3
069080,웹젠,2021-03-24,44750,43350,KOSDAQ,5162.0,-3.1285,0,40,18.6047,2.4607,2.318,1.2381,4.3253,3,1.9867,16.1206,1.8386,409.4007,0,16.03,-1
039440,에스티아이,2021-03-24,21200,20750,KOSDAQ,5544.0,-2.1226,1,163,9.2105,4.499,1.7531,0.934,3.8038,4,5.2766,7.372,1.8386,134.7285,0,1.45,-1
092460,한라IMS,2021-03-24,5306,5113,KOSDAQ,2570.0,-3.6374,0,198,9.5565,1.7107,1.0464,1.1207,4.0834,4,2.4157,9.9699,1.8386,110.7585,0,2.09,-1
036890,진성티이씨,2021-03-24,14100,14050,KOSDAQ,3411.0,-0.3546,0,51,9.7656,1.7857,1.0783,1.121,5.211,4,4.7045,12.3891,1.8386,291.9107,1,18.51,1
002790,아모레퍼시픽홀딩스,2021-03-25,67500,64500,KOSPI,27850.0,-4.4444,8,40,3.0351,0.8351,0.6732,0.8205,2.4585,3,4.994,1.1291,0.4457,48.2759,0,10.54,-1
005300,롯데칠성,2021-03-25,132500,127000,KOSPI,12842.0,-4.1509,10,29,2.834,2.4919,1.0406,0.6116,2.8403,4,4.7235,5.8304,0.4457,60.9632,1,11.42,2
029780,삼성카드,2021-03-25,35700,34000,KOSPI,70210.0,-4.7619,9,61,0.5917,0.5651,0.7192,0.7906,1.7962,4,-0.9574,8.1805,0.4457,54.5455,0,2.79,-1
002030,아세아,2021-03-25,99900,96800,KOSPI,5990.0,-3.1031,9,32,3.9742,1.1909,0.7345,0.5709,1.7931,3,0.326,5.0009,0.4457,46.2236,1,36.88,1
344820,KCC글라스,2021-03-25,51700,49200,KOSPI,4504.0,-4.8356,1,25,13.1034,1.9857,1.2643,0.8551,3.7093,4,5.8749,10.8665,0.4457,310.0,1,19.31,9
251970,펌텍코리아,2021-03-25,18950,18050,KOSDAQ,7552.0,-4.7493,2,25,4.6377,3.7788,1.3262,0.6817,2.8294,3,4.9637,2.0692,5.3712,107.2331,1,13.57,1
002380,KCC,2021-03-25,226500,222500,KOSPI,43499.0,-1.766,3,39,8.802,7.5502,1.8202,1.3047,2.4398,3,4.4352,11.3633,0.4457,109.9057,1,42.92,1
034830,한국토지신탁,2021-03-26,2240,2185,KOSPI,3272.0,-2.4554,0,63,5.0481,4.3134,1.4014,0.9239,1.7816,4,1.0804,7.1943,-1.8931,52.2648,1,16.02,2
010780,아이에스동서,2021-03-26,59300,56800,KOSPI,8830.0,-4.2159,4,42,6.5666,2.5533,1.211,0.5868,2.3642,3,2.9262,5.3539,-1.8931,235.1032,0,17.96,-1
014280,금강공업,2021-03-26,6120,5850,KOSPI,1827.0,-4.4118,2,51,12.069,2.6545,2.0607,0.8903,4.2796,3,2.3354,14.6099,-1.8931,214.5161,1,24.1,3
049720,고려신용정보,2021-03-26,7110,6800,KOSDAQ,1469.0,-4.3601,0,213,7.9365,0.6649,0.8836,0.881,2.1534,4,0.5498,9.4698,2.1886,74.5828,1,15.0,8
125210,아모그린텍,2021-03-26,16400,16100,KOSDAQ,1217.0,-1.8293,5,55,20.5993,4.8694,2.9469,1.0442,4.9911,3,-0.5384,22.1357,2.1886,129.0185,0,-0.31,-1
014680,한솔케미칼,2021-03-26,255000,243500,KOSPI,32589.0,-4.5098,3,23,7.7434,0.9385,1.0343,0.8884,3.7841,4,10.9501,0.6761,-1.8931,267.8248,1,11.7,4
000490,대동,2021-03-26,9400,9100,KOSPI,3370.0,-3.1915,1,22,3.1746,1.8048,1.4293,0.5216,3.3752,4,7.7273,14.5169,-1.8931,222.1239,1,33.52,1
240810,원익IPS,2021-03-26,55200,52600,KOSDAQ,51195.0,-4.7101,4,42,4.7809,1.1802,1.1867,0.741,3.2659,4,5.3961,2.8014,2.1886,172.5389,1,12.74,5
183190,아세아시멘트,2021-03-26,10500,10050,KOSPI,5074.0,-4.2857,0,33,14.8571,4.7309,1.748,0.8577,3.6603,4,6.1493,11.0136,-1.8931,142.1687,1,20.9,1
000120,CJ대한통운,2021-03-26,194500,185000,KOSPI,31184.0,-4.8843,2,33,9.1445,2.0203,1.5464,0.9547,3.0309,3,1.8881,12.3409,-1.8931,49.7976,0,2.97,-1
006360,GS건설,2021-03-26,45200,43450,KOSPI,18314.0,-3.8717,6,44,7.284,1.3296,1.4275,0.5756,3.2796,3,3.5367,16.9924,-1.8931,186.7987,1,7.13,9
055550,신한지주,2021-03-26,37850,36550,KOSPI,475300.0,-3.4346,0,200,3.103,0.9701,0.769,0.6688,2.394,4,1.3682,9.0778,-1.8931,67.2769,1,4.24,10
023410,유진기업,2021-03-26,5380,5230,KOSDAQ,3313.0,-2.7881,7,44,5.9777,3.8892,1.7203,0.4261,2.1101,3,1.1694,3.0428,2.1886,93.3457,1,21.99,1
017670,SK텔레콤,2021-03-26,47361,47275,KOSPI,158300.0,-0.1816,3,52,7.661,3.838,1.2244,1.2188,2.2939,4,1.3767,10.6237,-1.8931,67.079,1,15.69,1
004980,성신양회,2021-03-29,9450,9400,KOSPI,2599.0,-0.5291,0,164,17.6471,4.3768,2.8509,0.96,3.2675,4,3.7174,18.0706,0.7664,131.5271,1,21.28,1
004020,현대제철,2021-03-29,49550,48400,KOSPI,42703.0,-2.3209,0,53,9.3785,2.6651,1.2712,0.9835,3.5788,4,4.781,20.3851,0.7664,290.3226,1,9.71,5
008770,호텔신라,2021-03-29,90900,86400,KOSPI,20762.0,-4.9505,11,47,-1.8182,0.558,0.7659,0.5924,2.0585,4,1.5033,5.116,0.7664,40.9462,0,2.55,-1
001390,KG케미칼,2021-03-29,5790,5620,KOSPI,4000.0,-2.9361,3,21,9.7656,2.275,1.3579,0.7639,3.4316,4,5.0307,-1.9966,0.7664,245.6335,0,9.25,-1
161000,애경케미칼,2021-03-29,11850,11600,KOSPI,4933.0,-2.1097,2,24,4.0359,2.1363,1.112,0.7605,3.9594,4,4.945,5.1697,0.7664,170.0815,1,35.78,1
085620,미래에셋생명,2021-03-29,4540,4325,KOSPI,14869.0,-4.7357,0,132,1.5258,1.1792,0.8662,0.6265,2.4195,4,1.7298,7.3586,0.7664,113.0542,0,0.46,-1
005945,NH투자증권우,2021-03-29,9390,9190,KOSPI,4463.0,-2.1299,11,60,1.2115,1.0742,0.852,0.3929,0.8161,4,-1.0264,8.7688,0.7664,65.5856,1,21.33,2
123890,한국자산신탁,2021-03-29,4405,4275,KOSPI,3243.0,-2.9512,0,63,6.6085,2.902,1.5468,0.9508,1.7293,4,-0.9558,9.4141,0.7664,209.7826,1,22.34,1
014940,오리엔탈정공,2021-03-29,3580,3505,KOSDAQ,3578.0,-2.095,0,42,22.5524,19.1808,2.6086,0.9424,5.5533,4,5.4874,23.2925,4.3942,652.1459,1,23.25,1
036930,주성엔지니어링,2021-03-29,11950,11400,KOSDAQ,23232.0,-4.6025,4,29,6.0465,1.0767,1.1336,0.6492,4.0288,4,7.259,7.9211,4.3942,185.0,1,32.46,10
104460,디와이피엔에프,2021-03-29,30000,28900,KOSDAQ,1567.0,-3.6667,1,38,8.8512,2.7279,1.453,0.5616,4.0657,4,12.3223,6.3338,4.3942,373.7705,1,8.48,9
002240,고려제강,2021-03-29,16955,16146,KOSPI,6426.0,-4.7715,0,21,8.2825,1.9601,1.0156,0.6909,2.9021,4,7.2375,14.0782,0.7664,97.989,1,49.87,2
078340,컴투스,2021-03-29,178600,170000,KOSDAQ,4202.0,-4.8152,4,43,7.7996,1.3936,1.4314,0.5423,3.7269,3,-0.0478,18.4382,4.3942,143.9024,0,6.24,-1
005010,휴스틸,2021-03-29,2002,1948,KOSPI,2410.0,-2.6973,0,25,7.3278,6.3013,1.529,1.0626,3.4064,4,9.9012,19.8528,0.7664,167.2154,1,49.95,2
058650,세아홀딩스,2021-03-30,82200,80000,KOSPI,6440.0,-2.6764,6,73,3.6269,1.3724,1.1075,1.0454,1.9286,4,-0.7404,6.3802,0.8584,71.123,1,50.63,1
001750,한양증권,2021-03-30,11050,10550,KOSPI,2826.0,-4.5249,13,33,0.9569,0.9749,0.6316,0.4855,2.1666,4,2.7251,3.597,0.8584,138.149,1,37.44,1
179900,유티아이,2021-03-30,21350,20700,KOSDAQ,4393.0,-3.0445,0,219,15.0,5.6101,1.7087,0.968,4.5204,4,3.8678,17.2733,3.7794,188.7029,0,1.45,-1
036190,금화피에스시,2021-03-30,30200,29900,KOSDAQ,1971.0,-0.9934,43,150,1.3559,0.5821,1.1855,0.8978,1.5528,4,-0.3249,-1.5571,3.7794,51.7766,1,23.58,2
067900,와이엔텍,2021-03-30,17050,16250,KOSDAQ,1279.0,-4.6921,2,27,4.1667,1.3686,1.0144,0.4032,2.4176,4,5.148,0.0545,3.7794,111.5885,1,11.38,1
011560,세보엠이씨,2021-03-30,6690,6440,KOSDAQ,1597.0,-3.7369,9,20,2.5478,0.6444,1.4013,0.8258,2.0519,4,1.451,-1.068,3.7794,91.6667,1,15.37,4
030000,제일기획,2021-03-30,23050,21950,KOSPI,24849.0,-4.7722,0,112,5.5288,1.112,0.8365,0.7144,2.2942,3,-0.2932,11.995,0.8584,83.682,0,2.51,-1
00279K,아모레퍼시픽홀딩스3우C,2021-03-30,42700,42550,KOSPI,1890.0,-0.3513,35,43,3.9072,1.4704,0.989,0.7377,2.0144,4,4.437,4.4633,0.8584,41.3621,1,2.82,8
035510,신세계 I&C,2021-03-31,15750,15400,KOSPI,2525.0,-2.2222,0,132,5.4795,3.7907,1.3953,1.1129,3.8029,4,4.146,7.274,-0.6996,85.3189,1,35.06,1
060150,인선이엔티,2021-03-31,13900,13400,KOSDAQ,2046.0,-3.5971,0,28,7.2,3.0032,1.6524,0.8912,2.2921,4,5.3216,4.9049,2.7256,128.6689,1,11.94,6
003300,한일홀딩스,2021-03-31,12363,11942,KOSPI,5017.0,-3.4053,0,67,10.3901,3.2354,2.2709,1.2056,3.4721,4,0.2826,16.6076,-0.6996,0.0,0,13.33,-1
016610,DB증권,2021-03-31,6300,6050,KOSPI,5743.0,-3.9683,4,54,6.8905,2.6932,1.6382,0.5336,1.9953,4,6.5469,3.242,-0.6996,131.3576,1,20.33,3
015230,대창단조,2021-03-31,4250,4150,KOSPI,1949.0,-2.3529,0,43,17.0663,1.7406,2.8838,1.2608,3.5456,4,0.8858,28.5887,-0.6996,0.0,0,6.87,-1
008260,NI스틸,2021-03-31,3775,3610,KOSPI,1058.0,-4.3709,0,26,5.2478,1.0292,0.7089,0.7877,3.3736,4,10.0237,6.8761,-0.6996,193.4959,1,69.53,3
078020,LS증권,2021-03-31,7620,7290,KOSDAQ,3334.0,-4.3307,5,54,4.1429,4.7194,1.4928,0.5842,1.6853,4,-0.6321,2.3176,2.7256,111.3043,1,18.93,4
009970,영원무역홀딩스,2021-03-31,45400,43300,KOSPI,30711.0,-4.6256,0,204,6.7818,1.645,1.2741,1.2138,2.0208,4,1.7012,5.5423,-0.6996,47.7816,1,14.78,4
049430,코메론,2021-03-31,10450,10000,KOSDAQ,1358.0,-4.3062,0,130,8.1081,6.6001,2.3511,1.1668,2.2929,4,1.3397,10.2687,2.7256,50.8296,1,34.0,1
004960,한신공영,2021-03-31,21200,20150,KOSPI,1469.0,-4.9528,5,44,5.7743,1.753,1.2669,0.4486,2.5346,3,4.7553,10.5089,-0.6996,113.2275,1,35.98,6
002310,아세아제지,2021-03-31,10180,9770,KOSPI,4149.0,-4.0275,1,29,6.427,1.5108,1.407,0.6796,3.4369,4,4.6425,10.4749,-0.6996,109.2077,1,16.27,9
003100,선광,2021-03-31,30500,29450,KOSDAQ,1449.0,-3.4426,30,21,0.6838,0.8424,1.1438,0.6897,2.8014,3,2.2449,-2.3849,2.7256,148.5232,1,33.96,2
018120,진로발효,2021-03-31,32350,31400,KOSDAQ,1169.0,-2.9366,27,211,1.9481,0.4137,1.6567,1.1125,0.9554,3,-0.2545,-0.7776,2.7256,30.8333,1,5.89,10
003690,코리안리,2021-03-31,5501,5231,KOSPI,25015.0,-4.9082,7,234,1.3171,0.6886,0.7482,0.8843,2.1247,3,0.7299,5.4034,-0.6996,38.0211,0,11.91,-1
192820,코스맥스,2021-03-31,124980,119589,KOSPI,23550.0,-4.3135,9,116,-0.4081,0.6392,0.72,0.6124,3.8349,4,7.232,8.6641,-0.6996,85.9773,0,13.52,-1
036460,한국가스공사,2021-03-31,35300,33700,KOSPI,39464.0,-4.5326,15,47,5.1482,0.7633,0.8444,0.4978,1.9182,3,3.0187,-0.0367,-0.6996,69.3467,0,1.78,-1
272210,한화시스템,2021-03-31,20430,19760,KOSPI,191375.0,-3.2795,1,27,13.3352,7.6486,2.3,1.162,5.2198,4,9.4216,11.2018,-0.6996,314.6905,0,1.58,-1
007210,벽산,2021-03-31,2950,2870,KOSPI,1288.0,-2.7119,0,36,12.1094,5.3021,2.6889,0.7443,3.335,3,3.0173,15.9607,-0.6996,185.5721,1,88.15,4
027410,BGF,2021-03-31,7270,7010,KOSPI,3972.0,-3.5763,1,43,13.7987,9.2649,1.6924,0.9046,4.5955,4,9.6076,22.401,-0.6996,136.8243,1,15.41,1
005990,매일홀딩스,2021-04-01,9850,9420,KOSDAQ,1438.0,-4.3655,0,219,2.3913,1.5023,1.5253,0.7763,1.5165,4,1.7863,3.7541,4.2734,42.7273,1,21.02,9
101730,위메이드맥스,2021-04-01,7263,6910,KOSDAQ,5648.0,-4.8603,0,217,34.6979,2.7196,1.6578,0.9861,7.3341,3,15.3298,101.9953,4.2734,201.8785,1,23.01,1
035720,카카오,2021-04-01,104172,100157,KOSPI,258039.0,-3.8542,11,31,2.8866,0.7745,0.7563,0.5115,2.3756,4,8.0978,2.084,1.4428,238.3225,1,32.29,3
051600,한전KPS,2021-04-01,33600,32250,KOSPI,26235.0,-4.0179,0,204,13.1579,3.8627,2.1481,1.4633,2.3367,2,-1.3313,14.7735,1.4428,22.1591,1,15.35,2
037710,광주신세계,2021-04-01,36300,34600,KOSPI,2773.0,-4.6832,0,118,6.135,1.22,1.1909,0.8538,2.0646,4,2.2108,6.0107,1.4428,47.8696,0,2.6,-1
003470,유안타증권,2021-04-01,3785,3715,KOSPI,9142.0,-1.8494,1,55,14.4838,5.2078,2.4066,1.1372,3.1725,4,1.8014,19.567,1.4428,100.8108,1,38.63,2
042510,라온시큐어,2021-04-01,24336,23562,KOSDAQ,1080.0,-3.1805,0,214,22.9814,17.6244,2.0651,1.7851,5.9387,2,2.2299,27.8451,4.2734,205.8808,1,9.12,1
003380,하림지주,2021-04-01,9860,9530,KOSDAQ,18134.0,-3.3469,1,27,6.4804,1.0045,0.8623,0.9653,2.5933,4,4.9809,4.8904,4.2734,111.7778,1,4.41,6
001800,오리온홀딩스,2021-04-01,15150,14450,KOSPI,14189.0,-4.6205,8,218,3.2143,1.6316,1.121,0.5622,1.8043,4,1.6713,1.7715,1.4428,28.4444,1,28.37,3
039030,이오테크닉스,2021-04-01,128700,126300,KOSDAQ,48169.0,-1.8648,0,157,7.9487,2.2924,1.1559,0.9882,3.9588,4,1.6239,18.7062,4.2734,122.3592,1,7.92,1
016710,대성홀딩스,2021-04-01,29900,29500,KOSPI,1411.0,-1.3378,8,35,3.5088,0.958,0.8423,0.8711,2.0944,4,4.0839,9.2514,1.4428,249.1124,1,19.15,1
115310,인포바인,2021-04-01,21500,21150,KOSDAQ,2551.0,-1.6279,19,247,2.1739,1.8888,1.463,0.7824,2.0095,4,2.4012,2.8152,4.2734,24.7788,1,4.02,6
036200,유니셈,2021-04-02,14500,13950,KOSDAQ,3299.0,-3.7931,0,45,2.5735,2.8385,1.0855,1.0314,4.9155,4,15.0297,6.5528,5.0472,243.5961,1,15.05,1
033100,제룡전기,2021-04-02,6620,6400,KOSDAQ,8770.0,-3.3233,4,30,3.8961,0.9136,0.7577,0.8846,2.5335,4,5.6002,1.6195,5.0472,64.5244,1,25.0,1
002220,한일철강,2021-04-02,2600,2480,KOSPI,1444.0,-4.6154,0,24,7.5922,3.6719,1.9587,0.8138,3.3554,4,7.2177,13.2996,2.8596,101.626,1,36.69,2
009240,한샘,2021-04-02,123500,118500,KOSPI,10720.0,-4.0486,0,176,3.9474,0.8496,1.1984,1.1623,3.8276,4,1.684,14.4671,2.8596,141.3442,1,8.86,4
094820,일진파워,2021-04-02,6200,5960,KOSDAQ,2488.0,-3.871,0,132,4.1958,2.465,1.5494,1.0224,2.0134,3,-0.4375,7.6182,5.0472,59.5716,1,26.85,7
203650,드림시큐리티,2021-04-02,2449,2346,KOSDAQ,1650.0,-4.2058,0,131,12.464,3.3636,1.7387,1.2182,3.9429,3,2.3877,8.3409,5.0472,261.4792,1,31.03,1
147830,제룡산업,2021-04-02,3720,3550,KOSDAQ,1476.0,-4.5699,0,70,4.5655,1.3485,1.0826,0.8114,2.9678,4,4.2404,6.0639,5.0472,93.7773,1,34.37,1
031980,피에스케이홀딩스,2021-04-02,9180,9070,KOSDAQ,15654.0,-1.1983,14,46,10.7448,9.5792,1.8578,1.523,2.9453,3,0.6388,8.3278,5.0472,64.9091,1,64.28,1
009470,삼화전기,2021-04-05,27350,26050,KOSPI,3314.0,-4.7532,2,46,9.9156,1.7887,0.8026,0.8744,3.7702,3,4.5304,23.2211,4.1627,174.2105,1,43.19,1
030530,원익홀딩스,2021-04-05,7390,7130,KOSDAQ,27999.0,-3.5183,3,46,6.1012,1.6726,1.3689,0.9156,2.8351,3,1.1631,8.7508,7.1841,121.0853,0,7.71,-1
030210,다올투자증권,2021-04-05,5250,5140,KOSPI,2500.0,-2.0952,0,33,17.8899,2.2038,1.8494,0.9062,4.7874,4,10.4629,20.2925,4.1627,176.3441,1,24.9,1
034220,LG디스플레이,2021-04-05,23430,22737,KOSPI,58350.0,-2.9577,7,33,12.0712,4.1612,1.4221,0.9526,2.8751,3,7.3901,7.1458,4.1627,146.0182,1,12.2,1
079980,휴비스,2021-04-05,9850,9450,KOSPI,1004.0,-4.0609,0,145,6.2992,4.4037,1.2603,1.449,3.1822,4,1.0273,13.521,4.1627,138.6364,1,41.8,4
024800,유성티엔에스,2021-04-05,3790,3650,KOSDAQ,1263.0,-3.6939,0,71,5.4913,0.4455,0.7862,1.0939,4.0998,4,4.9112,7.9578,7.1841,128.8401,1,30.55,4
178920,PI첨단소재,2021-04-05,49650,47400,KOSPI,5800.0,-4.5317,5,33,3.0435,0.6144,0.5624,0.7677,3.3981,4,7.2189,9.3702,4.1627,95.4639,0,9.7,-1
000720,현대건설,2021-04-05,45243,43686,KOSPI,124718.0,-3.4414,9,56,1.8132,1.6368,1.1207,0.4935,2.4898,4,4.2643,9.9416,4.1627,89.4531,1,22.27,3
121440,골프존홀딩스,2021-04-05,7400,7080,KOSDAQ,2135.0,-4.3243,9,100,-1.5299,0.4586,0.5185,0.751,3.8943,4,8.1119,1.4048,7.1841,254.0,1,10.03,2
004970,신라교역,2021-04-05,10900,10700,KOSPI,1587.0,-1.8349,7,49,2.3923,0.6657,0.8245,1.166,2.6168,3,3.4257,3.1592,4.1627,30.6471,1,12.15,1
000660,SK하이닉스,2021-04-05,150500,143000,KOSPI,6377301.0,-4.9834,3,24,8.3333,0.6028,0.8824,0.8672,2.8222,4,4.7734,1.3723,4.1627,100.561,0,2.8,-1
003650,미창석유,2021-04-05,82600,78600,KOSPI,2157.0,-4.8426,1,25,6.3599,1.9952,0.9295,0.5965,3.8259,4,3.251,6.5415,4.1627,65.4737,1,19.59,8
071050,한국금융지주,2021-04-05,96200,91500,KOSPI,131235.0,-4.8857,7,29,6.2718,1.3342,1.3445,0.846,2.1468,3,3.0368,2.8548,4.1627,114.5369,1,32.24,3
336570,원텍,2021-04-05,2820,2748,KOSDAQ,7467.0,-2.5532,60,30,0.0,0.59,0.4271,0.9402,0.9851,3,0.3575,-8.3352,7.1841,5.896,0,4.29,-1
281740,레이크머티리얼즈,2021-04-06,4220,4020,KOSDAQ,16038.0,-4.7393,0,32,17.8886,0.588,3.5881,0.7786,5.6503,4,8.1792,11.0485,8.0626,204.5455,0,7.96,-1
069960,현대백화점,2021-04-06,94000,90100,KOSPI,24484.0,-4.1489,6,20,-0.1109,0.6476,0.7307,0.7053,2.0295,4,7.128,-3.95,5.0724,70.0,0,5.88,-1
031430,신세계인터내셔날,2021-04-06,44000,42200,KOSPI,4503.0,-4.0909,6,231,4.9751,0.8362,0.6117,0.9148,3.0806,3,8.149,0.1645,5.0724,57.4627,0,0.47,-1
023530,롯데쇼핑,2021-04-06,135000,129500,KOSPI,32108.0,-4.0741,7,20,3.1873,1.1094,0.7467,0.6111,2.8682,3,7.4382,-6.5933,5.0724,85.0,0,2.7,-1
067310,하나마이크론,2021-04-06,9073,8629,KOSDAQ,22605.0,-4.8936,1,49,10.0497,1.3421,1.268,0.5212,3.5404,3,5.9265,14.2825,8.0626,223.4258,1,33.31,9
066970,엘앤에프,2021-04-06,86271,83098,KOSPI,47483.0,-3.6779,2,41,10.065,2.1537,1.3504,0.9529,4.1253,3,3.283,27.6466,5.0724,425.7038,1,25.0,1
002020,코오롱,2021-04-06,30400,29000,KOSPI,8209.0,-4.6053,0,31,25.27,6.8085,3.1437,1.3121,3.633,4,2.3017,30.4416,5.0724,152.1739,1,33.79,3
023590,다우기술,2021-04-06,28950,27900,KOSPI,23420.0,-3.6269,2,46,4.4944,4.7802,1.4243,0.63,2.6114,4,5.8284,2.2353,5.0724,95.7895,1,6.09,2
004170,신세계,2021-04-06,300000,289000,KOSPI,36314.0,-3.6667,11,20,3.5842,1.0769,0.8347,0.9648,2.4839,3,5.7564,-5.93,5.0724,44.5,0,11.07,-1
250060,모비스,2021-04-07,3325,3180,KOSDAQ,1390.0,-4.3609,0,169,11.5789,2.597,1.0542,1.2705,4.3127,4,3.4937,13.9139,9.342,109.2105,1,8.49,2
004150,한솔홀딩스,2021-04-07,4245,4075,KOSPI,1342.0,-4.0047,0,63,5.0258,1.9363,1.5906,0.9273,2.2086,4,0.7835,7.7659,6.0609,0.0,1,21.47,8
033920,무학,2021-04-07,7840,7570,KOSPI,2679.0,-3.4439,3,134,10.0291,2.9516,2.2532,0.7793,1.755,3,-0.0803,6.0872,6.0609,59.8733,1,15.98,3
281820,케이씨텍,2021-04-07,31350,29800,KOSPI,9766.0,-4.9442,3,63,13.308,2.9135,2.2243,1.0323,3.7152,3,-1.8478,15.8204,6.0609,83.3846,1,11.91,1
110990,디아이티,2021-04-07,11150,10700,KOSDAQ,4073.0,-4.0359,0,50,15.9263,6.4808,2.7619,1.1043,3.3311,3,4.8694,5.3419,9.342,81.3559,1,34.11,1
013580,계룡건설,2021-04-07,34450,33200,KOSPI,2193.0,-3.6284,4,51,4.7319,3.2391,1.2928,0.9572,3.2702,4,3.7617,12.5105,6.0609,169.9187,1,12.65,1
000180,성창기업지주,2021-04-07,2615,2505,KOSPI,1050.0,-4.2065,2,70,5.2521,4.8194,1.2972,0.8474,2.5235,4,2.4456,-1.468,6.0609,113.1915,1,31.14,9
089890,코세스,2021-04-07,9680,9260,KOSDAQ,3881.0,-4.3388,1,59,13.0647,2.7123,0.8716,0.9566,4.9522,4,-1.2057,9.9879,9.342,97.2311,1,18.79,1
012630,HDC,2021-04-07,12750,12200,KOSPI,12367.0,-4.3137,0,137,8.4444,2.5662,1.7064,0.8199,1.9614,4,0.535,7.9577,6.0609,62.8838,0,4.1,-1
095570,AJ네트웍스,2021-04-07,5240,5020,KOSPI,2416.0,-4.1985,0,63,11.4317,3.4419,1.8055,0.7606,2.8173,3,-1.4756,22.0003,6.0609,85.9259,0,19.12,-1
316140,우리금융지주,2021-04-07,10750,10650,KOSPI,261331.0,-0.9302,0,208,5.4455,3.1827,1.1702,1.1149,1.831,4,0.5381,-0.0908,6.0609,48.951,0,2.82,-1
001460,BYC,2021-04-07,39300,38000,KOSPI,3379.0,-3.3079,2,29,9.9855,1.6688,1.6881,0.7727,2.5752,4,6.9165,-1.3777,6.0609,112.2905,0,1.45,-1
299660,셀리드,2021-04-07,41318,40736,KOSDAQ,1055.0,-1.4086,0,120,38.8838,4.1104,2.8397,1.4963,5.1232,3,-1.3602,47.9095,9.342,245.1034,1,74.24,1
323280,태성,2021-04-07,2585,2556,KOSDAQ,22140.0,-1.1219,60,40,0.7092,0.1039,1.5873,1.044,0.8859,4,0.861,-8.8703,9.342,7.3048,0,3.01,-1
082640,동양생명,2021-04-07,4590,4460,KOSPI,12021.0,-2.8322,2,30,5.4374,4.0507,1.2587,0.6211,2.2742,4,3.9819,0.6376,6.0609,102.2676,1,16.59,9
002450,삼익악기,2021-04-07,1730,1655,KOSPI,1074.0,-4.3353,1,208,2.795,1.9663,0.9129,0.5815,2.1148,4,3.0018,-1.3141,6.0609,35.6557,1,9.37,5
001270,부국증권,2021-04-07,25500,25200,KOSPI,7611.0,-1.1765,0,112,10.7692,25.3623,2.8103,1.6169,2.5935,3,0.5777,10.6057,6.0609,65.7895,1,1.98,1
023160,태광,2021-04-08,10000,9580,KOSDAQ,7606.0,-4.2,0,211,11.1369,6.7204,1.5649,1.4922,3.8622,4,4.7016,16.9145,8.1508,63.4812,1,29.44,3
028050,삼성E&A,2021-04-08,14700,14000,KOSPI,64582.0,-4.7619,7,63,0.7194,0.7568,0.7145,0.5653,3.1378,4,0.8425,2.9807,4.299,47.9915,1,31.43,5
095500,미래나노텍,2021-04-08,4645,4440,KOSDAQ,3659.0,-4.4133,2,38,2.3041,1.1239,1.1114,0.7554,3.9334,4,7.7999,10.7247,8.1508,146.6667,1,20.27,2
253450,스튜디오드래곤,2021-04-08,113000,108000,KOSDAQ,14473.0,-4.4248,2,52,8.871,2.473,1.6563,1.2427,2.8439,3,2.5174,7.3572,8.1508,46.9388,0,0.19,-1
058630,엠게임,2021-04-08,9940,9470,KOSDAQ,1075.0,-4.7284,0,25,2.3784,1.8898,0.8571,0.3727,5.0762,4,16.5883,11.4199,8.1508,221.562,1,7.18,1
016800,퍼시스,2021-04-08,31500,29950,KOSPI,4836.0,-4.9206,10,78,1.1824,1.0609,0.9827,0.4445,1.1567,3,-0.1235,-2.0806,4.299,14.0952,1,126.71,8
002790,아모레퍼시픽홀딩스,2021-04-08,67500,67000,KOSPI,27850.0,-0.7407,18,50,2.1341,0.837,0.6565,0.7062,2.3028,4,5.0365,2.7297,4.299,53.8462,1,14.93,1
008970,KBI동양철관,2021-04-08,2638,2508,KOSPI,1881.0,-4.928,0,28,6.7234,3.0379,1.8401,0.8697,3.4404,4,3.6471,5.8943,4.299,66.6445,1,44.46,1
029780,삼성카드,2021-04-08,35700,34150,KOSPI,70210.0,-4.3417,12,71,0.0,1.1195,0.8874,0.6008,1.8197,4,0.2062,-4.299,4.299,26.0148,0,4.98,-1
067160,SOOP,2021-04-08,86000,83200,KOSDAQ,8058.0,-3.2558,4,36,5.0505,2.763,1.1559,0.555,3.6315,4,9.2051,0.6074,8.1508,68.0808,1,19.95,3
004250,NPC,2021-04-08,4600,4505,KOSPI,1430.0,-2.0652,1,34,6.0,2.3694,1.1113,0.7665,3.0205,4,8.6861,5.9825,4.299,60.0355,1,4.44,1
035890,서희건설,2021-04-08,1790,1720,KOSDAQ,3730.0,-3.9106,0,63,6.1728,3.4947,1.4217,1.1201,2.99,4,2.1437,5.7565,8.1508,123.3766,1,29.36,1
001080,만호제강,2021-04-08,21377,20424,KOSPI,2116.0,-4.4581,0,58,8.0806,1.3569,0.9076,0.7482,3.0035,4,2.5061,13.9365,4.299,100.0196,1,25.0,8
003240,태광산업,2021-04-09,1038000,1004000,KOSPI,10778.0,-3.2755,6,40,5.2411,1.3213,1.2565,0.6341,2.3335,4,6.0169,7.07,2.537,64.3208,1,15.44,7
010780,아이에스동서,2021-04-09,59300,57700,KOSPI,8830.0,-2.6981,12,52,3.0357,1.2339,1.1015,0.7543,2.7606,4,1.8192,5.1122,2.537,173.4597,1,20.28,2
280360,롯데웰푸드,2021-04-09,145500,138500,KOSPI,11733.0,-4.811,2,35,4.1353,0.8572,0.7549,0.6151,2.7849,4,7.5891,8.263,2.537,43.0785,0,9.03,-1
071055,한국금융지주우,2021-04-09,76400,74200,KOSPI,9315.0,-2.8796,0,138,13.6294,5.5316,2.2598,1.4106,2.628,4,0.2176,15.0541,2.537,160.3509,1,42.86,1
007700,F&F홀딩스,2021-04-09,78000,76750,KOSPI,8312.0,-1.6026,2,35,14.9813,1.6032,0.9694,0.8937,5.1885,4,17.0508,4.8057,2.537,92.1151,1,17.59,1
029530,신도리코,2021-04-09,33950,32400,KOSPI,5685.0,-4.5655,0,40,7.2848,1.5124,1.1238,0.7049,2.0944,4,5.1462,7.6671,2.537,52.1127,0,2.47,-1
055550,신한지주,2021-04-09,37850,37150,KOSPI,475300.0,-1.8494,10,210,2.2008,0.6981,0.6933,0.7351,2.1727,4,3.2457,3.7577,2.537,41.5238,1,15.48,10
206560,덱스터,2021-04-09,8710,8320,KOSDAQ,1019.0,-4.4776,0,24,2.9703,1.1682,1.0112,0.7767,4.5845,4,11.4222,5.3763,6.9045,86.5471,0,0.24,-1
027970,한국제지,2021-04-09,2095,2000,KOSPI,1487.0,-4.5346,0,36,4.1667,1.7494,0.8399,0.842,2.9821,4,0.9667,5.5711,2.537,56.8627,1,27.25,3
011790,SKC,2021-04-09,143000,136500,KOSPI,42299.0,-4.5455,6,35,2.2472,1.0144,1.0136,0.6806,4.5788,4,8.3744,17.1998,2.537,0.0,1,10.62,1
073010,케이에스피,2021-04-12,2098,1999,KOSDAQ,1592.0,-4.7188,0,212,9.1157,0.5127,0.5179,1.0588,5.3705,4,5.9028,18.8835,7.9566,84.5799,0,44.87,-1
003920,남양유업,2021-04-12,35391,34795,KOSPI,3066.0,-1.684,0,171,14.7555,4.6977,1.9031,1.8066,1.9389,4,1.8517,15.6939,2.951,38.0699,1,39.71,1
009160,SIMPAC,2021-04-12,3755,3630,KOSPI,3439.0,-3.3289,0,40,2.9787,3.2196,1.3455,1.0017,4.1716,4,9.0127,6.7166,2.951,64.6259,1,37.47,3
187790,나노,2021-04-12,1920,1827,KOSDAQ,1332.0,-4.8438,1,244,5.3633,9.1899,1.9383,0.7628,2.6233,3,1.2051,3.0397,7.9566,48.0551,1,25.23,1
036930,주성엔지니어링,2021-04-12,11950,11850,KOSDAQ,23232.0,-0.8368,11,39,3.0435,1.0913,0.7677,0.625,4.2194,4,10.024,10.5434,7.9566,140.1216,1,27.43,1
011330,유니켐,2021-04-12,1695,1645,KOSPI,1221.0,-2.9499,1,234,2.4922,1.9993,1.1078,0.7024,2.4533,4,3.559,0.1838,2.951,33.1984,1,9.42,3
092460,한라IMS,2021-04-12,5306,5080,KOSDAQ,2570.0,-4.2593,4,211,0.9338,1.1829,0.7941,0.8056,3.6206,4,5.0514,-0.4889,7.9566,54.4073,0,62.07,-1
161390,한국타이어앤테크놀로지,2021-04-12,54000,52000,KOSPI,91296.0,-3.7037,1,34,9.7046,1.08,0.9069,0.6782,3.2761,4,6.14,12.4763,2.951,163.2911,0,3.46,-1
048550,SM C&C,2021-04-12,2005,1905,KOSDAQ,1254.0,-4.9875,0,190,1.8717,0.8877,1.3293,0.8751,3.2246,3,3.5618,-0.3295,7.9566,86.7647,0,2.62,-1
001390,KG케미칼,2021-04-12,5790,5540,KOSPI,4000.0,-4.3178,6,31,1.2797,0.8645,0.7918,0.554,3.3793,4,4.0296,7.1881,2.951,165.0718,1,15.52,10
005680,삼영전자,2021-04-12,12700,12250,KOSPI,2384.0,-3.5433,0,44,11.8721,2.1053,2.6966,0.4945,3.9067,4,3.5488,11.5349,2.951,84.488,1,11.84,7
001250,GS글로벌,2021-04-12,2795,2695,KOSPI,2034.0,-3.5778,1,49,11.5942,3.8378,1.8863,0.9553,3.366,4,5.5078,10.5226,2.951,106.5134,0,21.71,-1
078340,컴투스,2021-04-12,178600,177600,KOSDAQ,4202.0,-0.5599,9,53,7.9635,1.1654,1.2911,1.0731,4.3959,4,1.7709,11.4785,7.9566,90.7626,1,1.69,1
093190,빅솔론,2021-04-12,5640,5440,KOSDAQ,1503.0,-3.5461,0,176,5.6311,4.5302,1.7303,1.0391,2.114,4,3.6561,5.732,7.9566,34.321,0,2.57,-1
000700,유수홀딩스,2021-04-12,7350,7290,KOSPI,1570.0,-0.8163,0,216,6.5789,0.9835,0.399,1.0467,4.4974,4,3.2128,28.6374,2.951,45.9459,1,19.89,1
030610,교보증권,2021-04-12,8880,8570,KOSPI,14462.0,-3.491,0,62,7.9345,1.1183,2.1566,1.0071,2.1337,4,-0.1542,9.0751,2.951,48.7847,0,8.98,-1
053690,한미글로벌,2021-04-13,11950,11550,KOSPI,2208.0,-3.3473,1,37,6.4516,5.6103,1.6708,0.5388,3.525,4,0.3399,11.0338,3.3226,73.4234,1,28.14,6
035000,HS애드,2021-04-13,6490,6170,KOSPI,1384.0,-4.9307,0,234,3.6975,0.4644,0.8142,0.4908,1.7597,4,0.3641,7.2509,3.3226,33.2613,1,18.64,9
016590,신대양제지,2021-04-13,8810,8450,KOSPI,6448.0,-4.0863,0,38,1.93,0.9174,0.5767,0.6914,3.2468,4,7.669,14.5296,3.3226,68.3267,0,4.73,-1
161890,한국콜마,2021-04-13,59900,58200,KOSPI,17184.0,-2.8381,18,36,2.8269,2.8127,1.1844,0.6381,1.6078,3,4.7316,-1.9289,3.3226,46.4151,1,4.47,5
255220,SG,2021-04-13,2511,2387,KOSDAQ,3285.0,-4.9383,0,162,35.4711,107.9374,3.5338,2.2037,3.531,2,0.2828,28.7547,7.4119,98.2558,1,10.26,1
263860,지니언스,2021-04-13,8870,8490,KOSDAQ,1697.0,-4.2841,0,77,7.6046,2.8343,0.8879,0.9613,4.9891,4,4.136,4.4458,7.4119,116.0305,1,14.84,1
001720,신영증권,2021-04-14,59200,57900,KOSPI,30989.0,-2.1959,32,20,-0.1724,0.5511,0.4493,0.7748,2.1466,4,2.6219,-5.7888,4.4259,36.3958,1,11.4,6
117580,대성에너지,2021-04-14,5850,5570,KOSPI,2228.0,-4.7863,0,140,0.5415,3.033,1.3394,1.159,1.603,3,0.3866,0.6684,4.4259,25.0281,0,7.72,-1
039830,오로라,2021-04-14,11750,11350,KOSDAQ,1647.0,-3.4043,0,38,2.7149,3.3935,1.6917,1.1181,4.2857,4,3.2736,2.177,7.4848,38.5836,0,1.32,-1
085910,네오티스,2021-04-14,4600,4415,KOSDAQ,1555.0,-4.0217,0,46,1.8454,1.5391,0.961,0.6542,2.5077,4,1.9555,1.7974,7.4848,43.1118,0,2.94,-1
031330,에스에이엠티,2021-04-14,3110,3000,KOSDAQ,4730.0,-3.537,0,53,2.5641,4.4258,1.254,0.7235,3.0476,4,4.72,6.5836,7.4848,64.8352,1,6.33,3
031440,신세계푸드,2021-04-14,78800,78700,KOSPI,1859.0,-0.1269,4,228,10.5337,7.3604,1.8393,1.2706,2.5867,3,4.2438,-1.6844,4.4259,57.8736,1,38.5,1
019680,대교,2021-04-14,4990,4835,KOSPI,1477.0,-3.1062,0,249,8.0447,36.9183,2.7104,1.7436,5.3479,3,5.6326,12.5027,4.4259,36.3893,0,0.41,-1
265520,AP시스템,2021-04-14,31750,30200,KOSDAQ,3424.0,-4.8819,3,40,0.8347,2.0133,0.9448,0.4017,2.1287,4,5.4939,-2.9865,7.4848,45.1923,0,4.8,-1
003300,한일홀딩스,2021-04-14,12363,12176,KOSPI,5017.0,-1.5126,10,77,2.7684,0.6023,0.554,0.8069,3.4893,4,4.3614,13.7532,4.4259,0.0,1,19.61,4
003690,코리안리,2021-04-14,5501,5280,KOSPI,25015.0,-4.0175,14,244,1.0526,1.0332,0.9477,0.5896,1.3772,4,1.5856,-6.0469,4.4259,22.905,1,19.41,3
078930,GS,2021-04-14,42050,40650,KOSPI,65041.0,-3.3294,10,35,4.4987,5.1223,1.5467,0.7512,1.1949,4,0.4071,-3.0544,4.4259,34.1584,1,23.74,5
088130,동아엘텍,2021-04-14,5075,4845,KOSDAQ,1523.0,-4.532,0,125,4.9837,3.4336,1.3642,0.5998,1.7323,4,3.721,-2.0441,7.4848,53.5658,1,14.55,8
033290,로젠,2021-04-14,5901,5620,KOSDAQ,1266.0,-4.7619,0,141,3.4419,1.0945,0.9161,0.8903,2.1251,3,3.552,-0.0073,7.4848,42.4227,0,5.0,-1
192820,코스맥스,2021-04-15,124980,120079,KOSPI,23550.0,-3.9214,11,127,1.6593,1.0696,0.8815,0.4191,2.8864,3,7.6063,-1.2439,4.1852,52.5529,1,13.06,1
030000,제일기획,2021-04-15,23050,22200,KOSPI,24849.0,-3.6876,2,124,1.3699,1.1568,0.8565,0.7952,2.2683,3,1.0137,0.5317,4.1852,40.5063,0,6.31,-1
089030,테크윙,2021-04-15,12759,12734,KOSDAQ,16674.0,-0.1959,0,54,10.5478,11.7977,2.2162,1.1453,3.7762,4,-0.041,12.7329,6.7454,104.4965,1,15.9,1
138490,코오롱ENP,2021-04-15,7400,7030,KOSPI,4381.0,-5.0,0,38,13.9384,1.6234,2.4965,0.7317,3.6476,4,10.9299,7.4021,4.1852,137.9019,0,1.71,-1
013030,하이록코리아,2021-04-15,19100,18150,KOSDAQ,3901.0,-4.9738,0,215,3.125,0.5944,0.8516,0.9672,4.0142,4,6.7349,15.0667,6.7454,77.0732,1,15.7,8
037710,광주신세계,2021-04-15,36300,35100,KOSPI,2773.0,-3.3058,4,128,1.4451,0.7737,1.2738,0.8725,2.4624,4,2.9788,4.1481,4.1852,34.4828,0,9.12,-1
035420,NAVER,2021-04-15,410000,391000,KOSPI,398406.0,-4.6341,10,20,2.4902,1.1481,0.9291,0.4771,2.1374,4,8.7495,-7.2831,4.1852,140.6154,0,1.02,-1
243840,신흥에스이씨,2021-04-16,11140,10700,KOSDAQ,2375.0,-3.9497,0,66,11.1111,3.1183,2.035,1.0185,2.6302,4,-0.5029,12.5202,7.3006,91.0714,0,1.12,-1
006660,삼성공조,2021-04-16,12000,11400,KOSPI,1098.0,-5.0,0,65,12.8713,1.6228,1.065,1.2529,4.2293,4,7.079,18.679,5.234,100.3515,1,46.05,2
079370,제우스,2021-04-16,10850,10316,KOSDAQ,5661.0,-4.9217,2,33,6.5372,4.0124,1.2388,0.8875,3.8976,4,2.3985,3.6241,7.3006,253.7723,1,7.91,1
067830,세이브존I&C,2021-04-16,4080,3900,KOSPI,1385.0,-4.4118,2,20,3.1746,1.1167,1.1506,0.5527,2.8571,4,7.1746,-2.7373,5.234,91.1765,1,12.05,4
003720,삼영,2021-04-16,3600,3425,KOSPI,2295.0,-4.8611,0,67,17.094,5.0417,2.4469,1.2478,3.5349,3,0.1711,22.0894,5.234,248.778,0,3.65,-1
005070,코스모신소재,2021-04-16,23263,22275,KOSPI,16938.0,-4.2471,3,39,10.2668,1.3683,1.5689,0.7809,3.6736,4,0.1056,11.6031,5.234,179.4856,1,32.37,2
077970,STX엔진,2021-04-16,9250,8910,KOSPI,13108.0,-3.6757,0,83,6.3246,1.0465,0.3544,1.194,3.832,4,2.4598,19.2073,5.234,83.3333,1,117.17,1
192400,쿠쿠홀딩스,2021-04-19,28100,26700,KOSPI,10046.0,-4.9822,11,22,1.5209,0.7439,1.1201,0.5188,3.5316,4,9.0117,-5.3824,5.3824,78.2377,1,8.24,5
104040,대성파인텍,2021-04-19,3250,3115,KOSDAQ,1016.0,-4.1538,0,68,10.461,1.3454,1.3682,0.864,4.8613,4,4.6747,9.5718,7.754,223.4683,1,13.64,2
030530,원익홀딩스,2021-04-19,7390,7080,KOSDAQ,27999.0,-4.1949,5,56,0.2833,1.8812,0.8315,0.7062,2.502,4,2.6429,-1.4477,7.754,101.7094,1,8.47,5
088390,이녹스,2021-04-19,15000,14600,KOSDAQ,1487.0,-2.6667,0,80,9.7744,4.1556,1.34,0.9095,4.0851,4,3.0709,11.4297,7.754,209.6501,1,39.38,1
002350,넥센타이어,2021-04-19,8520,8120,KOSPI,9503.0,-4.6948,5,45,4.1026,1.2243,1.0968,0.3994,2.2783,4,7.3138,0.4846,5.3824,62.0758,1,15.39,3
336570,원텍,2021-04-19,2820,2800,KOSDAQ,7467.0,-0.7092,60,40,1.1926,0.043,0.4364,1.1355,0.7755,4,0.3393,-6.3415,7.754,7.6095,1,2.36,10
058470,리노공업,2021-04-19,35119,35080,KOSDAQ,73621.0,-0.1111,2,39,10.7463,3.337,1.2888,1.1353,2.7278,4,3.871,3.98,7.754,134.2415,1,2.45,1
004800,효성,2021-04-19,73182,69638,KOSPI,25161.0,-4.8427,4,47,5.8553,2.1338,1.2831,0.5183,1.8732,4,3.7814,2.7512,5.3824,46.9931,1,24.45,1
025000,KPX케미칼,2021-04-19,66879,65747,KOSPI,2211.0,-1.6926,3,47,5.4466,2.4501,1.0004,0.5016,2.0905,4,5.5824,7.7677,5.3824,61.3423,1,11.19,1
086520,에코프로,2021-04-19,9161,8747,KOSDAQ,211811.0,-4.5192,3,32,3.1851,2.4852,1.1377,1.0422,3.1676,3,2.2351,8.5935,7.754,269.5395,1,10.66,4
016580,환인제약,2021-04-19,20650,19900,KOSPI,1962.0,-3.632,7,43,9.0411,23.3804,2.9768,0.7157,2.9074,3,2.4528,5.1732,5.3824,47.4074,1,10.8,7
036710,심텍홀딩스,2021-04-19,3110,2970,KOSDAQ,1387.0,-4.5016,2,43,7.804,11.1049,2.1628,0.9415,2.5253,3,0.8226,7.5858,7.754,147.5,0,1.01,-1
081660,미스토홀딩스,2021-04-19,48550,46500,KOSPI,28510.0,-4.2225,3,65,9.4118,3.5059,1.6082,1.0102,2.2043,3,-1.1613,3.9008,5.3824,54.2289,0,24.09,-1
102120,어보브반도체,2021-04-19,18400,17550,KOSDAQ,2235.0,-4.6196,0,74,32.4528,37.6289,2.9845,1.8308,4.0497,3,-6.1187,25.7061,7.754,128.5156,1,8.83,1
004380,삼익THK,2021-04-19,14800,14350,KOSPI,2062.0,-3.0405,0,140,8.7121,8.0231,2.0095,0.8562,3.9572,4,3.952,8.0564,5.3824,47.6337,1,14.98,4
015230,대창단조,2021-04-19,4250,4060,KOSPI,1949.0,-4.4706,1,56,1.5,0.6662,0.6088,0.7084,3.2811,4,3.3918,9.4691,5.3824,0.0,1,31.16,3
067990,도이치모터스,2021-04-19,7866,7540,KOSDAQ,1262.0,-4.1444,0,223,7.7143,3.4469,1.9486,0.6682,3.4862,4,0.119,6.3156,7.754,41.6494,1,18.7,1
138930,BNK금융지주,2021-04-19,6970,6680,KOSPI,61134.0,-4.1607,20,21,-1.7647,0.9202,0.9647,0.7075,1.8926,4,5.0307,-7.4352,5.3824,52.8604,1,25.3,3
004710,한솔테크닉스,2021-04-20,12315,11741,KOSPI,1894.0,-4.661,2,62,6.1285,0.7119,1.0759,0.7956,2.6032,4,0.5149,5.3067,7.1873,121.4447,0,0.44,-1
002900,TYM,2021-04-20,6239,5935,KOSPI,3109.0,-4.8726,0,107,3.5415,0.7048,0.9133,0.6637,3.7634,3,2.2896,4.9419,7.1873,88.7122,1,10.53,3
010060,OCI홀딩스,2021-04-20,110060,106881,KOSPI,28360.0,-2.8884,1,32,14.4679,1.1892,1.3584,0.6502,4.1157,4,6.8404,10.2798,7.1873,275.7066,1,9.29,2
00680K,미래에셋증권2우B,2021-04-20,5050,4940,KOSPI,23208.0,-2.1782,0,169,3.4555,6.9095,1.4231,1.0992,2.0749,3,-0.0037,6.6376,7.1873,76.4286,0,3.85,-1
000670,영풍,2021-04-20,62192,59836,KOSPI,10720.0,-3.7883,3,38,5.3061,1.7663,1.112,0.6992,1.5976,4,2.9601,2.4848,7.1873,40.1771,1,21.26,5
069960,현대백화점,2021-04-20,94000,90100,KOSPI,24484.0,-4.1489,9,30,2.0385,1.2373,1.0027,0.4269,1.4825,3,5.4762,-2.7841,7.1873,70.0,1,7.55,8
111770,영원무역,2021-04-20,43550,42500,KOSPI,43071.0,-2.411,4,33,5.8531,3.1521,1.2079,0.8363,2.4118,4,6.7687,-0.4034,7.1873,91.4414,1,17.53,7
000210,DL,2021-04-20,97500,94100,KOSPI,9703.0,-3.4872,2,40,10.446,1.436,1.148,0.4673,2.7099,4,4.9744,4.3056,7.1873,0.0,1,13.71,2
004430,송원산업,2021-04-20,22500,21550,KOSPI,2258.0,-4.2222,0,40,12.8272,3.8918,1.6753,0.8295,4.5078,4,6.4018,9.6149,7.1873,101.4019,1,11.37,2
091120,이엠텍,2021-04-20,19090,18944,KOSDAQ,1290.0,-0.7648,7,21,6.5946,4.4007,1.1103,0.6902,3.4964,4,13.2214,-5.3023,9.0425,158.6918,1,12.63,1
100840,SNT에너지,2021-04-20,6713,6642,KOSPI,9079.0,-1.0576,16,20,0.835,0.9612,0.9054,1.0258,1.8196,4,4.4032,-3.1948,7.1873,28.4471,1,4.35,5
044450,KSS해운,2021-04-20,12050,11850,KOSPI,2380.0,-1.6598,0,107,8.7156,1.876,1.3542,0.9762,2.2905,4,0.8929,0.54,7.1873,74.5214,1,35.86,3
053580,웹케시,2021-04-20,45504,43885,KOSDAQ,1350.0,-3.5579,0,58,10.8711,9.8704,2.2228,0.7267,3.3778,4,1.8901,10.2167,9.0425,112.5079,0,2.19,-1
036460,한국가스공사,2021-04-20,35300,33750,KOSPI,39464.0,-4.3909,14,61,1.3514,1.1598,0.8208,0.6061,1.7143,4,1.1777,-2.3736,7.1873,46.1039,1,6.07,8
083310,엘오티베큠,2021-04-20,19900,18950,KOSDAQ,2306.0,-4.7739,1,73,4.6961,2.0266,1.8596,0.8331,2.8835,4,-1.0088,1.7762,9.0425,127.2182,0,0.26,-1
194700,노바렉스,2021-04-20,23782,22693,KOSDAQ,2905.0,-4.5791,0,170,4.0486,2.1367,1.3279,0.8453,2.6729,3,3.3119,-4.6204,9.0425,88.778,1,13.15,1
061970,LB세미콘,2021-04-20,16250,15450,KOSDAQ,2788.0,-4.9231,1,59,10.7527,2.0393,1.3849,0.9853,3.4212,4,0.3556,-0.2397,9.0425,145.628,0,2.59,-1
213500,한솔제지,2021-04-20,16450,15850,KOSPI,2068.0,-3.6474,0,238,2.589,2.167,1.1803,1.4444,2.6589,3,2.4957,7.6678,7.1873,27.3092,1,9.15,1
119830,아이텍,2021-04-21,10650,10150,KOSDAQ,2052.0,-4.6948,0,142,14.949,2.3634,1.8721,1.0292,3.3005,4,0.8428,14.824,7.1712,115.9574,1,16.75,1
011780,금호석유화학,2021-04-21,293500,282000,KOSPI,36184.0,-3.9182,0,50,12.3506,1.7429,0.9817,0.5062,3.8374,4,14.7705,16.4919,5.8508,333.8462,1,5.85,10
002200,한국수출포장,2021-04-21,2720,2595,KOSPI,1286.0,-4.5956,1,45,2.5692,0.7335,0.4498,0.2881,1.8442,4,2.5409,4.8102,5.8508,54.4643,0,10.98,-1
323280,태성,2021-04-21,2585,2532,KOSDAQ,22140.0,-2.0503,60,50,-1.171,0.133,0.4542,1.4909,1.4415,3,0.4926,-6.9336,7.1712,5.8086,1,3.99,4
066430,아이로보틱스,2021-04-21,2652,2569,KOSDAQ,1327.0,-3.1297,1,41,14.3811,8.7952,1.5635,1.1322,6.5006,4,15.6685,25.7311,7.1712,0.0,1,22.07,2
095570,AJ네트웍스,2021-04-21,5240,5020,KOSPI,2416.0,-4.1985,7,73,0.6012,0.4069,0.5591,1.2055,3.3936,3,2.1099,8.8921,5.8508,85.9259,1,28.29,4
039440,에스티아이,2021-04-21,21200,20150,KOSDAQ,5544.0,-4.9528,6,183,2.5445,1.5397,1.0749,0.4198,2.4637,3,2.4928,-10.0627,7.1712,56.8093,0,1.49,-1
256840,한국비엔씨,2021-04-22,9486,9057,KOSDAQ,3201.0,-4.5225,0,37,19.9444,2.0778,2.4592,0.6803,5.6208,4,15.2992,23.4573,7.4053,406.8271,0,4.0,-1
029780,삼성카드,2021-04-22,35700,34350,KOSPI,70210.0,-3.7815,22,81,-0.4348,0.697,0.9905,0.6211,1.4348,3,1.6137,-4.5946,5.6241,26.7528,1,4.37,4
071320,지역난방공사,2021-04-22,43900,42200,KOSPI,11393.0,-3.8724,0,232,2.9268,1.793,1.4777,1.1074,1.6418,3,-0.2835,6.7594,5.6241,33.9683,1,6.28,7
004690,삼천리,2021-04-22,92400,88600,KOSPI,6005.0,-4.1126,0,150,9.6535,2.4913,1.0747,1.5443,1.3866,3,-0.8806,4.7122,5.6241,38.2215,0,3.61,-1
036560,KZ정밀,2021-04-22,10000,9830,KOSDAQ,2189.0,-1.7,0,152,6.7318,6.3034,1.9196,1.8384,3.4951,4,2.6132,13.9527,7.4053,59.0615,1,10.38,1
216080,제테마,2021-04-22,18437,17611,KOSDAQ,3594.0,-4.4801,0,175,24.3803,5.7066,2.0027,1.3225,5.5525,2,3.4557,70.3758,7.4053,222.9598,1,14.06,1
042600,새로닉스,2021-04-22,16300,15850,KOSDAQ,1714.0,-2.7607,0,83,19.1729,5.0155,1.1322,1.4967,6.0388,4,-2.719,44.2693,7.4053,519.1406,1,5.68,1
058430,포스코스틸리온,2021-04-22,38700,38500,KOSPI,2502.0,-0.5168,0,35,27.4834,13.1305,1.9356,1.4013,5.0557,4,19.2033,20.6055,5.6241,253.211,1,118.96,1
178920,PI첨단소재,2021-04-22,49650,47250,KOSPI,5800.0,-4.8338,6,46,3.8462,2.075,1.0676,0.4852,2.3507,4,5.3016,-3.4619,5.6241,84.5703,1,10.05,2
108860,셀바스AI,2021-04-22,4444,4401,KOSDAQ,3343.0,-0.9676,0,232,11.8993,1.2143,0.6124,1.2691,5.9175,4,11.9206,35.8098,7.4053,0.0,1,22.06,1
058610,에스피지,2021-04-22,10900,10400,KOSDAQ,29540.0,-4.5872,1,60,12.1899,13.8459,2.1925,1.3008,3.1319,4,0.3469,9.4486,7.4053,116.2162,1,34.62,2
042660,한화오션,2021-04-22,27274,26030,KOSPI,401095.0,-4.5611,0,221,3.1667,0.7072,0.731,0.6706,2.2051,4,0.6589,4.5279,5.6241,89.0341,1,39.08,2
003550,LG,2021-04-23,112415,108164,KOSPI,143272.0,-3.7815,0,73,4.0909,1.2335,1.0446,1.3458,3.6431,4,-1.0732,23.5921,4.7711,92.1174,1,10.48,1
267290,경동도시가스,2021-04-23,22650,21550,KOSPI,1326.0,-4.8565,0,147,1.6509,0.9134,0.922,0.9531,1.591,4,2.4592,6.8869,4.7711,33.8509,1,23.43,3
281740,레이크머티리얼즈,2021-04-23,4220,4165,KOSDAQ,16038.0,-1.3033,2,45,5.9796,0.9959,0.3596,0.8019,3.9873,4,11.6992,11.5009,7.3294,202.9091,1,4.2,1
003570,SNT다이내믹스,2021-04-23,8040,7650,KOSPI,16510.0,-4.8507,5,26,2.0,1.2536,0.7808,0.6121,2.1008,4,6.8348,-1.9485,4.7711,56.6018,1,20.26,1
003070,코오롱글로벌,2021-04-23,23858,23476,KOSPI,2481.0,-1.6011,0,44,16.9007,9.29,2.0206,1.3667,3.5638,4,3.9276,14.1128,4.7711,243.367,1,24.24,1
005940,NH투자증권,2021-04-26,12900,12400,KOSPI,101380.0,-3.876,0,72,4.6414,0.9318,0.8904,0.8318,2.5346,4,0.4777,2.3191,5.9779,52.7094,1,10.48,4
093190,빅솔론,2021-04-26,5640,5530,KOSDAQ,1503.0,-1.9504,9,186,1.4679,1.1366,0.7697,0.9231,2.5962,4,4.8993,2.7493,7.9614,36.5432,0,0.9,-1
02826K,삼성물산우B,2021-04-26,152500,147500,KOSPI,2722.0,-3.2787,0,123,10.9023,11.2191,2.1464,1.6184,3.6804,3,-1.6713,20.0905,5.9779,112.536,0,1.69,-1
006040,동원산업,2021-04-26,51558,49012,KOSPI,19425.0,-4.9381,10,45,2.2767,1.9469,1.1208,0.788,2.0402,4,2.3318,-0.2916,5.9779,45.6783,1,14.84,7
030610,교보증권,2021-04-26,8880,8460,KOSPI,14462.0,-4.7297,1,72,4.059,1.4735,1.1436,1.0974,2.3472,3,1.3171,5.1917,5.9779,37.561,1,10.4,8
123330,제닉,2021-04-26,7140,6890,KOSDAQ,1960.0,-3.5014,0,31,20.8772,2.5078,2.1344,0.7507,3.7529,4,12.3973,17.3113,7.9614,102.6471,1,40.78,4
161390,한국타이어앤테크놀로지,2021-04-26,54000,53400,KOSPI,91296.0,-1.1111,4,44,5.1181,1.2861,1.0657,0.8276,3.344,4,6.826,10.7435,5.9779,165.6716,0,0.75,-1
036800,나이스정보통신,2021-04-26,34200,32650,KOSDAQ,2485.0,-4.5322,0,235,5.6634,0.5677,1.0327,0.9206,2.7784,4,1.7301,2.5293,7.9614,43.8326,1,13.48,9
950140,잉글우드랩,2021-04-26,7110,6760,KOSDAQ,2501.0,-4.9226,2,28,2.8919,1.735,0.9448,0.6089,2.779,4,8.1077,-3.1552,7.9614,84.6995,1,12.87,8
032830,삼성생명,2021-04-26,87400,84900,KOSPI,395400.0,-2.8604,0,72,4.6856,2.7933,1.4557,0.9654,2.4819,4,-0.1123,5.8799,5.9779,93.6146,1,4.71,1
005720,넥센,2021-04-26,5370,5240,KOSPI,3721.0,-2.4209,0,240,5.7518,1.3352,0.8213,1.2777,2.5286,4,1.8906,7.4421,5.9779,43.5616,0,1.53,-1
267250,HD현대,2021-04-26,65500,63700,KOSPI,193533.0,-2.7481,0,223,8.5179,6.9143,1.8682,1.2009,21.137,4,1.9425,2.3555,5.9779,0.0,1,24.49,1
023910,대한약품,2021-04-26,47700,45500,KOSDAQ,1800.0,-4.6122,0,154,6.3084,0.5775,0.7053,1.0935,3.1711,4,8.6707,17.5558,7.9614,59.9297,0,-1.1,-1
007340,DN오토모티브,2021-04-26,6449,6259,KOSPI,17114.0,-2.9462,16,25,3.1477,1.8726,1.1599,0.4911,1.705,4,3.7523,-3.8401,5.9779,47.0975,1,23.5,2
002150,도화엔지니어링,2021-04-26,9950,9720,KOSPI,2212.0,-2.3116,0,250,7.4033,2.0056,1.2323,1.1834,2.9982,4,2.532,7.4411,5.9779,35.1878,1,5.45,10
213420,덕산네오룩스,2021-04-26,49500,47350,KOSDAQ,10404.0,-4.3434,2,22,5.2222,1.9358,0.9908,0.6873,3.1,4,8.752,-1.4372,7.9614,70.9386,0,0.11,-1
078600,대주전자재료,2021-04-26,54400,52800,KOSDAQ,14784.0,-2.9412,0,162,10.0,6.2801,1.6366,1.1752,3.2535,3,-2.8189,21.4503,7.9614,236.3057,1,3.41,2
000480,CR홀딩스,2021-04-26,9050,8660,KOSPI,2244.0,-4.3094,0,76,1.4052,1.4488,1.0118,1.1596,1.6826,4,1.4603,1.7336,5.9779,23.1863,1,26.44,2
214450,파마리서치,2021-04-26,77700,75100,KOSDAQ,34961.0,-3.3462,0,168,5.9238,1.3575,0.9054,0.9713,3.7759,3,7.3366,5.141,7.9614,95.8279,0,11.85,-1
098460,고영,2021-04-26,31060,29550,KOSDAQ,22347.0,-4.8616,0,65,12.5714,1.0152,1.4653,1.756,23.3648,4,1.9027,16.512,7.9614,0.0,0,-0.85,-1
027710,팜스토리,2021-04-27,2575,2520,KOSDAQ,1305.0,-2.1359,0,29,21.1538,12.8256,1.9484,0.8132,6.0374,4,15.6727,11.7393,6.5706,178.453,1,5.56,5
052400,코나아이,2021-04-27,47000,44950,KOSDAQ,8811.0,-4.3617,1,45,11.1248,1.6772,1.6421,0.564,2.8921,4,13.9405,1.7427,6.5706,0.0,0,4.67,-1
014790,HL D&I,2021-04-27,6080,5850,KOSPI,1206.0,-3.7829,0,53,2.6316,5.6783,1.4471,0.8417,3.1258,4,1.349,8.6353,4.7368,115.4696,1,12.99,4
151860,KG에코솔루션,2021-04-27,7460,7270,KOSDAQ,3104.0,-2.5469,0,44,12.5387,15.2824,2.2238,1.0992,2.8198,4,-0.291,13.5947,6.5706,103.9271,1,39.61,10
000370,한화손해보험,2021-04-27,5150,4935,KOSPI,8510.0,-4.1748,3,24,2.8125,0.7256,0.6865,0.9423,4.3783,4,8.697,-5.0398,4.7368,151.7857,1,11.85,7
101670,하이드로리튬,2021-04-27,1565,1495,KOSDAQ,1285.0,-4.4728,0,69,10.7407,3.8802,1.4499,1.1861,3.9178,4,1.9225,9.3209,6.5706,64.2857,1,19.06,4
016590,신대양제지,2021-04-27,8810,8570,KOSPI,6448.0,-2.7242,10,48,0.2339,1.6253,0.9328,0.2768,2.8755,4,9.9078,0.4166,4.7368,70.7171,1,14.12,8
034120,SBS,2021-04-27,27500,26150,KOSPI,3467.0,-4.9091,0,65,4.1833,0.8949,1.2556,1.2552,4.0563,4,-1.827,16.0484,4.7368,88.1295,1,78.97,3
124560,태웅로직스,2021-04-27,4257,4222,KOSDAQ,1071.0,-0.8222,0,21,12.4967,1.2154,1.3455,0.724,5.4409,4,13.1358,12.0249,6.5706,166.2043,1,38.09,1
103140,풍산,2021-04-27,39700,38900,KOSPI,31275.0,-2.0151,0,44,8.2058,4.9989,1.5564,1.1371,3.0389,4,4.5328,13.6802,4.7368,109.1398,1,28.41,6
088350,한화생명,2021-04-27,3665,3570,KOSPI,35349.0,-2.5921,0,44,8.0182,0.7415,1.3611,0.7651,4.2017,4,3.5603,10.0542,4.7368,174.6154,1,28.57,1
280360,롯데웰푸드,2021-04-27,145500,138500,KOSPI,11733.0,-4.811,11,47,-0.7168,2.3006,1.473,0.568,2.7849,4,8.0821,-2.1442,4.7368,43.0785,1,19.13,6
010950,S-Oil,2021-04-28,92300,88500,KOSPI,113258.0,-4.117,7,37,14.3411,4.4995,2.0713,1.1132,2.5101,3,2.9448,5.0688,3.9214,75.9443,1,13.56,5
139130,iM금융지주,2021-04-28,8960,8600,KOSPI,29732.0,-4.0179,1,28,6.6998,2.1689,1.4642,0.5617,1.8937,4,5.3641,-2.0256,3.9214,84.3516,1,13.72,2
214260,라파스,2021-04-28,38900,37650,KOSDAQ,1032.0,-3.2134,0,209,18.9573,3.4821,1.3858,1.1151,5.2647,4,8.5092,36.8728,4.403,182.0225,0,2.12,-1
215000,골프존,2021-04-28,97900,97200,KOSDAQ,3684.0,-0.715,3,25,6.8132,7.0002,1.5353,1.0802,3.2554,3,11.0645,3.4772,4.403,126.5734,1,21.5,1
000810,삼성화재,2021-04-28,212000,202500,KOSPI,245700.0,-4.4811,0,108,4.9223,2.0684,1.5478,0.5605,1.5168,3,1.8074,2.6576,3.9214,24.6154,1,8.64,9
105560,KB금융,2021-04-28,56200,55000,KOSPI,579782.0,-2.1352,13,20,4.9618,0.7779,1.3298,0.7183,1.974,4,6.5832,-6.0566,3.9214,78.5714,1,8.73,5
004170,신세계,2021-04-28,300000,290500,KOSPI,36314.0,-3.1667,12,36,5.8288,3.044,1.1867,0.7485,1.9179,4,4.4349,-0.5406,3.9214,45.25,1,11.36,2
117580,대성에너지,2021-04-28,5850,5710,KOSPI,2228.0,-2.3932,9,150,0.1754,0.833,0.8427,0.8396,1.8389,3,2.3347,2.0155,3.9214,24.8087,1,23.82,9
090430,아모레퍼시픽,2021-04-28,276500,270000,KOSPI,96045.0,-2.3508,8,21,5.0584,3.9159,1.3594,0.9718,3.2407,4,6.2335,0.5274,3.9214,81.2081,1,11.11,1
092460,한라IMS,2021-04-28,5306,5280,KOSDAQ,2570.0,-0.49,6,223,9.2489,25.4044,2.6259,1.1904,3.221,3,4.9412,-1.1368,4.403,60.4863,1,55.93,2
010955,S-Oil우,2021-04-28,53100,51000,KOSPI,2216.0,-3.9548,3,50,11.4754,3.7253,2.0003,0.9711,2.6681,3,3.7326,6.9482,3.9214,69.7171,1,17.65,5
272550,삼양패키징,2021-04-29,26500,26150,KOSPI,1899.0,-1.3208,15,20,7.1721,0.5248,0.4885,1.0317,2.991,3,7.0482,-2.2303,2.8072,66.0317,1,19.89,2
071970,HD현대마린엔진,2021-04-29,6590,6480,KOSPI,28562.0,-1.6692,0,156,45.7818,5.9992,2.393,1.3605,6.002,3,5.378,52.5885,2.8072,0.0,1,114.51,1
008770,호텔신라,2021-04-29,90900,88600,KOSPI,20762.0,-2.5303,13,70,6.235,4.8173,1.7634,1.1396,1.7414,4,0.4059,0.336,2.8072,34.2424,1,16.25,1
029530,신도리코,2021-04-29,33950,32850,KOSPI,5685.0,-3.2401,1,54,6.8293,1.7741,1.1805,0.7459,2.4136,4,6.1638,6.148,2.8072,54.2254,0,7.61,-1
037710,광주신세계,2021-04-29,36300,34600,KOSPI,2773.0,-4.6832,14,138,-0.8596,1.0635,0.789,0.4527,1.6309,4,3.5946,-2.8072,2.8072,32.567,1,28.32,6
010130,고려아연,2021-04-29,467000,454500,KOSPI,355049.0,-2.6767,0,178,4.0046,5.9462,1.7632,1.5704,2.3574,4,-0.2069,9.415,2.8072,36.0778,1,8.03,6
119610,인터로조,2021-04-29,18464,17601,KOSDAQ,2106.0,-4.674,0,239,4.4198,6.8172,1.7281,1.39,2.8095,4,4.8221,5.2502,2.5793,30.7749,0,3.62,-1
103590,일진전기,2021-04-29,4329,4226,KOSPI,32569.0,-2.3793,0,49,8.7773,13.7284,2.288,0.951,3.4193,4,5.8706,14.5165,2.8072,100.4744,0,5.13,-1
011760,현대코퍼레이션,2021-04-29,22100,21400,KOSPI,3294.0,-3.1674,0,29,6.4677,2.5009,1.248,0.8859,2.9206,4,5.1864,8.0736,2.8072,71.8876,1,6.07,1
033290,로젠,2021-04-29,5901,5680,KOSDAQ,1266.0,-3.7451,6,152,2.3055,1.5421,0.9198,1.0614,2.959,3,4.6434,4.4895,2.5793,31.0568,0,3.89,-1
000150,두산,2021-04-29,66700,64200,KOSPI,142182.0,-3.7481,0,71,18.6691,3.026,2.4148,1.5597,3.6104,3,-1.0635,27.284,2.8072,87.7193,1,40.5,2
267260,HD현대일렉트릭,2021-04-29,21950,21900,KOSPI,338483.0,-0.2278,3,30,10.3275,5.9091,1.8813,0.9987,3.017,4,2.7257,0.2516,2.8072,196.3464,1,14.16,1
012630,HDC,2021-04-30,12750,12150,KOSPI,12367.0,-4.7059,8,154,3.8462,1.4882,0.7932,1.0783,2.087,3,2.1497,5.9221,1.1263,45.509,1,28.4,4
024110,기업은행,2021-04-30,10150,9690,KOSPI,192578.0,-4.532,0,225,4.1935,1.9778,1.6506,0.9205,1.3047,3,2.9064,6.0639,1.1263,34.0249,1,14.55,4
030000,제일기획,2021-04-30,23050,21950,KOSPI,24849.0,-4.7722,10,135,1.3857,1.161,0.8125,0.8095,1.8223,4,2.3395,1.684,1.1263,38.9241,1,18.45,1
082740,한화엔진,2021-04-30,8079,7806,KOSPI,45479.0,-3.3791,0,93,14.6424,6.4523,2.2969,1.1235,3.4086,4,4.9559,4.8471,1.1263,231.8878,1,23.1,1
034230,파라다이스,2021-04-30,18800,18000,KOSPI,19636.0,-4.2553,11,41,8.4337,4.393,1.7728,0.6234,2.5595,3,1.5549,6.6581,1.1263,50.0,1,11.39,8
033500,동성화인텍,2021-05-03,14500,13950,KOSDAQ,8397.0,-3.7931,4,23,5.6818,2.597,1.3325,0.8615,3.7378,4,4.1832,1.1805,-0.8208,84.7682,0,3.94,-1
025860,남해화학,2021-05-03,9950,9530,KOSPI,3572.0,-4.2211,0,179,2.0343,4.2266,1.7043,1.4062,2.7057,4,1.085,6.2763,0.2041,35.755,1,12.8,1
054050,농우바이오,2021-05-04,15550,15150,KOSDAQ,1326.0,-2.5723,0,53,9.7826,13.4456,2.2271,1.6512,4.5026,4,1.7301,19.439,-0.1476,57.8125,1,5.94,1
241710,코스메카코리아,2021-05-04,17850,17200,KOSDAQ,10691.0,-3.6415,2,21,7.5,2.6572,1.4223,0.7814,3.0523,3,7.2105,-2.4019,-0.1476,70.297,1,10.47,4
225190,LK삼양,2021-05-04,1973,1883,KOSDAQ,1892.0,-4.5616,0,245,3.4615,1.6713,1.5303,1.0694,1.9915,4,3.0902,5.1672,-0.1476,18.8013,0,2.39,-1
00680K,미래에셋증권2우B,2021-05-04,5050,4855,KOSPI,23208.0,-3.8614,10,179,-0.7157,0.4917,0.5743,0.7225,1.5522,3,2.2267,5.2399,0.6488,67.9931,1,5.66,3
032640,LG유플러스,2021-05-04,14250,13950,KOSPI,68859.0,-2.1053,0,243,3.7175,2.1216,1.1356,1.075,2.6114,4,2.4244,9.6278,0.6488,29.1667,1,14.7,4
136480,하림,2021-05-06,3500,3330,KOSDAQ,3404.0,-4.8571,0,249,2.9366,1.8748,0.6161,1.0079,2.2844,4,3.8318,9.8714,-0.3319,32.9341,0,4.65,-1
070960,모나용평,2021-05-06,5500,5320,KOSPI,1624.0,-3.2727,0,236,6.9347,5.1768,1.7962,1.1037,2.9202,4,3.3653,7.6991,1.3173,45.1569,1,11.47,3
000860,강남제비스코,2021-05-06,15931,15181,KOSPI,2214.0,-4.7078,7,22,3.4058,0.707,0.7203,0.7666,3.0174,3,11.6889,2.0884,1.3173,121.5881,1,6.75,1
001460,BYC,2021-05-06,39300,38000,KOSPI,3379.0,-3.3079,9,49,3.8251,2.4373,1.1868,0.525,1.7105,3,5.8404,-1.3173,1.3173,99.4751,1,31.18,3
215600,신라젠,2021-05-06,7948,7757,KOSDAQ,5270.0,-2.4031,60,250,0.0,1.0,1.0,1.0,100.0,0,0.0,0.3319,-0.3319,0.0,0,-100.0,-1
001200,유진투자증권,2021-05-06,4950,4780,KOSPI,4219.0,-3.4343,1,20,5.8693,0.5389,1.3259,0.6086,3.4594,4,1.8265,3.6223,1.3173,74.7715,0,4.6,-1
001750,한양증권,2021-05-06,14500,14450,KOSPI,2826.0,-0.3448,7,20,3.5842,0.43,0.8647,0.5417,3.0648,4,12.2226,6.1176,1.3173,137.6645,1,9.34,1
029460,케이씨,2021-05-07,31200,29700,KOSPI,4307.0,-4.8077,4,61,0.678,1.4705,0.9241,1.1437,2.9221,4,-0.0979,1.2302,1.7161,119.1882,0,3.03,-1
005610,SPC삼립,2021-05-07,79100,76900,KOSPI,4435.0,-2.7813,0,249,8.1575,8.3662,1.9493,1.7574,1.8391,2,-0.0505,3.1953,1.7161,29.2437,1,24.84,1
060370,LS마린솔루션,2021-05-07,6363,6134,KOSDAQ,15306.0,-3.5989,0,163,12.3649,9.8483,2.573,1.2183,3.9149,4,4.7531,14.2244,-0.3788,88.4485,1,29.9,1
006840,AK홀딩스,2021-05-07,34150,32900,KOSPI,1074.0,-3.6603,3,50,8.7603,1.8729,1.8694,1.3481,3.8428,4,1.4205,12.5201,1.7161,101.2232,1,15.65,1
006060,화승인더,2021-05-07,9130,8820,KOSPI,1873.0,-3.3954,0,230,12.9321,4.4462,1.8493,1.2584,2.9559,4,5.7094,2.1709,1.7161,38.4615,1,8.16,1
073240,금호타이어,2021-05-07,4280,4125,KOSPI,21142.0,-3.6215,5,155,3.6432,1.4386,1.1535,1.5137,2.4242,3,-0.4735,7.9914,1.7161,48.3813,1,63.64,1
005440,현대지에프홀딩스,2021-05-07,7178,7047,KOSPI,16635.0,-1.825,11,26,10.6453,15.199,2.2712,1.6554,2.6313,4,2.9032,10.0879,1.7161,51.1259,1,10.27,1
009450,경동나비엔,2021-05-07,61800,58800,KOSPI,8960.0,-4.8544,0,160,7.2993,0.9442,0.7705,1.1792,3.4014,2,3.3744,16.4749,1.7161,62.8809,1,14.12,2
128820,대성산업,2021-05-07,5241,4979,KOSPI,3981.0,-4.999,4,25,2.9783,0.7514,0.608,0.7467,4.1603,4,13.0038,3.3705,1.7161,76.8739,1,29.62,4
018470,조일알미늄,2021-05-07,854,840,KOSPI,1616.0,-1.6393,0,90,18.9802,2.4112,1.3376,1.8558,5.6718,3,8.6442,28.5165,1.7161,70.0405,1,37.98,2
009410,태영건설,2021-05-07,28382,27772,KOSPI,4985.0,-2.1492,0,74,3.8012,1.6442,1.3876,1.3812,3.5328,4,0.1556,8.3636,1.7161,0.0,1,4.39,1
002200,한국수출포장,2021-05-07,2720,2605,KOSPI,1286.0,-4.2279,4,56,3.992,1.2814,0.8107,0.6908,2.3033,3,2.6301,3.7495,1.7161,55.0595,1,10.56,6
101530,해태제과식품,2021-05-10,10600,10450,KOSPI,2050.0,-1.4151,0,148,7.9545,3.7331,1.9471,1.4459,3.3288,3,4.4479,10.4585,3.7492,43.1507,1,11.0,1
089590,제주항공,2021-05-10,21806,20925,KOSPI,5080.0,-4.0402,5,35,3.5225,3.0999,1.1773,1.112,3.5924,3,3.2765,6.889,3.7492,104.5255,0,9.62,-1
017940,E1,2021-05-10,51300,49500,KOSPI,6538.0,-3.5088,0,158,7.6087,1.4808,1.307,1.2517,2.5325,2,4.3833,6.4958,3.7492,50.2276,1,23.03,7
004690,삼천리,2021-05-10,92400,88800,KOSPI,6005.0,-3.8961,3,161,4.717,1.0109,0.6864,1.3725,2.0994,4,0.8046,7.6686,3.7492,38.5335,0,10.81,-1
001045,CJ우,2021-05-10,66400,64900,KOSPI,2294.0,-2.259,0,71,6.3934,2.4954,1.3243,1.1431,1.937,4,-1.0747,8.1474,3.7492,72.6064,1,4.47,1
016360,삼성증권,2021-05-10,47250,46450,KOSPI,85371.0,-1.6931,0,81,8.9097,4.1227,1.4409,1.631,2.7603,3,1.514,7.3752,3.7492,79.3436,0,2.58,-1
00088K,한화3우B,2021-05-10,16300,16000,KOSPI,8984.0,-1.8405,0,70,7.0234,2.7223,1.2246,1.1107,1.808,4,0.6269,6.5956,3.7492,48.8372,0,1.25,-1
005800,신영와코루,2021-05-10,11900,11550,KOSPI,1546.0,-2.9412,0,104,10.0,2.6382,1.251,1.854,3.525,3,3.4955,8.9337,3.7492,48.267,1,12.55,2
272450,진에어,2021-05-10,22548,21969,KOSPI,3821.0,-2.5679,2,36,7.0614,2.5393,1.0601,1.1438,5.196,3,4.2771,16.6223,3.7492,197.6023,1,14.28,1
237880,클리오,2021-05-10,24450,23400,KOSDAQ,2467.0,-4.2945,0,243,1.9608,0.9082,0.9584,1.042,4.1056,4,3.39,11.3499,0.3447,52.9412,0,25.64,-1
006800,미래에셋증권,2021-05-10,11100,10800,KOSPI,294317.0,-2.7027,0,81,8.0,4.8246,1.6457,1.5219,2.5595,4,0.6526,0.097,3.7492,105.7143,0,1.39,-1
057050,현대홈쇼핑,2021-05-10,88400,85000,KOSPI,8040.0,-3.8462,0,96,7.868,5.9688,1.4955,2.0162,1.8067,3,-0.4815,2.1039,3.7492,47.5694,1,12.47,1
034830,한국토지신탁,2021-05-10,2535,2430,KOSPI,3272.0,-4.142,20,23,4.9676,0.8501,0.7352,0.734,2.719,3,5.9596,-5.7653,3.7492,47.2727,1,5.35,9
090435,아모레퍼시픽우,2021-05-10,99900,98700,KOSPI,5786.0,-1.2012,0,71,10.8989,3.3408,1.296,1.3218,2.6053,4,2.9259,13.8909,3.7492,89.8077,1,10.44,1
003960,사조대림,2021-05-10,20950,20150,KOSPI,3441.0,-3.8186,0,44,7.754,1.9663,1.2468,0.9492,2.6409,4,5.0695,4.2937,3.7492,53.8168,1,48.14,2
282330,BGF리테일,2021-05-10,181000,177000,KOSPI,21812.0,-2.2099,8,67,15.6863,3.4558,1.7274,1.1874,2.7643,3,0.4968,5.5101,3.7492,53.913,1,9.04,1
039130,하나투어,2021-05-10,69844,66816,KOSPI,7745.0,-4.3354,7,38,3.7935,4.1525,1.4276,1.0749,2.7255,3,1.5842,5.1675,3.7492,93.7707,1,37.86,5
004990,롯데지주,2021-05-10,40800,38900,KOSPI,34515.0,-4.6569,0,250,6.2842,5.0553,1.808,2.0292,3.296,3,0.3285,12.5438,3.7492,38.9286,0,12.21,-1
023530,롯데쇼핑,2021-05-10,135000,129500,KOSPI,32108.0,-4.0741,9,43,4.4355,2.495,1.7185,0.9554,2.6475,3,2.7138,-1.3776,3.7492,72.2074,0,-3.09,-1
00104K,CJ4우(전환),2021-05-10,87600,85400,KOSPI,7722.0,-2.5114,0,77,9.9099,1.624,0.9722,1.2915,1.7983,4,-1.0032,11.1902,3.7492,56.4103,1,8.2,3
005720,넥센,2021-05-11,5370,5200,KOSPI,3721.0,-3.1657,3,250,6.1224,0.7378,0.7408,1.1971,3.3242,4,2.688,2.1677,2.3549,42.4658,0,5.96,-1
099750,이지케어텍,2021-05-11,12286,12210,KOSDAQ,1244.0,-0.6186,0,164,8.4369,10.4688,1.9783,1.5428,4.3776,3,5.7669,18.3887,-2.2026,49.23,1,50.42,4
000050,경방,2021-05-11,15200,14550,KOSPI,2942.0,-4.2763,0,235,9.8113,1.7294,1.0216,1.5269,3.731,4,1.8765,8.7138,2.3549,46.5257,1,7.9,6
084690,대상홀딩스,2021-05-11,12950,12550,KOSPI,3683.0,-3.0888,0,173,16.2037,1.2948,1.0503,1.2344,4.3825,4,3.5325,14.3893,2.3549,79.2857,1,6.37,2
001680,대상,2021-05-11,30300,29300,KOSPI,7969.0,-3.3003,0,170,13.1274,3.0996,2.0263,1.331,2.2062,2,-1.0956,7.7955,2.3549,27.6688,1,6.66,2
023590,다우기술,2021-05-11,29600,28550,KOSPI,23420.0,-3.5473,3,22,10.4449,2.1996,1.2749,1.2727,2.9772,3,2.3315,-2.0034,2.3549,64.0805,0,1.05,-1
009580,무림P&P,2021-05-11,6070,5900,KOSPI,1525.0,-2.8007,4,52,13.4615,1.3224,0.935,1.0695,4.8305,4,2.9389,21.2053,2.3549,109.9644,1,6.61,1
097950,CJ제일제당,2021-05-11,474000,454000,KOSPI,34399.0,-4.2194,0,72,11.411,6.9951,2.365,1.4025,2.1633,3,-2.2058,6.6487,2.3549,65.9963,1,8.15,2
018250,애경산업,2021-05-11,28100,26850,KOSPI,3592.0,-4.4484,2,250,4.0698,2.3342,1.4979,1.5521,2.5539,4,0.0496,7.6861,2.3549,34.5865,0,12.66,-1
035250,강원랜드,2021-05-11,27400,26050,KOSPI,39365.0,-4.927,11,37,3.5785,1.726,1.2544,0.5688,1.9331,3,0.7551,2.8976,2.3549,30.5764,1,13.44,10
006260,LS,2021-05-11,80000,77200,KOSPI,69264.0,-3.5,0,83,11.0791,1.936,1.1667,1.2602,3.9323,3,-0.3265,15.1489,2.3549,132.5301,0,1.55,-1
100250,진양홀딩스,2021-05-11,3219,3074,KOSPI,1811.0,-4.5045,0,33,4.7359,1.0952,1.1473,0.985,1.8845,4,3.7051,9.549,2.3549,40.4936,0,-0.13,-1
093190,빅솔론,2021-05-11,5640,5490,KOSDAQ,1503.0,-2.6596,19,196,1.2915,0.4163,0.8195,0.6177,2.1207,4,5.3681,3.1217,-2.2026,35.5556,0,14.39,-1
017800,현대엘리베이터,2021-05-11,52800,50800,KOSPI,40695.0,-3.7879,0,211,10.1952,1.9076,1.7682,1.2702,2.5661,4,2.3203,9.5394,2.3549,39.5106,1,13.78,10
300720,한일시멘트,2021-05-11,17450,17050,KOSPI,13532.0,-2.2923,1,29,15.2027,2.6503,1.3215,1.1223,4.0427,4,11.5637,12.8478,2.3549,122.2947,1,4.99,1
036530,SNT홀딩스,2021-05-11,20550,19600,KOSPI,9864.0,-4.6229,2,34,5.9459,1.4241,1.3651,0.6591,2.2959,4,4.9254,4.4571,2.3549,43.5897,1,22.19,3
001740,SK네트웍스,2021-05-11,5950,5670,KOSPI,11175.0,-4.7059,4,75,9.0385,2.0193,1.2551,1.1903,2.2928,2,0.6181,0.3625,2.3549,26.5625,0,13.05,-1
003830,대한화섬,2021-05-12,148000,144000,KOSPI,1575.0,-2.7027,10,20,8.2707,1.1171,0.8922,1.0036,3.5466,4,7.0598,0.5826,-0.2341,85.8065,0,6.6,-1
009520,포스코엠텍,2021-05-12,12050,11500,KOSDAQ,8224.0,-4.5643,0,46,43.5705,7.8203,1.481,1.2433,6.0994,4,17.6708,39.4177,-4.2826,200.6536,1,7.83,1
207940,삼성바이오로직스,2021-05-12,1284339,1245067,KOSPI,791575.0,-3.0578,0,83,12.0418,6.5612,1.6033,1.2859,3.1041,3,0.0849,9.4178,-0.2341,47.3321,1,10.75,1
000490,대동,2021-05-12,12150,11550,KOSPI,3370.0,-4.9383,1,21,6.9444,0.9745,0.6512,0.7782,4.8856,4,11.5914,4.2882,-0.2341,160.1351,1,19.05,3
143240,사람인,2021-05-13,36700,35200,KOSDAQ,1656.0,-4.0872,4,20,4.2963,1.2577,0.9518,0.649,3.9468,4,7.0196,7.1802,-6.1759,64.8712,1,13.49,5
000815,삼성화재우,2021-05-13,169000,165000,KOSPI,12429.0,-2.3669,0,136,3.4483,2.3596,1.6167,1.2936,1.7749,4,4.8391,11.5284,-1.8939,38.6555,0,1.52,-1
002960,한국쉘석유,2021-05-13,295000,284500,KOSPI,5870.0,-3.5593,0,96,3.0797,4.4495,1.5677,1.7066,2.3349,3,2.5874,13.0267,-1.8939,29.6128,0,2.28,-1
248170,샘표식품,2021-05-13,58000,57000,KOSPI,1393.0,-1.7241,0,84,17.284,30.706,3.1717,1.8741,3.6905,3,-1.0497,18.5776,-1.8939,90.9548,1,20.18,1
123890,한국자산신탁,2021-05-14,5230,4975,KOSPI,3243.0,-4.8757,2,22,3.2158,1.5238,1.1178,0.7845,2.8069,4,6.8023,5.4723,-1.2838,118.6813,1,8.54,2
005990,매일홀딩스,2021-05-14,11400,11050,KOSDAQ,1438.0,-3.0702,0,21,6.25,4.8665,1.4291,1.129,3.9431,4,5.8964,17.1788,-4.6533,48.1233,1,11.31,1
023760,한국캐피탈,2021-05-14,854,812,KOSDAQ,2822.0,-4.918,0,26,4.3702,3.2194,1.2051,0.962,3.2196,4,9.1864,13.0645,-4.6533,67.4227,1,17.0,1
000400,롯데손해보험,2021-05-14,2140,2075,KOSPI,5508.0,-3.0374,0,229,8.3551,2.3365,1.9662,1.6667,3.4251,3,2.3174,12.5439,-1.2838,35.1792,0,6.27,-1
096240,크레버스,2021-05-14,30400,29000,KOSDAQ,1190.0,-4.6053,0,174,1.9332,0.5368,0.8451,0.8136,5.1847,4,12.4031,19.0517,-4.6533,69.0962,1,23.1,2
080160,모두투어,2021-05-14,25500,24450,KOSDAQ,2829.0,-4.1176,3,82,4.9356,1.1696,1.3332,0.9951,3.6079,3,-1.28,22.2014,-4.6533,147.4696,1,29.04,1
033290,로젠,2021-05-14,5901,5757,KOSDAQ,1266.0,-2.4403,16,162,-0.1388,0.7758,1.0056,0.9677,3.1304,3,4.7752,7.2371,-4.6533,27.0861,0,1.77,-1
215200,메가스터디교육,2021-05-14,69700,66300,KOSDAQ,4732.0,-4.878,0,21,16.3158,1.1473,1.9425,0.9445,3.9647,4,9.0072,16.4577,-4.6533,128.2272,0,7.39,-1
100120,뷰웍스,2021-05-14,42550,40650,KOSDAQ,2471.0,-4.4653,0,248,6.6929,3.9164,1.242,1.387,2.5303,4,4.4265,11.9093,-4.6533,44.405,0,0.49,-1
214450,파마리서치,2021-05-17,77700,76500,KOSDAQ,34961.0,-1.5444,2,182,10.0719,4.3437,1.3658,0.8684,4.5285,3,4.9466,11.8895,-5.7869,64.1631,1,24.31,1
008490,서흥,2021-05-17,60300,58400,KOSPI,2696.0,-3.1509,0,181,6.3752,4.6126,1.223,1.4532,2.9354,3,0.8118,10.7563,-2.004,33.945,0,0.86,-1
013890,지누스,2021-05-17,77504,73804,KOSPI,2713.0,-4.7739,0,75,11.7108,1.1101,2.326,1.8267,3.4867,3,-1.9694,21.5382,-2.004,51.9289,1,8.94,7
029530,신도리코,2021-05-17,33950,32300,KOSPI,5685.0,-4.8601,5,65,-2.5641,1.6137,1.0324,1.0181,3.2287,4,4.1581,7.9056,-2.004,51.6432,1,12.54,7
114090,GKL,2021-05-17,18150,17400,KOSPI,8245.0,-4.1322,5,104,4.1916,1.8219,1.4561,0.9827,3.1814,3,0.8368,13.9011,-2.004,49.3562,1,10.63,6
079160,CJ CGV,2021-05-17,21205,20227,KOSPI,10084.0,-4.6121,5,75,5.8506,2.4875,1.4367,1.4545,3.5402,3,-1.6013,10.4307,-2.004,59.5063,1,20.21,2
003490,대한항공,2021-05-17,31950,30500,KOSPI,91871.0,-4.5383,0,66,2.521,2.48,1.6662,1.5627,3.466,4,-1.9849,17.0983,-2.004,173.4935,1,15.08,7
045100,한양이엔지,2021-05-18,22000,20900,KOSDAQ,5103.0,-5.0,0,78,13.2791,3.6693,1.5829,0.8844,3.5714,4,1.772,12.4959,-5.8633,130.43,0,2.39,-1
014280,금강공업,2021-05-18,7260,7230,KOSPI,1827.0,-0.4132,2,23,2.2631,2.9534,1.2029,1.1068,5.987,4,7.5562,10.0207,-0.8062,142.6174,1,21.44,1
003555,LG우,2021-05-18,73293,73000,KOSPI,2144.0,-0.3998,16,20,0.0,0.0,0.0,0.0,93.2233,4,11.4986,7.4519,-0.8062,0.0,1,6.16,6
005850,에스엘,2021-05-18,30150,29700,KOSPI,25314.0,-1.4925,0,70,12.7135,6.1987,2.3425,1.4358,4.8581,4,-1.4037,16.3704,-0.8062,0.0,1,23.91,1
016580,환인제약,2021-05-20,22400,21550,KOSPI,1962.0,-3.7946,0,21,4.6117,1.2289,0.6406,0.6765,2.9831,4,2.6091,12.6108,-1.8139,59.6296,0,8.58,-1
018310,삼목에스폼,2021-05-20,17400,16650,KOSDAQ,3021.0,-4.3103,0,24,2.7778,1.4979,1.0763,0.799,5.6414,4,10.9795,13.6543,-5.8873,150.0,1,10.81,7
069510,에스텍,2021-05-20,12650,12100,KOSDAQ,1636.0,-4.3478,0,95,4.7619,1.9223,1.2488,0.8576,2.2432,4,1.3732,12.4952,-5.8873,44.5639,1,5.37,10
036200,유니셈,2021-05-20,16050,15450,KOSDAQ,3299.0,-3.7383,11,25,6.5517,1.4973,1.0549,0.7648,4.8313,4,5.2947,6.212,-5.8873,180.9091,0,0.97,-1
001340,PKC,2021-05-20,6861,6557,KOSPI,2951.0,-4.4308,0,31,10.4058,0.9633,1.4059,0.5172,3.7081,4,8.0449,5.8767,-1.8139,128.9455,1,44.84,7
041510,에스엠,2021-05-20,40450,39000,KOSDAQ,26192.0,-3.5847,0,170,24.6006,2.1746,2.3509,1.6007,4.2308,3,0.6413,34.1768,-5.8873,78.8991,1,42.56,2
225190,LK삼양,2021-05-20,1946,1892,KOSDAQ,1892.0,-2.7749,11,37,0.0,0.5066,0.8203,0.705,2.8088,4,4.2577,9.3318,-5.8873,19.3691,0,3.81,-1
009270,신원,2021-05-21,2045,2035,KOSPI,1687.0,-0.489,0,245,14.6479,33.1451,2.6969,1.5862,5.0193,4,4.9554,31.7708,-0.4805,58.9844,1,13.51,8
115310,인포바인,2021-05-21,22000,21650,KOSDAQ,2551.0,-1.5909,35,20,4.3373,1.0312,0.9436,0.9808,2.6724,4,1.3335,6.0,-5.536,27.7286,1,5.08,1
047560,이스트소프트,2021-05-21,11600,11250,KOSDAQ,2044.0,-3.0172,2,39,11.3861,1.9745,2.1348,1.2768,6.1841,4,4.6955,12.6788,-5.536,87.188,1,6.22,3
001200,유진투자증권,2021-05-21,4950,4780,KOSPI,4219.0,-3.4343,7,30,5.4024,0.6807,0.7307,1.0465,3.691,4,4.7729,12.9511,-0.4805,74.7715,1,4.6,4
083650,비에이치아이,2021-05-24,5420,5350,KOSDAQ,22775.0,-1.2915,0,23,32.2621,13.5112,3.3354,1.2438,7.2296,4,13.527,22.8419,-7.5401,190.7609,1,44.3,1
049720,고려신용정보,2021-05-24,7820,7510,KOSDAQ,1469.0,-3.9642,3,28,2.736,2.1746,1.2182,0.9371,2.4729,4,6.6105,9.717,-7.5401,49.6016,1,56.46,2
194700,노바렉스,2021-05-24,25678,24614,KOSDAQ,2905.0,-4.1436,4,20,3.0435,0.5026,1.0704,0.5842,3.6089,4,5.3458,11.4888,-7.5401,64.8737,0,3.27,-1
036420,콘텐트리중앙,2021-05-25,53200,50900,KOSPI,1414.0,-4.3233,3,40,9.9352,1.4079,1.2031,0.8862,3.6556,3,3.7191,14.08,-0.4639,113.4172,1,13.56,1
005430,한국공항,2021-05-25,48200,46600,KOSPI,2204.0,-3.3195,0,248,3.0973,1.2839,1.2996,1.3205,4.1232,4,2.8498,15.101,-0.4639,59.589,1,25.97,4
305090,마이크로디지탈,2021-05-25,13659,13259,KOSDAQ,1649.0,-2.9285,0,170,33.1626,10.7165,2.7145,1.3023,6.699,3,14.5396,13.8055,-6.3059,196.9541,1,6.04,1
094800,맵스리얼티,2021-05-25,4990,4810,KOSPI,5440.0,-3.6072,20,20,1.2632,0.6783,0.6691,0.4258,0.9727,3,6.6156,-2.2661,-0.4639,27.0806,1,7.28,4
016360,삼성증권,2021-05-25,47250,45750,KOSPI,85371.0,-3.1746,6,91,1.8931,0.487,0.6297,1.0267,3.0289,4,4.3068,8.4922,-0.4639,76.6409,1,4.15,4
032350,롯데관광개발,2021-05-25,22150,21050,KOSPI,20879.0,-4.9661,3,58,8.5052,2.7445,1.4954,1.0896,4.3264,3,2.2397,19.0554,-0.4639,0.0,1,12.35,4
036930,주성엔지니어링,2021-05-25,15100,14650,KOSDAQ,23232.0,-2.9801,8,21,6.9343,0.9936,1.0149,1.0404,4.6563,4,8.9371,7.69,-6.3059,190.099,1,5.8,2
067390,아스트,2021-05-25,6830,6580,KOSDAQ,2923.0,-3.6603,5,49,10.4027,5.2585,1.7917,0.8957,2.8984,3,0.9938,12.9509,-6.3059,82.5243,1,30.55,5
001040,CJ,2021-05-25,118500,113000,KOSPI,65065.0,-4.6414,0,87,4.6296,1.3329,0.9922,1.619,4.665,4,2.0715,18.295,-0.4639,49.2734,0,4.42,-1
00088K,한화3우B,2021-05-25,16300,15900,KOSPI,8984.0,-2.454,8,80,2.9126,1.6969,1.0677,1.3619,2.8527,4,1.5684,6.4639,-0.4639,47.907,0,0.31,-1
004690,삼천리,2021-05-25,92400,88600,KOSPI,6005.0,-4.1126,9,171,1.373,0.5422,1.164,1.483,2.08,4,1.7735,2.0694,-0.4639,38.2215,1,17.38,2
001720,신영증권,2021-05-26,64500,62500,KOSPI,30989.0,-3.1008,21,20,-0.7937,0.1394,0.5806,1.0616,2.2171,3,4.2943,0.5751,-1.526,47.232,1,6.08,5
094820,일진파워,2021-05-26,7560,7230,KOSDAQ,2488.0,-4.3651,4,22,10.5505,1.8927,1.8212,0.9146,4.594,4,6.9776,12.6933,-6.2132,57.5163,1,83.96,1
052400,코나아이,2021-05-26,47000,46000,KOSDAQ,8811.0,-2.1277,1,64,8.747,1.7249,1.3982,0.9569,3.9441,4,6.3258,10.9968,-6.2132,0.0,1,2.83,1
018250,애경산업,2021-05-26,27550,26500,KOSPI,3592.0,-3.8113,8,81,-1.8519,0.6736,0.6957,1.5148,2.8437,4,0.5398,7.9517,-1.526,32.8321,1,14.15,1
119610,인터로조,2021-05-26,18359,17707,KOSDAQ,2106.0,-3.5514,1,231,8.0024,3.5125,0.9556,1.2675,2.8056,3,4.8957,11.0442,-6.2132,31.5625,1,15.83,4
052690,한전기술,2021-05-26,55100,54800,KOSPI,55801.0,-0.5445,1,22,18.872,3.014,2.1377,1.2546,8.0944,4,33.3345,47.6593,-1.526,269.0236,1,14.96,1
001740,SK네트웍스,2021-05-26,5950,5750,KOSPI,11175.0,-3.3613,5,85,2.1314,2.2452,0.988,1.0697,2.7826,3,0.8001,6.8374,-1.526,28.3482,1,11.48,1
003830,대한화섬,2021-05-27,148000,141000,KOSPI,1575.0,-4.7297,16,30,-1.3986,0.508,0.579,0.6034,3.2421,4,5.6236,-0.5311,-1.5522,81.9355,1,23.4,5
006730,서부T&D,2021-05-27,7895,7695,KOSDAQ,11882.0,-2.5332,0,95,9.3817,5.7879,1.6463,1.7542,3.2099,4,0.1003,12.6268,-4.5964,49.0701,1,16.54,1
089590,제주항공,2021-05-27,21806,21345,KOSPI,5080.0,-2.1141,9,47,4.0864,1.5638,0.7166,1.1675,3.9019,4,3.8846,10.5442,-1.5522,108.6306,1,16.5,4
003570,SNT다이내믹스,2021-05-27,9200,8760,KOSPI,16510.0,-4.7826,6,21,-2.1229,0.5766,0.7135,0.9845,3.0577,4,8.3088,3.4127,-1.5522,79.3245,1,40.41,3
093190,빅솔론,2021-05-27,5640,5400,KOSDAQ,1503.0,-4.2553,23,207,3.2505,0.6903,0.7865,1.1533,2.3545,3,3.8913,2.7782,-4.5964,33.3333,1,16.48,4
214680,디알텍,2021-05-27,1835,1755,KOSDAQ,1603.0,-4.3597,1,87,1.4451,1.0007,1.0399,1.4614,3.7648,4,1.4861,9.6862,-4.5964,30.9701,1,9.97,7
161890,한국콜마,2021-05-27,60800,58500,KOSPI,17184.0,-3.7829,13,25,1.9164,2.9559,1.0463,0.8595,2.3565,3,1.4439,5.092,-1.5522,47.1698,1,7.35,4
192400,쿠쿠홀딩스,2021-05-27,28900,28100,KOSPI,10046.0,-2.7682,18,20,-1.4035,0.4965,0.7155,0.8819,3.3045,4,6.0058,-0.5384,-1.5522,87.5834,0,2.49,-1
272290,이녹스첨단소재,2021-05-28,30050,29900,KOSDAQ,7832.0,-0.4992,14,20,13.0435,1.2747,1.5829,1.2534,3.3567,4,4.1754,6.2658,-2.0846,70.7498,1,18.23,1
000815,삼성화재우,2021-05-28,169000,163000,KOSPI,12429.0,-3.5503,8,146,1.2422,0.3974,0.7877,0.958,1.709,4,5.5968,2.6109,0.2282,36.9748,0,2.76,-1
013570,디와이,2021-05-28,6530,6210,KOSPI,1411.0,-4.9005,0,87,3.6728,3.3731,1.0448,0.9502,2.588,4,0.4806,6.4728,0.2282,70.8391,1,12.72,7
000700,유수홀딩스,2021-05-28,8740,8330,KOSPI,1570.0,-4.6911,3,20,4.125,0.9066,1.5181,1.4822,3.9016,3,12.7141,-2.6872,0.2282,66.7668,0,1.32,-1
085910,네오티스,2021-05-28,4600,4380,KOSDAQ,1555.0,-4.7826,5,76,3.1802,2.4349,1.0926,0.7662,2.7642,3,1.9033,4.3016,-2.0846,31.3343,1,38.13,5
010690,화신,2021-05-28,7270,7200,KOSPI,3220.0,-0.9629,0,76,23.2877,13.3838,2.1493,1.9941,6.25,4,0.4647,45.5208,0.2282,278.9474,1,59.03,1
005680,삼영전자,2021-05-28,13700,13150,KOSPI,2384.0,-4.0146,5,22,1.1538,0.6971,0.7773,1.3262,4.3998,4,4.8556,4.1369,0.2282,86.7898,1,7.6,3
001440,대한전선,2021-05-28,14769,14561,KOSPI,57985.0,-1.4084,0,121,27.1148,3.6743,2.0947,1.1934,5.3156,3,3.6303,48.886,0.2282,164.9864,1,205.76,1
037560,LG헬로비전,2021-05-31,5750,5500,KOSPI,1901.0,-4.3478,0,30,12.9363,1.891,1.1464,1.2516,2.9156,4,2.7155,5.2372,0.9404,46.6667,1,71.27,2
214320,이노션,2021-05-31,35200,33550,KOSPI,7980.0,-4.6875,0,96,5.836,2.0836,1.2917,1.4933,2.5231,3,-0.4385,11.0796,0.9404,52.1542,0,1.04,-1
007160,사조산업,2021-05-31,59700,57100,KOSPI,3200.0,-4.3551,2,50,16.2933,2.6559,1.9698,0.4535,3.6215,4,9.232,16.913,0.9404,125.2465,1,33.98,1
130660,한전산업,2021-05-31,5980,5750,KOSPI,5796.0,-3.8462,0,25,8.4906,1.4997,1.7116,1.2478,3.9814,4,3.148,12.0262,0.9404,86.0841,1,126.09,5
002990,금호건설,2021-05-31,12300,11700,KOSPI,1820.0,-4.878,0,131,7.3394,2.031,1.7538,1.3411,4.1514,4,6.279,13.2059,0.9404,84.8341,1,22.65,3
005720,넥센,2021-05-31,5340,5100,KOSPI,3721.0,-4.4944,8,23,2.1021,0.8295,0.5866,0.7842,3.0322,3,2.3722,-0.3487,0.9404,39.726,1,8.24,6
003200,일신방직,2021-05-31,11400,10850,KOSPI,3302.0,-4.8246,11,23,3.3333,0.2059,0.4661,0.729,3.291,3,7.6674,-0.0102,0.9404,100.5545,1,10.6,9
013990,아가방컴퍼니,2021-05-31,6050,5780,KOSDAQ,1546.0,-4.4628,1,21,8.4428,1.897,1.0527,0.5073,4.7207,4,15.0845,8.3343,-0.8994,137.8601,1,26.99,1
097955,CJ제일제당 우,2021-05-31,235500,224000,KOSPI,1892.0,-4.8832,0,83,7.4341,0.9991,0.5434,1.3018,3.8903,4,1.5281,18.5262,0.9404,85.124,0,0.22,-1
035080,그래디언트,2021-05-31,29800,28950,KOSDAQ,1604.0,-2.8523,0,70,19.8758,12.6386,2.3402,1.2788,4.3733,4,-0.8749,29.1386,-0.8994,245.6716,1,14.68,1
012030,DB,2021-05-31,1055,1010,KOSPI,3374.0,-4.2654,0,83,4.8806,2.5368,1.1873,1.0365,3.0905,4,1.7803,8.8422,0.9404,52.1084,1,10.89,1
051360,토비스,2021-05-31,9780,9310,KOSDAQ,2383.0,-4.8057,0,126,15.6522,9.3498,2.1417,1.0683,2.9615,4,3.3262,20.4116,-0.8994,57.7966,0,2.36,-1
035760,CJ ENM,2021-05-31,174000,165300,KOSDAQ,16776.0,-5.0,0,84,10.4947,1.8681,1.2726,1.4268,2.7439,3,1.348,18.1334,-0.8994,57.8797,0,14.52,-1
053210,스카이라이프,2021-06-01,10700,10250,KOSPI,2376.0,-4.2056,0,207,8.1224,1.0804,1.0195,1.5671,3.4983,3,3.6634,13.4681,2.3511,38.5135,1,8.78,5
035720,카카오,2021-06-01,132500,127000,KOSPI,258039.0,-4.1509,0,31,7.6271,1.2964,1.4192,0.8926,2.8684,4,6.2355,9.5432,2.3511,0.0,1,36.22,7
000500,가온전선,2021-06-01,26081,25008,KOSPI,14442.0,-4.1141,4,46,14.338,8.578,1.7606,0.6623,3.606,4,8.3068,-0.5063,2.3511,90.0015,1,64.03,1
091810,티웨이항공,2021-06-01,3019,2898,KOSPI,5174.0,-4.0079,0,133,11.1196,0.9463,1.204,1.8196,5.2943,4,2.8409,17.6489,2.3511,115.9463,1,58.9,1
003650,미창석유,2021-06-01,94000,89800,KOSPI,2157.0,-4.4681,0,31,3.3372,0.8847,0.5521,0.3854,3.1101,4,8.8618,8.104,2.3511,60.3571,0,1.89,-1
033780,KT&G,2021-06-01,89500,85300,KOSPI,202920.0,-4.6927,0,246,3.1439,1.3447,1.2091,0.6766,1.0467,2,1.5041,1.1683,2.3511,10.7792,0,0.12,-1
214180,헥토이노베이션,2021-06-01,20950,20000,KOSDAQ,3053.0,-4.5346,0,84,5.2632,6.5324,1.7073,1.1968,3.1607,4,0.7194,12.8784,0.1159,59.3625,0,0.5,-1
078000,텔코웨어,2021-06-01,13500,13000,KOSPI,1455.0,-3.7037,0,250,6.5574,5.2266,1.453,1.6114,2.4451,3,2.0938,1.2345,2.3511,17.6471,0,1.54,-1
250060,모비스,2021-06-01,3450,3370,KOSDAQ,1390.0,-2.3188,0,35,12.709,2.2153,1.7059,0.6697,3.3807,4,2.9102,5.1966,0.1159,62.8019,1,5.79,2
003800,에이스침대,2021-06-01,48650,46800,KOSDAQ,4076.0,-3.8027,7,250,0.9709,1.2542,0.7822,0.6774,3.2585,4,3.4313,10.1314,0.1159,24.9666,0,3.95,-1
120110,코오롱인더,2021-06-01,66900,64800,KOSPI,17007.0,-3.139,11,23,8.3612,1.9403,1.0539,0.72,3.2628,4,4.1746,4.7563,2.3511,112.1113,0,22.53,-1
013580,계룡건설,2021-06-02,37400,36750,KOSPI,2193.0,-1.738,7,24,7.2993,4.0425,1.0263,1.0055,3.4597,4,5.9934,8.2609,3.1028,144.186,1,8.44,1
039830,오로라,2021-06-02,12000,11400,KOSDAQ,1647.0,-5.0,0,33,4.1096,2.7473,1.5681,0.9847,3.1767,4,3.2992,7.6098,2.0056,39.1941,0,0.0,-1
032830,삼성생명,2021-06-02,88900,85900,KOSPI,395400.0,-3.3746,13,20,1.5366,1.0452,0.7946,0.7915,2.3033,3,3.9318,-2.044,3.1028,94.7846,0,-0.23,-1
032940,원익,2021-06-02,5860,5570,KOSDAQ,2340.0,-4.9488,1,39,1.8282,1.4702,0.8865,0.8319,3.8664,4,5.5102,4.9042,2.0056,93.0676,0,10.41,-1
192820,코스맥스,2021-06-02,135762,131500,KOSPI,23550.0,-3.1393,6,29,6.0484,1.4014,0.8768,0.9509,3.4492,4,4.5532,12.0481,3.1028,59.1374,1,4.18,1
042510,라온시큐어,2021-06-02,25712,24762,KOSDAQ,1080.0,-3.6948,0,35,7.1391,6.1143,2.4601,0.7307,4.7414,4,8.0214,14.0518,2.0056,63.64,1,35.36,2
041440,현대에버다임,2021-06-02,6420,6140,KOSDAQ,1607.0,-4.3614,4,50,8.8652,2.3884,0.8678,0.7755,2.6408,4,5.7241,6.093,2.0056,87.7676,1,31.92,1
098120,마이크로컨텍솔,2021-06-02,7140,6820,KOSDAQ,1829.0,-4.4818,0,86,8.254,1.8593,0.6909,1.08,4.3255,3,-0.2144,14.7752,2.0056,95.6958,1,29.91,1
044990,에이치엔에스하이텍,2021-06-02,14000,13300,KOSDAQ,1346.0,-5.0,0,32,4.7244,6.0218,1.848,0.4868,2.9001,4,10.2905,1.4964,2.0056,241.0256,1,6.77,7
036460,한국가스공사,2021-06-03,35800,34500,KOSPI,39464.0,-3.6313,2,22,5.9908,2.0027,1.1301,0.8315,2.3499,3,-0.6591,6.5188,3.1792,49.3506,1,15.51,2
225190,LK삼양,2021-06-03,1946,1901,KOSDAQ,1892.0,-2.3124,17,47,1.9303,0.9036,0.7583,1.376,2.1342,4,4.6686,-1.421,2.377,19.9369,1,6.63,3
000400,롯데손해보험,2021-06-03,2140,2110,KOSPI,5508.0,-1.4019,1,242,4.4554,1.863,0.6947,1.2645,2.8944,4,4.7419,9.6551,3.1792,37.4593,1,4.5,1
016580,환인제약,2021-06-03,22400,22000,KOSPI,1962.0,-1.7857,5,31,4.2654,0.7836,1.3418,1.1527,2.6948,4,3.1356,6.8208,3.1792,60.5839,1,6.82,3
089970,브이엠,2021-06-03,29000,27550,KOSDAQ,7763.0,-5.0,13,30,1.6605,2.346,0.8502,0.7341,3.4094,3,9.1202,-4.1595,2.377,186.9792,0,-0.91,-1
011330,유니켐,2021-06-03,1800,1720,KOSPI,1221.0,-4.4444,10,29,4.5593,1.2992,0.7919,0.4535,2.1179,4,3.7725,-4.3286,3.1792,34.902,1,9.88,9
161390,한국타이어앤테크놀로지,2021-06-03,54000,51500,KOSPI,91296.0,-4.6296,5,70,7.0686,1.1187,0.9465,0.5219,2.767,4,0.4055,4.5614,3.1792,129.3987,1,11.65,2
950170,JTC,2021-06-03,6180,6150,KOSDAQ,2748.0,-0.4854,0,122,16.6983,5.8581,2.701,1.3167,3.8095,3,0.6638,22.4961,2.377,78.7791,1,11.71,4
071200,인피니트헬스케어,2021-06-04,8803,8478,KOSDAQ,1617.0,-3.6919,0,233,3.605,2.4795,1.2854,1.2351,2.9682,4,2.6983,8.2047,1.8134,38.4842,1,13.77,4
001520,동양,2021-06-04,1535,1460,KOSPI,2253.0,-4.886,9,25,6.5693,1.0961,1.597,1.0398,2.8865,4,3.9044,0.8872,1.9297,37.0892,1,90.75,4
032820,우리기술,2021-06-04,1870,1790,KOSDAQ,15842.0,-4.2781,0,132,26.5018,23.7636,2.6734,1.8289,6.0455,4,3.4995,30.7792,1.8134,161.6959,1,65.36,1
001780,알루코,2021-06-04,5870,5830,KOSPI,2213.0,-0.6814,0,198,15.9046,6.1616,1.9043,1.3259,3.5898,4,2.1145,18.6494,1.9297,234.0974,1,6.35,1
038540,상상인,2021-06-04,8430,8040,KOSDAQ,1066.0,-4.6263,1,245,2.551,0.7422,0.3948,0.8561,3.5004,4,5.8656,13.3728,1.8134,51.9849,1,6.97,2
002960,한국쉘석유,2021-06-04,295000,280500,KOSPI,5870.0,-4.9153,5,111,3.6969,0.7545,0.6862,0.9218,2.3937,3,3.7618,-0.2993,1.9297,27.7904,0,4.81,-1
003470,유안타증권,2021-06-04,5150,4950,KOSPI,9142.0,-3.8835,0,40,9.5133,1.2661,1.5605,0.4775,3.2035,4,12.8326,10.5703,1.9297,92.233,0,3.43,-1
221800,유투바이오,2021-06-04,12500,12300,KOSDAQ,1066.0,-1.6,5,235,16.0377,0.0017,3.8445,0.8141,5.5459,3,2.811,11.0306,1.8134,69.8895,1,27.64,1
017510,세명전기,2021-06-04,5410,5200,KOSDAQ,1505.0,-3.8817,2,20,4.7331,0.6386,0.5741,1.269,3.0151,4,5.4271,-1.8134,1.8134,43.2507,1,19.81,1
036170,에이치엠넥스,2021-06-04,2545,2440,KOSDAQ,1062.0,-4.1257,0,91,43.9528,7.6039,3.7679,1.686,5.7231,3,1.5244,46.9671,1.8134,140.3941,1,22.95,1
043370,피에이치에이,2021-06-04,13800,13150,KOSDAQ,2600.0,-4.7101,0,80,9.5833,1.8006,1.2402,1.6117,4.4269,4,0.178,27.1081,1.8134,139.5264,0,3.04,-1
030520,한글과컴퓨터,2021-06-04,21800,21150,KOSDAQ,5706.0,-2.9817,0,176,10.4439,7.1649,1.8655,1.3588,2.7862,3,2.5661,10.6866,1.8134,74.0741,1,29.55,1
145020,휴젤,2021-06-04,230300,218900,KOSDAQ,31990.0,-4.9501,0,152,9.0139,2.946,0.9429,1.0868,2.9988,2,3.9698,19.7977,1.8134,68.4364,1,21.06,3
286940,롯데이노베이트,2021-06-07,44300,42250,KOSPI,3510.0,-4.6275,0,103,3.0488,2.0277,0.7863,1.5075,2.4345,3,0.3478,10.2028,1.7178,33.2808,1,5.8,4
001250,GS글로벌,2021-06-07,3280,3240,KOSPI,2034.0,-1.2195,0,27,14.6903,3.1857,1.7789,0.799,3.3951,4,7.2783,11.569,1.7178,113.1579,1,3.4,1
023410,유진기업,2021-06-07,6380,6120,KOSDAQ,3313.0,-4.0752,1,39,3.5533,1.6424,1.2791,0.6361,2.4977,4,6.2237,2.4313,0.7728,71.4286,1,4.58,6
064350,현대로템,2021-06-07,24250,23800,KOSPI,218285.0,-1.8557,0,104,12.2642,4.2778,1.731,1.1229,3.3313,4,1.7232,16.9855,1.7178,76.2963,1,11.76,1
033160,엠케이전자,2021-06-07,13350,12900,KOSDAQ,2330.0,-3.3708,0,75,13.6564,4.095,2.2177,1.0611,3.0454,3,0.2675,7.177,0.7728,77.686,1,32.56,3
294870,HDC현대산업개발,2021-06-07,32250,31100,KOSPI,15521.0,-3.5659,0,82,5.0676,3.2025,1.3297,0.9751,2.2278,4,1.906,4.0646,1.7178,61.1399,1,6.11,1
00088K,한화3우B,2021-06-08,16300,15900,KOSPI,8984.0,-2.454,18,90,0.3155,0.596,0.6069,0.6302,1.6173,4,3.5362,-0.5798,-0.0452,43.8914,0,0.31,-1
018670,SK가스,2021-06-08,129500,127000,KOSPI,20709.0,-1.9305,0,160,12.3894,4.144,1.8424,1.4124,3.2902,3,4.7862,20.9976,-0.0452,82.9971,0,1.97,-1
067990,도이치모터스,2021-06-08,8950,8510,KOSDAQ,1262.0,-4.9162,1,32,0.8294,3.6485,1.2654,0.9686,2.5516,4,5.6378,5.8644,-0.6728,59.8723,1,8.46,4
229640,LS에코에너지,2021-06-08,9680,9380,KOSPI,13077.0,-3.0992,0,114,11.4014,28.7103,3.1706,1.6446,4.5461,4,3.7844,13.7422,-0.0452,45.6522,1,8.21,1
005940,NH투자증권,2021-06-08,13700,13050,KOSPI,101380.0,-4.7445,20,20,-0.7605,0.6743,0.6437,0.4502,1.9157,3,5.496,-2.9287,-0.0452,60.7143,0,1.15,-1
00680K,미래에셋증권2우B,2021-06-08,5130,4880,KOSPI,23208.0,-4.8733,20,20,0.0,0.5215,0.7697,0.3542,1.0978,3,3.3955,-4.0805,-0.0452,41.2446,0,0.31,-1
030610,교보증권,2021-06-09,9340,9080,KOSPI,14462.0,-2.7837,16,20,0.0,0.9476,0.9844,0.5074,1.8329,4,6.4195,-2.6808,0.2103,47.6423,0,1.54,-1
105560,KB금융,2021-06-09,59800,56900,KOSPI,579782.0,-4.8495,21,20,-3.3956,0.5608,0.7273,0.9962,2.5483,3,7.2748,-4.9004,0.2103,71.1278,0,1.58,-1
002350,넥센타이어,2021-06-09,9370,8940,KOSPI,9503.0,-4.5891,4,30,7.0659,1.4093,1.1957,0.6995,3.0441,4,2.4565,0.2391,0.2103,78.4431,0,27.52,-1
075580,세진중공업,2021-06-09,8201,7800,KOSPI,10273.0,-4.8896,0,181,6.1224,4.7572,2.3083,0.8485,3.8828,4,8.3867,12.1816,0.2103,196.3526,0,2.18,-1
005090,SGC에너지,2021-06-10,51700,49300,KOSPI,4445.0,-4.6422,0,176,7.4074,4.4205,1.5796,1.3853,3.2599,4,4.7695,7.1996,1.992,78.9474,1,10.55,2
005960,동부건설,2021-06-10,14500,13900,KOSPI,1540.0,-4.1379,0,121,6.5134,3.4627,1.5077,0.8572,2.1326,2,1.2138,6.1792,1.992,56.0045,0,10.07,-1
001800,오리온홀딩스,2021-06-10,18750,17950,KOSPI,14189.0,-4.2667,6,22,2.2792,1.1014,1.0074,0.555,2.3876,4,7.3539,-1.1493,1.992,50.8403,0,0.84,-1
019210,와이지-원,2021-06-10,10200,9920,KOSDAQ,3428.0,-2.7451,4,23,4.6414,4.6606,1.342,0.683,3.7082,4,12.9922,7.4759,2.1373,152.4173,0,0.2,-1
058970,엠로,2021-06-10,29000,27750,KOSDAQ,4926.0,-4.3103,6,32,3.9326,0.5815,1.0191,0.271,2.6641,4,15.5125,-1.0444,2.1373,516.6667,0,1.62,-1
215200,메가스터디교육,2021-06-10,69700,67500,KOSDAQ,4732.0,-3.1564,7,39,1.9637,2.1113,0.9494,1.1615,3.6085,3,7.0556,6.0358,2.1373,132.358,1,10.96,1
000815,삼성화재우,2021-06-11,169000,163500,KOSPI,12429.0,-3.2544,18,156,0.0,1.0152,0.9461,1.0107,1.2232,4,5.3549,-4.9836,4.0745,37.395,0,3.98,-1
035000,HS애드,2021-06-11,7320,7060,KOSPI,1384.0,-3.5519,0,29,4.7478,1.1595,1.0234,0.6496,2.6811,4,7.1633,2.4112,4.0745,50.8547,0,1.42,-1
004150,한솔홀딩스,2021-06-11,4950,4835,KOSPI,1342.0,-2.3232,4,32,4.5405,2.9216,1.3242,0.6647,2.3046,4,7.1737,5.4385,4.0745,66.4372,0,1.03,-1
213420,덕산네오룩스,2021-06-11,49500,47250,KOSDAQ,10404.0,-4.5455,3,54,6.2992,3.0323,1.5584,0.7077,2.7286,3,1.6381,13.695,4.1355,69.964,1,29.74,4
114810,한솔아이원스,2021-06-11,9490,9190,KOSDAQ,4575.0,-3.1612,7,32,6.8605,5.0772,1.5041,0.6585,3.0079,3,10.4813,13.8363,4.1355,200.425,1,8.6,2
100250,진양홀딩스,2021-06-11,3219,3151,KOSPI,1811.0,-2.1125,1,55,5.4552,5.0217,1.348,1.1082,1.5981,4,4.0864,1.5574,4.0745,42.1931,1,4.6,7
005180,빙그레,2021-06-11,68800,65500,KOSPI,7692.0,-4.7965,0,246,1.8663,1.2654,1.3538,0.9203,2.0284,4,2.6057,-1.7307,4.0745,20.1835,0,1.98,-1
033920,무학,2021-06-11,9550,9180,KOSPI,2679.0,-3.8743,13,21,0.5476,0.8984,0.79,0.5081,2.1008,4,9.0168,-3.8561,4.0745,77.907,1,8.06,1
002900,TYM,2021-06-11,6560,6324,KOSPI,3109.0,-3.5976,0,33,6.25,3.9505,2.222,1.4474,3.8177,4,3.169,3.0938,4.0745,101.0811,1,20.32,2
029780,삼성카드,2021-06-11,35850,34150,KOSPI,70210.0,-4.742,27,30,1.9403,0.5503,0.5357,0.7182,1.7883,3,0.3329,-2.2861,4.0745,26.0148,0,5.27,-1
243840,신흥에스이씨,2021-06-11,11140,10800,KOSDAQ,2375.0,-3.0521,1,104,7.1429,1.6917,1.298,0.9954,2.4735,4,2.9627,12.6213,4.1355,47.9452,1,22.41,2
003547,대신증권2우B,2021-06-11,17650,17100,KOSPI,2340.0,-3.1161,0,30,4.5872,6.5274,1.6213,0.6855,1.2531,4,15.6173,1.8079,4.0745,123.822,0,1.46,-1
035510,신세계 I&C,2021-06-14,20800,19850,KOSPI,2525.0,-4.5673,0,35,11.831,8.0314,1.7048,1.2016,3.1666,4,8.188,9.3311,3.1335,73.3776,1,10.58,2
073560,우리손에프앤지,2021-06-14,2750,2690,KOSDAQ,1203.0,-2.1818,0,40,10.0204,14.6263,2.2558,1.1752,2.6952,3,2.0865,5.0748,3.1747,49.8607,0,10.22,-1
025980,아난티,2021-06-14,10950,10450,KOSDAQ,8106.0,-4.5662,0,233,4.5,0.3773,0.585,0.4018,4.8872,3,9.5256,17.6346,3.1747,47.5989,1,15.79,4
006140,피제이전자,2021-06-14,8900,8690,KOSDAQ,1188.0,-2.3596,16,45,8.625,23.9567,2.5867,1.5879,2.918,3,2.0518,4.9099,3.1747,102.093,1,82.39,4
176750,듀켐바이오,2021-06-14,12250,11700,KOSDAQ,2954.0,-4.4898,0,137,12.5,0.8014,2.6328,1.5503,3.0525,4,4.036,10.4176,3.1747,159.4235,1,5.98,1
126600,BGF에코머티리얼즈,2021-06-14,6653,6349,KOSDAQ,2583.0,-4.5694,0,88,6.0287,4.2949,1.366,1.3021,3.5034,4,5.1021,9.6764,3.1747,126.5882,0,3.73,-1
005440,현대지에프홀딩스,2021-06-14,7771,7574,KOSPI,16635.0,-2.5351,9,20,4.5411,2.3867,1.1181,0.5233,3.0471,4,5.1241,-1.3598,3.1335,62.4276,0,1.29,-1
035760,CJ ENM,2021-06-14,174000,165500,KOSDAQ,16776.0,-4.8851,7,94,0.303,0.7491,0.6997,0.6265,2.8787,4,4.361,7.676,3.1747,58.0707,1,14.8,3
019680,대교,2021-06-14,5480,5240,KOSPI,1477.0,-4.3796,0,41,9.8532,111.5304,3.5435,1.3073,3.3806,4,5.6661,14.0924,3.1335,47.8138,1,14.89,2
025860,남해화학,2021-06-14,10750,10400,KOSPI,3572.0,-3.2558,4,24,2.4631,1.1522,0.735,1.1785,2.7816,4,3.9054,5.1998,3.1335,48.1481,1,9.62,2
002810,삼영무역,2021-06-15,17600,16900,KOSPI,3306.0,-3.9773,21,20,1.8072,0.5414,0.7369,0.4439,1.9865,4,4.869,-7.1113,3.9595,37.3984,1,5.33,6
016610,DB증권,2021-06-15,7820,7530,KOSPI,5743.0,-3.7084,7,23,1.0738,0.8504,1.1351,0.6925,1.9351,4,7.9365,-0.3831,3.9595,139.0476,0,2.92,-1
078000,텔코웨어,2021-06-15,13400,12800,KOSPI,1455.0,-4.4776,9,237,-0.3891,0.4997,1.2226,1.1019,2.5391,3,3.2484,0.9586,3.9595,15.8371,0,4.3,-1
001940,KISCO홀딩스,2021-06-15,21300,20800,KOSPI,3331.0,-2.3474,3,31,6.9409,1.5595,0.8638,0.7451,2.7644,4,8.3641,7.2705,3.9595,92.5926,1,7.69,2
041590,플래스크,2021-06-15,3093,3003,KOSDAQ,1161.0,-2.9098,0,46,14.4,9.4827,3.3478,1.4001,4.1221,3,4.0888,9.2295,3.6229,60.331,1,13.52,2
003800,에이스침대,2021-06-15,48250,47450,KOSDAQ,4076.0,-1.658,19,236,1.1727,0.4336,0.5513,0.4803,2.0849,4,4.127,3.4878,3.6229,26.7023,1,2.53,2
033780,KT&G,2021-06-15,89500,85100,KOSPI,202920.0,-4.9162,1,205,0.1176,0.8877,0.8269,1.2448,0.9988,3,1.6442,-1.0574,3.9595,10.5195,0,0.24,-1
078520,에이블씨엔씨,2021-06-15,10500,10400,KOSPI,2940.0,-0.9524,0,237,16.7228,2.2178,1.6488,1.5325,4.3063,4,4.3267,22.8698,3.9595,48.3595,1,25.0,2
298020,효성티앤씨,2021-06-15,810000,793000,KOSPI,16488.0,-2.0988,0,29,7.0175,3.1519,1.5762,0.9554,3.5489,4,14.9506,5.7224,3.9595,722.6141,1,19.8,1
038500,삼표시멘트,2021-06-15,6130,5940,KOSDAQ,17396.0,-3.0995,1,45,2.2375,29.1124,2.6838,0.9984,4.1607,4,4.3364,10.6079,3.6229,89.7764,1,13.64,2
003100,선광,2021-06-15,41700,40800,KOSDAQ,1449.0,-2.1583,10,20,1.6189,0.1778,0.6401,0.1172,1.5581,4,10.7155,-0.9813,3.6229,173.8255,1,9.8,8
072710,농심홀딩스,2021-06-16,88400,84100,KOSPI,4336.0,-4.8643,1,22,2.3114,0.8197,0.6465,0.4221,1.3844,4,3.3742,-1.3896,3.329,17.9523,0,1.07,-1
051900,LG생활건강,2021-06-16,1706000,1675000,KOSPI,42005.0,-1.8171,0,96,10.4153,4.3137,1.4894,1.3352,1.5778,2,0.0301,7.0136,3.329,33.2538,1,6.51,2
035420,NAVER,2021-06-16,410000,391000,KOSPI,398406.0,-4.6341,6,62,9.0656,1.4658,1.6374,1.2808,2.1465,3,-1.5729,8.5451,3.329,71.116,1,13.68,5
079940,가비아,2021-06-16,19200,19100,KOSDAQ,4362.0,-0.5208,0,230,30.8219,284.9842,3.7952,2.3242,3.2723,3,-0.1268,29.1472,3.0327,55.2846,1,7.59,1
089600,KT나스미디어,2021-06-16,36477,35273,KOSDAQ,1455.0,-3.3007,0,81,9.5503,1.234,1.3638,0.9542,3.4579,4,1.5191,12.6354,3.0327,69.7695,1,5.77,5
085660,차바이오텍,2021-06-16,22432,21555,KOSDAQ,17107.0,-3.9096,2,249,17.045,1.2748,2.9306,1.5123,3.4709,4,1.506,22.8433,3.0327,42.824,1,33.19,1
009160,SIMPAC,2021-06-16,4990,4755,KOSPI,3439.0,-4.7094,1,31,7.3363,23.5779,2.4784,1.0877,3.793,4,9.0872,3.0469,3.329,111.804,1,28.08,4
126700,하이비젼시스템,2021-06-17,17600,16750,KOSDAQ,3153.0,-4.8295,0,82,15.1203,1.7498,1.7781,1.4653,3.5821,3,0.9279,17.1477,3.3559,90.3409,1,16.72,3
011790,SKC,2021-06-17,151000,145000,KOSPI,42299.0,-3.9735,8,43,11.1111,1.6504,1.1767,1.0789,3.2512,3,4.7548,7.8641,3.247,0.0,1,16.9,4
067310,하나마이크론,2021-06-17,11503,11060,KOSDAQ,22605.0,-3.8512,2,35,12.5356,2.4122,1.5122,0.7554,4.0248,4,9.7907,12.4193,3.3559,272.3906,1,13.3,1
007390,네이처셀,2021-06-17,18450,17900,KOSDAQ,14691.0,-2.981,0,21,24.7387,3.4224,1.7753,0.9611,5.8659,4,19.4332,22.7005,3.3559,130.3732,1,78.77,1
028670,팬오션,2021-06-17,7840,7450,KOSPI,27156.0,-4.9745,3,28,12.8788,2.2241,1.6614,0.9704,4.1898,4,3.7106,4.2566,3.247,128.8786,1,19.73,6
057050,현대홈쇼핑,2021-06-17,95600,91600,KOSPI,8040.0,-4.1841,13,23,2.9213,1.6805,1.1937,0.7503,2.2146,3,5.375,-0.2099,3.247,59.0278,0,0.76,-1
317330,덕산테코피아,2021-06-17,23200,22800,KOSDAQ,3923.0,-1.7241,0,104,16.624,2.3901,1.9985,0.8495,3.2895,3,1.6666,12.0872,3.3559,91.5966,1,7.24,1
178920,PI첨단소재,2021-06-17,52000,50000,KOSPI,5800.0,-3.8462,3,35,3.5197,2.8004,1.2411,0.9945,2.3714,3,2.4008,7.8641,3.247,95.3125,1,14.2,2
247540,에코프로비엠,2021-06-17,50651,50281,KOSDAQ,197559.0,-0.7305,0,108,10.2363,5.1997,1.934,0.8316,2.5414,3,3.8253,12.0708,3.3559,82.0258,1,32.53,1
065350,신성델타테크,2021-06-17,13800,13700,KOSDAQ,19679.0,-0.7246,0,112,13.6929,3.0692,1.0796,0.6466,4.8488,4,11.0186,24.086,3.3559,352.8926,1,30.29,1
002960,한국쉘석유,2021-06-18,295000,287000,KOSPI,5870.0,-2.7119,15,121,1.4134,0.8708,0.8375,0.766,1.8417,4,4.0423,1.4032,3.5328,30.7517,0,2.44,-1
003470,유안타증권,2021-06-18,5150,4925,KOSPI,9142.0,-4.3689,5,50,2.0725,0.4683,0.9449,0.5432,3.4735,4,14.0737,8.9101,3.5328,91.2621,0,0.51,-1
203400,에이비온,2021-06-18,8596,8271,KOSDAQ,3163.0,-3.7808,0,35,6.5576,0.9954,0.7357,0.3881,5.1851,4,21.5498,14.5963,5.2039,263.5604,1,25.5,3
018290,브이티,2021-06-18,9900,9700,KOSDAQ,7268.0,-2.0202,3,120,3.3014,5.1807,1.2619,0.9923,3.3063,3,3.8749,5.4005,5.2039,22.6296,1,5.15,1
036710,심텍홀딩스,2021-06-18,3110,3025,KOSDAQ,1387.0,-2.7331,1,85,4.3103,6.5588,1.6838,0.8669,2.5148,4,3.1393,3.8052,5.2039,105.7823,1,13.22,5
009270,신원,2021-06-18,2190,2145,KOSPI,1687.0,-2.0548,1,20,8.0605,2.6399,1.3336,0.6076,3.7629,4,10.7895,1.8726,3.5328,67.5781,1,4.43,1
039840,디오,2021-06-18,43250,42000,KOSDAQ,2774.0,-2.8902,8,46,3.4483,2.5679,1.1418,0.7785,2.432,4,1.554,8.1565,5.2039,71.4286,0,23.1,-1
035900,JYP Ent.,2021-06-18,43600,42950,KOSDAQ,25299.0,-1.4908,0,133,7.5094,2.3097,1.2639,0.9303,3.3261,3,3.6779,10.7206,5.2039,129.6791,1,4.54,2
083450,GST,2021-06-18,14457,13881,KOSDAQ,5243.0,-3.9842,4,42,6.3271,1.566,1.1949,0.7291,2.8492,4,7.3367,-1.2653,5.2039,87.1764,0,7.58,-1
147830,제룡산업,2021-06-18,4770,4570,KOSDAQ,1476.0,-4.1929,0,51,9.3301,2.2736,1.3325,1.1506,5.025,4,7.5109,13.6518,5.2039,115.0588,1,11.6,1
078350,한양디지텍,2021-06-18,7300,7200,KOSDAQ,4261.0,-1.3699,0,219,8.1081,2.2979,1.0141,0.7395,4.3452,4,7.3657,18.9341,5.2039,47.9959,1,19.31,1
265520,AP시스템,2021-06-18,31750,30600,KOSDAQ,3424.0,-3.622,5,85,3.204,5.0369,1.6955,0.8856,2.0075,3,0.2685,3.1147,5.2039,47.1154,1,11.76,1
242040,나무기술,2021-06-18,4030,3845,KOSDAQ,1142.0,-4.5906,0,184,17.0472,104.5581,3.5471,1.8222,3.8362,3,2.9386,23.823,5.2039,42.1442,0,3.77,-1
032940,원익,2021-06-18,5860,5700,KOSDAQ,2340.0,-2.7304,5,51,4.7794,3.0019,1.0758,0.8482,2.6692,4,6.3044,2.3433,5.2039,93.8776,1,7.89,1
011070,LG이노텍,2021-06-18,238000,227500,KOSPI,57629.0,-4.4118,0,98,7.8199,1.3422,1.4752,1.0407,2.8728,4,-0.0362,14.0383,3.5328,60.7774,0,7.47,-1
058470,리노공업,2021-06-18,35940,34199,KOSDAQ,73621.0,-4.8442,4,40,2.7676,1.0514,0.9066,0.7044,2.2254,4,2.8715,-3.0502,5.2039,66.4752,1,13.76,9
107640,한중엔시에스,2021-06-21,7360,7000,KOSDAQ,4687.0,-4.8913,0,68,0.8646,1.6185,0.3518,0.322,1.8163,4,3.5842,6.4827,6.6029,79.4872,1,31.43,5
063170,서울옥션,2021-06-21,19500,18650,KOSDAQ,1495.0,-4.359,0,59,18.7898,1.557,1.6391,0.7859,4.7683,4,9.7636,15.6922,6.6029,378.2051,1,17.43,2
023590,다우기술,2021-06-22,29600,28850,KOSPI,23420.0,-2.5338,6,51,3.405,7.1587,1.7709,1.1145,2.3892,4,1.6896,2.5658,2.9187,55.5256,1,2.95,4
140670,알에스오토메이션,2021-06-22,10756,10477,KOSDAQ,3281.0,-2.5939,0,101,4.1658,2.3406,0.8982,1.0045,4.5651,4,4.6758,19.4486,5.1441,62.1074,1,16.0,1
011210,현대위아,2021-06-22,108500,105000,KOSPI,22654.0,-3.2258,0,103,18.2432,1.9961,1.1982,1.0834,3.7891,3,3.4427,32.2165,2.9187,206.1224,1,9.52,1
068930,디지털대성,2021-06-22,9410,9010,KOSDAQ,2369.0,-4.2508,0,133,9.0799,43.0329,3.2338,1.1052,3.0363,4,3.3151,6.7813,5.1441,50.9213,0,4.22,-1
206560,덱스터,2021-06-22,8710,8570,KOSDAQ,1019.0,-1.6073,1,74,7.6633,8.3704,1.8102,1.3303,3.3506,4,0.227,11.2961,5.1441,92.1525,1,35.36,1
281740,레이크머티리얼즈,2021-06-22,4340,4220,KOSDAQ,16038.0,-2.765,2,39,6.8354,3.4019,1.8258,0.7939,3.1144,3,3.8381,7.2394,5.1441,125.6684,1,17.06,1
093520,매커스,2021-06-22,7250,6930,KOSDAQ,3279.0,-4.4138,4,21,1.4641,0.7212,1.3549,0.7221,3.4117,4,8.3108,-2.0191,5.1441,108.4211,1,19.34,5
003310,대주산업,2021-06-23,3255,3135,KOSDAQ,1660.0,-3.6866,0,39,5.3782,1.1633,0.9382,0.7574,6.1517,4,7.6187,22.7421,5.2171,182.4324,0,1.28,-1
195870,해성디에스,2021-06-23,40850,39200,KOSPI,10370.0,-4.0392,0,86,14.2857,11.1083,1.9407,1.4548,3.2617,4,2.785,13.2656,3.4011,170.3448,1,17.98,3
089890,코세스,2021-06-23,11000,10850,KOSDAQ,3881.0,-1.3636,0,52,23.8584,8.2224,3.0438,2.1463,3.9631,4,4.6692,20.5072,5.2171,99.8158,1,20.74,2
000050,경방,2021-06-23,15700,15100,KOSPI,2942.0,-3.8217,18,20,2.027,0.8628,1.0336,1.174,3.264,3,5.1673,-4.3847,3.4011,52.0645,0,0.0,-1
088390,이녹스,2021-06-24,20350,19600,KOSDAQ,1487.0,-3.6855,2,38,2.6178,4.4233,1.4259,0.7097,5.2478,4,15.4578,5.2356,3.9566,212.1019,1,55.1,1
003555,LG우,2021-06-24,77500,73800,KOSPI,2144.0,-4.7742,6,20,-0.4049,0.2167,0.485,0.1525,1.2292,4,13.0894,-1.7348,3.8095,0.0,0,2.03,-1
058970,엠로,2021-06-24,29000,27600,KOSDAQ,4926.0,-4.8276,10,42,1.2844,1.5178,1.0077,0.4972,2.6915,4,11.9675,-0.5858,3.9566,457.5758,0,2.17,-1
212560,네오오토,2021-06-24,6806,6666,KOSDAQ,1234.0,-2.057,0,63,22.1103,24.5169,2.3854,2.1333,4.0225,3,5.6504,22.174,3.9566,185.4818,1,44.64,1
051905,LG생활건강우,2021-06-24,797000,773000,KOSPI,2438.0,-3.0113,0,211,4.7425,0.9056,1.2608,1.4084,1.7372,4,1.4725,2.0809,3.8095,14.5185,1,4.4,10
002350,넥센타이어,2021-06-24,9370,9270,KOSPI,9503.0,-1.0672,5,41,6.3073,6.8938,1.6026,1.2968,3.1515,4,4.0397,10.2126,3.8095,85.0299,1,22.98,1
004150,한솔홀딩스,2021-06-25,4950,4720,KOSPI,1342.0,-4.6465,11,42,0.106,0.769,0.6695,0.4531,2.0959,4,8.0997,2.3698,3.5785,61.6438,0,1.69,-1
038110,에코플라스틱,2021-06-25,3227,3175,KOSDAQ,1379.0,-1.6114,0,60,14.7867,10.0653,2.4736,1.3406,5.0056,4,6.3135,18.2873,3.5469,186.5523,1,42.36,1
298050,HS효성첨단소재,2021-06-25,440500,429000,KOSPI,11625.0,-2.6107,4,46,9.0216,2.3458,1.4568,1.3263,4.1126,3,3.2333,7.9949,3.5785,306.6351,1,54.08,3
003160,디아이,2021-06-25,8310,7910,KOSPI,10358.0,-4.8135,2,44,6.1745,2.5499,1.7866,0.6852,2.2937,3,2.3231,7.987,3.5785,124.3972,1,17.95,1
024850,HLB이노베이션,2021-06-25,2950,2825,KOSDAQ,4685.0,-4.2373,1,30,28.7016,4.8312,1.7268,0.9731,6.9532,4,13.4247,15.9034,3.5469,276.6667,0,2.12,-1
216080,제테마,2021-06-25,20588,19988,KOSDAQ,3594.0,-2.9143,8,20,7.6824,2.4748,0.9913,0.8645,4.2747,3,23.2511,-3.2962,3.5469,140.7033,1,7.0,1
001450,현대해상,2021-06-25,26600,25400,KOSPI,29457.0,-4.5113,4,166,4.3121,2.1483,1.0158,0.9997,2.2778,3,0.7291,-0.1162,3.5785,28.2828,0,4.33,-1
005710,대원산업,2021-06-25,9100,8660,KOSDAQ,2707.0,-4.8352,0,57,1.7626,1.7891,1.1255,0.493,3.2992,4,6.541,12.2285,3.5469,86.2366,0,2.89,-1
029780,삼성카드,2021-06-25,35850,34100,KOSPI,70210.0,-4.8815,31,40,-0.8721,0.5778,0.8436,0.8963,1.8014,3,0.1771,-1.1761,3.5785,25.8303,1,5.43,9
003690,코리안리,2021-06-25,6306,6116,KOSPI,25015.0,-3.013,12,29,4.6723,2.5651,1.2836,1.0498,2.2599,3,4.3298,-2.337,3.5785,42.365,0,2.58,-1
105560,KB금융,2021-06-25,59800,57300,KOSPI,579782.0,-4.1806,26,32,0.8803,0.8726,0.9686,0.8263,2.0194,3,3.5517,-3.0522,3.5785,71.0448,0,0.87,-1
084010,대한제강,2021-06-25,16937,16170,KOSPI,4644.0,-4.5285,1,31,13.0532,2.6031,1.6671,0.8356,4.3882,4,13.347,11.0779,3.5785,294.9682,1,5.98,1
000815,삼성화재우,2021-06-25,169000,166000,KOSPI,12429.0,-1.7751,28,166,2.1538,1.5626,0.9833,0.9662,1.3769,3,4.5594,-1.738,3.5785,39.4958,1,2.41,1
104480,티케이케미칼,2021-06-25,7840,7550,KOSDAQ,1637.0,-3.699,1,37,17.6012,6.3716,2.4717,0.9604,5.0142,4,20.2862,18.8193,3.5469,358.9666,1,18.54,1
00088K,한화3우B,2021-06-28,16300,15500,KOSPI,8984.0,-4.908,26,104,1.3072,0.8018,0.9319,0.5356,1.2442,3,3.636,-4.0163,3.0578,37.1681,0,0.32,-1
005960,동부건설,2021-06-28,14500,13900,KOSPI,1540.0,-4.1379,7,133,0.7246,0.8242,0.7145,0.6647,2.7492,4,2.1131,6.8236,3.0578,56.0045,1,10.07,4
005800,신영와코루,2021-06-28,13000,12550,KOSPI,1546.0,-3.4615,25,20,5.4622,0.2111,0.8674,1.7206,3.8133,3,9.7027,-5.0109,3.0578,47.6471,0,2.39,-1
003540,대신증권,2021-06-28,20650,20100,KOSPI,18025.0,-2.6634,3,41,8.6486,4.4111,1.3263,0.9601,2.15,4,7.1303,5.0067,3.0578,108.7227,0,0.0,-1
034810,해성산업,2021-06-28,17885,17394,KOSDAQ,2748.0,-2.7453,2,63,9.2588,2.0948,1.7941,1.0686,2.9054,4,5.7869,5.2435,3.6801,78.8035,0,2.54,-1
014580,태경비케이,2021-06-28,5480,5310,KOSPI,1302.0,-3.1022,0,103,11.6719,2.6446,2.6025,1.4047,3.4504,4,3.4527,11.3818,3.0578,64.3963,0,38.79,-1
003545,대신증권우,2021-06-28,18000,17550,KOSPI,6331.0,-2.5,1,41,6.0423,2.5995,1.1514,0.6573,1.7298,4,10.4478,2.032,3.0578,106.9575,0,0.28,-1
073560,우리손에프앤지,2021-06-28,2750,2630,KOSDAQ,1203.0,-4.3636,1,50,3.1373,3.281,0.9652,0.7595,3.5171,4,2.7293,6.8242,3.6801,46.1111,1,12.74,8
005940,NH투자증권,2021-06-28,13700,13100,KOSPI,101380.0,-4.3796,21,34,3.9683,0.7615,0.8345,0.6857,1.9084,3,4.192,-3.438,3.0578,61.33,0,0.0,-1
003547,대신증권2우B,2021-06-28,17650,17200,KOSPI,2340.0,-2.5496,2,41,5.5215,2.3798,0.9904,0.6899,1.9934,4,11.5099,2.7883,3.0578,110.5263,0,0.0,-1
001430,세아베스틸지주,2021-06-28,36450,34900,KOSPI,28941.0,-4.2524,1,33,20.5527,0.8851,1.6159,0.9401,4.6357,4,20.926,10.2539,3.0578,276.0776,0,-0.72,-1
126600,BGF에코머티리얼즈,2021-06-28,6653,6349,KOSDAQ,2583.0,-4.5694,4,98,3.4039,0.9987,1.4878,1.3366,4.283,4,5.1963,2.1896,3.6801,126.5882,0,2.68,-1
085620,미래에셋생명,2021-06-28,4560,4390,KOSPI,14869.0,-3.7281,4,31,2.331,1.085,0.8974,1.1741,2.6521,4,0.8912,4.5402,3.0578,72.1569,0,0.34,-1
213500,한솔제지,2021-06-28,17300,16650,KOSPI,2068.0,-3.7572,9,46,7.074,3.277,1.5004,0.8533,2.381,4,4.6544,1.6592,3.0578,31.6206,0,1.2,-1
078000,텔코웨어,2021-06-29,13400,12800,KOSPI,1455.0,-4.4776,13,247,0.7874,0.5439,0.6546,0.5706,2.0926,2,3.8357,-3.55,2.0116,15.8371,0,4.3,-1
002460,HS화성,2021-06-29,14950,14250,KOSPI,1309.0,-4.6823,0,174,8.7786,0.8336,2.6617,1.2863,2.4812,4,4.3883,6.3535,2.0116,51.5957,0,3.16,-1
009470,삼화전기,2021-06-29,38500,36650,KOSPI,3314.0,-4.8052,1,29,7.478,1.5855,1.3783,0.6009,3.3034,4,12.9995,11.4559,2.0116,116.2242,0,4.23,-1
030000,제일기획,2021-06-29,26000,24850,KOSPI,24849.0,-4.4231,15,20,0.2016,0.5441,0.7269,0.9539,2.6588,3,5.6397,-3.7902,2.0116,53.3951,1,6.64,2
001045,CJ우,2021-06-29,67800,65000,KOSPI,2294.0,-4.1298,32,20,0.0,0.8051,0.7941,0.561,1.2857,3,6.1031,-4.5603,2.0116,53.3019,0,1.08,-1
013890,지누스,2021-06-29,80401,77748,KOSPI,2713.0,-3.2997,8,20,0.0,0.4385,0.8382,1.0701,3.4154,4,6.3785,-2.9771,2.0116,48.4194,1,6.83,1
074600,원익QnC,2021-06-29,30700,30000,KOSDAQ,7650.0,-2.2801,4,44,8.1081,2.6053,1.2521,0.9193,3.4286,4,8.7612,9.9996,3.8524,131.6602,1,4.67,2
00104K,CJ4우(전환),2021-06-29,92400,89900,KOSPI,7722.0,-2.7056,24,20,0.0,0.7574,0.9717,0.7219,1.6685,3,7.4221,-4.2942,2.0116,61.1111,0,0.56,-1
002450,삼익악기,2021-06-29,2075,1975,KOSPI,1074.0,-4.8193,10,20,-1.7413,0.3297,0.7896,0.6702,2.3327,4,7.3426,-1.7578,2.0116,53.1008,0,1.27,-1
299900,위지윅스튜디오,2021-06-29,3650,3475,KOSDAQ,1103.0,-4.7945,0,63,15.3336,2.7377,2.6988,1.5747,5.1675,4,5.154,13.4274,3.8524,265.7895,1,48.92,2
007070,GS리테일,2021-06-30,34040,33057,KOSPI,18686.0,-2.8878,11,21,6.3302,1.9268,1.3205,0.9533,1.728,3,-0.3722,-3.1434,2.247,23.8832,0,0.13,-1
002200,한국수출포장,2021-06-30,2880,2860,KOSPI,1286.0,-0.6944,0,31,11.9374,4.2606,1.8275,1.6052,2.1329,4,4.3114,6.2919,2.247,70.2381,1,22.03,1
038290,마크로젠,2021-06-30,38850,37750,KOSDAQ,1996.0,-2.8314,0,220,13.5338,2.5634,2.4633,1.5677,2.8855,3,-0.8843,12.9886,4.9801,64.488,1,5.96,3
060980,HL홀딩스,2021-06-30,51200,49100,KOSPI,4188.0,-4.1016,0,106,13.7891,1.211,2.0701,1.3444,2.5095,4,3.7416,6.743,2.247,88.1226,0,0.51,-1
011000,진원생명과학,2021-06-30,31119,30957,KOSPI,1613.0,-0.5206,0,189,9.3655,3.1913,1.3443,1.519,9.8605,3,34.1568,103.8444,2.247,475.5159,1,24.31,1
066620,국보디자인,2021-06-30,27700,26500,KOSDAQ,1680.0,-4.3321,1,57,8.3845,4.8394,1.4415,0.5449,2.1698,4,5.8362,3.1831,4.9801,94.1392,0,3.21,-1
052400,코나아이,2021-07-01,47300,45500,KOSDAQ,8811.0,-3.8055,6,24,7.0588,3.9248,1.435,0.7475,2.5903,4,3.3968,-5.0277,4.59,0.0,1,9.23,1
214180,헥토이노베이션,2021-07-01,20950,20250,KOSDAQ,3053.0,-3.3413,1,106,5.4688,1.9818,1.0134,0.9265,2.0988,4,4.2485,-2.3173,4.59,59.4488,1,7.41,2
005070,코스모신소재,2021-07-01,29486,28350,KOSPI,16938.0,-3.8527,0,45,5.5159,2.4193,0.9374,0.7664,3.9078,4,10.5603,16.7983,1.0664,144.2702,1,54.88,2
018120,진로발효,2021-07-01,34700,33150,KOSDAQ,1169.0,-4.4669,31,21,0.9132,0.3146,0.4793,0.3858,1.6053,3,2.4375,-7.9428,4.59,12.5637,0,0.75,-1
192820,코스맥스,2021-07-01,137000,131000,KOSPI,23550.0,-4.3796,16,20,4.8,0.6771,1.1741,0.6698,3.5169,3,3.3448,-2.5701,1.0664,49.6544,1,8.4,4
058630,엠게임,2021-07-01,10150,9720,KOSDAQ,1075.0,-4.2365,0,57,6.2295,2.1835,1.1782,1.4082,4.1152,4,0.1831,15.41,4.59,138.8206,1,28.09,2
036800,나이스정보통신,2021-07-01,37100,36300,KOSDAQ,2485.0,-2.1563,12,20,2.9787,0.8047,0.903,0.9569,2.3514,4,5.9466,-6.3492,4.59,59.9119,0,0.28,-1
059210,메타바이오메드,2021-07-01,3485,3410,KOSDAQ,1424.0,-2.1521,0,195,9.6463,42.0701,3.0873,1.5745,4.7654,3,7.2577,6.8479,4.59,43.5789,1,11.14,1
051160,지어소프트,2021-07-01,25600,25000,KOSDAQ,1167.0,-2.3438,0,59,9.8901,2.6143,1.4309,1.1059,3.9143,4,2.5183,13.8934,4.59,146.3054,1,7.4,4
081660,미스토홀딩스,2021-07-01,59800,57000,KOSPI,28510.0,-4.6823,6,20,4.9724,0.7782,1.1689,1.0114,3.1328,4,8.8349,-0.7143,1.0664,89.0547,0,0.88,-1
069510,에스텍,2021-07-01,12750,12200,KOSDAQ,1636.0,-4.3137,15,20,1.2448,0.1457,0.3896,0.8795,1.9028,3,4.6375,-2.9234,4.59,45.2381,0,0.0,-1
086960,MDS테크,2021-07-02,1850,1780,KOSDAQ,1519.0,-3.7838,0,65,11.25,4.0553,1.4737,1.292,2.5281,4,3.1029,-0.7248,5.1236,75.3695,1,60.06,1
002960,한국쉘석유,2021-07-02,295000,285000,KOSPI,5870.0,-3.3898,25,131,1.2433,0.632,0.7764,0.6807,1.8296,4,4.3734,0.3173,1.287,29.8405,0,1.4,-1
035890,서희건설,2021-07-02,2275,2205,KOSDAQ,3730.0,-3.0769,8,21,6.2651,7.1902,1.6197,0.707,3.207,3,9.7807,-3.2761,5.1236,114.0777,1,4.08,1
108670,LX하우시스,2021-07-02,109500,104500,KOSPI,2789.0,-4.5662,2,36,11.5261,1.7321,1.4684,0.8824,2.6111,4,6.4042,4.0557,1.287,92.8044,1,8.13,2
006380,카프로,2021-07-02,27400,27250,KOSPI,6185.0,-0.5474,5,38,8.1349,6.5818,1.5364,0.806,3.5714,4,7.7219,12.8491,1.287,127.0833,1,0.92,1
039840,디오,2021-07-02,43250,41150,KOSDAQ,2774.0,-4.8555,12,56,3.1328,1.0732,0.929,0.9353,2.9943,4,2.1126,-0.1491,5.1236,67.9592,1,33.66,9
039830,오로라,2021-07-05,12000,11450,KOSDAQ,1647.0,-4.5833,1,56,6.0185,4.9136,1.773,0.8636,2.6513,4,2.5694,-3.082,6.2352,39.8046,1,9.17,5
011070,LG이노텍,2021-07-05,238000,229000,KOSPI,57629.0,-3.7815,4,109,1.7778,0.6146,0.6866,1.2576,3.1036,4,1.9071,6.2483,1.2635,61.8375,1,7.21,3
008930,한미사이언스,2021-07-05,93034,88701,KOSPI,30776.0,-4.6574,0,123,27.9163,8.7981,2.8301,1.1502,4.2808,4,7.2078,30.3091,1.2635,188.4773,0,-1.3,-1
092200,디아이씨,2021-07-06,7380,7150,KOSPI,4025.0,-3.1165,4,20,14.5833,1.1628,1.8968,0.8892,5.6743,4,26.2209,-1.3454,1.7667,429.6296,1,6.99,1
047050,포스코인터내셔널,2021-07-06,25400,24250,KOSPI,112591.0,-4.5276,0,94,4.5259,1.3185,0.9692,0.7312,4.0648,4,2.563,13.9851,1.7667,87.2587,0,17.53,-1
007210,벽산,2021-07-06,5400,5190,KOSPI,1288.0,-3.8889,0,52,18.0887,4.1996,3.3674,1.3224,4.872,4,13.8576,18.7908,1.7667,215.5015,0,-3.76,-1
344820,KCC글라스,2021-07-06,68000,66200,KOSPI,4504.0,-2.6471,6,38,6.6023,3.1046,1.5616,0.8335,2.4709,4,8.6358,1.5094,1.7667,154.1267,0,13.14,-1
032820,우리기술,2021-07-06,2960,2820,KOSDAQ,15842.0,-4.7297,0,20,20.0,2.9941,1.8513,0.8735,6.9529,4,23.1881,6.608,5.9668,305.7554,1,17.73,1
274090,켄코아에어로스페이스,2021-07-06,20500,20000,KOSDAQ,3579.0,-2.439,0,92,14.9425,2.7885,1.707,1.0817,4.1607,4,4.6685,16.3573,5.9668,208.642,1,14.0,1
083450,GST,2021-07-06,14457,13756,KOSDAQ,5243.0,-4.8489,7,54,2.0399,0.7095,0.8133,0.4762,2.7863,4,4.441,1.6785,5.9668,85.4908,1,18.76,8
000150,두산,2021-07-06,108500,103500,KOSPI,142182.0,-4.6083,0,21,8.9474,1.9816,0.9406,0.8593,4.5204,4,23.5612,2.7787,1.7667,186.3071,1,14.49,1
000860,강남제비스코,2021-07-06,16206,15431,KOSPI,2214.0,-4.7822,4,39,2.1515,2.4986,1.1335,0.8671,2.726,3,3.1365,5.3484,1.7667,121.9968,1,15.24,6
085670,뉴프렉스,2021-07-06,2850,2750,KOSDAQ,1592.0,-3.5088,0,185,39.9491,58.8047,3.5074,1.7894,4.987,2,3.2202,38.3901,5.9668,103.7037,1,37.64,1
077360,덕산하이메탈,2021-07-06,7900,7625,KOSDAQ,5048.0,-3.481,0,110,14.6617,1.9551,2.2444,1.4076,3.6759,4,2.3901,10.4454,5.9668,127.6119,1,13.77,2
182360,큐브엔터,2021-07-07,14641,14326,KOSDAQ,2053.0,-2.1515,0,209,23.5426,4.0645,2.0333,1.4793,60.5637,4,6.6563,20.6771,7.0056,0.0,0,21.81,-1
091580,상신이디피,2021-07-07,17100,16550,KOSDAQ,2150.0,-3.2164,0,114,8.1699,3.1436,1.9105,1.6121,3.8628,3,1.9587,16.9644,7.0056,99.8792,1,14.2,3
278280,천보,2021-07-07,213800,207700,KOSDAQ,6321.0,-2.8531,0,122,13.4973,9.5938,1.8624,1.4199,2.7615,4,4.3748,13.1217,7.0056,129.7566,1,20.27,1
051905,LG생활건강우,2021-07-08,797000,787000,KOSPI,2438.0,-1.2547,10,221,0.5109,1.7307,0.9062,1.1796,2.2509,4,3.134,9.2004,0.8696,16.5926,1,2.54,2
025770,한국정보통신,2021-07-08,11000,10950,KOSDAQ,3018.0,-0.4545,0,148,14.4201,107.2893,3.5355,2.1912,3.5682,4,0.72,11.2669,4.7288,33.0498,1,5.48,1
001720,신영증권,2021-07-09,66300,63200,KOSPI,30989.0,-4.6757,32,20,-3.3639,2.3287,1.0971,0.5498,1.6388,3,3.7256,-3.7103,-0.9654,45.4545,0,3.48,-1
109740,디에스케이,2021-07-09,8870,8640,KOSDAQ,1892.0,-2.593,0,185,5.6235,2.2687,0.9048,1.1541,3.7864,3,6.629,15.6882,3.8138,43.5216,1,35.42,1
033290,로젠,2021-07-12,5901,5612,KOSDAQ,1266.0,-4.8975,20,202,4.4482,9.4114,2.4583,1.5029,2.4119,2,0.322,-0.2857,3.7327,21.6035,1,34.28,3
004800,효성,2021-07-12,86662,83581,KOSPI,25161.0,-3.5552,6,46,4.8301,2.3253,1.2003,0.9142,3.3577,4,5.9128,10.3259,-0.174,76.4243,1,18.43,2
001450,현대해상,2021-07-12,26600,25300,KOSPI,29457.0,-4.8872,14,177,-1.938,0.6537,0.8469,0.9277,2.9362,3,1.936,6.2537,-0.174,27.7778,0,4.15,-1
297890,HB솔루션,2021-07-12,6328,6165,KOSDAQ,1686.0,-2.5759,2,60,13.0778,4.8649,1.6113,0.6958,4.5255,4,2.8074,17.6973,3.7327,103.8017,1,21.1,10
017670,SK텔레콤,2021-07-12,58576,56333,KOSPI,158300.0,-3.8292,18,22,2.6719,0.9234,1.055,0.9107,1.7173,3,5.3711,-1.7788,-0.174,57.3504,0,1.07,-1
091120,이엠텍,2021-07-13,21336,20507,KOSDAQ,1290.0,-3.8855,3,56,15.0721,7.7877,2.2556,1.5669,3.9788,2,0.815,12.7175,4.6061,107.9396,1,19.28,1
336370,솔루스첨단소재,2021-07-13,28142,27226,KOSPI,6263.0,-3.2549,0,116,11.2219,5.4674,1.4246,1.0101,3.3618,4,3.3724,13.5203,0.3913,87.4036,1,20.18,1
001740,SK네트웍스,2021-07-13,6410,6190,KOSPI,11175.0,-3.4321,7,24,3.1667,4.4965,1.606,1.2307,2.5271,3,2.2193,2.4327,0.3913,38.1696,0,3.23,-1
025900,동화기업,2021-07-13,34204,33244,KOSDAQ,5192.0,-2.8067,1,54,9.9339,3.0727,1.6246,1.1477,4.4577,4,8.9214,16.0355,4.6061,163.5067,1,3.61,1
268280,미원에스씨,2021-07-13,204000,195000,KOSPI,7105.0,-4.4118,0,74,7.438,5.7823,2.5765,0.8062,2.0696,4,0.5427,8.5473,0.3913,149.0421,0,0.51,-1
194700,노바렉스,2021-07-13,25678,24458,KOSDAQ,2905.0,-4.7511,8,56,5.1324,1.2063,1.5898,0.39,2.0172,3,2.1252,2.4358,4.6061,31.5654,1,7.64,3
003555,LG우,2021-07-13,77500,74800,KOSPI,2144.0,-3.4839,10,33,1.2179,1.4973,1.298,0.5181,1.2223,3,10.2578,1.6551,0.3913,0.0,0,0.67,-1
030200,KT,2021-07-13,34450,33100,KOSPI,152977.0,-3.9187,16,30,2.1605,1.0011,1.1373,0.6954,1.7264,4,4.8499,0.6774,0.3913,50.4545,1,6.34,7
000120,CJ대한통운,2021-07-13,194500,185000,KOSPI,31184.0,-4.8843,0,108,2.2099,1.0122,0.739,0.988,2.1622,3,-0.1724,11.0545,0.3913,27.5862,0,0.54,-1
002990,금호건설,2021-07-13,14350,13650,KOSPI,1820.0,-4.878,1,25,5.0,1.7183,1.2075,0.3919,2.9566,4,10.2262,9.2473,0.3913,115.6398,0,2.93,-1
067000,조이시티,2021-07-13,9000,8800,KOSDAQ,2034.0,-2.2222,0,133,12.3452,2.3032,1.443,1.4337,6.7265,4,6.2801,15.9418,4.6061,150.5695,1,3.02,1
001045,CJ우,2021-07-13,67800,64500,KOSPI,2294.0,-4.8673,37,30,-0.1548,1.1823,1.0944,0.9671,1.4064,3,4.2847,-2.0681,0.3913,52.1226,0,1.24,-1
002710,TCC스틸,2021-07-14,6460,6170,KOSPI,4351.0,-4.4892,0,51,8.8183,9.3063,2.8236,0.9051,5.5858,4,2.9403,29.5025,-0.423,251.1668,1,24.8,1
004000,롯데정밀화학,2021-07-14,75400,73300,KOSPI,12448.0,-2.7851,2,55,6.6958,6.1376,1.7001,1.1321,2.748,4,3.0618,12.1608,-0.423,77.2672,1,6.55,1
023160,태광,2021-07-14,12800,12500,KOSDAQ,7606.0,-2.3438,3,46,5.9322,1.7993,1.317,0.9556,3.8286,4,7.5765,12.7149,4.656,113.3106,1,8.0,1
010130,고려아연,2021-07-14,491000,477500,KOSPI,355049.0,-2.7495,6,45,9.5183,12.9105,2.2865,1.541,2.2214,3,1.9327,9.193,-0.423,31.9061,1,16.44,1
014580,태경비케이,2021-07-14,5480,5280,KOSPI,1302.0,-3.6496,2,115,0.956,2.3716,0.8105,0.867,4.3628,4,3.2945,7.7401,-0.423,63.4675,1,39.58,2
067390,아스트,2021-07-14,8590,8240,KOSDAQ,2923.0,-4.0745,1,23,11.2011,15.4107,2.3381,1.1016,4.9411,4,6.4936,-0.7468,4.656,128.5714,0,0.12,-1
036800,나이스정보통신,2021-07-15,37100,35350,KOSDAQ,2485.0,-4.717,18,30,4.4313,0.8035,1.2544,1.3614,2.8996,3,4.8548,-5.1815,5.0403,55.7269,0,0.0,-1
179290,엠아이텍,2021-07-15,6030,5740,KOSDAQ,2402.0,-4.8093,0,39,6.8901,3.2366,1.9922,1.355,3.671,4,6.0434,-0.866,5.0403,77.709,1,10.1,7
114810,한솔아이원스,2021-07-15,9980,9540,KOSDAQ,4575.0,-4.4088,14,20,0.0,0.0,0.0,0.0,72.4094,4,3.5996,-5.4578,5.0403,0.0,0,22.64,-1
018120,진로발효,2021-07-15,34700,33100,KOSDAQ,1169.0,-4.611,37,31,0.6079,0.3909,0.9049,1.1004,1.4566,2,1.2697,-5.9385,5.0403,11.8243,0,0.91,-1
145020,휴젤,2021-07-15,265000,260800,KOSDAQ,31990.0,-1.5849,0,20,11.5961,3.6344,1.2858,1.1448,4.048,3,10.2161,4.7241,5.0403,75.7412,1,7.17,1
069510,에스텍,2021-07-15,12750,12150,KOSDAQ,1636.0,-4.7059,16,30,2.1008,0.7601,1.1616,0.5981,1.9694,3,3.198,-5.8566,5.0403,44.6429,0,0.41,-1
005180,빙그레,2021-07-15,66800,64500,KOSPI,7692.0,-3.4431,26,23,3.8647,1.626,1.2638,1.0491,1.4064,3,1.1874,-1.4204,0.6512,18.3486,0,0.78,-1
017510,세명전기,2021-07-15,6230,6200,KOSDAQ,1505.0,-0.4815,0,27,19.0019,86.7381,3.4019,1.8696,4.447,4,5.8199,10.2014,5.0403,69.1678,1,7.1,1
00104K,CJ4우(전환),2021-07-15,92400,89300,KOSPI,7722.0,-3.355,29,32,3.237,1.1016,1.0208,1.0754,1.8797,3,5.5361,-1.3186,0.6512,60.0358,0,-0.34,-1
031330,에스에이엠티,2021-07-15,4445,4270,KOSDAQ,4730.0,-3.937,2,23,3.7667,4.8298,1.2999,0.6563,3.7136,4,13.177,0.3918,5.0403,115.6566,1,56.67,7
298000,효성화학,2021-07-15,465000,448000,KOSPI,1475.0,-3.6559,1,56,17.7398,2.4685,1.3681,0.9334,4.3766,3,5.5984,26.0815,0.6512,369.1099,1,6.03,1
119610,인터로조,2021-07-16,20510,19518,KOSDAQ,2106.0,-4.8367,6,20,6.8016,0.7535,0.7337,0.8457,4.0388,4,4.4001,-8.0643,3.5536,45.0182,1,10.72,7
187790,나노,2021-07-16,2288,2228,KOSDAQ,1332.0,-2.6224,0,66,23.0939,48.888,3.1573,2.0674,5.1327,4,3.12,3.8717,3.5536,80.5511,1,30.97,1
016450,한세예스24홀딩스,2021-07-16,11200,10700,KOSPI,1626.0,-4.4643,0,67,11.691,0.6101,0.6586,0.8817,2.7904,4,4.015,10.4913,0.2748,182.3219,1,31.31,3
002960,한국쉘석유,2021-07-16,295000,283500,KOSPI,5870.0,-3.8983,35,141,0.354,0.482,0.7058,0.7187,1.8141,4,3.7392,-1.4943,0.2748,29.1572,0,0.53,-1
002230,피에스텍,2021-07-16,6560,6310,KOSDAQ,2348.0,-3.811,0,101,12.0782,49.4183,3.5062,1.274,3.4299,3,-0.587,1.6131,3.5536,83.164,1,7.77,1
003800,에이스침대,2021-07-16,48650,47700,KOSDAQ,4076.0,-1.9527,39,20,2.5806,1.2879,0.7649,0.6286,1.7146,4,2.1311,-4.5909,3.5536,27.3698,1,9.01,3
016590,신대양제지,2021-07-16,9780,9370,KOSPI,6448.0,-4.1922,8,36,8.9535,3.0795,1.0945,1.1713,2.8053,3,1.8507,4.7701,0.2748,86.6534,1,11.53,8
097950,CJ제일제당,2021-07-19,491000,472500,KOSPI,34399.0,-3.7678,11,34,6.6591,1.5481,1.2091,0.6521,2.3129,4,3.0332,6.9212,0.1003,34.233,0,5.5,-1
272290,이녹스첨단소재,2021-07-19,35350,35000,KOSDAQ,7832.0,-0.9901,5,21,5.2632,2.7093,1.1786,1.1388,3.7757,4,5.5107,-2.6857,3.8418,65.979,1,19.71,1
012200,계양전기,2021-07-19,3398,3315,KOSPI,2317.0,-2.4426,0,134,13.3721,23.7822,2.5401,1.5734,4.805,4,4.0237,15.164,0.1003,104.2514,1,15.41,2
020150,롯데에너지머티리얼즈,2021-07-19,82300,79100,KOSPI,23722.0,-3.8882,0,104,11.0955,2.3313,1.7911,1.2775,3.3592,3,0.0671,13.3861,0.1003,96.2779,1,12.77,1
089980,상아프론테크,2021-07-19,62900,61100,KOSDAQ,2846.0,-2.8617,0,114,30.9753,6.1678,2.6051,1.3305,3.928,3,-2.696,30.1494,3.8418,114.0105,0,2.13,-1
207940,삼성바이오로직스,2021-07-19,1378884,1332339,KOSPI,791575.0,-3.3756,0,45,5.2875,2.1476,1.3121,0.6769,2.0586,4,3.386,7.1597,0.1003,46.7948,0,11.35,-1
105840,우진,2021-07-20,10750,10700,KOSPI,4898.0,-0.4651,0,31,17.3246,12.9381,1.9504,0.7179,7.3031,4,20.7426,24.0853,-0.9553,221.8045,1,8.41,1
344820,KCC글라스,2021-07-20,68000,64800,KOSPI,4504.0,-4.7059,16,48,-1.8182,0.625,0.7116,0.5805,3.6596,4,6.2673,6.3212,-0.9553,148.7524,1,15.59,7
038540,상상인,2021-07-20,8600,8270,KOSDAQ,1066.0,-3.8372,8,30,4.4192,2.0501,1.4142,0.6452,2.6775,4,5.1667,-1.4493,3.1713,56.3327,0,1.57,-1
042700,한미반도체,2021-07-20,19375,18750,KOSPI,185763.0,-3.2258,2,58,10.4566,3.3843,1.9253,0.9464,3.9429,4,3.9169,15.1106,-0.9553,328.5714,1,10.27,1
052690,한전기술,2021-07-20,63000,61500,KOSPI,55801.0,-2.381,1,31,15.1685,6.8883,1.5699,1.0535,6.2427,4,16.3849,22.9791,-0.9553,301.9608,0,1.3,-1
149950,아바텍,2021-07-20,23550,22650,KOSDAQ,1361.0,-3.8217,0,107,25.1381,9.7373,3.0118,1.7648,5.0142,4,2.3679,21.622,3.1713,219.9153,1,7.73,9
078020,LS증권,2021-07-21,8960,8620,KOSDAQ,3334.0,-3.7946,14,49,2.864,2.2098,1.1757,0.7236,1.4253,3,2.0953,2.2232,2.5156,74.3175,1,8.93,2
007690,국도화학,2021-07-21,72819,71628,KOSPI,3565.0,-1.6356,1,56,9.2957,2.9107,1.2112,1.2982,5.1064,4,1.7299,35.8393,-1.8399,167.2387,1,24.71,2
014680,한솔케미칼,2021-07-21,272000,259000,KOSPI,32589.0,-4.7794,0,70,8.8235,3.4177,1.5762,1.2025,2.7992,3,-1.8679,6.0653,-1.8399,93.2836,1,19.5,1
182360,큐브엔터,2021-07-21,14641,13950,KOSDAQ,2053.0,-4.7196,3,219,4.5022,2.3844,0.9363,0.7666,6.7455,4,9.0126,17.7845,2.5156,0.0,1,25.09,1
131290,티에스이,2021-07-22,73800,71900,KOSDAQ,9767.0,-2.5745,0,122,7.6347,3.6131,1.2013,1.3695,3.8049,3,0.8873,25.6004,3.7161,136.9028,1,11.96,1
005945,NH투자증권우,2021-07-22,12000,11400,KOSPI,4463.0,-5.0,17,51,1.3333,1.1044,1.2098,0.5243,1.2218,3,3.0429,4.2596,-1.0922,56.1644,0,5.26,-1
049630,재영솔루텍,2021-07-22,1245,1190,KOSDAQ,5050.0,-4.4177,0,149,8.1818,27.5257,2.67,1.5942,4.8739,4,2.7565,10.1595,3.7161,85.07,1,7.98,3
036200,유니셈,2021-07-22,16050,15250,KOSDAQ,3299.0,-4.9844,3,70,6.6434,3.5258,1.8228,0.9091,3.5597,4,-2.0103,8.83,3.7161,147.5649,0,3.61,-1
043150,바텍,2021-07-23,39050,37400,KOSDAQ,3067.0,-4.2254,13,25,2.8886,0.8926,1.3133,1.0606,2.9125,3,5.4122,-2.93,4.285,85.1485,0,24.33,-1
145720,덴티움,2021-07-23,70600,68500,KOSPI,5523.0,-2.9745,0,78,5.8733,5.3904,1.7692,1.1604,3.0031,4,0.316,8.8328,-1.466,105.3973,1,32.85,1
001750,한양증권,2021-07-23,17500,16850,KOSPI,2826.0,-3.7143,10,27,3.6923,3.1155,1.0323,0.9967,2.7554,3,7.0125,1.7636,-1.466,115.749,0,10.68,-1
066410,버킷스튜디오,2021-07-23,2965,2885,KOSDAQ,1596.0,-2.6981,0,176,25.4348,15.8013,2.2316,1.0793,7.3904,3,6.5668,28.6643,4.285,104.6099,1,3.81,1
013120,동원개발,2021-07-23,7040,6840,KOSDAQ,2715.0,-2.8409,0,62,4.7473,3.8908,1.7171,0.6103,2.9866,4,2.4485,6.0376,4.285,102.0679,0,0.88,-1
099190,아이센스,2021-07-23,17264,16439,KOSDAQ,5306.0,-4.7787,0,213,5.4593,3.5587,1.0627,1.5833,3.7615,3,3.9856,10.1768,4.285,43.4593,1,5.93,3
001720,신영증권,2021-07-23,66300,64300,KOSPI,30989.0,-3.0166,41,30,0.0,0.4381,0.679,0.5468,1.4441,3,3.0647,1.6218,-1.466,46.6363,0,1.87,-1
089030,테크윙,2021-07-23,14759,14126,KOSDAQ,16674.0,-4.2889,0,64,10.714,2.034,1.7889,1.1585,3.1113,4,1.0905,3.0228,4.285,72.2263,0,5.37,-1
251970,펌텍코리아,2021-07-26,24650,23750,KOSDAQ,7552.0,-3.6511,13,25,3.0369,8.2819,1.8335,0.9275,3.4586,3,5.3245,-2.9197,2.9197,69.6429,1,26.32,5
221800,유투바이오,2021-07-26,15700,15400,KOSDAQ,1066.0,-1.9108,0,34,10.0,0.0174,1.0,0.8402,6.7022,4,9.4923,0.436,2.9197,112.7072,0,62.34,-1
000810,삼성화재,2021-07-27,226000,215000,KOSPI,245700.0,-4.8673,24,21,-0.9217,0.6891,0.7247,1.0133,2.2093,3,3.8755,-0.6252,-1.6476,32.3077,0,8.14,-1
001740,SK네트웍스,2021-07-27,6410,6200,KOSPI,11175.0,-3.2761,16,34,2.1417,1.0973,1.2911,0.716,3.03,4,3.2114,3.7892,-1.6476,38.3929,0,1.45,-1
027710,팜스토리,2021-07-27,2715,2580,KOSDAQ,1305.0,-4.9724,0,63,15.1786,41.6123,3.2062,1.7784,5.1495,4,0.876,18.493,2.3501,143.3962,1,15.89,1
007110,일신석재,2021-07-27,3055,3000,KOSPI,1336.0,-1.8003,0,26,23.4568,26.2926,2.4296,1.766,4.3095,4,7.7348,24.0965,-1.6476,64.8352,1,7.33,1
222800,심텍,2021-07-27,26450,25700,KOSDAQ,19567.0,-2.8355,0,69,10.3004,3.1047,1.9234,1.4433,4.0439,3,0.2025,11.8721,2.3501,73.064,1,26.26,5
001450,현대해상,2021-07-28,26600,25650,KOSPI,29457.0,-3.5714,18,189,2.1912,0.9834,0.7536,0.6575,2.1582,3,1.7501,2.4028,-1.8146,29.5455,0,7.21,-1
126600,BGF에코머티리얼즈,2021-07-28,6653,6406,KOSDAQ,2583.0,-3.7126,6,120,6.306,1.77,1.3592,0.9965,3.2057,4,1.5074,0.6453,0.5554,106.1796,1,10.22,8
009270,신원,2021-07-28,2310,2250,KOSPI,1687.0,-2.5974,0,28,30.814,32.424,3.7274,1.6013,5.0476,3,4.8957,17.7939,-1.8146,75.7812,1,24.44,2
067990,도이치모터스,2021-07-28,9230,8790,KOSDAQ,1262.0,-4.7671,4,30,14.1558,7.2573,2.3974,1.2727,3.7299,3,0.8239,5.2208,0.5554,65.1324,0,3.07,-1
009450,경동나비엔,2021-07-28,74200,71300,KOSPI,8960.0,-3.9084,3,25,2.149,2.001,0.8101,1.0013,3.2058,4,7.6077,3.5264,-1.8146,52.5134,1,10.52,1
065660,안트로젠,2021-07-28,77200,76700,KOSDAQ,3897.0,-0.6477,0,238,22.1338,22.8003,2.7032,1.5971,5.1965,4,6.6595,13.5815,0.5554,83.4928,1,32.33,1
175330,JB금융지주,2021-07-28,8000,7700,KOSPI,56586.0,-3.75,21,52,7.8431,7.0183,1.8873,1.1364,2.013,3,2.8293,4.0722,-1.8146,79.9065,0,7.79,-1
114810,한솔아이원스,2021-07-29,9980,9540,KOSDAQ,4575.0,-4.4088,24,30,0.0,0.0,1.0,0.0,100.0,3,2.9143,-0.8198,0.8198,0.0,1,22.64,9
115310,인포바인,2021-07-29,24000,22900,KOSDAQ,2551.0,-4.5833,19,20,-0.4348,0.7502,0.837,0.9223,1.8247,3,2.5928,-5.2039,0.8198,31.6092,1,43.01,1
034120,SBS,2021-07-29,52600,50500,KOSPI,3467.0,-3.9924,3,28,2.7467,1.1005,0.7843,0.592,4.8161,4,19.7673,8.1923,-1.2008,263.3094,1,16.44,3
293780,압타바이오,2021-07-29,41040,39539,KOSDAQ,2250.0,-3.6574,0,141,9.1152,1.413,0.7279,1.2375,5.1717,4,3.5144,28.4771,0.8198,205.6273,1,52.25,7
067280,멀티캠퍼스,2021-07-30,41850,40350,KOSDAQ,1742.0,-3.5842,5,21,3.0651,4.5441,1.7267,1.3637,3.5227,4,3.4908,2.4436,-0.6781,46.7273,1,4.83,7
000815,삼성화재우,2021-07-30,170000,161500,KOSPI,12429.0,-5.0,50,20,-1.2232,0.8926,0.9627,0.8085,1.2826,3,2.1037,-2.5788,-2.4212,35.7143,0,5.88,-1
025980,아난티,2021-07-30,12100,11700,KOSDAQ,8106.0,-3.3058,0,29,21.2435,2.2527,3.3408,1.073,5.0,4,7.6226,19.0992,-0.6781,65.2542,1,4.27,5
139130,iM금융지주,2021-07-30,9790,9450,KOSPI,29732.0,-3.4729,20,40,4.5354,3.6502,1.5701,0.9236,1.8896,3,2.6778,4.9158,-2.4212,85.2941,0,0.32,-1
214450,파마리서치,2021-08-02,95100,91100,KOSDAQ,34961.0,-4.2061,10,34,6.4252,1.8003,1.0257,1.0181,3.7714,4,6.0892,3.6157,-0.9099,70.2804,1,11.64,8
097950,CJ제일제당,2021-08-02,491000,478500,KOSPI,34399.0,-2.5458,19,44,1.5924,1.545,1.0162,1.0528,2.6571,4,3.719,8.9388,-2.1307,35.9375,1,4.18,2
207940,삼성바이오로직스,2021-08-02,1378884,1327975,KOSPI,791575.0,-3.692,6,55,2.1252,0.6996,0.9962,0.6876,2.6209,4,3.3827,7.4363,-2.1307,46.314,1,14.68,6
013890,지누스,2021-08-03,83056,82299,KOSPI,2713.0,-0.9114,11,23,7.96,2.55,1.2432,0.8625,3.3966,4,7.0911,5.8858,-2.0595,51.31,1,3.69,1
025620,차AI헬스케어,2021-08-03,42778,42180,KOSPI,2175.0,-1.3979,0,248,44.556,13.2923,2.1809,1.7841,6.4589,3,2.894,51.1476,-2.0595,126.2633,1,4.12,1
012450,한화에어로스페이스,2021-08-03,56330,55007,KOSPI,590917.0,-2.3487,4,20,6.0908,1.0785,1.0625,0.6942,3.3592,4,9.098,1.5081,-2.0595,123.6239,1,4.81,1
036710,심텍홀딩스,2021-08-03,3425,3395,KOSDAQ,1387.0,-0.8759,0,27,12.9784,39.4269,2.9176,1.802,3.3979,4,1.9386,8.4539,-0.8469,71.4646,1,13.25,2
051160,지어소프트,2021-08-04,26850,26800,KOSDAQ,1167.0,-0.1862,8,20,6.5606,1.7392,1.0977,0.7932,3.678,4,4.1218,4.0232,0.0544,164.0394,1,6.34,1
290550,디케이티,2021-08-04,14700,14575,KOSDAQ,2258.0,-0.8503,0,130,21.7119,4.1458,1.9131,1.7573,7.0576,3,5.422,23.7248,0.0544,68.4971,1,32.42,1
003960,사조대림,2021-08-04,29850,28650,KOSPI,3441.0,-4.0201,1,46,12.7953,5.8118,1.7473,1.0302,3.7397,4,10.5534,7.2538,-0.151,114.6067,1,16.75,8
064350,현대로템,2021-08-04,26600,25400,KOSPI,218285.0,-4.5113,1,37,5.176,1.1764,1.1319,0.5774,2.8684,4,4.6625,4.6777,-0.151,73.3788,1,8.27,2
002900,TYM,2021-08-04,7609,7254,KOSPI,3109.0,-4.6655,1,26,2.879,3.295,1.8848,1.0211,3.6443,4,6.3327,6.3433,-0.151,105.2632,1,33.8,2
028100,동아지질,2021-08-05,24000,23000,KOSPI,2449.0,-4.1667,5,46,11.9221,3.3303,1.8323,0.6592,3.1522,3,3.1566,7.5144,0.7209,63.7011,0,2.17,-1
000490,대동,2021-08-05,13750,13300,KOSPI,3370.0,-3.2727,3,48,9.465,5.8696,1.7947,1.1099,4.2427,3,2.0605,17.5013,0.7209,124.6622,1,12.78,1
268280,미원에스씨,2021-08-05,204000,194000,KOSPI,7105.0,-4.902,3,91,8.6835,0.7178,0.612,1.203,2.743,3,1.3789,1.6537,0.7209,144.0252,0,4.9,-1
021320,KCC건설,2021-08-05,11950,11550,KOSDAQ,1305.0,-3.3473,0,71,11.5942,34.9997,2.8959,1.7852,3.556,3,-1.7793,10.2605,2.4225,73.1634,1,12.12,1
036200,유니셈,2021-08-05,16050,15400,KOSDAQ,3299.0,-4.0498,6,80,4.0541,0.9462,0.6845,0.7774,3.6178,4,-0.3512,13.367,2.4225,142.9022,0,2.6,-1
005945,NH투자증권우,2021-08-05,12000,11600,KOSPI,4463.0,-3.3333,24,61,1.31,1.6874,1.0844,0.7991,1.17,4,1.1176,3.7836,0.7209,56.9689,0,3.45,-1
002450,삼익악기,2021-08-05,2075,1975,KOSPI,1074.0,-4.8193,14,47,2.3316,2.1279,1.5315,1.1555,2.2785,3,2.4278,4.3322,0.7209,53.1008,0,0.51,-1
029780,삼성카드,2021-08-05,35950,34800,KOSPI,70210.0,-3.1989,32,20,-0.2865,0.5385,0.8272,0.6495,1.3855,3,0.4877,-2.4159,0.7209,25.859,0,0.29,-1
095340,ISC,2021-08-05,29000,28350,KOSDAQ,35802.0,-2.2414,0,135,9.4595,1.9852,1.0919,0.9305,3.8171,4,3.0377,19.2513,2.4225,69.7605,1,5.82,1
137400,피엔티,2021-08-05,29250,28000,KOSDAQ,12295.0,-4.2735,0,144,4.8689,2.4971,0.8734,0.9202,3.2526,3,3.1647,15.2246,2.4225,89.8305,1,5.71,2
089030,테크윙,2021-08-06,14759,14278,KOSDAQ,16674.0,-3.259,3,74,6.4093,0.6062,0.8576,0.7145,3.8761,4,0.9876,13.0434,3.0002,74.0795,1,4.25,1
017800,현대엘리베이터,2021-08-06,57800,55900,KOSPI,40695.0,-3.2872,9,44,3.5185,2.1307,1.0939,1.2882,2.645,3,2.8044,10.6203,1.6287,51.2855,0,1.79,-1
213500,한솔제지,2021-08-06,17300,16450,KOSPI,2068.0,-4.9133,5,75,2.8125,0.8623,0.9406,0.5458,2.1711,4,-0.1924,3.4831,1.6287,30.0395,1,12.77,2
001045,CJ우,2021-08-06,67800,64800,KOSPI,2294.0,-4.4248,40,48,4.0128,0.8188,1.0028,1.3373,1.6534,2,1.1319,2.3842,1.6287,51.049,0,0.77,-1
030520,한글과컴퓨터,2021-08-06,27400,26200,KOSDAQ,5706.0,-4.3796,0,43,11.4894,11.5109,1.9788,0.82,3.9667,4,8.8003,7.782,3.0002,64.7799,1,7.63,3
001720,신영증권,2021-08-06,66300,64300,KOSPI,30989.0,-3.0166,47,40,0.0,0.5148,0.9034,0.3656,1.3997,3,1.4658,0.1118,1.6287,44.009,0,1.87,-1
043150,바텍,2021-08-06,39050,37450,KOSDAQ,3067.0,-4.0973,14,35,4.0278,2.2509,1.0154,0.9384,3.3759,4,4.468,1.3173,3.0002,82.6829,1,24.17,3
001750,한양증권,2021-08-06,17500,16700,KOSPI,2826.0,-4.5714,13,37,5.6962,0.5685,1.1923,1.0218,3.1009,4,4.8244,6.1133,1.6287,107.196,1,19.76,7
035900,JYP Ent.,2021-08-06,44900,43800,KOSDAQ,25299.0,-2.4499,3,33,9.5,3.1058,1.2337,1.1821,3.4002,4,6.3415,10.3245,3.0002,45.515,1,5.48,1
220260,켐트로스,2021-08-06,8600,8550,KOSDAQ,1591.0,-0.5814,0,244,19.0808,7.7317,2.1505,1.9129,5.3718,3,2.7181,36.0242,3.0002,71.0,1,24.56,1
042000,카페24,2021-08-06,44900,44800,KOSDAQ,8513.0,-0.2227,0,119,41.3249,7.7627,3.135,1.7824,4.7672,3,0.3177,36.3466,3.0002,76.2669,1,29.69,1
035890,서희건설,2021-08-06,2370,2260,KOSDAQ,3730.0,-4.6414,0,25,2.9613,3.0934,1.1258,0.895,2.7023,4,3.5591,1.6294,3.0002,113.2075,0,0.88,-1
006400,삼성SDI,2021-08-09,800848,761687,KOSPI,307031.0,-4.8899,0,120,4.1499,0.7613,1.0902,1.1414,2.5157,4,4.6321,6.1456,0.4297,91.6261,1,6.43,3
221800,유투바이오,2021-08-09,15700,15450,KOSDAQ,1066.0,-1.5924,6,44,1.6447,0.0187,0.9524,0.903,7.4896,4,8.5989,8.3016,2.4511,113.3978,1,84.47,5
083500,에프엔에스테크,2021-08-09,15700,14950,KOSDAQ,1418.0,-4.7771,0,148,13.6882,5.4796,1.3467,1.0105,3.7745,3,3.6821,7.0727,2.4511,102.3004,1,9.7,1
183300,코미코,2021-08-09,75000,71800,KOSDAQ,11256.0,-4.2667,0,78,9.2846,5.1664,1.9596,1.2124,3.2232,3,-0.4201,10.7981,2.4511,118.9024,1,23.12,1
272550,삼양패키징,2021-08-09,31350,30550,KOSPI,1899.0,-2.5518,3,61,6.6318,4.9894,1.9215,1.2666,2.5602,3,1.2779,10.0585,0.4297,74.5714,1,10.97,2
00088K,한화3우B,2021-08-09,16300,15600,KOSPI,8984.0,-4.2945,24,134,4.698,2.5599,1.4742,1.4485,1.5568,3,-0.3184,2.8816,0.4297,31.0924,0,9.29,-1
353200,대덕전자,2021-08-09,17900,17400,KOSPI,28514.0,-2.7933,0,78,10.4762,15.0029,2.2942,1.1337,2.9967,4,1.2682,10.7524,0.4297,77.7324,1,13.51,10
093190,빅솔론,2021-08-09,6350,6170,KOSDAQ,1503.0,-2.8346,24,26,4.0472,53.0541,3.1979,1.1478,3.311,4,2.7753,1.9482,2.4511,52.3457,1,14.59,2
122870,와이지엔터테인먼트,2021-08-09,60500,57700,KOSDAQ,13794.0,-4.6281,0,226,7.4488,1.3221,1.001,1.1327,4.048,4,8.2008,12.9489,2.4511,51.2451,1,9.71,3
227840,현대코퍼레이션홀딩스,2021-08-10,16750,16250,KOSPI,1165.0,-2.9851,0,100,5.5195,5.74,1.9231,1.3675,2.5275,4,0.3868,7.4191,-0.8617,69.4473,0,3.08,-1
007340,DN오토모티브,2021-08-10,8742,8572,KOSPI,17114.0,-1.9446,7,32,5.6836,1.7808,2.08,0.8044,2.4098,4,6.3047,8.1324,-0.8617,101.4571,1,20.56,1
158430,아톤,2021-08-10,6360,6120,KOSDAQ,1861.0,-3.7736,0,171,10.2703,3.1204,1.1476,1.4081,3.7465,3,4.7242,24.8277,0.8396,40.367,1,15.03,1
092870,엑시콘,2021-08-10,16551,15738,KOSDAQ,3661.0,-4.9121,0,151,10.4034,1.0081,2.3881,1.3958,3.4294,2,0.2495,12.2207,0.8396,83.7693,0,-0.91,-1
016360,삼성증권,2021-08-10,47650,46000,KOSPI,85371.0,-3.4627,16,50,4.3084,3.0784,1.3446,0.8011,1.6925,3,0.8658,6.3663,-0.8617,59.4454,1,10.65,3
000810,삼성화재,2021-08-11,226000,216000,KOSPI,245700.0,-4.4248,32,32,-0.9174,1.3414,1.165,0.6234,1.8188,3,2.1373,0.4361,-1.3535,32.9231,1,7.64,3
005940,NH투자증권,2021-08-11,13700,13100,KOSPI,101380.0,-4.3796,16,66,1.1583,2.097,0.9426,0.7547,1.7448,3,0.1363,6.5744,-1.3535,48.0226,0,3.82,-1
085620,미래에셋생명,2021-08-11,4560,4345,KOSPI,14869.0,-4.7149,5,63,4.5728,2.546,1.7726,0.7222,1.6604,3,0.5627,6.3052,-1.3535,34.3122,0,13.58,-1
175330,JB금융지주,2021-08-11,8000,7740,KOSPI,56586.0,-3.25,24,62,0.9126,1.1303,0.9074,0.5893,1.9472,3,0.8134,7.9651,-1.3535,80.8411,1,7.88,5
001450,현대해상,2021-08-11,26600,25950,KOSPI,29457.0,-2.4436,27,199,-0.3839,1.1296,0.82,0.4761,1.9268,4,1.3333,3.5189,-1.3535,31.0606,1,5.97,3
267260,HD현대일렉트릭,2021-08-11,25000,24200,KOSPI,338483.0,-3.2,0,64,12.297,2.9357,1.0837,1.5095,4.4421,4,0.7585,14.4376,-1.3535,134.9515,1,11.98,1
278280,천보,2021-08-12,249800,242000,KOSDAQ,6321.0,-3.1225,6,20,6.3736,0.9518,1.0327,0.8283,4.0732,4,10.0775,1.8727,-0.0209,105.0847,1,11.57,1
042600,새로닉스,2021-08-12,16750,16550,KOSDAQ,1714.0,-1.194,0,77,40.8511,19.2396,3.2663,1.8453,6.1502,3,2.1224,30.3358,-0.0209,294.9881,1,9.97,1
035510,신세계 I&C,2021-08-12,21950,21550,KOSPI,2525.0,-1.8223,1,41,11.9481,2.738,1.5356,0.9343,3.5966,4,1.3715,22.4244,-2.3687,87.3913,1,22.27,1
192820,코스맥스,2021-08-12,142000,135000,KOSPI,23550.0,-4.9296,7,23,9.7561,3.0534,1.7693,1.5476,3.7037,2,1.6944,-0.1584,-2.3687,53.195,0,2.22,-1
139130,iM금융지주,2021-08-13,9790,9360,KOSPI,29732.0,-4.3922,19,50,1.8498,0.8292,0.8676,0.8714,2.091,3,0.9402,6.8776,-3.2232,81.3953,0,0.64,-1
112040,위메이드,2021-08-13,32987,31825,KOSDAQ,10015.0,-3.5226,0,93,22.8053,1.4703,1.1892,1.5958,5.2268,3,2.1468,11.5912,-1.0647,100.9662,1,122.22,1
000815,삼성화재우,2021-08-13,170000,165000,KOSPI,12429.0,-2.9412,55,30,0.9174,3.952,1.3324,0.6353,0.9957,3,0.6345,2.921,-3.2232,36.3636,1,5.76,9
011790,SKC,2021-08-13,171500,163500,KOSPI,42299.0,-4.6647,8,20,1.5528,1.149,1.1387,0.8549,3.4076,4,5.8738,0.5446,-3.2232,0.0,1,12.54,4
105550,엣지파운드리,2021-08-17,4250,4070,KOSDAQ,1202.0,-4.2353,2,47,2.7778,5.9654,1.5946,1.0122,4.212,4,6.3858,11.9386,-3.6939,167.7632,0,30.84,-1
079550,LIG넥스원,2021-08-17,49000,47650,KOSPI,101420.0,-2.7551,3,59,10.4287,4.0892,1.8552,0.8172,3.043,4,3.0034,15.2295,-3.1119,70.7885,1,12.91,3
038540,상상인,2021-08-17,8600,8240,KOSDAQ,1066.0,-4.186,9,49,5.2363,4.5546,1.6772,0.692,2.6872,3,2.692,5.1718,-3.6939,55.4717,0,10.44,-1
281740,레이크머티리얼즈,2021-08-18,4940,4805,KOSDAQ,16038.0,-2.7328,5,26,4.4565,3.1542,1.4742,0.7187,3.59,4,4.9509,7.5345,-2.1617,156.9519,1,18.42,3
060720,KH바텍,2021-08-18,23700,22700,KOSDAQ,4148.0,-4.2194,4,78,3.653,2.3034,1.2867,1.5756,3.7917,3,2.664,7.2543,-2.1617,39.6923,1,40.75,3
006110,삼아알미늄,2021-08-19,17750,17500,KOSPI,4266.0,-1.4085,0,23,10.7595,21.7717,2.5725,1.2855,7.0204,4,7.2074,27.7852,-3.6717,237.1869,1,160.57,1
089980,상아프론테크,2021-08-23,62900,59800,KOSDAQ,2846.0,-4.9285,1,138,10.9462,3.7179,1.639,1.5745,5.9245,3,6.1173,10.0855,-5.9043,78.7743,1,30.43,2
005945,NH투자증권우,2021-08-23,12000,11450,KOSPI,4463.0,-4.5833,23,72,-2.9661,1.0227,1.4275,1.5913,1.8715,3,0.3098,4.611,-5.0458,54.105,1,10.92,10
018470,조일알미늄,2021-08-24,1431,1365,KOSPI,1616.0,-4.6122,1,20,12.9967,4.3519,1.66,1.1958,6.3736,3,14.6127,4.8575,-2.6869,160.4962,1,166.08,1
00088K,한화3우B,2021-08-24,16300,15550,KOSPI,8984.0,-4.6012,20,144,2.9801,0.6826,1.174,1.7462,2.2738,3,-0.7013,6.3535,-2.6869,28.5124,1,9.65,4
001720,신영증권,2021-08-24,66300,63400,KOSPI,30989.0,-4.3741,54,51,-0.471,0.8068,1.1425,0.9036,2.0392,2,0.671,0.5264,-2.6869,41.5179,0,0.79,-1
002380,KCC,2021-08-25,377000,363000,KOSPI,43499.0,-3.7135,0,73,16.7203,3.6654,1.6951,1.812,4.388,3,0.0492,15.2099,-2.6518,165.9341,1,31.4,5
003100,선광,2021-08-25,51500,50600,KOSDAQ,1449.0,-1.7476,12,20,1.2,1.0825,0.7349,0.7057,1.9833,4,8.3461,5.0746,-2.749,236.2126,1,7.51,2
069260,TKG휴켐스,2021-08-25,27650,27450,KOSPI,8646.0,-0.7233,0,198,12.5,54.4603,3.1543,1.952,4.4887,2,3.9412,14.6926,-2.6518,78.2468,1,6.92,1
085620,미래에셋생명,2021-08-26,4560,4335,KOSPI,14869.0,-4.9342,10,73,2.847,2.8518,1.3067,1.2159,2.6363,4,1.1289,10.915,-3.3468,20.4167,1,13.84,7
305090,마이크로디지탈,2021-08-26,14060,13460,KOSDAQ,1649.0,-4.2674,0,56,25.1162,2.647,1.8163,1.5849,8.1649,3,-2.58,43.0514,-1.4715,111.0049,1,42.56,4
005940,NH투자증권,2021-08-26,13700,13050,KOSPI,101380.0,-4.7445,7,76,5.668,0.8021,1.0753,1.3768,2.1894,3,-1.0526,4.9032,-3.3468,46.7942,0,4.21,-1
263750,펄어비스,2021-08-26,88000,87900,KOSDAQ,34501.0,-0.1136,1,39,30.2222,13.7897,2.169,1.7519,5.8996,3,6.3395,15.7758,-1.4715,0.0,1,16.04,1
148150,세경하이테크,2021-08-27,8943,8543,KOSDAQ,1827.0,-4.4728,0,236,22.7972,2.7594,2.6869,2.1212,5.7917,3,4.4572,10.0047,-1.9748,28.9899,1,35.14,1
003545,대신증권우,2021-08-27,18000,17150,KOSPI,6331.0,-4.7222,7,84,4.2553,1.1629,0.9974,0.8569,1.8326,3,0.0845,5.4371,-3.3537,84.6071,1,15.74,8
120110,코오롱인더,2021-08-27,85700,83500,KOSPI,17007.0,-2.5671,3,29,16.9468,3.2768,1.0999,1.6425,3.6955,3,7.8626,6.1863,-3.3537,162.1664,1,37.13,1
029780,삼성카드,2021-08-27,35950,34350,KOSPI,70210.0,-4.4506,38,35,3.7764,0.7097,0.9027,1.1073,1.6012,2,0.8742,1.7778,-3.3537,24.2315,0,0.87,-1
001940,KISCO홀딩스,2021-08-30,22400,22050,KOSPI,3331.0,-1.5625,6,50,11.6456,1.5887,0.909,1.5455,4.1464,3,1.4098,6.8152,-1.8152,97.7578,1,7.48,2
067310,하나마이크론,2021-08-30,12531,12190,KOSDAQ,22605.0,-2.7213,1,31,22.7593,5.0178,2.6399,1.4008,5.3967,4,4.0917,13.3064,0.0679,189.0681,1,20.5,3
344820,KCC글라스,2021-08-30,74900,73900,KOSPI,4504.0,-1.3351,3,20,16.195,1.8549,1.2299,1.2744,4.0789,4,2.2222,1.2769,-1.8152,167.7536,1,10.83,1
199800,툴젠,2021-08-30,140000,136300,KOSDAQ,4972.0,-2.6429,0,141,4.9269,2.1574,1.0061,0.6116,1.5879,4,9.3332,14.8562,0.0679,135.0,1,22.16,1
023160,태광,2021-08-30,13500,12900,KOSDAQ,7606.0,-4.4444,7,28,10.2564,1.7509,0.9952,1.3754,4.402,4,2.4701,2.721,0.0679,120.1365,0,0.39,-1
013580,계룡건설,2021-08-30,39850,39300,KOSPI,2193.0,-1.3802,2,58,18.552,7.1009,1.9411,1.7272,4.2439,3,-1.6994,21.9987,-1.8152,117.7285,1,14.5,1
234300,에스트래픽,2021-08-31,8693,8499,KOSDAQ,1016.0,-2.2317,0,105,30.5931,29.5564,3.0662,1.8923,5.304,3,3.4439,31.4513,0.0511,153.853,1,5.64,1
038540,상상인,2021-08-31,8600,8180,KOSDAQ,1066.0,-4.8837,13,59,0.3681,0.5337,0.9293,1.2633,3.7461,3,1.1192,6.5982,0.0511,54.3396,1,11.25,1
033290,로젠,2021-08-31,7536,7205,KOSDAQ,1266.0,-4.3923,1,32,4.9679,0.9445,0.4527,0.6893,4.3402,4,6.831,12.6151,0.0511,56.1213,0,0.58,-1
010130,고려아연,2021-08-31,556000,532000,KOSPI,355049.0,-4.3165,10,21,4.7244,2.1426,0.8982,1.0645,3.323,3,4.0869,-0.744,-0.7375,46.5565,0,0.56,-1
119610,인터로조,2021-08-31,21610,20546,KOSDAQ,2106.0,-4.9236,7,21,6.4339,1.3082,0.6942,1.0304,3.4049,3,4.5167,-2.4129,0.0511,48.8409,1,5.18,3
023450,동남합성,2021-09-01,70000,66600,KOSPI,1106.0,-4.8571,0,110,3.9002,0.7916,0.6697,0.6028,1.2548,4,7.2859,3.392,-0.9305,92.2078,0,7.66,-1
035420,NAVER,2021-09-01,465000,445000,KOSPI,398406.0,-4.3011,13,26,3.3682,1.126,1.0598,0.8412,2.5602,3,6.6655,4.9024,-0.9305,62.7057,0,2.13,-1
183190,아세아시멘트,2021-09-01,14850,14200,KOSPI,5074.0,-4.3771,0,72,9.2308,1.2897,1.1551,1.173,4.3768,4,-3.0901,19.7589,-0.9305,166.4165,1,10.92,3
099190,아이센스,2021-09-01,17414,17365,KOSDAQ,5306.0,-0.2814,10,24,8.9534,2.3768,1.0146,1.2613,3.6128,3,6.3518,2.6325,0.9526,51.5403,1,11.09,1
000670,영풍,2021-09-01,72558,70672,KOSPI,10720.0,-2.5993,0,79,12.6121,4.5455,1.7493,1.6613,3.4098,4,-1.2936,11.549,-0.9305,64.8327,0,2.27,-1
107640,한중엔시에스,2021-09-01,10500,10000,KOSDAQ,4687.0,-4.7619,4,20,1.0101,0.0194,0.3192,1.3698,5.5,4,11.6174,-5.7145,0.9526,127.2727,1,55.0,2
101730,위메이드맥스,2021-09-01,8500,8380,KOSDAQ,5648.0,-1.4118,0,105,42.0339,6.7007,2.7796,2.1581,7.6798,4,2.0695,50.859,0.9526,226.07,1,70.64,1
030200,KT,2021-09-01,35200,33450,KOSPI,152977.0,-4.9716,19,27,1.9817,0.9295,0.7663,1.3383,2.3703,3,0.6401,0.6324,-0.9305,52.0455,0,0.45,-1
078020,LS증권,2021-09-02,9390,8970,KOSDAQ,3334.0,-4.4728,8,27,2.6316,1.2651,0.7345,1.0631,2.4287,4,1.0578,2.0024,-0.0706,67.6636,0,2.56,-1
105550,엣지파운드리,2021-09-02,4250,4075,KOSDAQ,1202.0,-4.1176,3,59,5.4334,1.1112,0.8628,0.8201,5.3094,4,5.0893,5.6406,-0.0706,155.9673,1,30.67,1
035250,강원랜드,2021-09-02,29550,28300,KOSPI,39365.0,-4.2301,6,64,3.4735,1.454,0.9916,0.884,2.6502,4,-0.5292,8.1958,-3.1865,37.3786,0,4.77,-1
000880,한화,2021-09-02,37600,35750,KOSPI,85828.0,-4.9202,0,151,2.1429,2.282,1.0793,1.5611,3.5864,4,0.6204,20.3996,-3.1865,51.1628,0,3.64,-1
051500,CJ프레시웨이,2021-09-02,38300,37250,KOSDAQ,3977.0,-2.7415,1,58,6.7335,2.1666,0.9387,0.744,3.9118,4,4.7484,6.8041,-0.0706,148.3333,1,3.36,1
003300,한일홀딩스,2021-09-03,14564,14096,KOSPI,5017.0,-3.2134,0,80,9.8504,1.893,1.5606,0.6685,2.6583,4,-1.4232,9.7878,-2.2914,0.0,0,0.33,-1
003547,대신증권2우B,2021-09-03,17650,16850,KOSPI,2340.0,-4.5326,6,89,0.8982,1.1793,0.6728,0.6408,1.8864,3,0.0968,7.9341,-2.2914,87.6392,1,15.13,5
215000,골프존,2021-09-03,159900,152000,KOSDAQ,3684.0,-4.9406,1,23,10.1449,3.3118,1.3072,0.6477,3.1438,4,7.8628,5.5819,-0.537,148.7725,0,0.0,-1
037710,광주신세계,2021-09-03,44400,42200,KOSPI,2773.0,-4.955,0,68,8.4833,1.0538,0.9162,0.9335,3.4868,4,0.1851,15.1256,-2.2914,48.5915,1,14.45,1
046440,KG모빌리언스,2021-09-03,12500,12200,KOSDAQ,2094.0,-2.4,0,137,22.9839,58.6039,3.211,1.9463,4.6019,3,-0.8605,15.6314,-0.537,52.5,0,-0.41,-1
067630,HLB생명과학,2021-09-03,17371,17094,KOSDAQ,4956.0,-1.5946,0,236,38.874,1.9303,2.553,1.9164,8.4027,2,8.2868,75.7882,-0.537,153.8839,1,24.99,1
147830,제룡산업,2021-09-06,5100,5050,KOSDAQ,1476.0,-0.9804,0,54,43.0595,28.6815,3.5613,1.9403,5.0636,3,-3.0326,28.4935,-0.6454,115.6277,1,26.73,1
006730,서부T&D,2021-09-06,8968,8926,KOSDAQ,11882.0,-0.4683,4,59,14.7006,3.3336,2.3058,0.8229,3.4426,4,0.4142,10.9792,-0.6454,71.1601,1,7.88,1
018670,SK가스,2021-09-06,129500,126500,KOSPI,20709.0,-2.3166,4,223,5.8577,8.1641,1.747,1.4211,2.4845,3,0.9223,12.0496,-2.0496,39.6247,1,46.25,1
001720,신영증권,2021-09-07,66300,63100,KOSPI,30989.0,-4.8265,58,61,0.1587,0.5272,0.5586,0.6664,1.3131,2,0.052,0.6789,-2.239,40.0666,0,1.58,-1
036460,한국가스공사,2021-09-07,39850,38000,KOSPI,39464.0,-4.6424,5,57,4.9724,1.3544,1.2602,1.1032,2.8008,3,1.2402,5.9225,-2.239,64.5022,1,36.32,6
084010,대한제강,2021-09-08,17137,16437,KOSPI,4644.0,-4.0847,1,51,12.045,5.1482,1.9892,1.2018,3.7967,3,0.2277,21.2717,-2.4729,288.2145,0,0.2,-1
004250,NPC,2021-09-08,7650,7370,KOSPI,1430.0,-3.6601,0,31,32.316,14.2818,3.575,0.9761,5.0979,4,9.9165,24.8981,-2.4729,149.8305,1,10.72,2
017940,E1,2021-09-08,60900,57900,KOSPI,6538.0,-4.9261,0,65,3.9497,1.1028,1.1449,0.9343,2.0232,3,-0.1615,6.2363,-2.4729,51.5707,1,16.93,2
102940,코오롱생명과학,2021-09-08,36100,35000,KOSDAQ,8211.0,-3.0471,0,227,6.7073,2.0536,0.8123,0.6614,4.6633,4,9.1866,12.6993,-1.4115,96.0784,1,14.57,1
215200,메가스터디교육,2021-09-08,82600,79100,KOSDAQ,4732.0,-4.2373,12,24,2.3286,1.093,0.7062,0.8681,3.8107,4,4.0837,7.4437,-1.4115,172.2892,0,1.01,-1
282330,BGF리테일,2021-09-08,193000,183500,KOSPI,21812.0,-4.9223,6,65,1.662,1.072,0.8488,0.7794,3.2308,4,-1.3909,7.9326,-2.4729,59.5652,0,0.0,-1
347890,엠투아이,2021-09-08,13029,12550,KOSDAQ,1079.0,-3.6764,0,140,21.256,49.8796,3.4739,1.6058,4.5817,4,2.1353,20.3688,-1.4115,86.2018,0,-13.15,-1
007690,국도화학,2021-09-09,89330,88700,KOSPI,3565.0,-0.7053,0,28,17.328,4.5186,2.3454,1.13,4.8478,4,7.5651,32.623,-3.2888,179.9432,1,4.4,1
010060,OCI홀딩스,2021-09-09,116814,112047,KOSPI,28360.0,-4.0808,0,96,9.3024,1.1477,1.2863,1.0546,4.7871,3,-1.3484,28.6224,-3.2888,164.5426,1,19.86,5
145990,삼양사,2021-09-09,71800,68300,KOSPI,5136.0,-4.8747,0,155,4.9155,2.0666,1.5549,1.3208,2.0812,4,-0.1564,7.0882,-3.2888,44.8568,1,17.13,3
005940,NH투자증권,2021-09-09,13700,13100,KOSPI,101380.0,-4.3796,12,86,-1.5038,1.0618,0.7032,0.4961,2.0992,4,-0.3434,3.2888,-3.2888,46.861,0,3.44,-1
082640,동양생명,2021-09-09,6590,6280,KOSPI,12021.0,-4.7041,0,35,10.7584,3.3467,1.4641,1.1497,2.798,3,-0.4598,18.9426,-3.2888,110.0334,1,27.23,1
182400,엔케이맥스,2021-09-09,24169,23259,KOSDAQ,2630.0,-3.7652,0,169,26.552,2.0125,1.4354,1.8241,7.4076,2,4.7612,90.5579,-1.6446,116.1215,1,18.03,1
034830,한국토지신탁,2021-09-09,2560,2435,KOSPI,3272.0,-4.8828,1,77,2.0964,1.0803,0.8491,0.4672,2.0534,3,-1.208,12.9735,-3.2888,41.9825,1,9.24,6
161000,애경케미칼,2021-09-09,15750,15050,KOSPI,4933.0,-4.4444,0,96,17.5781,27.8703,2.7318,1.5959,3.5121,3,0.646,17.304,-3.2888,123.6256,1,15.95,2
003540,대신증권,2021-09-10,20650,20100,KOSPI,18025.0,-2.6634,3,94,4.1451,1.6234,0.8658,0.6338,1.6169,4,0.9084,10.3499,-2.5751,93.2692,1,9.2,2
058470,리노공업,2021-09-10,38904,38244,KOSDAQ,73621.0,-1.6965,12,47,3.9748,2.4575,1.178,1.2399,2.8765,3,2.1205,12.519,-1.535,72.8621,1,13.45,1
004800,효성,2021-09-10,98988,94751,KOSPI,25161.0,-4.2803,4,40,5.1282,1.2887,1.0542,0.6711,3.136,4,5.0264,9.9989,-2.5751,78.2642,0,2.03,-1
012750,에스원,2021-09-10,89800,86300,KOSPI,34389.0,-3.8976,0,164,5.5012,2.066,1.2885,1.237,1.2912,2,0.112,7.819,-2.5751,9.5178,0,0.12,-1
307180,아이엘,2021-09-10,4570,4415,KOSDAQ,1374.0,-3.3917,0,93,13.9355,1.0385,2.3495,1.2077,4.166,4,2.6919,16.2103,-1.535,57.6786,0,37.26,-1
003070,코오롱글로벌,2021-09-10,29166,27827,KOSPI,2481.0,-4.591,0,94,26.5209,9.7048,3.1461,1.7081,5.2033,3,-1.4411,27.7359,-2.5751,76.904,1,15.64,5
119830,아이텍,2021-09-13,13450,12800,KOSDAQ,2052.0,-4.8327,0,24,1.992,0.9188,0.769,0.5023,5.0223,4,2.8928,19.9059,-1.3874,96.9231,1,6.25,7
138930,BNK금융지주,2021-09-13,8370,7970,KOSPI,61134.0,-4.779,0,85,1.5287,0.6813,1.1072,0.5119,1.9627,4,-0.3053,3.2876,-1.3695,61.4995,1,11.92,8
003200,일신방직,2021-09-13,12000,11600,KOSPI,3302.0,-3.3333,0,63,3.1111,1.2659,0.7333,0.8421,3.0179,3,0.0955,17.3695,-1.3695,73.6527,1,12.5,2
005070,코스모신소재,2021-09-13,54033,51367,KOSPI,16938.0,-4.934,0,21,21.6392,5.6313,1.6111,0.879,5.0277,4,19.4634,5.5791,-1.3695,316.0619,0,2.31,-1
139130,iM금융지주,2021-09-13,9790,9330,KOSPI,29732.0,-4.6987,8,70,1.413,0.7884,1.2593,0.8346,1.9675,4,-0.6361,1.049,-1.3695,78.7356,1,10.93,10
005960,동부건설,2021-09-13,15300,14600,KOSPI,1540.0,-4.5752,4,49,2.8169,1.5925,1.3012,1.0313,2.1526,3,1.5723,8.7224,-1.3695,41.0628,1,8.9,6
214370,케어젠,2021-09-13,16660,15960,KOSDAQ,63437.0,-4.2017,0,169,10.221,3.3396,1.4603,1.4341,3.3656,3,3.021,12.8399,-1.3874,37.1134,0,0.63,-1
203400,에이비온,2021-09-14,10380,10177,KOSDAQ,3163.0,-1.9557,0,51,27.6753,20.6044,3.7184,1.991,7.8026,3,2.848,12.6542,2.6398,333.2482,1,23.31,1
005830,DB손해보험,2021-09-14,63600,61500,KOSPI,119202.0,-3.3019,4,20,3.3613,0.6874,1.1163,0.5684,3.1359,4,5.5998,-2.0965,0.1826,67.5749,1,11.38,4
192820,코스맥스,2021-09-14,142000,135500,KOSPI,23550.0,-4.5775,8,45,0.7435,1.4135,1.2942,0.9845,4.349,3,-0.3344,10.4296,0.1826,49.9275,0,4.43,-1
060980,HL홀딩스,2021-09-15,51200,49200,KOSPI,4188.0,-3.9062,2,160,3.3613,2.3556,2.2352,1.089,2.4826,4,1.486,11.1108,-0.1751,81.5498,1,19.31,1
097230,HJ중공업,2021-09-15,10250,10050,KOSPI,21310.0,-1.9512,0,246,13.8165,2.7179,1.101,1.4003,4.8685,4,1.0918,31.892,-0.1751,49.7765,1,4.48,1
029780,삼성카드,2021-09-15,35950,34200,KOSPI,70210.0,-4.8679,40,48,0.4405,0.7705,0.9734,0.7976,1.1905,2,0.2376,0.9114,-0.1751,23.689,0,3.22,-1
028050,삼성E&A,2021-09-15,28150,26850,KOSPI,64582.0,-4.6181,1,58,15.4839,8.5723,1.7873,1.2801,4.0303,3,2.3405,16.661,-0.1751,169.5783,1,6.33,3
023450,동남합성,2021-09-15,70000,69600,KOSPI,1106.0,-0.5714,10,120,3.7258,1.4809,0.7099,0.4994,1.2931,4,7.3866,6.1111,-0.1751,93.3333,1,3.02,1
093520,매커스,2021-09-15,8270,8150,KOSDAQ,3279.0,-1.451,0,55,31.664,65.4019,3.3552,2.0445,4.0754,3,-2.318,28.2738,2.1262,116.7553,0,0.49,-1
034590,인천도시가스,2021-09-16,30650,29250,KOSPI,1148.0,-4.5677,0,249,3.5398,20.3708,3.1192,1.336,1.7094,3,-0.5714,4.5543,1.0414,20.1232,1,9.4,5
020150,롯데에너지머티리얼즈,2021-09-16,89200,87100,KOSPI,23722.0,-2.3543,0,26,12.8238,2.2905,1.8699,1.163,3.6985,3,4.2844,12.5179,1.0414,116.129,1,35.48,4
041930,동아화성,2021-09-16,17850,17600,KOSDAQ,1060.0,-1.4006,0,163,12.4601,1.6196,0.7487,1.5521,5.8644,4,5.5885,27.9591,4.8711,112.304,0,-1.42,-1
078020,LS증권,2021-09-16,9390,9020,KOSDAQ,3334.0,-3.9404,14,37,1.4623,0.8625,0.8443,0.4374,1.4571,4,1.6863,0.0126,4.8711,63.7024,0,2.0,-1
035250,강원랜드,2021-09-16,29550,28200,KOSPI,39365.0,-4.5685,7,74,1.9892,0.6268,0.8345,0.7763,2.305,4,-0.7216,10.2012,1.0414,36.8932,1,5.14,9
003580,HLB글로벌,2021-09-17,35450,34400,KOSPI,1092.0,-2.9619,0,28,14.2857,1.1627,0.7582,0.4891,7.0494,4,27.5654,38.6592,2.6139,0.0,1,6.1,1
043150,바텍,2021-09-17,46500,44650,KOSDAQ,3067.0,-3.9785,1,26,6.9461,1.4771,0.8771,0.8982,3.3995,3,5.7019,0.2924,8.0814,117.8049,0,3.58,-1
268280,미원에스씨,2021-09-17,204000,194500,KOSPI,7105.0,-4.6569,4,121,4.0107,2.3649,2.168,0.7828,1.928,4,2.0218,0.5691,2.6139,110.9544,0,24.16,-1
004080,신흥,2021-09-17,18350,17550,KOSPI,1290.0,-4.3597,2,21,-0.2841,0.6715,0.543,1.0933,3.8258,4,3.8728,3.7497,2.6139,97.191,1,10.26,4
194480,데브시스터즈,2021-09-17,161000,156500,KOSDAQ,4579.0,-2.795,0,122,76.8362,6.2682,3.033,1.7258,8.2519,3,-3.5283,129.0398,8.0814,1861.1529,1,27.48,1
003490,대한항공,2021-09-23,35100,34200,KOSPI,91871.0,-2.5641,0,71,9.6154,3.1093,1.6926,1.2503,2.6942,4,-1.7701,17.9545,1.2093,145.0383,0,2.19,-1
034120,SBS,2021-09-23,58800,56700,KOSPI,3467.0,-3.5714,1,24,6.9811,1.867,0.9044,0.704,3.4895,4,3.4431,7.2037,1.2093,307.9137,1,8.47,2
010955,S-Oil우,2021-09-23,63700,60600,KOSPI,2216.0,-4.8666,12,53,5.9441,2.1741,1.5984,0.7724,2.3456,3,-2.2451,12.915,1.2093,101.6639,1,9.24,3
00680K,미래에셋증권2우B,2021-09-23,5130,4885,KOSPI,23208.0,-4.7758,0,93,5.3937,2.9141,1.6904,1.5286,1.6011,3,-0.7937,5.9179,1.2093,17.8528,0,2.15,-1
166090,하나머티리얼즈,2021-09-23,55500,53200,KOSDAQ,12045.0,-4.1441,1,28,7.1501,1.505,0.8267,0.9804,3.9944,4,3.7471,16.9851,4.3376,165.3367,0,3.2,-1
039130,하나투어,2021-09-23,92115,88795,KOSPI,7745.0,-3.6042,0,76,12.4998,1.773,1.9313,1.2124,3.2372,4,-2.227,29.5832,1.2093,149.0464,0,1.21,-1
078350,한양디지텍,2021-09-24,9540,9160,KOSDAQ,4261.0,-3.9832,0,36,5.4085,3.9562,1.5869,1.2554,3.626,4,7.6016,16.2989,2.354,87.1297,0,3.49,-1
086980,쇼박스,2021-09-24,6540,6260,KOSDAQ,1685.0,-4.2813,0,149,53.9975,44.3596,3.8959,2.034,4.2446,2,-4.2727,58.3649,2.354,141.2331,1,27.16,1
194370,제이에스코퍼레이션,2021-09-24,12125,11725,KOSPI,3859.0,-3.299,0,92,2.8509,2.7607,1.5866,1.1723,5.3305,4,3.1119,19.7546,-0.4161,259.1118,0,18.34,-1
025980,아난티,2021-09-24,12200,11850,KOSDAQ,8106.0,-2.8689,4,31,3.9474,11.5024,2.101,1.5086,4.8825,3,2.7903,6.8626,2.354,67.3729,1,25.32,1
001460,BYC,2021-09-24,49850,47450,KOSPI,3379.0,-4.8144,0,79,8.2098,0.7275,0.8318,0.9107,3.4019,4,-0.6439,19.0411,-0.4161,132.598,0,0.32,-1
010950,S-Oil,2021-09-27,111000,109500,KOSPI,113258.0,-1.3514,4,55,8.4158,1.6128,1.2677,0.8148,2.955,3,-1.8384,20.0907,-0.4185,117.6938,1,7.31,1
069260,TKG휴켐스,2021-09-27,30200,29350,KOSPI,8646.0,-2.8146,0,20,5.386,0.6637,0.7813,1.0357,4.0156,3,7.1767,7.3402,-0.4185,47.8589,0,2.04,-1
091580,상신이디피,2021-09-27,20900,19950,KOSDAQ,2150.0,-4.5455,2,28,12.7119,13.8524,2.0474,1.6039,4.5292,4,7.8478,17.4302,1.6742,92.7536,1,8.02,1
336370,솔루스첨단소재,2021-09-27,34984,34743,KOSPI,6263.0,-0.6889,2,27,9.7413,2.3724,1.1346,0.9588,4.3583,4,7.5314,18.0359,-0.4185,139.1451,1,27.32,1
005430,한국공항,2021-09-27,58700,56000,KOSPI,2204.0,-4.5997,0,73,12.0,8.5747,2.3345,1.369,3.4821,4,-0.2607,11.7505,-0.4185,91.7808,0,4.82,-1
267290,경동도시가스,2021-09-28,26600,26150,KOSPI,1326.0,-1.6917,0,96,7.3922,16.2198,2.4327,1.4077,4.1792,3,-1.7059,19.3042,-0.9784,49.4286,1,3.25,1
086790,하나금융지주,2021-09-28,48000,45700,KOSPI,340114.0,-4.7917,1,78,2.1229,1.8529,1.0218,0.7937,2.2429,3,-1.1697,2.9873,-0.9784,67.0932,0,3.94,-1
004690,삼천리,2021-09-28,104000,101500,KOSPI,6005.0,-2.4038,0,68,7.0675,5.4964,2.1928,1.6674,3.1034,4,-1.7573,17.9139,-0.9784,34.6154,1,2.96,1
003670,포스코퓨처엠,2021-09-29,178838,172053,KOSPI,196571.0,-3.7939,0,150,10.2487,2.3722,1.4984,1.3742,4.5471,4,2.804,21.0788,-2.3495,165.9859,0,3.1,-1
122870,와이지엔터테인먼트,2021-09-30,63300,61800,KOSDAQ,13794.0,-2.3697,7,22,17.0455,2.1493,1.4469,0.9308,4.3805,4,2.9711,5.7688,-2.7688,61.9921,1,18.93,1
316140,우리금융지주,2021-09-30,12100,11650,KOSPI,261331.0,-3.719,4,64,4.955,1.4231,1.0849,0.6501,1.7781,3,-1.2251,7.827,-2.3971,44.1832,0,17.6,-1
001720,신영증권,2021-09-30,66300,63000,KOSPI,30989.0,-4.9774,47,75,0.4785,0.7489,0.7186,0.9546,1.576,2,-0.8564,1.7662,-2.3971,39.8446,0,1.75,-1
017670,SK텔레콤,2021-09-30,58576,55902,KOSPI,158300.0,-4.565,4,76,4.5171,1.1869,0.7928,0.7997,2.2818,3,-1.9428,13.5476,-2.3971,52.1143,0,1.54,-1
001450,현대해상,2021-10-01,27500,26500,KOSPI,29457.0,-3.6364,3,30,6.0,3.3642,1.5012,1.1662,2.0755,3,0.7821,9.1447,-5.6291,33.8384,1,9.62,2
149950,아바텍,2021-10-05,26200,24950,KOSDAQ,1361.0,-4.771,0,50,8.0087,3.2808,1.9877,0.6006,4.3229,4,7.834,15.9745,-8.6627,215.0253,1,10.02,1
272450,진에어,2021-10-05,25107,24150,KOSPI,3821.0,-3.8117,0,95,5.9211,3.4933,1.1712,1.153,4.4241,3,1.2415,20.7973,-7.6348,199.5163,0,1.86,-1
002960,한국쉘석유,2021-10-06,295000,282000,KOSPI,5870.0,-4.4068,9,194,1.9892,2.7876,1.2877,0.9269,1.4564,2,-1.3955,12.4832,-8.4242,20.0,0,1.06,-1
005090,SGC에너지,2021-10-06,56300,54100,KOSPI,4445.0,-3.9076,2,45,3.6398,5.2504,1.6323,0.7202,4.0996,4,-1.1619,20.0857,-8.4242,65.9509,0,-0.92,-1
307180,아이엘,2021-10-06,4570,4400,KOSDAQ,1374.0,-3.7199,1,107,6.4087,4.1456,1.0595,1.4864,4.4399,3,4.4237,25.6156,-11.9205,57.1429,1,65.45,1
003690,코리안리,2021-10-06,6306,6010,KOSPI,25015.0,-4.6939,1,97,2.4199,3.5055,1.8445,1.2875,1.6805,3,-0.6686,10.7395,-8.4242,32.1169,1,7.49,9
268280,미원에스씨,2021-10-07,204000,203500,KOSPI,7105.0,-0.2451,10,131,5.168,3.3059,1.8287,1.5374,2.808,4,2.0544,17.8456,-7.5475,119.2888,1,18.67,1
029780,삼성카드,2021-10-07,35950,34550,KOSPI,70210.0,-3.8943,34,60,3.1343,1.5546,1.4219,0.8177,1.2611,3,-0.3697,8.1297,-7.5475,23.8351,0,3.04,-1
017900,광전자,2021-10-07,3325,3250,KOSPI,1117.0,-2.2556,0,52,14.841,20.0558,3.2605,1.4349,5.1209,4,0.9754,18.8489,-7.5475,54.3943,1,21.23,5
036420,콘텐트리중앙,2021-10-07,57800,55200,KOSPI,1414.0,-4.4983,0,87,7.1845,1.5146,1.7676,0.8139,5.0078,3,-1.1007,30.8995,-7.5475,126.694,1,29.89,2
119610,인터로조,2021-10-07,21611,20617,KOSDAQ,2106.0,-4.5995,14,20,3.5614,0.6023,0.7976,0.6024,3.0003,3,1.8676,6.6826,-9.5289,49.3444,1,15.32,8
024110,기업은행,2021-10-07,11150,10700,KOSPI,192578.0,-4.0359,0,84,3.8835,1.1809,1.4256,0.9845,1.4686,4,-0.6753,10.4321,-7.5475,36.6539,1,8.41,9
036620,감성코퍼레이션,2021-10-08,1940,1925,KOSDAQ,6670.0,-0.7732,0,67,23.0032,7.7669,2.2733,1.2921,5.5473,4,2.4195,34.89,-9.4828,183.0882,1,41.56,1
010130,고려아연,2021-10-08,556000,531000,KOSPI,355049.0,-4.4964,11,45,5.5666,2.2165,1.2652,0.5991,3.0737,3,5.3364,10.2213,-7.7117,44.2935,1,17.51,1
011040,경동제약,2021-10-12,14100,13450,KOSDAQ,1726.0,-4.6099,0,212,13.5021,26.17,2.7051,2.327,5.5762,3,-0.0466,35.9544,-10.8381,47.4781,1,31.23,1
00088K,한화3우B,2021-10-12,17050,16300,KOSPI,8984.0,-4.3988,23,20,1.5576,0.8682,0.8964,1.1278,2.3663,3,2.4037,5.2393,-8.5034,26.8482,0,1.53,-1
336570,원텍,2021-10-13,3531,3525,KOSDAQ,7467.0,-0.1699,0,90,17.3435,15.2903,2.3708,1.7622,3.1773,3,2.2901,18.3686,-8.0745,34.1324,0,-100.0,-1
299900,위지윅스튜디오,2021-10-13,5175,4925,KOSDAQ,1103.0,-4.8309,0,55,7.0652,0.96,1.7949,1.0848,5.9478,4,7.1254,35.1712,-8.0745,384.2675,1,106.84,2
007340,DN오토모티브,2021-10-13,10334,9974,KOSPI,17114.0,-3.4836,4,30,10.9085,1.2546,1.1098,1.0339,3.0895,3,4.9382,13.8933,-6.9105,128.4994,1,42.77,2
063080,컴투스홀딩스,2021-10-14,57700,55200,KOSDAQ,1401.0,-4.3328,0,120,16.4557,3.9642,1.3727,1.8802,7.1752,2,1.0958,68.9893,-4.9477,85.2349,1,214.49,1
012750,에스원,2021-10-14,89800,85400,KOSPI,34389.0,-4.8998,5,183,4.0195,0.8654,0.8734,1.1751,1.9488,2,1.0628,6.815,-4.0473,8.3756,0,1.87,-1
195870,해성디에스,2021-10-15,47650,45450,KOSPI,10370.0,-4.617,6,47,9.5181,1.5121,0.8915,1.1526,4.5812,3,1.73,20.2296,-3.5415,170.5357,1,11.77,1
046070,코다코,2021-10-15,67600,66800,KOSDAQ,1592.0,-1.1834,0,126,47.7876,62.7534,3.8714,2.2056,7.485,2,-5.5035,36.5798,-4.564,75.7895,1,10.18,1
192820,코스맥스,2021-10-15,142000,136000,KOSPI,23550.0,-4.2254,6,63,2.2556,1.1957,0.8596,1.08,4.2279,4,-0.3615,6.5718,-3.5415,50.4808,0,0.74,-1
003030,세아제강지주,2021-10-15,146000,140000,KOSPI,6043.0,-4.1096,9,25,8.5271,0.6608,1.0246,0.7603,7.2194,3,20.9413,11.6496,-3.5415,231.3609,0,1.43,-1
092220,KEC,2021-10-18,3297,3214,KOSPI,1540.0,-2.5174,0,214,35.4975,17.1842,2.5631,1.9925,6.2339,2,-1.6801,53.4321,-3.8742,150.5066,1,13.44,1
001720,신영증권,2021-10-18,66300,63200,KOSPI,30989.0,-4.6757,41,85,-0.4724,0.9624,0.8637,1.1873,1.5032,2,-0.8573,5.3188,-3.8742,40.2886,0,1.27,-1
078020,LS증권,2021-10-18,9390,8940,KOSDAQ,3334.0,-4.7923,20,54,2.5229,0.8594,0.8684,0.5988,1.7178,3,2.1931,3.1646,-3.1646,57.1178,0,3.58,-1
005940,NH투자증권,2021-10-18,13700,13050,KOSPI,101380.0,-4.7445,21,108,3.9841,0.7523,0.887,1.0752,1.9431,3,0.7206,1.9945,-3.8742,42.779,0,3.45,-1
215200,메가스터디교육,2021-10-18,82600,79400,KOSDAQ,4732.0,-3.8741,14,47,9.8202,1.7347,1.0189,0.8047,3.9673,3,2.2435,7.0913,-3.1646,142.0732,1,7.68,6
052690,한전기술,2021-10-18,63000,60500,KOSPI,55801.0,-3.9683,1,89,33.1133,2.0142,1.9869,1.6908,5.6494,3,-1.3791,35.8262,-3.8742,291.5858,1,73.55,4
316140,우리금융지주,2021-10-18,12100,12000,KOSPI,261331.0,-0.8264,10,74,3.4483,0.6876,0.9087,0.7422,1.7857,3,-0.0892,12.9651,-3.8742,42.8571,1,14.17,1
000670,영풍,2021-10-18,72558,69731,KOSPI,10720.0,-3.8962,7,107,10.7791,1.781,1.4512,1.0697,2.7801,3,2.2565,4.146,-3.8742,55.9559,0,0.54,-1
263750,펄어비스,2021-10-19,102000,97800,KOSDAQ,34501.0,-4.1176,0,31,8.9087,1.9637,1.1882,0.6902,5.4703,4,5.1683,21.0947,-3.1212,0.0,1,47.24,1
086390,유니테스트,2021-10-19,29300,28600,KOSDAQ,4375.0,-2.3891,0,190,14.6293,4.0437,2.2561,1.82,4.046,3,4.7275,20.3343,-3.1212,44.4444,1,16.43,8
00680K,미래에셋증권2우B,2021-10-19,5130,4875,KOSPI,23208.0,-4.9708,2,109,3.3934,0.3889,0.5383,0.6332,1.5751,3,0.5453,8.418,-3.8043,15.7957,0,3.79,-1
067160,SOOP,2021-10-19,171300,170900,KOSDAQ,8058.0,-0.2335,5,25,15.0067,1.3763,0.9023,0.8716,4.6811,4,8.0245,13.7361,-3.1212,210.1633,1,45.76,1
003547,대신증권2우B,2021-10-19,19400,18550,KOSPI,2340.0,-4.3814,4,21,8.1633,2.5588,1.2066,1.333,2.5029,4,2.2535,1.9524,-3.8043,106.5702,0,2.16,-1
300080,플리토,2021-10-19,9738,9472,KOSDAQ,2420.0,-2.7316,0,69,21.623,2.7246,1.7783,1.8144,6.4875,3,-2.0787,36.7744,-3.1212,159.4358,1,24.64,1
005945,NH투자증권우,2021-10-19,12700,12150,KOSPI,4463.0,-4.3307,13,20,2.5316,0.6055,0.8651,0.7819,2.1164,3,2.8757,-0.1483,-3.8043,53.2156,1,5.35,6
036010,아비코전자,2021-10-19,11350,10900,KOSDAQ,1160.0,-3.9648,1,45,17.2043,2.3587,1.2416,0.7917,5.367,4,6.2951,12.4492,-3.1212,76.9481,1,18.81,6
035900,JYP Ent.,2021-10-19,46200,43900,KOSDAQ,25299.0,-4.9784,6,45,7.7301,1.4097,0.8607,0.9817,4.206,3,0.8435,12.1895,-3.1212,45.3642,1,24.83,1
082920,비츠로셀,2021-10-20,9109,8730,KOSDAQ,10020.0,-4.1607,1,250,10.8994,1.6962,1.2373,1.6552,3.5935,3,0.0977,13.4426,-3.9481,31.0614,0,4.05,-1
035760,CJ ENM,2021-10-20,190000,184000,KOSDAQ,16776.0,-3.1579,0,70,5.3234,1.5423,1.1392,1.2833,3.2531,3,-3.7046,26.2072,-3.9481,41.9753,1,4.13,3
068930,디지털대성,2021-10-20,9800,9350,KOSDAQ,2369.0,-4.5918,0,80,8.0925,1.1585,1.7137,0.6359,2.3682,4,-0.819,15.5232,-3.9481,45.1863,1,9.09,1
016360,삼성증권,2021-10-20,50900,48550,KOSPI,85371.0,-4.6169,19,29,4.0729,0.8904,0.8189,0.799,1.9715,4,2.4261,3.7325,-4.4482,54.6178,0,1.54,-1
182360,큐브엔터,2021-10-20,17450,17000,KOSDAQ,2053.0,-2.5788,0,58,21.8638,3.3525,1.9314,0.627,5.2731,3,2.3479,31.7676,-3.9481,0.0,1,75.29,1
003545,대신증권우,2021-10-20,19850,19300,KOSPI,6331.0,-2.7708,6,20,8.1232,1.129,1.1101,1.1726,2.4611,4,2.6846,3.677,-4.4482,103.8015,0,1.04,-1
086790,하나금융지주,2021-10-21,48000,46000,KOSPI,340114.0,-4.1667,3,93,4.7836,1.3447,0.9469,0.7553,2.073,3,0.3749,6.7152,-3.9219,58.6207,0,3.26,-1
192080,더블유게임즈,2021-10-21,63511,62157,KOSPI,11942.0,-2.1319,0,131,13.7969,14.0885,2.5661,1.7431,3.8441,3,1.3121,23.6596,-3.9219,41.1536,1,17.71,1
007980,TP,2021-10-21,3270,3125,KOSPI,1015.0,-4.4343,0,127,4.3406,6.0154,1.573,1.1549,5.84,3,4.2711,24.1142,-3.9219,103.5831,1,12.64,1
105560,KB금융,2021-10-21,59800,57400,KOSPI,579782.0,-4.0134,0,110,5.1282,1.3797,0.8844,1.0989,2.2275,3,0.8251,14.0947,-3.9219,46.4286,0,3.48,-1
002960,한국쉘석유,2021-10-21,295000,282000,KOSPI,5870.0,-4.4068,8,204,0.3559,0.4672,0.7199,0.7498,1.3171,3,-0.5018,8.1733,-3.9219,19.4915,0,1.06,-1
094800,맵스리얼티,2021-10-21,5160,4920,KOSPI,5440.0,-4.6512,0,90,1.758,0.7464,1.1399,1.0353,0.8057,3,0.4266,8.4915,-3.9219,27.7922,0,1.83,-1
024090,디씨엠,2021-10-21,21950,21400,KOSPI,1361.0,-2.5057,0,39,10.3093,2.6672,1.4986,0.5111,3.2043,4,5.6526,16.2579,-3.9219,99.0698,1,25.23,3
029780,삼성카드,2021-10-22,35950,35100,KOSPI,70210.0,-2.3644,33,70,1.1527,0.6553,0.8624,1.2162,1.3533,4,-0.4279,8.1241,-4.278,21.4533,0,1.42,-1
003540,대신증권,2021-10-22,21950,20900,KOSPI,18025.0,-4.7836,8,20,5.0251,1.1515,1.2723,1.1762,2.6145,4,2.2406,1.0372,-4.278,73.444,0,1.91,-1
096240,크레버스,2021-10-22,36450,35100,KOSDAQ,1190.0,-3.7037,0,84,15.6507,7.3443,2.5485,1.0142,3.8156,2,-4.4293,27.8221,-4.8799,104.6647,1,15.24,8
194370,제이에스코퍼레이션,2021-10-25,12125,11525,KOSPI,3859.0,-4.9485,1,111,6.713,2.2964,1.2792,1.117,5.299,4,3.4813,4.2977,-3.4225,252.9862,1,24.51,1
030610,교보증권,2021-10-25,9340,8930,KOSPI,14462.0,-4.3897,0,112,4.8122,1.37,1.4303,0.8914,1.5837,3,-0.5883,9.4795,-3.4225,37.3846,0,0.78,-1
282880,코윈테크,2021-10-25,26504,25453,KOSDAQ,2063.0,-3.9654,0,185,10.2482,5.3351,1.959,0.8913,4.2285,3,3.8587,15.1385,-4.0482,59.47,1,44.06,3
036800,나이스정보통신,2021-10-26,37100,35350,KOSDAQ,2485.0,-4.717,0,97,1.0,1.1102,0.8385,1.2071,3.1623,3,-0.7236,7.6451,-2.4368,52.6998,0,0.57,-1
00088K,한화3우B,2021-10-26,17050,16400,KOSPI,8984.0,-3.8123,31,30,0.3058,0.4165,0.6639,0.5829,1.6551,4,2.4623,1.5306,-2.4369,27.6265,0,3.35,-1
070960,모나용평,2021-10-26,6630,6420,KOSPI,1624.0,-3.1674,0,84,7.3579,2.8185,1.2674,0.906,3.3044,3,0.7622,14.6747,-2.4369,63.3588,0,1.25,-1
130660,한전산업,2021-10-27,18600,17950,KOSPI,5796.0,-3.4946,0,75,10.8025,0.4741,1.2481,0.868,7.6005,4,0.9937,34.4732,-3.4513,404.2135,1,3.9,1
005960,동부건설,2021-10-27,15900,15250,KOSPI,1540.0,-4.0881,5,21,2.6936,0.6676,0.8379,0.8038,2.459,4,1.4736,4.4446,-3.4513,37.3874,0,1.64,-1
042420,네오위즈홀딩스,2021-10-27,53400,51200,KOSDAQ,2280.0,-4.1199,0,132,48.6212,9.1923,2.6252,1.6444,8.252,3,1.5144,103.2843,-2.5,239.0728,1,50.0,1
094480,갤럭시아머니트리,2021-10-27,8890,8560,KOSDAQ,4276.0,-3.712,0,140,21.075,1.1131,1.7871,0.6947,7.8104,3,-3.2708,46.3655,-2.5,165.8385,1,133.64,3
007660,이수페타시스,2021-10-28,4319,4118,KOSPI,81264.0,-4.6539,6,29,8.0273,5.8911,2.1034,0.7433,5.4569,4,2.9819,16.7038,-2.8526,49.5823,1,18.53,6
140670,알에스오토메이션,2021-10-29,12153,11548,KOSDAQ,3281.0,-4.9782,0,78,5.0869,2.6107,1.1682,0.6168,4.0019,4,0.9963,1.7235,-0.9117,61.0375,1,16.53,2
205500,넥써쓰,2021-10-29,8040,7990,KOSDAQ,1494.0,-0.6219,0,97,25.2351,5.968,2.1659,1.2616,6.6288,4,-2.0532,31.2542,-0.9117,470.7143,1,14.77,1
012750,에스원,2021-11-01,89800,85400,KOSPI,34389.0,-4.8998,7,195,0.8264,1.1481,1.1158,1.4228,1.9404,3,0.7927,5.0819,-2.9288,8.3756,0,1.41,-1
078020,LS증권,2021-11-01,9390,9030,KOSDAQ,3334.0,-3.8339,26,64,-0.441,0.6637,0.8904,0.9849,1.408,4,1.3166,1.4752,-0.4685,57.0435,0,1.0,-1
900290,GRT,2021-11-01,1526,1500,KOSDAQ,3044.0,-1.7038,60,250,0.0,1.0,1.0,1.0,100.0,0,0.0,0.4685,-0.4685,0.0,0,-100.0,-1
181710,NHN,2021-11-01,44234,43452,KOSPI,10809.0,-1.7679,0,81,11.811,4.8215,2.8731,1.4568,2.9578,3,-3.7559,21.5885,-2.9288,26.0209,1,21.25,6
005940,NH투자증권,2021-11-01,13700,13050,KOSPI,101380.0,-4.7445,31,118,-1.5094,1.0894,1.2957,0.8543,1.7789,3,0.885,4.0916,-2.9288,38.0952,0,1.92,-1
078350,한양디지텍,2021-11-01,9540,9300,KOSDAQ,4261.0,-2.5157,2,60,7.7636,2.7547,1.1833,0.6963,3.126,4,1.4212,11.0511,-0.4685,89.9898,1,64.52,4
058630,엠게임,2021-11-01,12450,12250,KOSDAQ,1075.0,-1.6064,0,79,31.8622,14.7717,2.5494,1.5699,6.1399,3,-7.0146,37.9544,-0.4685,171.6186,1,24.08,7
047560,이스트소프트,2021-11-01,19250,18650,KOSDAQ,2044.0,-3.1169,0,63,32.7402,4.392,2.9031,1.5197,5.1513,3,-0.4605,46.1716,-0.4685,136.0759,1,10.99,8
00680K,미래에셋증권2우B,2021-11-02,5130,4900,KOSPI,23208.0,-4.4834,10,119,-1.11,4.4592,1.2487,0.705,1.2536,3,1.5008,3.2379,-0.1885,16.3895,0,3.27,-1
003547,대신증권2우B,2021-11-02,19400,18700,KOSPI,2340.0,-3.6082,13,31,-0.2667,0.9368,0.9146,0.7919,1.9481,4,3.495,7.6597,-0.1885,108.2405,0,-0.27,-1
067280,멀티캠퍼스,2021-11-02,42300,40200,KOSDAQ,1742.0,-4.9645,5,54,12.2905,3.1677,2.7183,1.1482,2.7274,2,-2.4302,10.7303,2.6688,31.5876,0,2.99,-1
182400,엔케이맥스,2021-11-03,27452,27317,KOSDAQ,2630.0,-0.4918,3,33,12.5963,3.0297,1.4447,0.9464,8.4435,3,17.9499,40.2012,5.1948,153.8283,1,8.51,1
086520,에코프로,2021-11-03,21957,21753,KOSDAQ,211811.0,-0.9291,0,53,21.886,7.0976,1.8824,0.9816,4.5889,4,14.4092,15.0539,5.1948,0.0,1,38.4,1
000155,두산우,2021-11-04,82700,80400,KOSPI,18923.0,-2.7811,0,100,9.3878,7.4648,1.4431,1.452,3.607,4,1.2195,17.4243,2.5757,117.2973,1,9.7,1
126600,BGF에코머티리얼즈,2021-11-04,9171,8734,KOSDAQ,2583.0,-4.765,0,36,8.2414,2.84,0.8177,0.9123,4.7499,4,9.5278,16.97,8.5726,142.2074,1,50.16,1
002960,한국쉘석유,2021-11-04,295000,280500,KOSPI,5870.0,-4.9153,13,214,0.0,0.9139,0.9809,0.5618,1.0059,2,0.2004,-3.1076,2.5757,17.6101,0,0.0,-1
033780,KT&G,2021-11-04,89000,85500,KOSPI,202920.0,-3.9326,0,214,4.908,5.4785,1.9474,1.7255,1.1195,3,-0.3664,3.7676,2.5757,9.6154,0,1.64,-1
100250,진양홀딩스,2021-11-08,3484,3335,KOSPI,1811.0,-4.2767,0,75,5.9739,1.8832,1.1492,0.7917,1.6342,3,-0.8764,14.2763,0.1319,35.7346,1,30.34,3
108860,셀바스AI,2021-11-08,5372,5131,KOSDAQ,3343.0,-4.4862,0,132,32.1061,22.7295,3.1422,1.6191,4.4895,2,-6.3608,34.0204,5.182,112.4638,1,66.28,1
00088K,한화3우B,2021-11-09,17050,16200,KOSPI,8984.0,-4.9853,37,40,-0.9174,0.7226,1.0671,0.3819,1.1243,3,2.6163,-2.1935,1.58,24.1379,0,4.63,-1
353200,대덕전자,2021-11-09,19750,18800,KOSPI,28514.0,-4.8101,1,49,7.1225,1.8033,1.9791,1.0931,3.1345,3,2.3122,12.7057,1.58,88.1882,1,22.34,2
094800,맵스리얼티,2021-11-09,5160,4915,KOSPI,5440.0,-4.7481,10,103,-0.7071,0.4349,0.4616,0.9256,1.0754,2,1.9816,0.3909,1.58,27.6623,0,1.73,-1
007810,코리아써키트,2021-11-09,18150,17550,KOSPI,12873.0,-3.3058,0,198,10.3774,2.2077,1.6742,0.9975,5.291,4,0.0963,29.3901,1.58,48.1013,1,45.58,1
067000,조이시티,2021-11-10,9066,8767,KOSDAQ,2034.0,-3.298,0,79,10.9747,10.202,1.9261,1.4255,6.4894,3,-2.502,21.0599,3.5953,103.4579,1,33.83,1
336570,원텍,2021-11-10,3650,3525,KOSDAQ,7467.0,-3.4247,20,20,0.0,0.0,0.0,0.0,100.0,3,5.0768,-3.5953,3.5953,0.0,0,-100.0,-1
003610,방림,2021-11-10,3175,3065,KOSPI,2392.0,-3.4646,0,39,7.7329,5.8642,2.2219,1.1763,4.1249,4,4.4367,14.8493,-0.4836,68.4066,1,14.19,1
037270,YG PLUS,2021-11-11,9240,9080,KOSPI,4616.0,-1.7316,0,194,17.0103,5.3089,1.7104,0.7506,5.4594,4,2.3509,27.3735,-2.1321,110.4287,1,20.59,1
306620,지아이에스,2021-11-11,5430,5300,KOSDAQ,1150.0,-2.3941,0,177,63.5802,12.8994,3.5859,1.8163,6.3814,2,-0.4589,78.7235,0.9375,116.3265,1,5.66,1
029780,삼성카드,2021-11-12,35950,34200,KOSPI,70210.0,-4.8679,29,85,0.2933,0.8019,0.8324,0.7638,1.2949,2,-0.2258,0.0934,-1.5343,15.1515,0,0.44,-1
011070,LG이노텍,2021-11-12,245500,242000,KOSPI,57629.0,-1.4257,0,78,12.8205,2.1242,1.341,0.9628,3.4976,3,-2.6408,21.3363,-1.5343,61.3333,1,33.26,1
083450,GST,2021-11-12,16337,15861,KOSDAQ,5243.0,-2.9136,0,72,10.0847,5.2512,1.4852,1.1335,3.8139,4,-1.5329,12.3934,1.8707,101.6143,1,21.96,1
005940,NH투자증권,2021-11-15,13700,13200,KOSPI,101380.0,-3.6496,33,128,1.5385,0.6914,0.7704,0.615,1.6504,3,0.767,1.3876,-0.2381,30.0493,0,2.65,-1
029480,광무,2021-11-15,6150,5850,KOSDAQ,1631.0,-4.878,0,249,29.5681,1.2385,0.8357,1.2871,9.4505,3,15.343,122.7669,3.5387,167.7346,1,54.7,1
008110,대동전자,2021-11-15,11650,11200,KOSPI,1578.0,-3.8627,0,146,53.6351,17.5545,2.3991,1.7094,6.1161,3,2.8215,60.9268,-0.2381,166.3496,0,0.45,-1
016360,삼성증권,2021-11-15,50900,48400,KOSPI,85371.0,-4.9116,24,47,2.3256,1.0196,1.0916,0.7897,1.7045,4,2.2567,1.9188,-0.2381,43.4074,0,3.31,-1
166090,하나머티리얼즈,2021-11-15,55500,54100,KOSDAQ,12045.0,-2.5225,3,63,6.2868,1.7185,0.9976,0.6,4.225,4,-0.8894,20.9722,3.5387,141.5179,1,21.63,2
020150,롯데에너지머티리얼즈,2021-11-16,118000,114500,KOSPI,23722.0,-2.9661,1,20,5.0459,1.2636,1.121,0.8695,4.9782,4,9.2362,-1.0859,-1.0508,165.9698,1,29.26,2
105560,KB금융,2021-11-16,59800,56900,KOSPI,579782.0,-4.8495,7,128,1.9713,0.6821,0.6965,0.8342,2.3224,3,2.8705,3.7584,-1.0508,41.3665,0,3.16,-1
00680K,미래에셋증권2우B,2021-11-16,5130,4900,KOSPI,23208.0,-4.4834,16,129,0.4098,0.8721,0.8388,0.8835,1.3703,3,1.6996,1.5636,-1.0508,16.3895,0,1.12,-1
225570,넥슨게임즈,2021-11-18,21350,20900,KOSDAQ,8193.0,-2.1077,0,192,20.1149,4.6219,1.274,1.5432,9.5181,3,11.557,34.4788,3.9318,152.7207,1,5.98,1
121440,골프존홀딩스,2021-11-19,10700,10400,KOSDAQ,2135.0,-2.8037,0,92,15.6841,21.571,2.405,2.0244,3.6745,4,0.122,7.8459,4.7082,99.6161,1,7.69,2
000990,DB하이텍,2021-11-19,74300,72400,KOSPI,42112.0,-2.5572,0,204,19.6694,4.6373,2.2125,1.3546,3.4826,3,-1.4047,33.5273,-1.1689,116.4425,1,9.39,1
058470,리노공업,2021-11-19,43389,42048,KOSDAQ,73621.0,-3.0906,2,42,18.2419,4.8883,1.7044,1.2582,3.398,3,0.1642,18.3867,4.7082,76.4721,0,2.9,-1
004250,NPC,2021-11-19,8160,7800,KOSPI,1430.0,-4.4118,0,42,22.2571,1.5911,2.8811,1.5495,6.1172,3,3.3647,18.6388,-1.1689,154.902,0,-3.33,-1
095340,ISC,2021-11-19,30000,29200,KOSDAQ,35802.0,-2.6667,0,68,8.5502,6.3282,1.7906,1.5573,4.0729,4,-0.9452,12.5609,4.7082,65.4391,1,15.07,1
088390,이녹스,2021-11-19,32750,32300,KOSDAQ,1487.0,-1.374,1,46,17.029,2.8629,1.5541,1.0004,4.6108,4,3.4637,16.7204,4.7082,317.8525,1,20.12,4
005290,동진쎄미켐,2021-11-19,40850,39100,KOSDAQ,26067.0,-4.284,0,33,12.6801,0.8912,1.7623,1.5458,5.6905,3,6.7496,12.0082,4.7082,56.4,0,3.32,-1
140410,메지온,2021-11-22,66758,63754,KOSDAQ,46062.0,-4.4998,2,59,9.707,1.7685,1.6859,1.3236,3.9382,2,3.7796,14.0796,3.8217,48.871,0,2.36,-1
036930,주성엔지니어링,2021-11-22,16200,16000,KOSDAQ,23232.0,-1.2346,0,101,25.9843,3.0956,2.546,1.6125,4.5089,3,-3.9118,39.676,3.8217,122.2222,1,30.94,1
319660,피에스케이,2021-11-22,25150,24975,KOSDAQ,16250.0,-0.6958,0,146,14.1714,5.6058,1.7235,1.4431,4.0326,2,-0.6764,29.9132,3.8217,54.644,1,3.9,1
067280,멀티캠퍼스,2021-11-22,42300,40350,KOSDAQ,1742.0,-4.6099,3,68,3.861,1.5834,0.7544,1.0816,3.0979,2,0.1274,9.0454,3.8217,32.0786,0,33.83,-1
093190,빅솔론,2021-11-22,7070,6720,KOSDAQ,1503.0,-4.9505,0,64,10.1639,2.1349,1.7948,1.1797,3.6246,3,-0.5692,10.854,3.8217,59.62,0,3.57,-1
024110,기업은행,2021-11-23,11600,11100,KOSPI,192578.0,-4.3103,23,20,-0.8929,0.6686,0.8481,0.758,1.6731,3,2.7665,-1.781,-1.6972,41.7625,0,2.25,-1
094800,맵스리얼티,2021-11-23,5160,4910,KOSPI,5440.0,-4.845,20,113,-0.5066,2.8676,1.2592,1.2267,1.1129,3,2.0636,-0.2988,-1.6972,27.5325,0,0.71,-1
00088K,한화3우B,2021-11-23,17050,16900,KOSPI,8984.0,-0.8798,45,50,0.2967,1.1587,1.0971,0.8036,1.3736,4,2.5696,4.746,-1.6972,25.6506,0,0.3,-1
033780,KT&G,2021-11-23,89000,84600,KOSPI,202920.0,-4.9438,9,227,-0.2358,0.6382,0.7748,0.6722,1.2918,2,0.9297,4.3671,-1.6972,8.4615,0,2.36,-1
336570,원텍,2021-11-24,3650,3525,KOSDAQ,7467.0,-3.4247,30,30,0.0,1.0,1.0,0.0,100.0,3,3.9655,-1.1081,1.1081,0.0,0,-100.0,-1
030610,교보증권,2021-11-24,9340,8940,KOSPI,14462.0,-4.2827,2,134,1.9384,1.0079,0.6681,1.2323,1.55,3,1.2117,1.9342,-1.0312,26.8085,0,0.0,-1
078600,대주전자재료,2021-11-24,120600,116800,KOSDAQ,14784.0,-3.1509,4,20,2.1872,0.7698,0.8647,0.6957,6.2011,4,22.1701,5.5586,1.1081,244.0353,1,11.73,1
138930,BNK금융지주,2021-11-24,9260,8800,KOSPI,61134.0,-4.9676,14,24,3.4078,0.8439,0.9445,0.8675,2.0373,3,3.7218,-2.5832,-1.0312,62.0626,0,1.7,-1
005945,NH투자증권우,2021-11-24,12800,12650,KOSPI,4463.0,-1.1719,37,20,2.4291,1.0594,0.9476,0.6654,1.1293,4,2.3664,0.6375,-1.0312,51.8607,0,1.98,-1
011790,SKC,2021-11-24,201000,196000,KOSPI,42299.0,-2.4876,3,38,15.6342,1.2125,1.505,0.8005,4.2638,4,3.3853,13.0312,-1.0312,0.0,1,6.12,1
003100,선광,2021-11-25,56900,54500,KOSDAQ,1449.0,-4.2179,33,20,-1.4467,1.4564,1.4183,0.38,1.3237,3,3.9049,-4.2314,1.5528,122.449,0,7.89,-1
316140,우리금융지주,2021-11-25,13700,13500,KOSPI,261331.0,-1.4599,22,20,0.0,0.7092,1.0958,1.1337,2.5661,4,6.8689,3.2456,-0.9729,53.4091,0,1.11,-1
017670,SK텔레콤,2021-11-29,58576,57900,KOSPI,158300.0,-1.1541,2,116,8.427,1.0,4.0,1.5042,86.8738,3,1.4165,10.764,-2.3371,0.0,0,8.98,-1
114810,한솔아이원스,2021-11-29,11700,11250,KOSDAQ,4575.0,-3.8462,0,72,5.1402,1.6987,1.5644,0.9898,5.4603,3,0.2738,35.3544,-0.6239,0.0,1,22.67,1
041590,플래스크,2021-12-01,4039,3934,KOSDAQ,1161.0,-2.5997,0,63,27.8103,2.658,2.7184,1.4607,4.9568,4,2.5014,33.7735,-2.7711,91.3424,1,12.23,1
104460,디와이피엔에프,2021-12-01,46000,43950,KOSDAQ,1567.0,-4.4565,0,76,5.1435,1.4153,0.9456,1.0533,5.152,4,-0.4354,19.8151,-2.7711,172.9814,1,7.28,5
101160,월덱스,2021-12-02,31600,30050,KOSDAQ,4433.0,-4.9051,0,149,5.6239,2.0919,1.055,1.4973,6.5248,2,3.8704,32.2022,-2.3966,96.4052,0,5.16,-1
077360,덕산하이메탈,2021-12-03,8675,8250,KOSDAQ,5048.0,-4.8991,0,96,14.9826,1.9727,1.4464,1.193,5.7359,3,-2.0021,26.7244,-0.2876,128.8488,1,27.58,3
105560,KB금융,2021-12-03,59800,57000,KOSPI,579782.0,-4.6823,11,141,2.1505,1.3454,1.514,1.4934,2.9323,3,1.9127,3.4799,-0.0317,41.6149,0,2.98,-1
058470,리노공업,2021-12-03,43389,41708,KOSDAQ,73621.0,-3.8743,4,52,4.7782,0.8875,0.915,0.7879,4.8011,4,3.0148,17.0481,-0.2876,75.0451,0,1.82,-1
005940,NH투자증권,2021-12-06,13700,13100,KOSPI,101380.0,-4.3796,33,143,3.5573,1.6206,1.5298,1.282,2.0447,2,-0.096,0.3284,0.4408,21.8605,0,3.82,-1
091700,파트론,2021-12-06,12800,12300,KOSDAQ,4004.0,-3.9062,0,198,9.8214,3.3989,1.6466,1.4598,4.3264,2,3.0894,19.9009,-1.0603,40.5714,0,9.76,-1
016360,삼성증권,2021-12-06,50900,48600,KOSPI,85371.0,-4.5187,20,62,7.6412,2.4742,1.5288,1.64,2.234,2,-0.26,2.3076,0.4408,34.626,0,3.91,-1
205500,넥써쓰,2021-12-06,9170,8730,KOSDAQ,1494.0,-4.7983,1,22,21.7573,18.5895,3.1292,1.672,11.1357,4,12.4838,16.0801,-1.0603,516.9611,0,0.92,-1
093190,빅솔론,2021-12-07,7070,6820,KOSDAQ,1503.0,-3.5361,1,75,13.6667,2.1406,0.8493,1.1936,3.8961,3,-0.2145,17.3776,-1.1936,61.9952,0,21.26,-1
00088K,한화3우B,2021-12-07,17050,16400,KOSPI,8984.0,-3.8123,47,60,5.1282,0.4561,0.9728,1.7632,2.1995,3,1.3827,0.2469,0.9877,21.9331,0,2.74,-1
033780,KT&G,2021-12-07,89000,85700,KOSPI,202920.0,-3.7079,13,237,4.6398,0.9256,0.978,1.4424,1.4002,3,1.1819,-1.5677,0.9877,9.8718,0,1.05,-1
003540,대신증권,2021-12-07,21950,20900,KOSPI,18025.0,-4.7836,12,52,11.4667,0.659,1.735,1.4605,2.2556,3,1.9829,2.4777,0.9877,73.444,0,2.63,-1
005945,NH투자증권우,2021-12-08,12800,12600,KOSPI,4463.0,-1.5625,44,30,4.5643,1.3048,0.9598,1.2284,1.6723,4,1.6561,0.4126,2.4446,51.2605,1,2.38,3
336570,원텍,2021-12-08,3650,3525,KOSDAQ,7467.0,-3.4247,40,40,0.0,1.0,1.0,0.0,100.0,3,3.2696,-1.8517,1.8517,0.0,0,-100.0,-1
003100,선광,2021-12-09,56900,56200,KOSDAQ,1449.0,-1.2302,43,30,2.9304,0.3327,0.7303,0.736,1.4743,4,2.9045,-1.7831,3.0444,119.9609,1,4.98,1
316140,우리금융지주,2021-12-09,13700,13050,KOSPI,261331.0,-4.7445,25,30,4.4,0.9694,0.8332,1.3496,2.682,3,5.7665,-3.9596,3.5779,48.2955,0,4.6,-1
035000,HS애드,2021-12-10,7620,7340,KOSPI,1384.0,-3.6745,0,40,8.7407,7.2938,1.4343,1.5957,3.2114,4,1.9356,9.8166,1.3955,43.0799,0,0.54,-1
123860,아나패스,2021-12-13,29750,28750,KOSDAQ,2103.0,-3.3613,0,225,6.8773,4.0504,1.415,1.4925,3.0186,3,3.5855,12.3952,-2.2419,32.4885,0,0.0,-1
046440,KG모빌리언스,2021-12-14,12900,12400,KOSDAQ,2094.0,-3.876,0,67,13.242,3.571,2.1844,1.8099,5.2016,2,-1.9272,37.3523,-3.1532,49.9395,1,9.27,1
024110,기업은행,2021-12-14,11600,11050,KOSPI,192578.0,-4.7414,26,35,0.4545,0.6516,0.7385,0.7278,2.1978,4,2.0948,-1.0303,-0.309,41.1239,0,2.26,-1
000230,일동홀딩스,2021-12-15,17350,17300,KOSPI,1344.0,-0.2882,0,213,18.4932,37.3691,3.0024,1.9181,6.8951,3,3.7655,20.0686,0.9104,58.7156,1,6.65,2
041920,메디아나,2021-12-15,9986,9720,KOSDAQ,5087.0,-2.6637,0,248,17.8182,0.5865,1.4351,1.2474,10.0676,2,3.6046,96.3154,-2.6899,96.7611,0,-7.61,-1
215200,메가스터디교육,2021-12-16,85500,82700,KOSDAQ,4732.0,-3.2749,1,37,11.6059,3.7677,1.8626,1.3116,3.8608,3,-0.1992,12.0937,-2.412,136.6237,1,5.08,1
138930,BNK금융지주,2021-12-16,9260,8800,KOSPI,61134.0,-4.9676,15,40,0.6865,0.9083,0.6599,0.7106,2.3701,3,3.0134,1.2836,2.0028,62.0626,0,1.93,-1
029780,삼성카드,2021-12-17,35950,34950,KOSPI,70210.0,-2.7816,23,110,2.6432,2.4812,1.049,1.1416,1.4919,2,-0.4061,1.5252,1.5722,17.6768,0,-0.72,-1
105560,KB금융,2021-12-17,59800,58400,KOSPI,579782.0,-2.3411,20,151,0.8636,1.4086,0.748,0.7395,2.7642,3,2.4957,1.426,1.5722,45.0932,0,7.88,-1
005960,동부건설,2021-12-17,15900,15200,KOSPI,1540.0,-4.4025,7,58,3.4014,1.3631,1.0923,0.5463,2.7726,3,1.2579,5.4701,1.5722,31.6017,0,3.62,-1
003300,한일홀딩스,2021-12-17,14564,13909,KOSPI,5017.0,-4.4974,0,150,7.6132,3.1922,1.1306,1.4031,2.9811,2,-2.3684,10.9329,1.5722,44.8854,0,0.33,-1
005940,NH투자증권,2021-12-20,13700,13350,KOSPI,101380.0,-2.5547,33,153,-0.3731,0.8709,1.0962,0.6132,1.8994,4,-0.4335,3.576,-1.6676,24.186,0,1.87,-1
237690,에스티팜,2021-12-20,145200,141000,KOSDAQ,31619.0,-2.8926,0,162,11.4625,1.0882,0.6669,0.7538,6.2918,3,5.9786,54.2089,-4.0492,113.6364,1,6.95,4
091700,파트론,2021-12-20,12800,12350,KOSDAQ,4004.0,-3.5156,7,208,0.8163,0.502,0.5479,0.7561,4.1064,3,6.3579,16.8346,-4.0492,41.1429,1,9.31,3
016360,삼성증권,2021-12-20,50900,49350,KOSPI,85371.0,-3.0452,20,72,-0.2022,1.44,1.1124,0.6943,1.9974,4,-0.7837,4.9103,-1.6676,36.7036,0,1.22,-1
00088K,한화3우B,2021-12-21,17050,16350,KOSPI,8984.0,-4.1056,47,70,-0.3049,0.9638,0.6098,0.5862,1.7475,3,-0.3144,-2.5104,-0.744,21.5613,0,3.06,-1
056080,유진로봇,2021-12-21,5470,5320,KOSDAQ,17143.0,-2.7422,0,209,18.2222,10.5142,2.1249,1.9991,7.2436,2,0.5182,69.7773,-1.6888,91.7117,1,31.58,1
033780,KT&G,2021-12-21,89000,85200,KOSPI,202920.0,-4.2697,22,247,-0.9302,0.8216,1.2514,1.0269,1.4336,4,1.3179,1.4532,-0.744,9.2308,0,0.35,-1
031980,피에스케이홀딩스,2021-12-21,14900,14200,KOSDAQ,15654.0,-4.698,0,167,14.0562,1.633,1.2646,1.4002,4.6529,3,1.3622,10.0858,-1.6888,89.3333,1,30.63,2
003540,대신증권,2021-12-21,21950,20950,KOSPI,18025.0,-4.5558,16,62,-0.4751,1.2435,0.8374,0.7586,2.1991,4,0.8584,5.7565,-0.744,73.8589,0,1.91,-1
336570,원텍,2021-12-22,3650,3525,KOSDAQ,7467.0,-3.4247,50,50,0.0,1.0,1.0,0.0,100.0,3,3.7952,1.9605,-1.9605,0.0,0,-100.0,-1
353200,대덕전자,2021-12-22,23000,22800,KOSPI,28514.0,-0.8696,3,27,10.4116,5.0468,1.2317,1.2064,3.7124,4,4.8172,6.3741,-0.3276,109.1743,1,11.62,1
316140,우리금융지주,2021-12-23,13700,13450,KOSPI,261331.0,-1.8248,34,40,0.7491,0.655,0.8899,0.6926,1.6463,4,5.2811,-0.971,0.6006,52.8409,0,14.13,-1
083450,GST,2021-12-23,19344,18567,KOSDAQ,5243.0,-4.0167,2,23,2.4895,0.7385,0.6539,0.7421,3.9721,4,7.8137,9.2327,-1.216,129.4488,0,3.91,-1
278650,HLB바이오스텝,2021-12-24,3937,3887,KOSDAQ,1136.0,-1.27,0,241,18.8685,8.5355,2.1541,1.1093,4.5187,2,-0.5564,21.2029,0.1521,56.4185,1,18.16,1
064290,인텍플러스,2021-12-24,29400,28000,KOSDAQ,2290.0,-4.7619,0,179,16.1826,8.684,2.0373,1.2194,3.9541,4,0.7535,18.9968,0.1521,106.6421,1,18.93,1
091120,이엠텍,2021-12-27,29685,28319,KOSDAQ,1290.0,-4.6017,0,49,14.4017,1.0906,2.0889,1.0039,4.1126,4,-0.5487,24.7223,1.9167,153.3005,1,32.76,1
039440,에스티아이,2021-12-27,21200,20150,KOSDAQ,5544.0,-4.9528,0,228,12.5698,1.003,1.0532,1.1285,4.626,3,5.3029,7.5942,1.9167,43.9286,1,6.95,2
140860,파크시스템스,2021-12-27,160700,154400,KOSDAQ,18156.0,-3.9203,0,166,5.7534,2.106,0.7653,1.1041,3.3956,3,7.0035,5.9799,1.9167,99.7413,0,2.46,-1
005870,휴니드,2021-12-27,9950,9650,KOSPI,1193.0,-3.0151,0,187,32.3731,90.3257,3.6613,1.7451,4.3005,2,-3.8025,36.1482,3.1014,73.5612,0,-0.83,-1
140410,메지온,2021-12-27,66758,64022,KOSDAQ,46062.0,-4.0984,3,84,8.6076,4.52,1.8008,1.0496,2.644,3,0.6344,1.3696,1.9167,49.4968,1,19.76,2
263750,펄어비스,2021-12-28,145200,140000,KOSDAQ,34501.0,-3.5813,3,29,11.1111,2.0378,1.0486,0.6854,4.3622,4,13.0892,-0.0988,6.401,0.0,0,1.29,-1
030610,교보증권,2021-12-28,9340,8900,KOSPI,14462.0,-4.7109,4,158,1.4823,3.2556,1.5698,0.5436,1.2119,4,0.7854,2.5516,6.3836,26.2411,0,-2.81,-1
042420,네오위즈홀딩스,2021-12-28,91700,89700,KOSDAQ,2280.0,-2.181,0,20,41.0377,2.7736,1.589,0.9149,7.8118,4,34.6771,6.4292,6.401,467.7215,1,11.48,1
278280,천보,2021-12-28,367100,349900,KOSDAQ,6321.0,-4.6854,4,27,7.0031,1.6325,0.7576,0.6579,3.254,4,8.05,-4.9219,6.401,137.0596,0,1.14,-1
024110,기업은행,2021-12-28,11600,11100,KOSPI,192578.0,-4.3103,36,45,-0.8929,3.467,1.4788,0.7736,1.2548,3,2.1966,1.3834,6.3836,41.7625,0,-2.25,-1
051370,인터플렉스,2021-12-29,17800,17000,KOSDAQ,2998.0,-4.4944,0,246,28.3019,2.2641,3.3571,1.9867,5.021,3,2.1356,30.2491,5.209,57.4074,1,5.29,1
281740,레이크머티리얼즈,2021-12-29,5690,5470,KOSDAQ,16038.0,-3.8664,0,86,20.2198,3.4989,2.858,0.9247,3.9632,3,-0.7399,18.2673,5.209,117.9283,0,1.1,-1
189300,인텔리안테크,2021-12-29,90328,88483,KOSDAQ,12869.0,-2.0426,0,213,7.91,4.1243,1.3353,0.9968,4.1497,4,4.7108,13.1851,5.209,127.3634,1,4.81,3
259630,엠플러스,2021-12-30,17650,17150,KOSDAQ,1616.0,-2.8329,0,234,12.8289,1.5407,1.1527,0.6695,4.394,2,5.7259,13.3116,5.7856,44.7257,1,70.85,1
140670,알에스오토메이션,2021-12-30,13457,13224,KOSDAQ,3281.0,-1.7314,2,37,9.6517,2.3464,1.4875,1.1508,6.2122,4,1.9225,23.3046,5.7856,70.0617,1,12.33,1
007340,DN오토모티브,2021-12-30,15001,14381,KOSPI,17114.0,-4.1331,0,34,22.9461,16.7132,2.5767,1.4984,4.3987,3,7.3544,18.9724,1.0994,182.2017,1,21.44,1
036710,심텍홀딩스,2021-12-30,4980,4755,KOSDAQ,1387.0,-4.5181,0,32,6.8539,2.4663,1.5369,0.846,4.5816,4,12.7158,11.767,5.7856,100.6329,1,27.44,1
290670,대보마그네틱,2021-12-30,43050,41350,KOSDAQ,1053.0,-3.9489,0,248,6.7097,0.5746,0.5815,0.8805,5.2168,3,3.7867,24.4506,5.7856,45.5986,1,77.75,1
053800,안랩,2022-01-03,105300,100100,KOSDAQ,7065.0,-4.9383,0,245,31.7105,6.699,3.2669,1.7235,4.3242,4,2.3139,42.8322,3.942,66.5557,1,28.37,1
084370,유진테크,2022-01-03,55100,52800,KOSDAQ,22618.0,-4.1742,1,28,7.3171,0.9661,1.0824,0.8042,3.2535,3,4.9029,2.7246,3.942,66.5615,0,3.41,-1
100120,뷰웍스,2022-01-03,46650,45400,KOSDAQ,2471.0,-2.6795,0,97,16.2612,3.3596,1.2331,1.3919,3.6501,2,-1.7316,18.7607,3.942,53.1197,0,1.87,-1
000990,DB하이텍,2022-01-03,79200,76900,KOSPI,42112.0,-2.904,2,28,8.3099,2.8062,1.1635,0.7959,2.8144,4,7.9067,11.0847,0.6886,62.2363,1,11.05,6
002710,TCC스틸,2022-01-03,10650,10400,KOSPI,4351.0,-2.3474,0,77,23.9571,3.7238,2.3236,1.285,4.9931,4,-3.3522,48.3085,0.6886,188.8889,1,31.25,1
036010,아비코전자,2022-01-03,12950,12450,KOSDAQ,1160.0,-3.861,0,45,10.6667,0.893,1.7397,1.2304,4.4349,4,3.3906,16.9318,3.942,95.1411,0,-0.8,-1
079550,LIG넥스원,2022-01-04,72900,70900,KOSPI,101420.0,-2.7435,0,32,7.2617,1.8243,1.1185,0.5423,4.2212,4,8.3621,21.9147,0.5378,136.7279,1,9.59,7
195870,해성디에스,2022-01-04,53200,50700,KOSPI,10370.0,-4.6992,3,30,3.3639,0.9977,1.0416,0.7721,3.1981,4,5.6128,7.4494,0.5378,118.5345,1,17.36,4
051360,토비스,2022-01-04,9530,9160,KOSDAQ,2383.0,-3.8825,0,146,11.9804,7.8739,2.5608,0.7567,2.6903,2,-0.1067,11.9378,4.0116,29.3785,1,28.82,1
024880,케이피에프,2022-01-04,5730,5500,KOSDAQ,1219.0,-4.014,0,63,13.8716,13.0713,1.9868,1.0054,4.6104,2,1.6437,22.1352,4.0116,38.3648,1,6.36,3
215000,골프존,2022-01-05,193500,184400,KOSDAQ,3684.0,-4.7028,1,32,10.4853,1.3305,1.3302,0.689,2.9594,4,6.0891,9.9831,1.3024,201.8003,0,2.98,-1
093640,케이알엠,2022-01-05,6070,5900,KOSDAQ,1184.0,-2.8007,0,86,34.0909,37.4329,3.4394,1.4191,5.4116,4,1.369,41.9015,1.3024,122.2222,1,4.24,1
336570,원텍,2022-01-06,3650,3525,KOSDAQ,7467.0,-3.4247,60,60,0.0,1.0,1.0,1.0,100.0,2,4.3671,2.5585,-2.5585,0.0,0,-100.0,-1
111770,영원무역,2022-01-06,49950,47750,KOSPI,43071.0,-4.4044,0,159,9.0183,3.2706,1.1993,0.6876,3.2461,3,-0.1272,18.6054,-2.7074,53.2905,1,6.6,5
093520,매커스,2022-01-07,9440,9360,KOSDAQ,3279.0,-0.8475,2,33,16.5629,17.4255,3.3872,0.9513,4.4872,4,5.8126,18.5506,-2.709,95.0,1,1.07,1
272290,이녹스첨단소재,2022-01-07,50000,49300,KOSDAQ,7832.0,-1.4,0,86,6.8256,4.3509,1.6298,1.0865,4.0568,4,5.0474,16.6975,-2.709,126.4064,1,16.43,1
099440,스맥,2022-01-07,1953,1857,KOSDAQ,4368.0,-4.9155,0,102,10.7995,3.1444,0.9158,1.6694,7.9352,2,3.0257,32.1167,-2.709,51.3447,1,24.07,1
316140,우리금융지주,2022-01-07,13700,13100,KOSPI,261331.0,-4.3796,39,50,3.1496,0.9474,0.9555,1.0085,2.0447,3,4.8448,2.8482,-2.465,48.8636,1,21.37,1
004430,송원산업,2022-01-07,24000,22900,KOSPI,2258.0,-4.5833,0,174,6.7599,1.2807,1.2558,1.1465,4.3824,3,3.3512,19.6006,-2.465,53.1773,0,1.53,-1
003230,삼양식품,2022-01-07,103500,98500,KOSPI,86479.0,-4.8309,0,248,3.903,1.3026,0.7025,0.8094,3.1762,3,5.1425,15.2944,-2.465,27.4256,0,1.02,-1
049070,인탑스,2022-01-07,37000,35850,KOSDAQ,3578.0,-3.1081,0,220,11.1628,5.0589,1.3646,1.7046,5.2202,2,6.4061,36.4777,-2.709,74.4526,0,17.15,-1
035000,HS애드,2022-01-07,7620,7290,KOSPI,1384.0,-4.3307,1,59,3.4043,0.5408,0.5952,0.6454,1.8617,4,2.5952,9.5135,-2.465,42.1053,0,1.51,-1
105560,KB금융,2022-01-10,59800,57800,KOSPI,579782.0,-3.3445,25,166,4.5208,2.1048,1.3539,1.145,1.9525,2,1.72,2.6015,-2.7742,43.6025,1,13.32,1
138930,BNK금융지주,2022-01-10,9260,8830,KOSPI,61134.0,-4.6436,20,56,5.2443,1.6569,1.0497,1.4854,1.8444,3,0.9699,4.5023,-2.7742,62.6151,0,1.59,-1
101930,인화정공,2022-01-10,15650,15100,KOSDAQ,3822.0,-3.5144,0,170,9.0253,3.1956,1.4306,0.9394,4.7067,4,6.1757,22.9246,-3.0833,171.5827,1,18.87,2
086790,하나금융지주,2022-01-11,48000,46700,KOSPI,340114.0,-2.7083,5,150,9.3677,3.0192,1.6881,1.2973,1.8431,2,-0.7776,9.831,-2.4746,43.2515,0,10.06,-1
046070,코다코,2022-01-11,80600,78000,KOSDAQ,1592.0,-3.2258,0,61,18.1818,9.0785,1.9596,1.3765,4.359,4,5.6295,45.4008,-3.5826,105.2632,0,0.51,-1
080420,모다이노칩,2022-01-11,4615,4575,KOSDAQ,1567.0,-0.8667,0,237,32.4168,38.5362,3.9478,2.1658,5.3552,1,-2.0837,37.3546,-3.5826,46.6346,1,32.24,1
016710,대성홀딩스,2022-01-11,48400,48000,KOSPI,1411.0,-0.8264,25,20,2.1277,0.7471,1.0099,0.877,1.4658,4,4.3513,4.6023,-2.4746,95.9184,1,3.54,1
054450,텔레칩스,2022-01-12,22150,21600,KOSDAQ,2228.0,-2.4831,0,170,18.3562,3.507,2.4619,1.9869,5.9193,2,5.2688,36.1448,-1.1448,54.2857,1,6.25,3
085910,네오티스,2022-01-13,6050,5770,KOSDAQ,1555.0,-4.6281,0,147,8.6629,9.5582,1.5869,2.0895,6.0659,4,4.8223,15.8266,-2.0199,64.622,1,12.31,1
183190,아세아시멘트,2022-01-13,15750,15500,KOSPI,5074.0,-1.5873,0,85,10.7143,1.9254,1.0841,1.593,4.7461,3,0.4692,22.9605,-0.9132,101.2987,0,-0.65,-1
104460,디와이피엔에프,2022-01-14,47150,45100,KOSDAQ,1567.0,-4.3478,5,26,8.6747,1.1098,0.8552,0.9692,3.4685,4,3.3567,15.2522,-3.6186,147.8022,0,4.21,-1
013570,디와이,2022-01-14,7530,7200,KOSPI,1411.0,-4.3825,0,36,5.4173,3.2264,1.2923,0.782,4.0179,3,7.5752,21.6222,-2.8103,49.6881,1,77.78,3
084370,유진테크,2022-01-17,55100,53200,KOSDAQ,22618.0,-3.4483,4,38,10.2591,1.2674,1.1147,1.1601,4.0951,3,7.6531,16.8041,-4.3305,54.8763,0,2.63,-1
056090,시지메드텍,2022-01-18,2332,2220,KOSDAQ,1773.0,-4.8027,0,170,14.9068,2.3043,2.3994,1.2536,3.7773,3,2.5161,17.9669,-4.7016,36.0294,1,509.01,4
264850,이랜시스,2022-01-18,4560,4385,KOSDAQ,2384.0,-3.8377,0,133,23.3474,12.0064,1.8169,2.2598,7.5419,3,3.0194,52.5937,-4.7016,107.3286,1,9.46,1
003690,코리안리,2022-01-19,6460,6172,KOSPI,25015.0,-4.4582,2,63,4.3096,3.9182,1.4278,1.1659,1.8054,3,-0.8793,9.4281,-4.4621,35.6782,1,11.18,8
000440,중앙에너비스,2022-01-19,25400,24850,KOSDAQ,1028.0,-2.1654,0,74,43.6416,14.2928,2.7305,1.5938,6.6973,3,-5.7574,70.3178,-6.2914,211.0138,0,11.47,-1
336570,원텍,2022-01-20,3650,3525,KOSDAQ,7467.0,-3.4247,60,70,0.0,1.0,1.0,1.0,100.0,2,2.064,4.1425,-4.1425,0.0,0,-100.0,-1
100120,뷰웍스,2022-01-20,46650,44800,KOSDAQ,2471.0,-3.9657,2,110,2.2831,0.5364,0.7463,0.6606,4.3208,3,1.9766,17.7039,-4.1425,46.1664,0,-0.22,-1
012450,한화에어로스페이스,2022-01-20,57655,54803,KOSPI,590917.0,-4.9467,0,114,2.4757,1.8714,1.2002,1.0289,3.4518,3,0.5053,21.548,-4.0811,49.4491,0,0.37,-1
035000,HS애드,2022-01-21,7620,7380,KOSPI,1384.0,-3.1496,4,69,2.7855,1.9451,1.2042,0.4351,2.2455,4,3.1393,10.1469,-5.466,43.8596,0,3.25,-1
083450,GST,2022-01-25,19344,18693,KOSDAQ,5243.0,-3.3654,9,45,7.0312,3.1258,1.6362,0.9819,3.8788,4,9.195,13.142,-12.0551,110.1518,0,1.74,-1
038540,상상인,2022-01-26,9990,9680,KOSDAQ,1066.0,-3.1031,0,78,11.6494,12.8218,2.2337,1.8578,3.5345,3,-2.9542,29.7979,-14.1468,57.1429,0,10.54,-1
049070,인탑스,2022-01-27,37000,35900,KOSDAQ,3578.0,-2.973,2,234,3.1609,2.3979,1.188,0.713,5.183,3,14.6268,35.8759,-17.3941,74.6959,1,16.99,1
215200,메가스터디교육,2022-01-28,86900,82800,KOSDAQ,4732.0,-4.7181,4,22,5.4777,2.7208,1.3249,1.6089,4.0459,4,-0.0108,16.067,-15.5815,106.4838,1,8.7,7
091700,파트론,2022-01-28,13500,12900,KOSDAQ,4004.0,-4.4444,7,22,1.9763,1.0707,1.069,0.8153,4.2082,4,9.151,12.574,-15.5815,47.4286,0,1.94,-1
222800,심텍,2022-01-28,48500,47000,KOSDAQ,19567.0,-3.0928,2,20,11.7717,1.8888,1.534,1.0149,5.076,4,14.3091,18.5388,-15.5815,123.2779,1,15.53,2
090460,비에이치,2022-02-04,23900,22850,KOSPI,6725.0,-4.3933,12,20,11.4634,2.804,1.4979,1.6226,4.6577,3,5.4223,6.6988,-7.9947,45.0794,0,1.53,-1
005090,SGC에너지,2022-02-04,56700,54700,KOSPI,4445.0,-3.5273,0,82,14.555,4.4678,1.5917,1.3793,3.8391,2,-0.2641,23.8845,-7.9947,56.0628,1,7.5,1
086790,하나금융지주,2022-02-04,48000,46000,KOSPI,340114.0,-4.1667,5,165,6.7285,0.6683,0.8307,1.4442,2.927,1,0.0286,15.723,-7.9947,41.1043,1,15.0,4
004370,농심,2022-02-04,344500,341000,KOSPI,26855.0,-1.016,0,135,5.2469,3.0271,1.4311,1.5971,2.8278,3,3.6279,17.465,-7.9947,26.0628,1,2.35,1
002460,HS화성,2022-02-08,17450,16950,KOSPI,1309.0,-2.8653,0,97,20.2128,3.2846,1.7682,1.0789,3.5398,2,2.2328,36.3445,-5.9599,55.5046,1,46.02,1
336570,원텍,2022-02-08,3650,3525,KOSDAQ,7467.0,-3.4247,60,80,0.0,1.0,1.0,1.0,100.0,2,0.0,8.6739,-8.6739,0.0,0,-100.0,-1
003230,삼양식품,2022-02-09,99800,98000,KOSPI,86479.0,-1.8036,10,138,15.566,2.8129,1.2359,1.4552,4.0233,3,3.4567,5.7884,-6.296,26.7788,0,0.61,-1
035000,HS애드,2022-02-09,7620,7250,KOSPI,1384.0,-4.8556,7,79,3.8682,0.6258,0.6235,1.2363,3.0345,4,3.2803,5.7473,-6.296,41.3255,0,5.1,-1
001450,현대해상,2022-02-09,29050,27950,KOSPI,29457.0,-3.7866,0,75,9.8232,1.4982,0.9199,1.3145,3.45,3,-0.6691,16.1192,-6.296,40.4523,1,5.55,10
003200,일신방직,2022-02-09,13050,12700,KOSPI,3302.0,-2.682,0,95,23.9024,3.9574,2.3934,1.7473,3.4421,3,-2.5306,23.3467,-6.296,56.0197,1,3.54,1
024110,기업은행,2022-02-10,11600,11050,KOSPI,192578.0,-4.7414,21,73,6.7633,1.4463,1.4097,1.2081,2.437,3,-1.776,9.0447,-5.2889,36.7574,0,1.81,-1
005300,롯데칠성,2022-02-10,175500,167000,KOSPI,12842.0,-4.8433,0,184,15.9722,1.9248,2.274,1.8881,4.7263,2,-0.8578,27.1867,-5.2889,48.4444,0,2.4,-1
000050,경방,2022-02-10,15700,15050,KOSPI,2942.0,-4.1401,0,176,5.9859,1.489,1.0277,2.0049,2.9426,3,2.3594,10.9029,-5.2889,30.8696,0,0.0,-1
055550,신한지주,2022-02-11,43250,41100,KOSPI,475300.0,-4.9711,0,172,4.1825,1.2746,1.1393,0.7383,2.3288,2,0.5271,11.5222,-6.1376,31.52,0,1.09,-1
038540,상상인,2022-02-14,9990,9500,KOSDAQ,1066.0,-4.9049,4,88,4.3956,1.1175,0.7609,1.6548,6.1353,3,0.3613,29.1267,-13.9752,54.2208,1,12.63,2
119610,인터로조,2022-02-16,23775,22915,KOSDAQ,2106.0,-3.6172,0,80,12.2129,3.5182,2.3479,1.1106,3.5043,3,-1.1595,27.4438,-9.5986,61.0443,0,2.68,-1
149980,하이로닉,2022-02-21,8631,8320,KOSDAQ,1079.0,-3.6033,1,21,29.5547,2.3322,1.4891,1.1855,9.6154,4,10.6826,34.73,-5.3164,135.0282,0,1.85,-1
001720,신영증권,2022-02-21,66300,63000,KOSPI,30989.0,-4.9774,0,171,1.2862,0.598,0.7217,0.7784,1.1791,2,-0.0524,6.7435,-3.4648,16.0221,0,0.79,-1
336570,원텍,2022-02-22,3650,3525,KOSDAQ,7467.0,-3.4247,60,90,0.0,1.0,1.0,1.0,100.0,2,0.0,9.4493,-9.4493,0.0,0,-100.0,-1
004690,삼천리,2022-02-22,107000,103000,KOSPI,6005.0,-3.7383,0,99,3.9354,2.301,1.1514,0.9571,2.7531,3,2.3085,17.646,-5.4456,32.732,1,6.8,2
001450,현대해상,2022-02-23,29050,28850,KOSPI,29457.0,-0.6885,7,85,4.7187,1.9975,1.1371,1.0122,3.132,3,2.1491,13.1227,-4.049,42.8218,1,9.36,1
017390,서울가스,2022-02-24,207000,204000,KOSPI,3275.0,-1.4493,0,101,9.0909,5.4915,1.7449,1.6073,4.8144,4,4.3174,23.7336,-5.1289,134.7526,0,0.0,-1
065450,빅텍,2022-02-24,8250,8000,KOSDAQ,1133.0,-3.0303,0,215,21.2121,10.1783,2.229,1.8951,7.4643,3,5.9573,33.9222,-7.34,72.2282,0,1.25,-1
353200,대덕전자,2022-02-25,25450,25050,KOSPI,28514.0,-1.5717,3,37,12.8378,4.5512,1.8561,1.3986,4.5338,4,2.7521,13.9357,-1.6038,84.1912,0,18.16,-1
183190,아세아시멘트,2022-02-25,15750,15100,KOSPI,5074.0,-4.127,1,113,5.9649,1.999,1.0456,0.9799,4.281,4,2.8075,14.2904,-1.6038,88.9862,1,13.25,1
036710,심텍홀딩스,2022-02-25,6060,5900,KOSDAQ,1387.0,-2.6403,2,36,12.381,12.8591,2.0682,1.1955,5.8777,4,8.1848,20.5629,-1.8506,142.7984,0,3.73,-1
007810,코리아써키트,2022-02-25,33150,32500,KOSPI,12873.0,-1.9608,1,25,9.6121,2.1508,1.285,0.9631,4.8571,4,11.4811,12.7149,-1.6038,174.2616,0,9.08,-1
047810,한국항공우주,2022-02-28,39000,37100,KOSPI,157227.0,-4.8718,3,233,7.2254,2.6606,1.112,1.3322,3.5907,2,5.6543,7.7519,-0.3713,38.175,1,22.51,3
003100,선광,2022-02-28,63100,60100,KOSDAQ,1449.0,-4.7544,29,20,-1.6367,1.029,1.5053,1.0512,1.6877,3,3.2844,-3.5703,-0.1156,127.6515,0,12.81,-1
100790,미래에셋벤처투자,2022-02-28,11200,10650,KOSDAQ,12670.0,-4.9107,0,220,3.9024,1.1074,0.5712,1.302,5.493,4,6.0294,34.7553,-0.1156,88.4289,1,8.45,3
012450,한화에어로스페이스,2022-03-02,57655,55516,KOSPI,590917.0,-3.71,1,139,20.3077,3.0694,1.6786,1.2692,3.8659,2,4.0512,12.9244,3.4053,51.3935,1,7.34,2
084010,대한제강,2022-03-02,17137,16904,KOSPI,4644.0,-1.3596,0,166,12.1699,0.874,0.8461,0.8659,4.7474,2,9.6754,47.4964,3.4053,106.0961,1,4.93,1
067990,도이치모터스,2022-03-03,9330,8980,KOSDAQ,1262.0,-3.7513,0,145,3.815,3.91,1.3755,1.3027,4.3271,3,3.335,23.0372,4.5196,43.68,1,21.38,4
044490,태웅,2022-03-03,11483,11000,KOSDAQ,5902.0,-4.2062,60,249,0.0,1.0,1.0,1.0,100.0,0,0.0,-4.5196,4.5196,0.0,0,-100.0,-1
037070,파세코,2022-03-03,21008,20250,KOSDAQ,1588.0,-3.6081,0,231,22.3269,0.4565,1.3523,1.8066,5.4723,4,5.8153,19.912,4.5196,86.2583,0,0.74,-1
005800,신영와코루,2022-03-04,13000,12550,KOSPI,1546.0,-3.4615,0,188,6.3559,1.513,1.0437,1.1391,2.5333,3,0.7245,6.1488,0.2072,39.5996,1,18.32,3
003610,방림,2022-03-04,3500,3325,KOSPI,2392.0,-5.0,0,76,9.9174,15.3149,2.3441,1.4172,4.6294,4,1.5739,21.8112,0.2072,65.8354,1,22.41,2
079550,LIG넥스원,2022-03-04,77700,74600,KOSPI,101420.0,-3.9897,0,30,22.8995,1.6198,1.7653,1.1716,5.1609,3,5.1151,32.2973,0.2072,112.8388,1,7.1,1
006910,보성파워텍,2022-03-08,6090,5900,KOSDAQ,4009.0,-3.1199,0,164,14.3411,5.456,2.5321,1.7751,8.0811,2,4.9863,53.5718,-3.2533,181.6229,1,53.39,1
336570,원텍,2022-03-10,3650,3525,KOSDAQ,7467.0,-3.4247,60,100,0.0,1.0,1.0,1.0,100.0,2,0.0,0.6914,-0.6914,0.0,0,40.71,-1
006360,GS건설,2022-03-11,48850,47450,KOSPI,18314.0,-2.8659,0,213,6.8694,2.0847,1.7412,1.2966,3.3193,2,1.6836,21.3355,-3.885,31.0773,1,4.43,1
028050,삼성E&A,2022-03-14,28550,27850,KOSPI,64582.0,-2.4518,0,114,9.4303,2.3912,2.179,0.9521,4.0267,3,2.543,18.695,-4.5557,115.0579,0,1.62,-1
105840,우진,2022-03-14,12300,11700,KOSPI,4898.0,-4.878,0,157,16.4179,2.769,1.7427,1.5265,8.6813,3,1.2546,43.8414,-4.5557,193.601,1,6.84,1
005610,SPC삼립,2022-03-14,96000,93100,KOSPI,4435.0,-3.0208,0,192,3.7904,2.9001,1.7492,1.7202,4.7721,3,6.0055,16.7243,-4.5557,39.1629,1,5.37,1
003100,선광,2022-03-16,63100,62600,KOSDAQ,1449.0,-0.7924,39,30,4.1597,1.5,1.2207,1.1048,1.5176,4,3.3552,-0.932,4.5744,137.1212,1,11.02,3
353200,대덕전자,2022-03-16,25450,24450,KOSPI,28514.0,-3.9293,7,48,5.6156,0.9153,0.5898,0.9263,4.4552,4,3.5928,17.5499,-1.6731,78.4672,1,21.06,2
001720,신영증권,2022-03-18,66300,63200,KOSPI,30989.0,-4.6757,6,188,0.4769,1.2777,1.1483,0.6174,0.8363,2,2.1782,2.2748,-0.8301,14.9091,0,0.47,-1
137400,피엔티,2022-03-18,54600,53300,KOSDAQ,12295.0,-2.381,0,79,10.0103,3.1126,1.7117,1.0033,4.1142,4,-0.6321,25.5345,5.1028,161.9165,1,3.19,4
044490,태웅,2022-03-18,11396,11000,KOSDAQ,5902.0,-3.4749,60,249,0.0,1.0,1.0,1.0,100.0,0,0.0,-5.1028,5.1028,0.0,0,-100.0,-1
011070,LG이노텍,2022-03-18,398500,382000,KOSPI,57629.0,-4.1405,1,40,8.8319,1.1713,1.0803,0.7927,3.7865,3,4.0969,21.3349,-0.8301,111.0497,1,8.51,1
033340,좋은사람들,2022-03-21,1882,1797,KOSDAQ,1841.0,-4.5165,60,250,0.0,1.0,1.0,1.0,100.0,0,0.0,-5.0536,5.0536,0.0,0,-100.0,-1
090460,비에이치,2022-03-22,23900,22800,KOSPI,6725.0,-4.6025,11,50,20.6349,2.8185,2.1032,1.0965,3.9787,3,-2.883,18.7836,-1.2578,44.7619,1,25.66,3
030200,KT,2022-03-22,35200,33800,KOSPI,152977.0,-3.9773,0,160,2.1148,1.1852,0.9028,0.7982,1.8068,3,1.4678,6.5537,-1.2578,28.5171,1,10.65,3
007810,코리아써키트,2022-03-22,33150,31750,KOSPI,12873.0,-4.2232,3,40,17.8108,1.5157,1.0966,1.0624,4.4994,4,8.5178,8.3404,-1.2578,167.9325,1,11.65,2
090710,휴림로봇,2022-03-22,3412,3250,KOSDAQ,17524.0,-4.7479,0,215,37.3046,2.7049,2.9736,0.9656,6.8022,3,7.7233,26.6001,4.8724,96.7312,1,58.43,3
035900,JYP Ent.,2022-03-22,58500,56300,KOSDAQ,25299.0,-3.7607,0,83,6.2264,2.5254,0.9432,1.0543,4.1487,3,2.5961,21.2195,4.8724,85.8086,1,17.58,6
005830,DB손해보험,2022-03-23,68500,67200,KOSPI,119202.0,-1.8978,0,117,13.5135,1.1483,1.0082,1.0463,3.1888,3,2.0013,12.3189,-0.3189,52.381,1,8.48,3
179290,엠아이텍,2022-03-23,7730,7390,KOSDAQ,2402.0,-4.3984,0,27,14.93,2.048,1.2285,0.774,4.8231,4,8.8446,-0.7122,5.2383,80.2439,1,65.09,1
214370,케어젠,2022-03-24,16060,15400,KOSDAQ,63437.0,-4.1096,0,126,40.7678,6.1868,2.7717,2.3291,6.8734,1,-3.2794,23.6215,7.3309,52.7778,1,65.58,3
007660,이수페타시스,2022-03-24,7478,7235,KOSPI,81264.0,-3.2495,7,21,9.0923,1.0056,1.0573,0.9866,4.7033,4,9.9174,-0.7065,0.8449,162.8042,1,17.19,6
005300,롯데칠성,2022-03-24,175500,169000,KOSPI,12842.0,-3.7037,3,212,5.296,1.6318,0.7805,0.7876,3.8039,4,6.4684,1.8907,0.8449,40.8333,1,15.09,5
003230,삼양식품,2022-03-24,99800,95000,KOSPI,86479.0,-4.8096,10,167,6.1453,2.5904,1.0528,1.0289,3.5188,2,-0.437,6.6212,0.8449,22.8978,1,16.32,7
194370,제이에스코퍼레이션,2022-03-24,14350,13950,KOSPI,3859.0,-2.7875,0,98,12.5,1.6852,0.781,1.0181,4.8382,4,6.6204,19.4137,0.8449,83.5526,1,4.66,3
336570,원텍,2022-03-24,3650,3525,KOSDAQ,7467.0,-3.4247,60,110,0.0,1.0,1.0,1.0,100.0,2,0.0,-7.3309,7.3309,0.0,1,51.77,6
058610,에스피지,2022-03-28,14600,14050,KOSDAQ,29540.0,-3.7671,0,51,4.461,2.6445,1.3927,0.8756,4.423,3,5.1418,13.4055,9.3019,58.9367,1,17.08,5
055550,신한지주,2022-03-28,43250,41100,KOSPI,475300.0,-4.9711,5,201,7.5916,1.2085,1.056,0.7262,2.0334,2,1.0935,0.2174,3.0489,18.958,0,4.5,-1
000050,경방,2022-03-28,15700,15250,KOSPI,2942.0,-2.8662,1,206,3.3898,3.8515,1.8591,0.8601,2.0141,4,2.5022,2.8538,3.0489,20.5534,1,10.16,1
035600,KG이니시스,2022-03-28,23500,22950,KOSDAQ,3105.0,-2.3404,0,166,28.5714,12.0503,3.3659,1.4301,3.6726,2,0.1757,24.5173,9.3019,43.4375,1,9.59,1
190510,나무가,2022-03-28,14150,13450,KOSDAQ,3371.0,-4.947,2,54,16.9565,39.7763,2.8956,1.4349,5.0451,3,0.402,17.5849,9.3019,76.0471,0,2.6,-1
009970,영원무역홀딩스,2022-03-28,54900,52400,KOSPI,30711.0,-4.5537,0,215,12.931,4.1689,2.0545,1.1898,2.7808,2,-1.0324,8.4404,3.0489,31.164,1,10.69,5
091120,이엠텍,2022-03-28,42624,41648,KOSDAQ,1290.0,-2.2898,2,22,14.0385,2.0692,1.3632,0.6489,4.028,4,13.6191,0.9042,9.3019,151.6343,1,2.46,1
079810,디이엔티,2022-03-28,7792,7424,KOSDAQ,1188.0,-4.7228,0,233,5.2154,0.705,0.8669,0.6354,5.0252,3,20.1388,41.7151,9.3019,189.8868,1,16.22,7
028050,삼성E&A,2022-03-28,28550,27750,KOSPI,64582.0,-2.8021,1,124,5.5133,1.3575,0.7,1.0042,4.26,4,4.9438,21.9511,3.0489,111.8321,0,0.18,-1
316140,우리금융지주,2022-03-29,16100,15450,KOSPI,261331.0,-4.0373,3,31,3.6913,0.9627,0.712,0.5298,2.4965,4,3.2595,6.4003,2.4025,56.3765,0,5.83,-1
214430,아이쓰리시스템,2022-03-29,22250,21150,KOSDAQ,8359.0,-4.9438,0,227,6.5491,1.0931,1.6928,0.7064,2.82,3,3.0295,2.7277,7.4286,31.7757,0,0.71,-1
010130,고려아연,2022-03-29,624000,593000,KOSPI,355049.0,-4.9679,0,110,3.1304,0.5082,0.5209,0.5346,2.8306,4,4.0636,9.9081,2.4025,48.0649,1,11.47,6
253590,네오셈,2022-03-30,3950,3775,KOSDAQ,7313.0,-4.4304,0,233,12.1842,24.0052,2.8612,0.7522,4.9763,3,0.9168,14.4107,6.5829,45.7529,1,24.37,2
041510,에스엠,2022-03-31,85000,81600,KOSDAQ,26192.0,-4.0,0,105,5.6995,3.1289,1.2716,0.8377,4.902,3,2.0923,3.0296,5.481,185.3147,1,10.29,1
225190,LK삼양,2022-03-31,2279,2198,KOSDAQ,1892.0,-3.5542,0,131,4.7165,3.5195,1.4263,1.2082,1.9888,3,1.8353,2.9551,5.481,26.3218,1,16.42,6
053690,한미글로벌,2022-03-31,14800,14150,KOSPI,2208.0,-4.3919,0,230,3.663,1.5727,0.8691,0.4463,4.0888,4,3.2912,11.1978,2.0022,41.7836,0,1.77,-1
054210,이랜텍,2022-04-01,18450,18250,KOSDAQ,2721.0,-1.084,2,33,9.6096,1.6777,0.9893,0.5972,4.4814,4,10.1215,9.9066,3.0965,177.3556,1,36.16,2
004430,송원산업,2022-04-01,24000,22900,KOSPI,2258.0,-4.5833,1,229,6.0185,2.1675,1.2778,0.7371,2.932,3,-0.2117,10.3593,-0.2632,39.2097,1,20.74,2
111770,영원무역,2022-04-04,50900,49900,KOSPI,43071.0,-1.9646,3,48,3.3126,1.341,0.8368,0.9346,3.4641,3,1.1688,17.4542,1.6389,31.4888,1,6.21,1
272290,이녹스첨단소재,2022-04-04,57400,54700,KOSDAQ,7832.0,-4.7038,5,46,4.1905,0.6199,1.0479,0.7746,4.0481,3,2.0843,22.6581,5.1456,114.5098,0,4.2,-1
105630,한세실업,2022-04-04,28400,27900,KOSPI,5192.0,-1.7606,0,217,3.9106,0.9506,0.9055,0.9198,4.1091,4,4.216,20.7295,1.6389,47.619,1,5.73,1
039130,하나투어,2022-04-05,92115,87818,KOSPI,7745.0,-4.6648,0,206,8.4441,0.7848,0.9833,0.4539,2.8999,3,4.21,7.6073,4.0693,46.4195,0,1.33,-1
119610,인터로조,2022-04-05,23775,23132,KOSDAQ,2106.0,-2.7045,3,112,7.0232,3.4777,1.3784,1.0489,3.6384,4,3.188,4.4308,8.0461,46.8232,1,10.0,4
007340,DN오토모티브,2022-04-05,17465,16704,KOSPI,17114.0,-4.3573,1,49,17.4684,2.4621,1.6356,1.1761,3.881,3,4.5935,12.0839,4.0693,180.4096,0,1.92,-1
002030,아세아,2022-04-05,167500,161500,KOSPI,5990.0,-3.5821,0,140,3.8585,0.8492,0.8725,0.5723,2.4104,4,6.0885,5.7946,4.0693,49.537,0,1.55,-1
214450,파마리서치,2022-04-05,101700,97000,KOSDAQ,34961.0,-4.6214,0,152,6.946,3.0142,1.3658,0.7675,2.6878,3,4.7728,5.1394,8.0461,49.2308,0,2.99,-1
290650,엘앤씨바이오,2022-04-06,40650,39700,KOSDAQ,22408.0,-2.337,0,155,7.2973,5.2775,2.0119,1.622,3.3285,2,-1.9253,13.0184,8.3883,39.0543,1,6.55,1
000370,한화손해보험,2022-04-06,5520,5310,KOSPI,8510.0,-3.8043,0,221,11.9073,1.8555,1.2864,1.1345,4.8023,3,9.2302,23.6569,4.2949,57.1006,0,2.45,-1
010660,화천기계,2022-04-07,3070,2920,KOSPI,1186.0,-4.886,0,159,20.911,2.1378,2.973,1.0118,3.3513,2,0.2893,26.1013,0.5798,31.236,1,29.45,4
017670,SK텔레콤,2022-04-08,63100,60500,KOSPI,158300.0,-4.1204,0,70,5.7692,2.591,1.0907,1.4778,2.1015,4,-0.6688,4.4849,1.4696,0.0,0,4.3,-1
066970,엘앤에프,2022-04-08,255000,244000,KOSPI,47483.0,-4.3137,0,94,7.3471,1.279,0.9507,0.6416,3.7968,3,-0.2857,29.0117,1.4696,211.6697,0,3.07,-1
065510,휴비츠,2022-04-08,10800,10550,KOSDAQ,1034.0,-2.3148,0,168,16.0616,4.1135,2.7766,1.2461,3.1754,2,-0.2078,26.0689,4.8244,35.7786,1,9.0,2
038540,상상인,2022-04-08,10700,10200,KOSDAQ,1066.0,-4.6729,0,34,6.3608,3.5117,1.3872,0.6513,3.0112,4,5.2602,3.4558,4.8244,58.3851,1,24.51,1
055550,신한지주,2022-04-11,43250,41150,KOSPI,475300.0,-4.8555,11,211,-0.8434,0.7619,0.9084,0.9531,2.2218,3,2.0138,7.5026,1.7935,19.1027,0,4.37,-1
115180,큐리언트,2022-04-11,13662,12980,KOSDAQ,13928.0,-4.9919,60,250,0.0,1.0,1.0,1.0,100.0,0,0.0,-5.6611,5.6611,0.0,0,-100.0,-1
024110,기업은행,2022-04-11,11600,11250,KOSPI,192578.0,-3.0172,7,113,2.2727,2.15,1.24,0.8193,1.619,3,-0.0233,4.8416,1.7935,24.5847,1,4.0,10
316140,우리금융지주,2022-04-12,16100,15450,KOSPI,261331.0,-4.0373,8,41,4.0404,0.896,0.8465,0.7196,2.1498,4,4.2641,5.1951,1.7253,53.7313,1,5.83,7
001270,부국증권,2022-04-13,25950,24950,KOSPI,7611.0,-3.8536,2,228,0.6048,0.1878,0.5573,0.7587,1.5603,2,-0.7205,3.5671,2.1533,8.7146,1,17.84,9
195870,해성디에스,2022-04-13,59500,56800,KOSPI,10370.0,-4.5378,3,56,12.0316,2.7491,1.7027,0.682,3.5211,4,2.0243,16.4271,2.1533,80.3175,1,31.51,2
094800,맵스리얼티,2022-04-13,5160,4930,KOSPI,5440.0,-4.4574,0,208,5.3419,1.4487,1.0503,1.435,1.1229,3,-0.41,5.0207,2.1533,13.8568,0,1.83,-1
003200,일신방직,2022-04-14,13150,12500,KOSPI,3302.0,-4.943,2,43,8.2251,2.9407,1.426,0.9239,2.1709,4,3.1208,9.3083,0.8239,30.4802,0,2.0,-1
001120,LX인터내셔널,2022-04-14,38150,36850,KOSPI,17035.0,-3.4076,0,129,8.542,1.7367,1.1458,0.8606,3.9252,3,9.6331,21.3983,0.8239,65.2466,1,15.33,1
017960,한국카본,2022-04-14,13600,13150,KOSPI,17571.0,-3.3088,0,233,20.0913,5.4439,2.1306,0.9289,3.6393,3,1.7814,18.1806,0.8239,44.5055,1,9.51,3
005610,SPC삼립,2022-04-15,98100,93200,KOSPI,4435.0,-4.9949,9,23,-0.1072,0.3659,0.5554,0.7473,3.0273,3,9.3718,-1.593,-0.4049,39.3124,0,4.51,-1
049070,인탑스,2022-04-15,42000,41400,KOSDAQ,3578.0,-1.4286,1,49,9.9602,3.6041,1.5702,0.5686,4.0977,4,6.0673,17.9566,0.1604,101.4599,1,7.0,1
025860,남해화학,2022-04-15,16400,16150,KOSPI,3572.0,-1.5244,0,110,40.4348,2.0201,2.1453,1.7221,6.3246,3,7.2899,61.1014,-0.4049,90.0,1,5.26,2
051500,CJ프레시웨이,2022-04-15,41150,39800,KOSDAQ,3977.0,-3.2807,5,30,8.2993,3.9211,1.1916,0.8199,3.5355,3,7.6407,11.0128,0.1604,70.4497,1,12.31,1
131290,티에스이,2022-04-18,80500,76900,KOSDAQ,9767.0,-4.472,0,167,6.5097,0.7959,0.9299,1.0834,3.8269,3,-1.7607,31.4715,-0.0185,49.3204,1,13.52,6
282330,BGF리테일,2022-04-18,193000,184500,KOSPI,21812.0,-4.4041,0,212,1.3736,1.744,1.1412,0.6646,2.9423,3,7.2869,3.3851,0.2666,35.1648,0,10.57,-1
037070,파세코,2022-04-18,20700,19700,KOSDAQ,1588.0,-4.8309,4,33,1.5464,1.2504,0.9488,0.6866,2.955,4,5.2184,14.2214,-0.0185,77.7497,0,1.52,-1
079550,LIG넥스원,2022-04-19,79900,77400,KOSPI,101420.0,-3.1289,6,20,10.7296,0.6465,0.9629,0.6324,2.8977,4,3.338,0.1914,0.328,103.1496,1,13.57,4
001790,대한제당,2022-04-19,4790,4715,KOSPI,2556.0,-1.5658,0,239,64.0,37.6222,3.8636,2.2003,4.4008,2,1.2052,60.8685,0.328,82.0463,1,32.98,1
035810,이지홀딩스,2022-04-19,5770,5620,KOSDAQ,3510.0,-2.5997,0,208,35.2587,58.4445,3.5847,2.0393,3.8955,2,2.9331,29.047,0.7451,65.7817,1,14.95,1
333430,일승,2022-04-19,4300,4135,KOSDAQ,1761.0,-3.8372,0,243,18.1429,12.2573,2.3003,1.7763,7.9547,3,4.7981,40.6224,0.7451,87.5283,1,18.5,2
024090,디씨엠,2022-04-19,32200,31000,KOSPI,1361.0,-3.7267,0,85,10.1243,0.9259,1.0575,0.9496,3.03,3,5.5964,32.7192,0.328,108.7542,1,6.94,3
214450,파마리서치,2022-04-19,101700,96900,KOSDAQ,34961.0,-4.7198,8,162,-0.1031,0.9432,0.8687,0.48,3.2876,3,6.1983,5.3885,0.7451,48.392,0,1.24,-1
002030,아세아,2022-04-19,167500,161000,KOSPI,5990.0,-3.8806,4,150,4.2071,0.7914,0.7938,0.8248,2.2183,4,5.8616,7.7256,0.328,43.75,0,1.86,-1
004690,삼천리,2022-04-19,110000,108500,KOSPI,6005.0,-1.3636,32,20,-0.4587,1.5301,0.776,0.9608,2.3371,4,5.3854,1.0738,0.328,35.9649,1,32.72,3
014280,금강공업,2022-04-20,10750,10450,KOSPI,1827.0,-2.7907,0,195,9.6537,1.0162,0.8206,0.666,3.1579,4,6.9176,9.9078,-0.5982,75.6303,1,3.35,5
041830,인바디,2022-04-20,32850,31500,KOSDAQ,4765.0,-4.1096,0,187,10.3327,2.7217,1.7202,0.8527,3.6395,3,8.3979,18.3751,-0.1762,60.7143,0,0.79,-1
030000,제일기획,2022-04-20,26500,25350,KOSPI,24849.0,-4.3396,0,197,1.1976,2.1988,0.8994,0.7943,2.4937,3,2.0937,11.0557,-0.5982,22.1687,1,5.13,9
175330,JB금융지주,2022-04-20,9270,8820,KOSPI,56586.0,-4.8544,0,124,1.1468,1.5402,0.8397,0.6739,1.1905,3,0.178,5.9745,-0.5982,37.8125,0,2.83,-1
016380,KG스틸,2022-04-20,25150,24350,KOSPI,5801.0,-3.1809,0,232,37.5706,3.0269,1.7052,2.0236,8.2722,3,11.05,107.8322,-0.5982,164.6739,1,7.6,1
035150,백산,2022-04-20,12450,11900,KOSPI,2799.0,-4.4177,0,180,5.3097,1.4749,1.1444,0.9557,4.2617,3,6.0723,13.3944,-0.5982,70.4871,1,10.92,2
166090,하나머티리얼즈,2022-04-20,65800,64000,KOSDAQ,12045.0,-2.7356,0,89,5.0903,1.8836,0.8579,0.9069,4.0402,3,-1.4516,25.1762,-0.1762,57.2482,1,4.37,2
348210,넥스틴,2022-04-20,76500,75300,KOSDAQ,8224.0,-1.5686,0,248,7.8797,2.3329,0.9143,0.7663,3.1873,4,4.7451,22.4165,-0.1762,74.71,0,1.59,-1
012610,경인양행,2022-04-21,7460,7210,KOSPI,2018.0,-3.3512,0,126,11.6099,4.1921,3.4086,1.3074,2.9027,2,-0.2012,13.2399,-0.0531,29.2115,1,5.13,2
095340,ISC,2022-04-21,36500,35750,KOSDAQ,35802.0,-2.0548,1,62,6.2407,1.2531,0.8612,1.022,4.0659,4,-2.2543,18.9929,-0.2222,76.5432,1,10.07,1
039440,에스티아이,2022-04-21,21550,20500,KOSDAQ,5544.0,-4.8724,0,75,7.8947,1.7174,1.3187,0.8019,2.9791,3,-0.819,10.1417,-0.2222,46.4286,0,4.88,-1
036010,아비코전자,2022-04-21,12950,12450,KOSDAQ,1160.0,-3.861,0,118,6.4103,3.4758,1.3539,1.014,4.8766,3,-0.7524,17.675,-0.2222,84.4444,0,23.69,-1
077360,덕산하이메탈,2022-04-21,10550,10050,KOSDAQ,5048.0,-4.7393,0,64,1.2085,0.4382,0.3678,0.9366,3.5004,4,-0.8182,5.183,-0.2222,69.6203,0,3.48,-1
000370,한화손해보험,2022-04-22,5520,5380,KOSPI,8510.0,-2.5362,2,233,8.2495,1.0673,0.8238,0.9184,4.1622,3,9.7878,9.2842,-0.9256,59.1716,0,0.74,-1
017670,SK텔레콤,2022-04-22,63100,61600,KOSPI,158300.0,-2.3772,8,80,3.5294,0.7215,0.7667,1.0797,2.5278,4,1.1813,8.9958,-0.9256,0.0,0,0.49,-1
052710,아모텍,2022-04-22,22202,21368,KOSDAQ,1339.0,-3.7564,0,250,9.4,1.5356,0.9756,0.7002,4.1638,2,1.9596,35.4448,-1.2742,49.1866,1,4.22,1
066970,엘앤에프,2022-04-22,255000,245700,KOSPI,47483.0,-3.6471,3,104,4.5087,0.6288,0.8449,0.8242,4.3375,3,5.0227,23.4693,-0.9256,209.6564,0,13.55,-1
001130,대한제분,2022-04-22,203000,194000,KOSPI,2450.0,-4.4335,0,233,10.2273,2.9383,2.4522,1.0839,3.9028,3,5.2748,10.8407,-0.9256,36.6197,0,3.87,-1
024110,기업은행,2022-04-25,11600,11550,KOSPI,192578.0,-0.431,15,123,4.5249,1.4406,1.1424,0.6908,1.7625,3,1.6428,8.6168,-2.6535,26.6447,0,0.43,-1
115180,큐리언트,2022-04-25,13493,12980,KOSDAQ,13928.0,-3.802,60,237,0.0,1.0,1.0,1.0,100.0,0,0.0,2.9414,-2.9414,0.0,0,-100.0,-1
014710,사조씨푸드,2022-04-25,7890,7840,KOSPI,1631.0,-0.6337,0,22,14.956,10.4228,2.4586,1.1713,6.4504,3,5.7867,17.4412,-2.6535,62.6556,1,17.86,2
055550,신한지주,2022-04-25,43250,42050,KOSPI,475300.0,-2.7746,14,221,4.7323,2.2492,1.3315,0.8036,2.0214,3,2.2512,4.965,-2.6535,21.7077,0,1.55,-1
001020,페이퍼코리아,2022-04-26,3090,3025,KOSPI,1043.0,-2.1036,0,149,42.6887,41.2343,3.3776,1.8805,4.5455,3,7.3246,53.9044,-2.6544,120.8029,1,28.76,1
074600,원익QnC,2022-04-26,32400,31250,KOSDAQ,7650.0,-3.5494,0,177,9.2657,1.7664,1.917,0.6909,3.2343,2,0.4359,20.9912,-2.8438,44.6759,1,12.8,5
047810,한국항공우주,2022-04-26,45450,43650,KOSPI,157227.0,-3.9604,8,21,-2.567,0.8086,0.765,0.6255,3.0928,4,7.9355,7.5823,-2.6544,62.5698,1,16.84,4
094800,맵스리얼티,2022-04-27,5160,4980,KOSPI,5440.0,-3.4884,10,218,0.2012,1.3314,0.9979,0.7128,1.2694,3,1.6442,11.4797,-3.9203,14.4828,0,0.3,-1
001060,JW중외제약,2022-04-28,30386,28910,KOSPI,7661.0,-4.8575,0,32,6.1151,3.171,1.006,0.8394,4.7784,3,10.026,14.2356,-3.2695,66.7628,0,1.81,-1
033780,KT&G,2022-04-29,86900,82600,KOSPI,202920.0,-4.9482,0,118,0.7317,1.1444,0.969,0.9901,1.2366,2,1.2253,3.6104,-1.6351,7.8329,0,3.15,-1
086280,현대글로비스,2022-04-29,108542,104541,KOSPI,182625.0,-3.6861,0,209,5.5554,3.4529,1.5921,1.3264,3.3152,3,4.8683,11.6354,-1.6351,45.1414,0,2.39,-1
041440,현대에버다임,2022-04-29,8100,7720,KOSDAQ,1607.0,-4.6914,0,220,38.5996,80.3031,3.9061,1.9079,5.2646,2,3.6968,45.2003,-3.8083,72.9003,1,39.9,2
069620,대웅제약,2022-04-29,186500,183000,KOSPI,20728.0,-1.8767,0,177,5.4755,4.2541,1.4649,0.8118,2.7908,3,7.0004,13.5617,-1.6351,48.1781,1,3.01,2
053690,한미글로벌,2022-05-02,14400,13750,KOSPI,2208.0,-4.5139,8,21,3.7736,0.6286,0.6342,0.7818,2.7532,3,3.6001,3.2871,-2.5545,37.7756,0,0.36,-1
282330,BGF리테일,2022-05-03,193000,187000,KOSPI,21812.0,-3.1088,1,223,3.3149,1.6503,0.8968,0.7281,3.3613,3,6.1354,6.7426,-2.8537,36.9963,1,9.09,5
008830,대동기어,2022-05-03,12900,12550,KOSDAQ,2346.0,-2.7132,0,228,28.4545,5.7408,1.5496,1.4229,9.2544,3,14.999,61.9822,-4.7141,169.0247,0,1.2,-1
015230,대창단조,2022-05-03,5325,5210,KOSPI,1949.0,-2.1596,0,244,10.9691,28.9156,2.7911,1.4362,4.3118,4,4.3939,16.1146,-2.8537,0.0,1,33.78,1
104830,원익머트리얼즈,2022-05-03,40000,39000,KOSDAQ,5308.0,-2.5,0,250,4.698,5.4275,1.6006,0.7775,2.5733,4,2.2189,13.9578,-4.7141,28.9256,1,6.79,5
054950,제이브이엠,2022-05-03,19500,19000,KOSDAQ,3155.0,-2.5641,6,177,4.3956,1.7807,0.7549,0.6288,4.4737,3,6.3281,31.3807,-4.7141,48.4375,0,1.84,-1
012450,한화에어로스페이스,2022-05-03,59591,57044,KOSPI,590917.0,-4.2741,1,40,6.6662,1.9641,1.4511,0.6209,2.7432,3,1.4975,12.0163,-2.8537,54.704,0,2.86,-1
036710,심텍홀딩스,2022-05-03,6220,5920,KOSDAQ,1387.0,-4.8232,2,45,6.0932,3.7445,1.1283,0.749,3.6076,3,3.0406,12.5465,-4.7141,130.7992,0,3.72,-1
002030,아세아,2022-05-03,167500,159500,KOSPI,5990.0,-4.7761,9,160,0.3145,0.2931,0.7747,0.7554,2.0824,3,5.1779,1.6153,-2.8537,42.4107,0,0.94,-1
003200,일신방직,2022-05-03,13150,12600,KOSPI,3302.0,-4.1825,7,56,3.7037,1.0476,1.0145,0.7745,2.9762,4,4.6109,9.1828,-2.8537,29.6296,0,0.79,-1
005870,휴니드,2022-05-04,10550,10350,KOSPI,1193.0,-1.8957,0,86,11.8919,8.6949,1.8145,1.2715,4.548,4,4.148,18.918,-2.1009,58.0153,1,13.04,1
010955,S-Oil우,2022-05-04,66200,63000,KOSPI,2216.0,-4.8338,0,144,2.9412,2.4142,1.2695,0.5495,2.4263,2,4.0044,9.9776,-2.1009,28.0488,1,6.19,2
278650,HLB바이오스텝,2022-05-04,4593,4421,KOSDAQ,1136.0,-3.7448,0,86,14.0609,2.246,1.2733,0.7598,3.5739,4,9.9267,17.4914,-4.5667,77.9074,1,282.27,2
036010,아비코전자,2022-05-06,12950,12450,KOSDAQ,1160.0,-3.861,8,128,3.3195,0.5394,0.5135,0.7178,4.5898,4,3.1182,15.3792,-4.7125,84.4444,1,23.69,5
030200,KT,2022-05-06,37400,35550,KOSPI,152977.0,-4.9465,18,23,0.4237,0.6004,0.6649,0.6644,1.8786,3,4.5896,0.6548,-1.9048,26.9643,1,8.3,5
215000,골프존,2022-05-06,193500,186300,KOSDAQ,3684.0,-3.7209,0,113,15.6425,3.3286,1.9003,1.5788,3.2359,3,-1.3246,12.7125,-4.7125,101.4054,0,0.38,-1
078930,GS,2022-05-09,50300,48450,KOSPI,65041.0,-3.6779,0,245,10.8696,3.1636,1.8558,0.8999,2.3072,3,4.3253,15.2111,-3.3173,30.9459,0,-0.72,-1
115180,큐리언트,2022-05-10,13493,12980,KOSDAQ,13928.0,-3.802,60,247,0.0,1.0,1.0,1.0,100.0,0,0.0,7.126,-7.126,0.0,0,-100.0,-1
055550,신한지주,2022-05-10,43250,41100,KOSPI,475300.0,-4.9711,24,231,-1.4388,1.0859,0.839,1.2479,2.5287,4,1.9825,3.4632,-3.5847,18.958,0,5.72,-1
214430,아이쓰리시스템,2022-05-10,21600,20550,KOSDAQ,8359.0,-4.8611,7,30,3.7879,4.8474,1.6681,1.0656,2.7285,3,2.2436,8.1088,-7.126,28.0374,0,1.95,-1
017670,SK텔레콤,2022-05-13,63100,61000,KOSPI,158300.0,-3.3281,9,94,5.5363,1.6387,1.1235,0.5029,2.4122,4,1.8366,4.9664,-4.1399,0.0,0,0.33,-1
078350,한양디지텍,2022-05-13,19650,18750,KOSDAQ,4261.0,-4.5802,0,68,8.3815,1.6263,1.1776,1.1249,5.3333,3,-1.3365,17.4037,-8.0743,231.8584,0,2.4,-1
039440,에스티아이,2022-05-13,21550,20650,KOSDAQ,5544.0,-4.1763,2,90,6.4433,1.7676,1.2705,1.0442,4.4621,4,3.862,16.7585,-8.0743,47.5,0,6.3,-1
011560,세보엠이씨,2022-05-16,8930,8530,KOSDAQ,1597.0,-4.4793,0,222,22.0315,2.5085,3.0164,1.3556,4.3544,4,3.6797,31.9019,-7.3764,50.4409,1,37.75,9
033780,KT&G,2022-05-16,86900,83500,KOSPI,202920.0,-3.9125,6,128,0.9674,1.2892,1.4545,1.0832,1.0864,2,1.4285,8.3264,-3.6898,9.0078,0,2.99,-1
179900,유티아이,2022-05-16,18300,18200,KOSDAQ,4393.0,-0.5464,1,250,17.0418,2.9041,1.9715,1.0225,5.6711,3,3.3579,35.9983,-7.3764,70.0935,1,3.57,1
175330,JB금융지주,2022-05-17,9270,8870,KOSPI,56586.0,-4.315,9,142,2.781,1.7971,1.0218,1.0718,1.7636,3,1.7194,4.4222,-2.702,27.0774,0,1.24,-1
010950,S-Oil,2022-05-17,117500,113000,KOSPI,113258.0,-3.8298,0,152,5.6075,1.3999,1.0502,0.9651,3.7295,3,6.4978,7.8183,-2.702,42.6768,0,8.85,-1
086280,현대글로비스,2022-05-17,108542,104041,KOSPI,182625.0,-4.1468,7,220,2.4631,0.6389,0.8099,0.7408,3.0392,3,6.9298,9.3691,-2.702,44.4472,0,2.88,-1
009970,영원무역홀딩스,2022-05-17,58000,55600,KOSPI,30711.0,-4.1379,4,29,10.3175,3.3385,1.5431,1.3401,3.5971,4,1.7213,6.6272,-2.702,27.6693,1,6.83,9
111770,영원무역,2022-05-18,53000,50400,KOSPI,43071.0,-4.9057,7,29,11.6279,1.1953,1.5052,1.135,3.5714,3,0.8047,4.2172,-3.4172,32.8063,0,-3.08,-1
066970,엘앤에프,2022-05-18,255000,248000,KOSPI,47483.0,-2.7451,4,121,10.2222,1.8554,1.1617,1.1572,4.4844,4,7.073,5.601,-3.4172,212.5551,1,12.5,1
093370,후성,2022-05-19,26026,25001,KOSPI,8763.0,-3.9384,0,125,41.4324,7.0451,3.0273,1.6711,5.2866,3,-1.0166,28.9193,-4.6475,161.2435,1,7.22,2
056190,에스에프에이,2022-05-19,44600,42550,KOSDAQ,11455.0,-4.5964,0,246,13.1649,4.5288,1.8108,1.4647,3.0804,2,4.4716,14.1901,-7.0113,30.3216,0,3.64,-1
085910,네오티스,2022-05-20,6480,6170,KOSDAQ,1555.0,-4.784,0,84,6.9324,3.2122,1.9086,1.4165,5.3022,4,0.8296,14.7538,-5.3567,57.599,0,4.7,-1
090460,비에이치,2022-05-20,28800,28300,KOSPI,6725.0,-1.7361,12,20,6.391,1.6699,0.9944,0.7775,3.8364,4,10.1372,3.0829,-3.2593,76.875,1,3.89,1
004380,삼익THK,2022-05-20,15200,14650,KOSPI,2062.0,-3.6184,0,89,10.566,31.5564,2.7285,1.7017,4.315,4,2.5209,10.5853,-3.2593,38.2075,1,9.22,4
014620,성광벤드,2022-05-20,10600,10200,KOSDAQ,8605.0,-3.7736,3,201,0.4926,1.2669,0.798,0.8896,3.7325,3,7.8957,11.7175,-5.3567,38.9646,1,9.8,7
137400,피엔티,2022-05-23,55000,53800,KOSDAQ,12295.0,-2.1818,5,41,17.4672,2.4882,1.4041,1.1391,3.7175,3,5.3605,12.8241,-4.2469,164.3735,1,16.73,1
055550,신한지주,2022-05-24,43250,42000,KOSPI,475300.0,-2.8902,26,241,-0.9434,1.0707,1.1008,1.2737,2.3724,3,1.5481,1.8102,-1.9291,21.563,1,3.45,4
095570,AJ네트웍스,2022-05-25,7320,7200,KOSPI,2416.0,-1.6393,0,212,5.5718,3.5528,1.2086,1.0742,4.1071,3,8.2125,10.0228,-1.9147,50.0,1,7.22,5
290740,액트로,2022-05-25,9800,9400,KOSDAQ,2657.0,-4.0816,0,90,1.6216,27.5748,2.6568,2.2567,6.5578,2,0.7946,28.2326,-4.2221,28.2401,1,7.98,6
322000,HD현대에너지솔루션,2022-05-26,33400,32450,KOSPI,8837.0,-2.8443,0,244,19.5212,6.6418,2.4524,1.6607,5.4259,3,3.7731,48.8443,-1.0083,77.3224,1,14.33,1
003030,세아제강지주,2022-05-26,165000,164500,KOSPI,6043.0,-0.303,3,25,10.7744,1.9252,0.905,1.2169,6.3178,4,11.1403,18.5083,-1.0083,147.3684,1,1.82,1
024110,기업은행,2022-05-26,11700,11150,KOSPI,192578.0,-4.7009,20,22,1.3636,0.9158,0.8746,0.874,1.8898,3,1.0823,2.3719,-1.0083,13.5438,0,1.79,-1
195870,해성디에스,2022-05-26,74700,71500,KOSPI,10370.0,-4.2838,8,20,1.707,0.8434,1.0554,1.0851,5.1848,4,11.4435,-1.9768,-1.0083,123.7872,0,3.36,-1
017390,서울가스,2022-05-27,213500,204000,KOSPI,3275.0,-4.4496,0,63,3.2911,0.7447,1.3324,1.065,2.556,4,0.6893,11.6728,-1.1037,65.1822,1,22.06,5
039440,에스티아이,2022-05-30,21550,21500,KOSDAQ,5544.0,-0.232,7,101,4.3689,3.8482,1.4749,1.3523,4.6346,3,5.1192,7.6749,-2.0238,53.5714,1,2.09,1
033780,KT&G,2022-05-30,86900,84000,KOSPI,202920.0,-3.3372,16,138,-0.8264,1.0268,0.9706,0.9884,1.0884,3,1.6628,2.637,-0.9421,9.6606,0,2.38,-1
071280,로체시스템즈,2022-05-30,6960,6630,KOSDAQ,1667.0,-4.7414,0,174,6.9355,0.9558,1.4997,0.6036,3.7707,4,3.3469,20.841,-2.0238,39.5789,0,4.83,-1
086280,현대글로비스,2022-05-31,108542,106041,KOSPI,182625.0,-2.3042,13,230,3.4143,1.7174,1.0559,0.9555,2.4934,4,6.1508,0.77,-0.0577,47.224,0,0.0,-1
010950,S-Oil,2022-05-31,117500,116000,KOSPI,113258.0,-1.2766,2,162,12.6214,1.3182,0.7527,1.019,3.5406,3,7.8741,9.4916,-0.0577,46.4646,1,6.03,3
175330,JB금융지주,2022-05-31,9270,8940,KOSPI,56586.0,-3.5599,15,152,1.9384,0.1395,0.136,0.7921,1.6858,4,1.6425,0.9606,-0.0577,28.0802,0,0.0,-1
179290,엠아이텍,2022-05-31,12200,11850,KOSDAQ,2402.0,-2.8689,0,31,17.3267,7.2281,1.592,0.8746,5.0934,4,14.5254,13.7952,-0.9381,176.8692,0,4.22,-1
253590,네오셈,2022-06-02,4695,4565,KOSDAQ,7313.0,-2.7689,0,40,5.0633,14.3438,1.9866,0.8327,5.1557,4,9.6219,10.2426,-1.8103,76.2548,0,0.11,-1
166090,하나머티리얼즈,2022-06-02,66800,64600,KOSDAQ,12045.0,-3.2934,9,20,2.3772,0.6451,0.7127,0.6486,3.4498,4,4.7648,-0.1624,-1.8103,58.7224,0,2.01,-1
054950,제이브이엠,2022-06-02,19650,18750,KOSDAQ,3155.0,-4.5802,2,20,7.1429,2.2248,1.0944,1.0737,3.981,3,7.2194,0.4945,-1.8103,46.4844,0,0.27,-1
023160,태광,2022-06-02,13500,13100,KOSDAQ,7606.0,-2.963,0,213,6.9388,1.4991,0.9102,1.3594,4.4984,3,5.5572,19.2991,-1.8103,40.4073,0,8.4,-1
012450,한화에어로스페이스,2022-06-02,59591,56942,KOSPI,590917.0,-4.4453,4,60,8.333,2.0348,1.1293,0.9799,2.6195,4,2.638,0.6222,-0.801,39.2327,1,8.76,4
035250,강원랜드,2022-06-03,29650,28250,KOSPI,39365.0,-4.7218,0,164,4.8237,1.0302,1.2004,0.5423,1.9848,2,0.9713,7.6729,-0.2584,30.485,0,1.42,-1
005810,풍산홀딩스,2022-06-03,21812,20967,KOSPI,5745.0,-3.874,0,187,3.1637,1.1168,1.2211,1.2729,2.1905,4,1.3761,2.907,-0.2584,19.0022,0,0.96,-1
017960,한국카본,2022-06-07,14400,14000,KOSPI,17571.0,-2.7778,5,20,5.6604,0.9179,0.7799,1.0938,3.8776,4,5.191,0.3312,-0.6871,53.8462,1,9.64,2
078930,GS,2022-06-07,49350,47300,KOSPI,65041.0,-4.154,5,248,5.9351,1.0888,0.9462,1.3144,2.386,3,3.8321,-0.1515,-0.6871,27.8378,0,2.75,-1
001120,LX인터내셔널,2022-06-08,42500,40500,KOSPI,17035.0,-4.7059,0,29,6.5789,1.17,1.0481,0.7181,2.769,4,9.5292,2.5972,0.5876,81.6143,0,3.7,-1
085910,네오티스,2022-06-08,6480,6310,KOSDAQ,1555.0,-2.6235,3,95,6.0504,1.37,1.0537,1.1303,5.2864,4,2.6069,17.8685,1.6391,61.175,0,1.27,-1
355150,코스텍시스,2022-06-08,10705,10275,KOSDAQ,1083.0,-4.0168,11,103,-0.2427,0.5043,0.8205,0.414,1.4258,4,2.2136,0.5489,1.6391,10.306,0,0.24,-1
013030,하이록코리아,2022-06-09,19900,19000,KOSDAQ,3901.0,-4.5226,5,248,0.7958,2.274,1.123,0.3823,2.6128,4,2.3272,-1.9284,2.4575,31.0345,0,0.0,-1
079550,LIG넥스원,2022-06-09,87900,84600,KOSPI,101420.0,-3.7543,5,21,6.8182,1.2487,0.8991,0.816,3.6136,4,5.2766,1.0617,1.1122,106.5934,0,2.25,-1
033780,KT&G,2022-06-15,86900,83300,KOSPI,202920.0,-4.1427,26,148,-2.3447,0.8648,0.9138,1.3347,1.4149,2,1.6298,5.5065,-5.746,8.7467,0,0.72,-1
071280,로체시스템즈,2022-06-15,6960,6620,KOSDAQ,1667.0,-4.8851,9,184,-4.058,0.5899,0.8737,1.1068,3.4312,4,7.1036,18.8416,-6.6382,39.3684,0,2.27,-1
225190,LK삼양,2022-06-16,2559,2432,KOSDAQ,1892.0,-4.9629,14,35,1.1227,2.279,1.6158,1.0574,2.0882,4,4.9895,8.8733,-7.3708,37.7123,0,12.25,-1
023160,태광,2022-06-21,13500,13000,KOSDAQ,7606.0,-3.7037,5,225,5.2632,1.2439,1.149,1.131,4.7253,2,6.1405,18.1021,-11.5448,39.3355,1,9.23,6
247540,에코프로비엠,2022-06-27,142097,135900,KOSDAQ,197559.0,-4.3611,0,148,4.4661,3.1774,1.6139,1.5507,6.0593,3,11.276,27.9453,-11.5706,170.1521,0,0.52,-1
100130,동국S&C,2022-06-29,6870,6620,KOSDAQ,1130.0,-3.639,0,107,24.6704,11.1667,1.7399,1.5326,6.6034,3,0.3881,35.2441,-13.9987,48.2643,0,0.91,-1
033780,KT&G,2022-06-29,86900,82900,KOSPI,202920.0,-4.603,33,158,0.8516,0.7216,0.8507,1.1728,1.5078,2,1.152,9.6158,-10.9254,8.2245,0,0.6,-1
013030,하이록코리아,2022-06-30,19600,18650,KOSDAQ,3901.0,-4.8469,22,166,14.7692,2.688,1.3975,1.2355,4.5576,2,-0.0229,15.4967,-16.5577,28.6207,0,1.07,-1
030200,KT,2022-07-01,38500,36700,KOSPI,152977.0,-4.6753,24,21,-1.6086,1.0068,1.0403,0.7416,2.0241,4,2.5185,10.7739,-13.2972,24.618,0,3.41,-1
033100,제룡전기,2022-07-04,7480,7250,KOSDAQ,8770.0,-3.0749,0,235,14.534,6.8749,2.1052,1.2661,6.9754,3,9.2129,32.5683,-18.9319,66.2844,0,9.24,-1
003230,삼양식품,2022-07-05,110500,105500,KOSPI,86479.0,-4.5249,7,51,0.9569,1.0136,0.9381,0.6824,4.9086,4,1.6755,23.6691,-10.8349,36.4812,0,3.32,-1
115310,인포바인,2022-07-06,32750,32300,KOSDAQ,2551.0,-1.374,0,226,25.6809,10.4155,1.6521,2.0637,8.1048,3,2.737,38.8869,-14.8946,52.7187,1,38.08,1
069620,대웅제약,2022-07-08,188500,179500,KOSPI,20728.0,-4.7745,3,45,3.7572,1.0232,0.8203,0.8587,4.4369,3,-0.679,11.7273,-9.4481,41.3386,1,8.91,7
179900,유티아이,2022-07-13,18850,18000,KOSDAQ,4393.0,-4.5093,10,37,4.6512,1.3091,0.7434,0.4241,4.0476,3,6.3523,18.4561,-4.5321,68.2243,1,47.22,6
200880,서연이화,2022-07-13,9190,8890,KOSPI,4135.0,-3.2644,2,250,13.6829,5.674,1.4455,1.1884,4.5878,3,5.3173,21.5196,-4.8529,46.9421,1,7.99,4
030200,KT,2022-07-15,38500,36600,KOSPI,152977.0,-4.9351,31,31,-0.1364,1.0426,0.8236,0.8572,1.6003,4,0.9614,5.1922,-4.5044,24.2784,0,7.38,-1
001450,현대해상,2022-07-18,34200,32850,KOSPI,29457.0,-3.9474,3,57,8.4158,1.2901,1.287,1.5426,4.0987,3,-1.0027,5.612,-0.66,45.0331,0,8.68,-1
003230,삼양식품,2022-07-19,110500,105000,KOSPI,86479.0,-4.9774,9,61,2.9412,0.4103,0.7967,0.7553,4.0408,4,0.7307,8.2831,-1.5758,35.8344,0,14.76,-1
030960,양지사,2022-07-21,15250,14700,KOSDAQ,1376.0,-3.6066,0,225,100.0,15.0766,3.8913,1.9636,8.0175,1,-5.2661,102.9794,11.3063,118.425,1,21.09,1
002710,TCC스틸,2022-07-22,14050,13800,KOSPI,4351.0,-1.7794,0,62,12.6531,3.6545,1.2909,0.9005,3.9596,4,1.8381,12.4588,1.1214,129.2359,1,9.06,1
005420,코스모화학,2022-07-25,19920,19285,KOSPI,6383.0,-3.1878,0,225,28.5238,1.6854,2.7301,1.202,5.1024,4,4.0785,19.8057,0.0737,94.0727,0,17.35,-1
017390,서울가스,2022-07-26,249000,238000,KOSPI,3275.0,-4.4177,17,20,1.4925,2.347,1.6202,0.8532,2.0408,3,9.3327,-1.0723,-0.3769,75.6458,1,11.97,7
214370,케어젠,2022-07-26,26599,25300,KOSDAQ,63437.0,-4.8836,2,59,27.7778,3.3422,2.1742,1.0198,4.9294,3,-3.5889,25.6425,2.6536,150.9921,1,21.03,1
101670,하이드로리튬,2022-07-26,2380,2290,KOSDAQ,1285.0,-3.7815,0,245,11.7073,3.5666,1.4725,0.751,4.3512,4,-0.4114,17.8727,2.6536,83.9357,0,3.28,-1
056190,에스에프에이,2022-07-27,44100,41950,KOSDAQ,11455.0,-4.8753,11,44,4.2236,0.8219,0.8942,0.6462,2.4519,3,0.2561,-0.0214,4.3746,28.4839,0,5.01,-1
322000,HD현대에너지솔루션,2022-07-27,37600,35800,KOSPI,8837.0,-4.7872,7,20,13.2911,1.2738,0.7984,1.0448,5.417,4,11.5496,-1.9959,1.5786,95.6284,1,88.55,1
004990,롯데지주,2022-07-27,39000,37150,KOSPI,34515.0,-4.7436,6,248,5.8405,0.7532,0.7132,1.0648,2.9994,4,1.8386,-1.5786,1.5786,45.1172,1,7.94,10
090460,비에이치,2022-07-27,29400,28100,KOSPI,6725.0,-4.4218,10,43,11.5079,0.7405,1.0457,0.8507,4.0544,3,-0.9873,9.4885,1.5786,62.8986,1,8.19,1
099190,아이센스,2022-07-27,19291,18465,KOSDAQ,5306.0,-4.2818,0,220,12.667,2.446,2.3211,1.2838,3.977,3,2.9065,22.6461,4.3746,42.4769,1,6.37,10
095570,AJ네트웍스,2022-07-28,7720,7540,KOSPI,2416.0,-2.3316,0,38,7.7143,3.5069,1.2738,0.6559,2.662,4,1.5978,12.4995,4.3997,57.0833,1,12.2,1
030200,KT,2022-07-29,38500,37750,KOSPI,152977.0,-1.9481,40,41,2.027,0.809,0.8529,0.658,1.4664,4,1.1414,-3.4753,6.3364,28.1834,1,4.11,8
009830,한화솔루션,2022-07-29,57327,54645,KOSPI,80102.0,-4.6784,0,194,31.929,6.0845,2.2661,1.5544,4.1419,2,1.583,8.173,6.3364,46.0042,1,20.09,8
064350,현대로템,2022-07-29,27500,26550,KOSPI,218285.0,-3.4545,0,239,8.8115,2.9894,2.3583,1.6236,5.3134,3,3.3107,20.6971,6.3364,50.4249,0,23.73,-1
100130,동국S&C,2022-07-29,6970,6950,KOSDAQ,1130.0,-0.2869,0,22,18.8034,26.262,2.7217,1.1101,3.9466,3,-0.8498,0.1541,10.1634,55.6551,1,11.51,1
047810,한국항공우주,2022-07-29,60000,57000,KOSPI,157227.0,-5.0,3,34,12.2047,1.7952,1.2502,1.0265,4.2669,3,4.9885,-5.9843,6.3364,112.2905,1,10.0,6
267260,HD현대일렉트릭,2022-07-29,28600,27450,KOSPI,338483.0,-4.021,0,202,17.8112,3.0485,1.5784,0.9794,5.1392,4,3.1291,3.4636,6.3364,74.2857,1,24.77,7
023160,태광,2022-08-01,14200,13700,KOSDAQ,7606.0,-3.5211,4,23,7.451,2.3362,0.9394,0.6314,3.9364,4,5.2975,-6.3597,11.7444,46.8382,1,43.8,7
013030,하이록코리아,2022-08-01,19600,18650,KOSDAQ,3901.0,-4.8469,14,188,3.8997,1.6418,0.9977,0.5406,2.1448,3,-1.545,-3.6284,11.7444,28.6207,1,44.24,6
014620,성광벤드,2022-08-01,12300,11900,KOSDAQ,8605.0,-3.252,2,22,12.2642,1.802,0.8203,0.7145,3.8715,4,4.1155,-3.0686,11.7444,62.1253,1,42.02,2
003230,삼양식품,2022-08-02,110500,105000,KOSPI,86479.0,-4.9774,9,71,0.9615,0.9341,0.8227,0.6807,3.0272,3,0.5101,-4.652,4.178,35.8344,1,14.76,4
100090,SK오션플랜트,2022-08-02,25650,24700,KOSPI,11290.0,-3.7037,0,175,18.1818,2.271,1.6522,0.6392,3.4847,2,1.3192,13.7217,4.178,60.3896,1,28.54,3
001450,현대해상,2022-08-02,34200,32650,KOSPI,29457.0,-4.5322,4,68,1.3975,1.2768,0.9959,0.5305,2.8331,4,-0.3781,-2.6228,4.178,44.1501,1,9.34,2
017960,한국카본,2022-08-02,15350,14750,KOSPI,17571.0,-3.9088,1,23,9.2593,2.4678,1.3559,0.5648,3.4867,3,0.3893,3.0947,4.178,62.0879,1,9.83,6
010690,화신,2022-08-03,10800,10300,KOSPI,3220.0,-4.6296,0,200,5.102,1.6605,0.9583,0.6542,4.4175,3,5.38,10.7266,7.3926,71.9533,1,10.68,1
000370,한화손해보험,2022-08-03,5440,5170,KOSPI,8510.0,-4.9632,0,81,8.3857,1.8788,1.6967,0.9018,3.6958,3,-2.6185,19.7906,7.3926,52.9586,0,3.68,-1
128940,한미약품,2022-08-05,317488,306891,KOSPI,75713.0,-3.3378,10,22,2.9076,1.897,0.9467,0.8201,2.1306,3,0.9199,-7.2045,5.964,36.9902,0,3.14,-1
143160,아이디스,2022-08-08,27600,26250,KOSDAQ,2016.0,-4.8913,15,228,6.2753,2.3524,1.3043,0.4908,1.932,3,-1.7986,3.62,8.3203,25.8993,0,1.52,-1
086670,비엠티,2022-08-08,14800,14350,KOSDAQ,1191.0,-3.0405,0,249,8.7121,17.5469,2.3284,0.7049,2.7128,4,0.787,8.8226,8.3203,40.6863,1,32.06,1
025770,한국정보통신,2022-08-08,10100,9800,KOSDAQ,3018.0,-2.9703,0,245,28.1046,617.8119,3.9247,2.3569,2.9227,2,-1.666,17.6437,8.3203,35.3591,1,23.47,1
005420,코스모화학,2022-08-09,19920,19384,KOSPI,6383.0,-2.6908,1,236,8.2421,2.3231,0.8473,0.8471,5.2934,4,5.9624,30.7226,8.012,95.0689,1,33.75,1
058860,KTis,2022-08-09,2950,2820,KOSPI,1020.0,-4.4068,0,248,4.4444,0.4718,0.4191,0.3848,2.2543,4,0.8154,3.4504,8.012,35.5769,0,3.72,-1
003030,세아제강지주,2022-08-10,167500,162500,KOSPI,6043.0,-2.9851,9,49,5.178,2.602,1.6549,1.1354,5.033,3,-0.8891,17.982,6.5391,112.141,1,24.92,1
082740,한화엔진,2022-08-10,8785,8710,KOSPI,45479.0,-0.8537,0,77,8.7798,4.3089,1.6694,1.1127,3.5124,3,-2.9645,20.0413,6.5391,58.8836,1,8.73,1
099190,아이센스,2022-08-10,19291,18991,KOSDAQ,5306.0,-1.5551,1,230,12.446,1.7895,0.7576,1.2853,5.2416,4,4.732,9.8275,7.4805,46.5355,1,3.95,2
083650,비에이치아이,2022-08-10,8350,8190,KOSDAQ,22775.0,-1.9162,0,24,14.8668,4.1931,1.1407,0.5836,5.1369,4,8.5888,8.361,7.4805,131.6832,1,43.47,1
075580,세진중공업,2022-08-10,7740,7450,KOSPI,10273.0,-3.7468,0,136,8.6006,3.4277,2.3585,0.6034,3.5858,3,-3.76,32.1946,6.5391,48.1113,1,19.46,6
005070,코스모신소재,2022-08-10,62232,62035,KOSPI,16938.0,-0.3166,0,75,9.4072,4.3243,1.5976,0.7938,4.1059,4,0.9515,19.0607,6.5391,99.6813,1,9.71,1
056190,에스에프에이,2022-08-11,44100,42200,KOSDAQ,11455.0,-4.3084,20,55,-0.5889,1.3287,0.9723,1.2411,2.8013,4,1.9014,0.2788,8.6244,29.2496,0,3.08,-1
008730,율촌화학,2022-08-12,28450,27850,KOSPI,6932.0,-2.109,0,146,15.3209,2.684,1.1215,0.92,3.5778,2,0.7497,30.8003,8.4497,63.3431,1,16.88,1
001080,만호제강,2022-08-12,27916,26627,KOSPI,2116.0,-4.6174,0,73,8.3499,0.289,1.0221,0.562,3.3926,3,-2.5509,18.3697,8.4497,45.3201,1,7.88,10
047050,포스코인터내셔널,2022-08-16,25950,25000,KOSPI,112591.0,-3.6609,1,223,19.6172,3.6151,2.2596,1.2448,3.6714,2,-4.9673,28.1076,6.6633,43.6782,1,13.4,3
029530,신도리코,2022-08-16,33900,32650,KOSPI,5685.0,-3.6873,16,46,3.1596,1.0852,0.8073,0.7377,1.1814,1,-1.0984,-3.8287,6.6633,9.9327,0,6.89,-1
005850,에스엘,2022-08-17,35650,35600,KOSPI,25314.0,-0.1403,0,181,14.8387,14.6446,2.1554,1.5718,3.4711,3,4.9653,6.1661,6.1367,61.086,1,15.59,1
003610,방림,2022-08-17,4380,4170,KOSPI,2392.0,-4.7945,0,86,16.156,1.5374,2.6224,0.6786,3.2974,3,-1.5853,27.3033,6.1367,93.5035,1,21.34,6
064350,현대로템,2022-08-17,26900,25800,KOSPI,218285.0,-4.0892,5,237,3.8229,0.3223,0.4595,0.5633,4.5543,3,10.4262,19.106,6.1367,46.1756,1,27.33,4
071280,로체시스템즈,2022-08-18,6960,6630,KOSDAQ,1667.0,-4.7414,10,229,3.7559,1.562,1.5376,0.6823,3.0812,4,3.5377,2.9861,4.4693,39.5789,0,13.42,-1
033500,동성화인텍,2022-08-18,13100,12450,KOSDAQ,8397.0,-4.9618,0,201,1.2195,1.3617,1.0321,0.8284,4.3603,3,0.7664,9.2293,4.4693,29.0155,1,14.06,1
333430,일승,2022-08-19,4900,4670,KOSDAQ,1761.0,-4.6939,0,73,18.3777,9.4819,2.2623,1.176,7.2117,4,-2.296,37.4284,2.392,111.7914,1,53.1,2
040300,YTN,2022-08-23,3935,3790,KOSDAQ,1707.0,-3.6849,2,243,1.3369,2.6364,1.2364,1.1772,1.7904,4,1.1874,6.0718,-0.794,39.3382,0,130.34,-1
006260,LS,2022-08-23,69400,66300,KOSPI,69264.0,-4.4669,7,250,6.4205,1.8659,1.3002,0.4184,3.2428,4,1.1798,18.792,1.3167,40.3175,0,3.62,-1
033100,제룡전기,2022-08-24,7950,7650,KOSDAQ,8770.0,-3.7736,1,36,9.2857,1.1245,0.5677,0.9804,4.5005,3,10.1084,2.972,0.4064,75.4587,1,35.95,1
077970,STX엔진,2022-08-24,17500,16850,KOSPI,13108.0,-3.7143,0,120,10.1307,7.1524,1.9243,1.0604,5.3201,3,3.975,21.1161,1.4294,101.3142,1,15.73,1
126340,비나텍,2022-08-24,48762,47809,KOSDAQ,7878.0,-1.9544,0,229,8.8448,2.3322,1.1614,1.3627,4.7832,3,5.2949,47.7651,0.4064,58.9976,1,2.65,1
005950,이수화학,2022-08-24,9175,8825,KOSPI,2385.0,-3.8147,0,228,8.9506,2.0363,2.0947,0.7516,4.2299,4,1.088,17.027,1.4294,56.1947,1,94.05,1
053690,한미글로벌,2022-08-25,14400,13800,KOSPI,2208.0,-4.1667,0,100,4.1509,10.2651,1.7693,1.2646,5.176,3,-0.9586,14.8913,2.5555,45.7233,1,107.61,1
004360,세방,2022-08-25,14200,13500,KOSPI,2923.0,-4.9296,0,235,5.4688,1.5049,1.3637,0.7371,2.6455,3,1.3548,14.3276,2.5555,37.7551,1,18.52,7
094170,동운아나텍,2022-08-25,9620,9529,KOSDAQ,6524.0,-0.9459,0,154,15.3353,2.3611,1.1255,0.8458,3.2427,3,14.3761,12.7352,1.4666,106.1216,1,8.13,1
001120,LX인터내셔널,2022-08-25,42500,40800,KOSPI,17035.0,-4.0,3,84,14.9296,1.0118,1.6567,0.7082,3.1162,3,-3.2113,25.9484,2.5555,82.9596,1,21.69,2
281740,레이크머티리얼즈,2022-08-26,5690,5480,KOSDAQ,16038.0,-3.6907,0,248,15.1261,7.7126,2.9129,1.2031,4.1515,3,0.135,8.429,0.5173,46.5241,1,34.67,2
033780,KT&G,2022-08-26,86900,82600,KOSPI,202920.0,-4.9482,17,199,1.2255,0.6126,0.9701,0.5834,0.761,3,-0.8903,-1.27,1.8791,7.8329,0,5.08,-1
000700,유수홀딩스,2022-08-26,6880,6640,KOSPI,1570.0,-3.4884,0,173,3.75,1.9585,1.3419,1.177,2.1515,4,1.0045,7.3315,1.8791,29.4347,0,1.96,-1
001080,만호제강,2022-08-29,27916,27486,KOSPI,2116.0,-1.5403,8,83,6.4689,1.7822,1.0397,0.8677,3.6582,3,2.0359,21.0039,-1.0039,43.6425,1,4.51,1
214430,아이쓰리시스템,2022-08-29,21600,20600,KOSDAQ,8359.0,-4.6296,0,106,11.3514,9.6952,2.4073,0.9763,3.7275,3,-1.0163,7.5214,-2.9529,31.2102,0,0.97,-1
236200,슈프리마,2022-08-29,27050,25950,KOSDAQ,3440.0,-4.0665,0,107,9.7252,3.7035,1.5631,1.0837,3.1792,2,1.3402,11.9865,-2.9529,33.0769,0,4.05,-1
044490,태웅,2022-08-29,14200,13650,KOSDAQ,5902.0,-3.8732,0,84,6.2257,5.1243,1.5463,1.1999,6.4887,2,6.4663,35.4772,-2.9529,0.0,0,2.93,-1
095660,네오위즈,2022-08-29,39400,38750,KOSDAQ,5836.0,-1.6497,0,160,29.1667,15.5928,2.9891,1.2507,6.4977,3,13.1804,43.6062,-2.9529,105.0265,1,10.32,2
121600,나노신소재,2022-08-30,99300,96900,KOSDAQ,8890.0,-2.4169,0,61,15.22,2.9971,1.456,1.2476,4.9757,4,2.8794,16.1217,-1.3113,182.5073,1,3.72,6
029530,신도리코,2022-08-30,33900,32650,KOSPI,5685.0,-3.6873,16,56,0.6163,0.5577,0.6649,0.7696,1.4658,2,-0.6279,2.7268,-0.0538,7.225,1,14.85,10
007390,네이처셀,2022-08-30,28150,27250,KOSDAQ,14691.0,-3.1972,0,25,17.2043,6.7772,2.3774,1.3222,5.7667,4,10.5931,18.2641,-1.3113,92.5795,0,1.28,-1
003120,일성아이에스,2022-09-02,18043,17422,KOSPI,3019.0,-3.4418,0,92,8.339,45.1861,2.8966,1.9357,2.669,3,-0.9987,14.3986,-2.5757,26.2738,1,65.51,1
114190,강원에너지,2022-09-06,7100,6820,KOSDAQ,4164.0,-3.9437,2,47,11.8033,2.7573,1.4987,0.8542,5.5561,3,6.3746,37.5929,-6.1864,0.0,1,45.6,1
040300,YTN,2022-09-06,3890,3700,KOSDAQ,1707.0,-4.8843,9,245,0.955,0.8078,0.8931,0.8693,2.4035,3,1.4477,8.3963,-6.1864,36.0294,1,135.95,6
006260,LS,2022-09-06,69300,66700,KOSPI,69264.0,-3.7518,7,245,-0.5961,1.1071,0.8839,0.6059,3.3947,4,1.2286,12.4977,-3.3324,41.164,0,0.45,-1
002350,넥센타이어,2022-09-07,8450,8080,KOSPI,9503.0,-4.3787,0,250,21.3213,2.6735,3.2057,1.6123,3.5891,2,3.088,28.8096,-5.073,56.8932,0,3.22,-1
006220,제주은행,2022-09-08,7360,7020,KOSPI,5840.0,-4.6196,0,175,16.2252,5.801,1.6666,1.1477,7.4379,2,-0.1529,36.3466,-3.8938,71.2195,1,59.54,2
214370,케어젠,2022-09-08,30620,30380,KOSDAQ,63437.0,-0.7838,1,22,21.52,1.5241,1.412,1.2725,5.3369,4,9.0829,13.3672,-5.1763,201.3889,1,7.24,1
005160,동국산업,2022-09-08,4120,3920,KOSDAQ,1557.0,-4.8544,0,223,1.0309,0.5729,0.3611,0.8701,5.0747,2,1.6771,33.7009,-5.1763,47.0919,1,70.92,2
035900,JYP Ent.,2022-09-08,66200,63000,KOSDAQ,25299.0,-4.8338,0,105,5.7047,1.4661,0.954,0.74,3.0726,3,2.9309,16.0918,-5.1763,67.5532,0,2.38,-1
030200,KT,2022-09-08,39300,37450,KOSPI,152977.0,-4.7074,29,20,2.1828,1.3406,0.9151,1.341,1.831,3,0.7551,1.293,-3.8938,27.1647,0,-0.13,-1
357550,석경에이티,2022-09-13,23300,22350,KOSDAQ,3213.0,-4.0773,0,243,18.883,2.0155,2.5053,1.1926,4.4903,4,7.01,18.8646,-4.2492,72.5869,1,13.65,2
033780,KT&G,2022-09-13,86900,83200,KOSPI,202920.0,-4.2578,16,209,0.241,1.4334,1.162,0.9367,1.0216,3,-0.863,5.0275,-2.9416,8.6162,0,5.41,-1
219130,타이거일렉,2022-09-13,23300,22500,KOSDAQ,2191.0,-3.4335,0,174,12.782,0.3266,0.4838,0.8725,7.0317,2,-1.8264,45.3151,-4.2492,80.0,1,6.67,1
003670,포스코퓨처엠,2022-09-13,177383,173992,KOSPI,196571.0,-1.9117,0,233,9.1187,1.6131,0.9125,0.7629,3.7803,4,9.3459,14.7796,-2.9416,86.7869,1,5.01,1
236200,슈프리마,2022-09-14,27050,26450,KOSDAQ,3440.0,-2.2181,8,117,4.1339,0.6055,0.7911,0.9756,3.8212,2,4.2569,15.8352,-5.856,35.641,0,1.32,-1
213500,한솔제지,2022-09-14,17300,16950,KOSPI,2068.0,-2.0231,0,250,5.6075,3.2063,1.4287,0.9992,3.5609,4,4.052,15.7568,-4.6093,50.6667,1,3.54,3
015890,태경산업,2022-09-14,8260,7960,KOSPI,1416.0,-3.632,0,86,17.9259,7.334,2.6476,1.2431,3.733,3,0.3414,23.9496,-4.6093,39.8946,0,3.39,-1
071280,로체시스템즈,2022-09-14,6960,6800,KOSDAQ,1667.0,-2.2989,3,246,13.9028,3.6301,1.5372,1.4545,5.3151,3,-0.9784,9.9907,-5.856,43.1579,1,11.03,1
123410,코리아에프티,2022-09-15,4070,3980,KOSDAQ,2183.0,-2.2113,0,213,15.1954,5.6147,3.0377,1.894,5.8597,2,-0.7628,40.8519,-6.3924,72.6681,1,12.56,1
024880,케이피에프,2022-09-15,10250,10000,KOSDAQ,1219.0,-2.439,1,22,12.8668,3.2086,1.2581,0.8646,5.7,4,11.1016,15.9214,-6.3924,151.5723,1,7.5,1
056190,에스에프에이,2022-09-16,44100,42150,KOSDAQ,11455.0,-4.4218,13,78,5.375,1.5397,0.8986,0.8431,2.5589,4,-0.5583,7.5315,-6.9348,29.0965,0,2.02,-1
000700,유수홀딩스,2022-09-20,6880,6580,KOSPI,1570.0,-4.3605,2,188,3.1348,1.7182,1.0159,1.2293,2.5076,4,2.4043,7.8207,-5.0082,28.2651,0,3.34,-1
039340,한국경제TV,2022-09-20,7640,7310,KOSDAQ,1220.0,-4.3194,0,209,18.2848,98.7566,3.9415,2.1793,4.3385,2,1.4946,22.6422,-6.6104,32.9091,1,21.2,1
280360,롯데웰푸드,2022-09-20,137000,130500,KOSPI,11733.0,-4.7445,0,247,2.3529,1.1946,0.8403,0.6502,1.8883,3,3.6653,9.8275,-5.0082,20.2765,1,6.51,8
200880,서연이화,2022-09-20,9600,9340,KOSPI,4135.0,-2.7083,3,30,2.6374,2.2383,1.2852,0.843,4.0762,4,2.3583,9.9521,-5.0082,54.3802,0,0.86,-1
192650,드림텍,2022-09-21,12500,12000,KOSPI,5412.0,-4.0,0,176,12.1495,1.7045,2.2683,1.3662,3.4226,2,-0.8149,35.8294,-4.6818,33.3333,0,0.0,-1
005500,삼진제약,2022-09-22,27700,27200,KOSPI,2588.0,-1.8051,0,36,9.899,11.1854,3.1936,2.0106,3.0068,2,0.547,14.3521,-4.2306,16.2393,1,4.78,3
053700,삼보모터스,2022-09-22,7190,6980,KOSDAQ,1821.0,-2.9207,0,239,39.7397,35.7889,3.853,2.2134,5.4851,2,3.3822,55.9902,-4.0859,102.907,0,1.29,-1
078930,GS,2022-09-22,49350,47400,KOSPI,65041.0,-3.9514,0,93,3.8335,1.6328,0.9894,0.7008,2.2378,3,0.7741,9.447,-4.2306,28.1081,0,0.53,-1
000670,영풍,2022-09-22,70579,67186,KOSPI,10720.0,-4.8074,0,250,4.5452,3.7933,0.9998,1.096,3.7265,2,2.1015,26.11,-4.2306,43.0311,1,11.36,1
093190,빅솔론,2022-09-23,8640,8310,KOSDAQ,1503.0,-3.8194,4,23,1.0949,1.518,0.7638,0.8172,4.6244,4,6.8928,24.5912,-8.0415,54.1744,1,7.7,3
131400,이브이첨단소재,2022-09-23,4015,3861,KOSDAQ,1118.0,-3.8356,1,63,16.4355,12.4586,2.398,1.9524,6.9764,3,-3.7472,34.6731,-8.0415,67.5054,1,16.32,1
016710,대성홀딩스,2022-09-26,91400,88800,KOSPI,1411.0,-2.8446,30,20,0.1127,1.0973,0.7876,0.5904,1.7616,4,9.3724,9.6758,-10.3469,126.242,1,17.12,9
003230,삼양식품,2022-09-27,120500,114500,KOSPI,86479.0,-4.9793,7,27,5.0459,1.8978,1.4487,1.3628,4.1797,4,4.4437,10.804,-10.3655,48.1242,0,0.87,-1
033780,KT&G,2022-09-27,86900,86300,KOSPI,202920.0,-0.6904,19,219,0.116,1.2598,1.2044,1.4337,1.2663,3,0.1764,14.8449,-10.3655,12.6632,1,8.46,2
052020,에스티큐브,2022-09-27,25270,24626,KOSDAQ,5840.0,-2.5485,0,25,7.2141,1.912,0.8832,0.8858,13.8321,4,42.4923,43.4923,-13.0027,0.0,1,6.54,1
097950,CJ제일제당,2022-09-27,437000,420000,KOSPI,34399.0,-3.8902,9,32,3.8319,2.2114,1.7333,1.0738,2.8571,3,1.9323,11.6924,-10.3655,26.506,0,0.0,-1
049720,고려신용정보,2022-09-29,13800,13700,KOSDAQ,1469.0,-0.7246,0,54,19.6507,3.9451,2.2646,1.0565,7.2471,4,6.5783,30.9126,-15.3007,89.7507,1,12.77,1
000700,유수홀딩스,2022-10-07,6880,6630,KOSPI,1570.0,-3.6337,6,200,3.271,1.1368,1.6168,1.9011,3.7061,4,3.4575,13.0934,-7.3518,29.2398,0,8.75,-1
004360,세방,2022-10-11,16000,15400,KOSPI,2923.0,-3.75,5,20,2.6667,0.7636,0.9333,1.3057,2.9917,4,12.8888,9.7458,-7.759,57.1429,1,17.86,10
083930,아바코,2022-10-11,14000,13550,KOSDAQ,2353.0,-3.2143,0,102,24.8848,2.9483,2.3026,1.8857,5.34,3,2.9683,30.1631,-12.8471,37.9837,1,35.79,3
236200,슈프리마,2022-10-12,27050,25700,KOSDAQ,3440.0,-4.9908,12,135,11.4967,2.7142,1.3655,1.3808,4.5025,3,4.7007,12.8738,-13.646,31.7949,0,11.67,-1
089600,KT나스미디어,2022-10-14,30996,30176,KOSDAQ,1455.0,-2.6455,0,193,8.8836,2.5833,1.4408,1.4535,5.8807,2,10.2689,35.9635,-13.3716,55.0429,1,6.95,1
003670,포스코퓨처엠,2022-10-18,182715,177384,KOSPI,196571.0,-2.9177,5,20,12.2698,2.4317,1.1218,1.0691,5.074,4,13.3438,8.673,-5.5746,90.4283,1,30.6,1
078930,GS,2022-10-18,49350,47300,KOSPI,65041.0,-4.154,1,109,7.8677,1.1747,0.9467,1.168,2.7862,3,3.2136,8.1776,-5.5746,27.8378,0,3.81,-1
002350,넥센타이어,2022-10-20,8340,7950,KOSPI,9503.0,-4.6763,5,24,8.4584,0.9766,0.9068,1.2044,4.6092,4,9.4562,6.8304,-6.3247,54.3689,0,0.38,-1
012320,경동인베스트,2022-10-20,39300,37550,KOSPI,1630.0,-4.4529,2,129,33.156,31.8508,2.7625,2.2955,3.8805,0,-3.4602,14.227,-6.3247,33.3925,1,272.84,1
000700,유수홀딩스,2022-10-25,6880,6560,KOSPI,1570.0,-4.6512,7,211,1.2346,1.0154,0.5947,1.0335,3.027,4,2.575,4.5794,-2.3987,27.8752,1,18.45,1
071280,로체시스템즈,2022-10-25,7550,7220,KOSDAQ,1667.0,-4.3709,6,21,-1.0959,0.4834,0.4415,1.3832,5.6886,4,4.2021,4.4583,-5.5542,52.0,1,15.65,1
036560,KZ정밀,2022-10-25,11500,11200,KOSDAQ,2189.0,-2.6087,6,20,3.7037,1.7864,1.6094,0.7825,5.1339,4,7.8821,12.7312,-5.5542,44.3299,1,26.79,2
032190,다우데이타,2022-10-26,15600,15050,KOSDAQ,10705.0,-3.5256,0,231,5.614,1.2929,1.1205,1.0704,3.7019,3,10.5126,10.7833,-1.3288,55.1546,1,66.11,4
236200,슈프리마,2022-10-26,27050,26450,KOSDAQ,3440.0,-2.2181,21,145,0.1894,0.3404,0.7203,0.5582,3.8617,2,3.8405,15.3374,-1.3288,35.641,1,8.51,6
097950,CJ제일제당,2022-10-27,437000,416500,KOSPI,34399.0,-4.6911,10,52,3.2218,1.2806,0.9378,0.9227,2.4524,3,0.5834,-3.7526,2.9192,25.4518,0,3.0,-1
005070,코스모신소재,2022-10-27,69640,67073,KOSPI,16938.0,-3.6861,4,30,6.9284,2.3732,1.0869,1.1268,4.4814,3,4.0613,18.3306,2.9192,115.8979,1,5.01,4
032830,삼성생명,2022-10-28,70900,67400,KOSPI,395400.0,-4.9365,0,249,1.8127,0.8819,0.9023,0.6912,1.9288,2,2.9679,5.5619,4.5688,20.3571,0,4.15,-1
006260,LS,2022-10-31,69100,66500,KOSPI,69264.0,-3.7627,8,99,4.3956,0.9052,0.8014,1.0272,3.7272,3,3.6933,12.0481,5.651,40.7407,1,13.83,1
006400,삼성SDI,2022-10-31,755813,721547,KOSPI,307031.0,-4.5337,0,234,13.3846,0.8924,1.3662,1.3044,3.334,4,4.1903,24.5611,5.651,59.3515,1,6.24,10
028260,삼성물산,2022-11-01,125500,120000,KOSPI,538826.0,-4.3825,15,52,9.0909,0.6723,1.3233,1.3407,2.6786,2,-1.3251,7.6038,8.3382,18.2266,0,5.83,-1
121600,나노신소재,2022-11-01,100500,97700,KOSDAQ,8890.0,-2.7861,7,33,12.2989,1.4971,0.9713,0.9642,4.5621,3,4.0833,18.2044,4.0734,129.8824,0,2.25,-1
033100,제룡전기,2022-11-01,10400,10100,KOSDAQ,8770.0,-2.8846,3,34,14.9033,2.6868,0.9289,0.8018,4.5686,3,9.8578,1.7966,4.0734,131.6514,1,22.28,3
015230,대창단조,2022-11-03,6970,6840,KOSPI,1949.0,-1.8651,0,115,12.1311,1.383,1.6911,0.6414,3.9891,4,5.0564,27.1578,5.144,0.0,1,43.13,6
001450,현대해상,2022-11-04,35700,33950,KOSPI,29457.0,-4.902,6,55,2.568,1.0099,0.8725,1.0684,2.7246,4,-0.2088,10.5353,4.9409,49.8896,0,0.44,-1
267270,HD건설기계,2022-11-04,50600,49150,KOSPI,62462.0,-2.8656,0,204,21.9603,1.8055,1.6104,1.1911,5.2681,2,-1.4011,36.2948,4.9409,63.8333,1,30.01,6
003230,삼양식품,2022-11-04,120500,117000,KOSPI,86479.0,-2.9046,8,53,5.8824,1.4212,0.8947,0.5181,3.6325,3,1.3289,4.4049,4.9409,51.3583,0,1.28,-1
267250,HD현대,2022-11-07,66000,63800,KOSPI,193533.0,-3.3333,2,102,4.7619,1.7898,1.1075,0.9609,2.4407,3,2.7457,1.7296,6.223,40.2198,0,2.04,-1
078930,GS,2022-11-07,49350,48800,KOSPI,65041.0,-1.1145,3,123,6.087,2.0155,0.8908,1.0637,2.481,4,4.4759,3.5633,6.223,31.8919,0,0.61,-1
004690,삼천리,2022-11-07,300000,289000,KOSPI,6005.0,-3.6667,5,20,3.5842,0.44,0.7885,0.5467,2.7187,4,14.8403,-6.5678,6.223,250.7282,1,37.37,2
114090,GKL,2022-11-08,16500,15700,KOSPI,8245.0,-4.8485,19,147,7.5342,0.8988,1.4425,1.009,3.7307,3,1.5905,-5.4683,9.4418,35.9307,1,15.29,3
357550,석경에이티,2022-11-09,25400,24400,KOSDAQ,3213.0,-3.937,1,32,6.3181,3.8829,1.2925,0.6374,4.2008,4,7.8497,6.5714,6.3915,88.417,1,14.14,5
041440,현대에버다임,2022-11-09,10800,10300,KOSDAQ,1607.0,-4.6296,0,119,24.6973,0.8927,1.7986,0.6179,7.3925,3,-0.7669,43.9734,6.3915,130.6831,1,7.28,1
097950,CJ제일제당,2022-11-10,437000,422000,KOSPI,34399.0,-3.4325,16,62,-1.171,1.754,1.2788,0.7123,2.4458,4,1.1574,-2.4439,11.0668,27.1084,0,1.42,-1
002200,한국수출포장,2022-11-10,2835,2780,KOSPI,1286.0,-1.94,0,105,6.5134,1.7135,1.7294,1.0198,2.1326,3,3.9624,4.0471,11.0668,35.2798,1,18.35,3
023910,대한약품,2022-11-11,30200,28700,KOSDAQ,1800.0,-4.9669,0,244,1.9538,0.5197,0.5992,0.3977,1.6675,2,0.8168,2.9994,7.8114,18.3505,1,8.01,5
094170,동운아나텍,2022-11-11,10304,9848,KOSDAQ,6524.0,-4.4255,5,42,6.3959,0.9845,1.1296,0.5738,4.42,4,3.4497,11.5294,7.8114,104.57,1,15.28,2
064820,케이프,2022-11-11,5500,5250,KOSDAQ,3356.0,-4.5455,0,171,6.7073,2.2364,1.415,0.5614,3.1633,2,0.8862,19.0002,7.8114,36.1868,0,1.33,-1
032830,삼성생명,2022-11-11,70300,67400,KOSPI,395400.0,-4.1252,11,112,-0.1481,1.3546,1.011,0.3369,1.9924,4,3.5019,-9.4868,12.2307,20.3571,0,9.94,-1
112610,씨에스윈드,2022-11-11,71000,70800,KOSPI,18134.0,-0.2817,6,49,13.6437,2.6234,1.6801,1.0912,4.6005,3,4.0235,-0.0278,12.2307,55.6044,1,13.7,1
028050,삼성E&A,2022-11-11,28300,26900,KOSPI,64582.0,-4.947,0,156,4.0619,1.543,1.0906,0.9168,3.9963,3,6.9666,-3.3238,12.2307,45.7995,0,2.04,-1
006400,삼성SDI,2022-11-14,755813,743086,KOSPI,307031.0,-1.6839,6,244,2.5676,1.1666,0.8619,0.9592,3.7455,4,6.5219,13.9692,11.4853,64.1084,0,-0.4,-1
111770,영원무역,2022-11-14,53000,51300,KOSPI,43071.0,-3.2075,0,150,5.0154,3.8236,1.3964,1.0422,2.9449,3,4.5784,4.9733,11.4853,39.9727,0,0.78,-1
009970,영원무역홀딩스,2022-11-14,59400,57500,KOSPI,30711.0,-3.1987,0,112,6.679,3.105,1.2957,0.9467,2.5217,4,3.399,0.3824,11.4853,29.7968,0,5.91,-1
028260,삼성물산,2022-11-15,125500,123000,KOSPI,538826.0,-1.992,18,62,1.2346,0.7229,0.9855,0.4656,2.3519,3,-0.6635,0.5715,10.2393,21.1823,1,3.25,2
022100,포스코DX,2022-11-15,6800,6460,KOSPI,58609.0,-5.0,9,250,2.5397,1.2396,0.9715,0.7315,3.2176,2,0.6039,4.2997,10.2393,30.9017,0,18.11,-1
271560,오리온,2022-11-16,113000,109500,KOSPI,50685.0,-3.0973,3,85,11.6208,2.0848,1.7146,1.1165,2.4723,3,-0.5069,-0.0091,10.727,36.5337,1,9.13,6
036890,진성티이씨,2022-11-16,13500,12850,KOSDAQ,3411.0,-4.8148,0,135,13.7168,1.6751,1.9538,1.0827,5.3474,2,1.0412,33.2908,7.6083,63.486,1,22.57,2
049520,유아이엘,2022-11-16,2250,2206,KOSDAQ,1213.0,-1.9556,17,52,11.9797,3.5136,3.0539,1.1624,3.9794,3,0.025,2.6917,7.6083,82.9187,1,5.53,2
02826K,삼성물산우B,2022-11-16,115000,111500,KOSPI,2722.0,-3.0435,0,171,4.2056,1.8548,1.354,0.7728,2.1461,2,-1.2995,2.9325,10.727,22.5275,0,2.24,-1
079370,제우스,2022-11-16,10732,10200,KOSDAQ,5661.0,-4.9571,0,160,4.0816,1.2582,1.234,0.7405,4.5511,3,2.4586,22.61,7.6083,67.2405,1,8.65,2
282330,BGF리테일,2022-11-17,204000,198000,KOSPI,21812.0,-2.9412,0,126,11.236,1.1939,1.2497,1.3206,3.2107,3,1.4306,2.3647,10.1353,45.0549,1,10.86,6
298040,효성중공업,2022-11-21,78400,77000,KOSPI,218847.0,-1.7857,2,55,11.1111,1.6633,1.117,0.6257,5.1763,4,0.4262,37.9112,8.1989,72.8395,1,17.92,1
078930,GS,2022-11-21,49350,47150,KOSPI,65041.0,-4.458,11,133,-2.8836,0.7966,0.7812,0.7626,2.6511,4,3.5944,-7.5585,8.1989,27.4324,0,4.14,-1
267250,HD현대,2022-11-21,66000,64200,KOSPI,193533.0,-2.7273,6,112,2.8846,1.8086,0.9026,0.7878,2.4255,4,2.0989,4.0389,8.1989,41.0989,0,2.02,-1
010130,고려아연,2022-11-22,683000,656000,KOSPI,355049.0,-3.9531,1,55,3.47,0.8607,0.8215,0.6835,3.811,3,4.6355,0.4575,7.615,48.7528,1,4.42,1
010120,LS ELECTRIC,2022-11-22,61500,58900,KOSPI,191100.0,-4.2276,1,60,11.3422,1.8908,1.3455,0.9027,3.4805,3,-1.9145,11.2549,7.615,47.25,0,3.9,-1
000210,DL,2022-11-23,73000,69500,KOSPI,9703.0,-4.7945,0,98,5.4628,2.7001,1.1964,0.9062,3.3299,3,-1.6074,11.7228,7.4881,28.9425,0,2.45,-1
095660,네오위즈,2022-11-24,42750,41450,KOSDAQ,5836.0,-3.0409,0,56,8.9356,2.3,1.1814,1.2391,5.0405,4,7.9327,8.9339,6.205,119.3122,0,2.53,-1
190510,나무가,2022-11-24,14600,14350,KOSDAQ,3371.0,-1.7123,0,165,10.3846,3.4666,1.7522,0.6667,4.3803,3,6.6444,15.4052,6.205,64.9425,1,29.27,1
009830,한화솔루션,2022-11-24,69740,67370,KOSPI,80102.0,-3.3983,3,48,8.6508,1.5005,0.7847,0.6227,3.9152,3,2.5773,-2.2171,6.6651,80.0037,0,0.74,-1
003550,LG,2022-11-25,89000,85000,KOSPI,143272.0,-4.4944,3,235,2.0408,0.6763,0.8227,0.9015,1.9664,4,0.3501,0.1245,7.4705,22.1264,0,0.59,-1
032830,삼성생명,2022-11-25,70300,69800,KOSPI,395400.0,-0.7112,20,122,4.9624,0.7129,0.8791,0.7751,1.7294,3,3.2479,-3.9096,7.4705,24.6429,1,7.02,2
083420,그린케미칼,2022-11-29,13600,13450,KOSPI,1507.0,-1.1029,0,38,12.0833,1.0768,1.2802,0.8624,7.7536,3,9.4689,27.6589,4.2039,112.1451,1,4.09,2
200880,서연이화,2022-11-29,9600,9160,KOSPI,4135.0,-4.5833,1,78,3.1532,1.576,0.7094,0.5657,4.0783,3,-2.1728,22.4904,4.2039,51.405,1,9.17,4
064350,현대로템,2022-11-30,32850,31850,KOSPI,218285.0,-3.0441,0,64,6.5217,0.8569,0.715,1.1204,4.2723,4,0.2699,22.6222,5.8052,80.4533,0,1.41,-1
024110,기업은행,2022-11-30,11700,11200,KOSPI,192578.0,-4.2735,0,149,2.2831,2.7319,1.1115,0.6344,1.6582,3,4.002,0.8615,5.8052,27.5626,0,0.89,-1
051910,LG화학,2022-11-30,774000,740000,KOSPI,226601.0,-4.3928,1,217,5.5635,1.2859,1.0228,0.7193,3.7741,4,3.8708,4.3138,5.8052,69.3364,0,2.03,-1
009970,영원무역홀딩스,2022-11-30,59400,56900,KOSPI,30711.0,-4.2088,3,124,2.8933,2.011,0.9599,0.586,2.95,4,3.3291,-1.2096,5.8052,28.4424,1,14.24,2
030200,KT,2022-11-30,39300,37400,KOSPI,152977.0,-4.8346,1,75,0.6729,1.0714,0.7741,0.5872,1.5852,3,-1.2802,-2.2041,5.8052,26.9949,0,1.87,-1
02826K,삼성물산우B,2022-11-30,115000,110500,KOSPI,2722.0,-3.913,5,181,1.3761,1.559,0.6385,0.7158,2.2948,2,0.089,-0.5671,5.8052,21.4286,0,0.9,-1
006220,제주은행,2022-11-30,11200,11050,KOSPI,5840.0,-1.3393,0,45,34.7561,4.9155,1.9378,1.2211,5.1067,4,12.8211,33.8914,5.8052,169.5122,1,38.01,1
000250,삼천당제약,2022-12-01,47850,47400,KOSDAQ,120337.0,-0.9404,0,234,33.3333,7.7452,3.3803,1.97,5.4551,2,-0.4113,45.2284,6.6947,81.6092,1,7.38,1
006405,삼성SDI우,2022-12-01,346479,330095,KOSPI,3292.0,-4.7287,4,241,1.9347,0.9935,0.8746,0.4655,2.5339,4,3.3758,-5.7337,6.4688,34.3144,0,0.0,-1
005490,POSCO홀딩스,2022-12-01,316000,301000,KOSPI,300261.0,-4.7468,0,217,3.9724,0.9948,0.9279,0.4946,2.8002,3,5.038,10.1978,6.4688,42.654,0,0.0,-1
101360,에코앤드림,2022-12-01,26051,25695,KOSDAQ,3700.0,-1.3666,2,133,14.8945,4.976,2.1169,0.8732,4.3983,4,0.6315,5.4175,6.6947,61.6139,1,3.7,1
035900,JYP Ent.,2022-12-01,66200,64600,KOSDAQ,25299.0,-2.4169,2,161,4.7002,2.264,0.9325,1.0308,3.6267,4,-0.4604,15.4225,6.6947,71.8085,1,5.88,7
001800,오리온홀딩스,2022-12-01,16450,15650,KOSPI,14189.0,-4.8632,0,235,3.6424,1.4325,1.1252,0.8451,2.031,3,-0.1769,4.5241,6.4688,16.3569,0,3.83,-1
034230,파라다이스,2022-12-02,18250,17400,KOSPI,19636.0,-4.6575,0,165,7.4074,0.8628,1.1845,0.8195,3.3456,3,1.9359,11.574,3.6578,44.3983,0,5.46,-1
267250,HD현대,2022-12-05,66000,64200,KOSPI,193533.0,-2.7273,14,122,-0.4651,0.8286,1.0339,0.6629,2.036,4,1.6006,-1.377,2.004,41.0989,0,2.02,-1
018250,애경산업,2022-12-05,20750,20000,KOSPI,3592.0,-3.6145,0,148,27.3885,1.826,1.2768,1.2191,5.7679,2,7.0909,33.1312,2.004,92.3077,1,8.5,2
005500,삼진제약,2022-12-07,28500,27650,KOSPI,2588.0,-2.9825,6,48,6.142,5.3676,1.7377,0.8973,2.8416,3,1.4394,12.3159,-1.7159,19.9566,0,3.07,-1
006040,동원산업,2022-12-08,48829,47921,KOSPI,19425.0,-1.8596,0,138,12.488,11.8443,2.738,1.5166,22.9465,3,1.4001,23.8568,-1.2967,0.0,1,2.46,1
003230,삼양식품,2022-12-09,120500,116500,KOSPI,86479.0,-3.3195,2,78,3.5556,0.7524,0.5953,0.4981,2.2379,4,-1.0272,12.1624,-3.7903,44.9005,1,13.73,7
004370,농심,2022-12-09,349000,337000,KOSPI,26855.0,-3.4384,0,209,3.2159,1.5011,0.8597,0.7006,1.9394,4,3.0044,14.8282,-3.7903,28.381,1,8.01,8
006110,삼아알미늄,2022-12-12,35600,34650,KOSPI,4266.0,-2.6685,0,27,7.2755,3.8336,1.3364,0.6693,3.7003,4,6.4198,9.1068,-4.1068,119.3038,1,28.28,3
000810,삼성화재,2022-12-13,223500,212500,KOSPI,245700.0,-4.9217,0,228,7.3232,1.4008,1.3079,1.0217,2.1345,3,1.023,13.3258,-4.3514,20.0565,0,2.59,-1
02826K,삼성물산우B,2022-12-14,115000,109500,KOSPI,2722.0,-4.7826,11,191,-0.4545,0.4845,0.528,0.9393,2.0222,2,1.526,1.3627,-3.1565,20.3297,0,0.0,-1
219130,타이거일렉,2022-12-14,24000,22800,KOSDAQ,2191.0,-5.0,1,59,5.0691,0.6636,0.3089,0.6883,4.4643,4,3.1164,9.9543,-1.8975,82.4,0,2.19,-1
230240,에치에프알,2022-12-15,40250,38400,KOSDAQ,2124.0,-4.5963,0,174,16.7173,3.2638,2.1841,1.0838,4.1574,3,-0.6882,17.6775,-2.0148,71.4286,0,3.65,-1
010170,대한광통신,2022-12-15,2877,2844,KOSDAQ,4144.0,-1.147,0,63,9.3846,4.8699,1.3122,0.7643,4.5007,4,0.0888,27.6332,-2.0148,75.5556,1,4.47,8
054800,아이디스홀딩스,2022-12-15,13800,13150,KOSDAQ,1365.0,-4.7101,0,74,1.5444,2.1935,1.0369,0.3464,2.7159,2,-0.8319,9.8017,-2.0148,25.8373,0,0.0,-1
001800,오리온홀딩스,2022-12-16,16450,15700,KOSPI,14189.0,-4.5593,5,246,-0.9464,1.0724,0.8014,0.9488,2.0018,3,2.0202,10.2579,-3.4551,16.7286,0,3.5,-1
049520,유아이엘,2022-12-16,2328,2277,KOSDAQ,1213.0,-2.1907,10,20,5.6122,4.7305,1.8121,0.9613,3.5165,4,0.6445,2.5567,-1.9825,88.806,1,10.54,4
034230,파라다이스,2022-12-16,18250,17700,KOSPI,19636.0,-3.0137,9,175,0.2833,0.76,0.5667,0.5703,3.5714,3,2.2728,9.1268,-3.4551,46.888,1,3.67,8
207760,미스터블루,2022-12-19,3487,3390,KOSDAQ,1014.0,-2.7818,0,249,42.8571,0.0622,1.052,1.8843,8.6852,2,13.4617,83.8282,-0.1879,178.7829,1,49.85,1
267250,HD현대,2022-12-19,66000,65000,KOSPI,193533.0,-1.5152,24,132,0.1541,0.9367,1.1433,0.5855,1.7033,4,2.0363,4.0289,-2.7828,42.8571,0,0.31,-1
200670,휴메딕스,2022-12-21,27200,26650,KOSDAQ,4705.0,-2.0221,0,250,7.0281,2.8215,1.2948,1.2358,4.8378,3,3.1619,22.5165,-2.7412,49.2997,1,7.69,1
024110,기업은행,2022-12-21,11700,11150,KOSPI,192578.0,-4.7009,4,164,0.4505,1.2874,0.9695,0.7758,1.5375,2,4.6605,5.5097,-3.6832,26.9932,0,0.45,-1
010120,LS ELECTRIC,2022-12-21,61500,58600,KOSPI,191100.0,-4.7154,5,81,3.7168,1.1249,0.9215,0.5859,3.3155,3,1.8177,3.1739,-3.6832,46.5,0,1.37,-1
007310,오뚜기,2022-12-21,498500,480500,KOSPI,15791.0,-3.6108,3,80,4.4565,2.9042,1.2841,1.1213,1.5534,3,-1.3914,9.1717,-3.6832,14.9522,0,2.91,-1
00104K,CJ4우(전환),2022-12-22,76300,73500,KOSPI,7722.0,-3.6697,0,161,3.5211,3.3352,1.5323,1.0716,2.1672,2,1.0533,7.573,-3.4653,19.1248,0,4.08,-1
003550,LG,2022-12-23,86100,82100,KOSPI,143272.0,-4.6458,19,26,2.625,0.8047,0.5613,0.894,1.9575,3,0.7855,1.6816,-5.0934,17.9598,0,1.71,-1
355150,코스텍시스,2022-12-23,10750,10375,KOSDAQ,1083.0,-3.4884,0,78,-3.4884,1.0,4.0,2.4495,96.6437,2,0.0357,2.2794,-5.7678,0.0,1,22.89,1
029780,삼성카드,2022-12-26,34700,33000,KOSPI,70210.0,-4.8991,0,250,1.6949,2.4881,1.2715,0.8384,1.158,3,1.431,8.5459,-3.784,11.6751,0,0.0,-1
004690,삼천리,2022-12-26,397000,384000,KOSPI,6005.0,-3.2746,20,20,-1.5385,6.2506,1.7627,0.6191,2.567,4,18.6914,5.2371,-3.784,339.3593,1,25.0,2
017390,서울가스,2022-12-26,429000,414500,KOSPI,3275.0,-3.38,18,20,-0.9558,8.8192,2.174,0.3646,1.4734,4,15.5196,3.3039,-3.784,162.3418,1,17.73,2
003920,남양유업,2022-12-26,48663,46725,KOSPI,3066.0,-3.9825,0,67,9.0483,3.0045,1.8177,1.3251,3.3356,3,2.4798,15.4221,-3.784,32.9606,1,8.3,1
008770,호텔신라,2022-12-27,85800,82900,KOSPI,20762.0,-3.38,0,199,4.5397,2.6156,1.0357,0.9042,2.7658,3,2.631,18.6369,-4.1342,36.7987,1,4.83,7
081660,미스토홀딩스,2022-12-27,36500,34950,KOSPI,28510.0,-4.2466,0,243,2.7941,1.7058,1.2936,0.3358,2.3707,4,1.6773,10.3652,-4.1342,31.8868,0,7.01,-1
007700,F&F홀딩스,2022-12-27,35100,33700,KOSPI,8312.0,-3.9886,0,245,7.496,2.3515,1.3413,1.1395,9.0292,3,24.5308,26.4572,-4.1342,155.303,0,3.71,-1
033100,제룡전기,2022-12-27,12350,11850,KOSDAQ,8770.0,-4.0486,10,22,0.0,1.3175,1.1102,0.8475,4.792,3,8.9361,2.7893,-3.2094,171.789,0,2.95,-1
267260,HD현대일렉트릭,2022-12-27,44400,42800,KOSPI,338483.0,-3.6036,10,22,1.182,0.9138,0.83,0.7473,4.4559,4,8.7587,4.0175,-4.1342,171.746,0,2.8,-1
000810,삼성화재,2022-12-27,223500,213000,KOSPI,245700.0,-4.698,9,238,-1.3889,1.2511,0.6366,0.6233,1.8444,3,2.841,8.2906,-4.1342,20.339,0,-0.23,-1
001040,CJ,2022-12-28,89800,85500,KOSPI,65065.0,-4.7884,0,171,3.8882,2.2542,1.3693,0.8335,2.9657,2,2.801,19.2418,-7.7686,27.0431,0,2.69,-1
00104K,CJ4우(전환),2023-01-06,76300,72600,KOSPI,7722.0,-4.8493,9,171,-0.4115,0.2785,0.701,0.8781,2.3908,3,3.0331,7.5815,-3.4208,17.6661,1,5.37,9
175330,JB금융지주,2023-01-06,9070,8650,KOSPI,56586.0,-4.6307,0,175,9.6324,0.9499,0.9284,1.852,2.1222,2,4.7742,7.8894,-3.4208,25.7267,1,29.02,3
093320,케이아이엔엑스,2023-01-09,60800,58500,KOSDAQ,6129.0,-3.7829,0,218,3.9076,2.0603,1.6037,1.3077,2.7839,4,2.5422,16.1329,-2.5407,30.1446,1,13.16,3
304100,솔트룩스,2023-01-11,18250,18050,KOSDAQ,3608.0,-1.0959,0,239,34.7015,1.3454,1.9348,1.3101,9.26,3,28.0264,115.8907,-0.7537,200.3328,1,68.42,2
093640,케이알엠,2023-01-11,6150,5870,KOSDAQ,1184.0,-4.5528,0,250,21.281,1.0705,1.2309,1.006,5.9686,4,4.1405,10.0647,-0.7537,76.5414,1,106.3,1
081660,미스토홀딩스,2023-01-12,36150,34650,KOSPI,28510.0,-4.1494,3,216,3.5874,1.1622,1.0525,0.6713,2.618,3,2.1617,6.4234,-1.4234,30.7547,1,13.71,6
023590,다우기술,2023-01-12,23400,22700,KOSPI,23420.0,-2.9915,0,250,19.1601,1.8427,3.0204,1.5897,3.5872,3,3.758,17.8336,-1.4234,35.5224,0,7.71,-1
005490,POSCO홀딩스,2023-01-13,316000,305000,KOSPI,300261.0,-3.481,1,247,6.6434,2.2535,1.0815,0.8611,2.3536,3,6.5737,6.5198,1.064,44.5498,0,3.28,-1
003550,LG,2023-01-13,86100,81900,KOSPI,143272.0,-4.878,21,40,6.6406,1.576,1.3227,0.9742,2.4943,3,0.8445,1.0557,1.064,17.6724,0,3.05,-1
086790,하나금융지주,2023-01-16,52900,52600,KOSPI,340114.0,-0.5671,0,226,8.1192,2.1195,1.4363,1.2796,3.9517,3,6.541,15.8538,1.6881,58.4337,1,1.33,6
006650,대한유화,2023-01-17,192500,183500,KOSPI,9607.0,-4.6753,0,249,1.1019,1.0218,1.0161,1.0349,4.7684,3,13.9421,16.0952,1.1572,80.7882,0,0.54,-1
001040,CJ,2023-01-18,89800,85500,KOSPI,65065.0,-4.7884,1,185,3.6364,1.4824,0.9446,1.0027,2.4812,3,5.6032,4.0542,1.5013,27.0431,0,2.69,-1
103140,풍산,2023-01-18,36000,34400,KOSPI,31275.0,-4.4444,0,217,5.0382,1.148,0.9468,1.2001,3.6856,4,7.9833,2.7411,1.5013,47.6395,1,6.1,5
082920,비츠로셀,2023-01-19,8932,8604,KOSDAQ,10020.0,-3.6722,0,250,13.2851,12.5591,2.3974,1.3958,4.439,4,6.3637,25.7529,1.0188,68.8052,0,1.17,-1
007070,GS리테일,2023-01-19,25786,24632,KOSPI,18686.0,-4.4753,30,30,4.9197,1.3485,1.1643,0.9082,2.6406,2,4.3627,-2.7235,2.2066,24.4103,0,7.29,-1
145020,휴젤,2023-01-19,153500,146300,KOSDAQ,31990.0,-4.6906,0,237,5.6318,1.0515,1.0569,1.2789,4.1353,4,8.4415,1.5758,1.0188,44.995,1,13.81,8
001940,KISCO홀딩스,2023-01-20,18700,17850,KOSPI,3331.0,-4.5455,0,179,7.2072,2.3664,1.1876,1.011,3.5414,3,8.8181,9.2347,1.6349,50.0,1,25.21,2
032830,삼성생명,2023-01-20,74700,71100,KOSPI,395400.0,-4.8193,27,20,-0.9749,0.6193,0.7986,0.6556,2.4613,3,3.2949,-6.4542,1.6349,26.9643,0,2.67,-1
267250,HD현대,2023-01-20,66000,63200,KOSPI,193533.0,-4.2424,31,155,5.6856,0.7934,0.9563,1.1229,2.6786,3,0.9197,-4.5535,1.6349,38.9011,0,1.58,-1
101490,에스앤에스텍,2023-01-25,33500,32000,KOSDAQ,18945.0,-4.4776,0,245,12.6761,7.101,1.535,1.2814,4.1183,4,5.3725,21.7988,5.9458,75.3425,0,1.88,-1
039490,키움증권,2023-01-25,106000,101500,KOSPI,121734.0,-4.2453,0,221,0.995,1.218,0.9356,0.7842,4.2153,3,6.9558,7.0657,4.9652,47.1014,0,6.4,-1
033780,KT&G,2023-01-25,100000,95400,KOSPI,202920.0,-4.6,31,37,3.6957,1.4418,0.985,0.6258,1.9242,3,1.1882,-6.0026,4.9652,24.5431,0,1.05,-1
042520,한스바이오메드,2023-01-26,13000,12580,KOSDAQ,6147.0,-3.2308,0,235,13.3333,6.1673,1.9302,1.775,4.1335,2,2.5516,21.2149,6.3713,39.6226,1,12.56,2
003830,대한화섬,2023-01-26,136500,133900,KOSPI,1575.0,-1.9048,0,219,15.9307,5.1129,2.4608,1.2381,2.5392,3,6.1278,6.9359,6.5387,40.7992,1,4.56,1
036810,에프에스티,2023-01-26,23495,22610,KOSDAQ,9551.0,-3.7668,0,207,41.978,16.5983,3.1925,1.8658,4.6108,3,11.3329,36.0539,6.3713,113.968,0,3.48,-1
054800,아이디스홀딩스,2023-01-26,13800,13180,KOSDAQ,1365.0,-4.4928,1,101,5.0199,2.7339,1.286,0.7258,1.9727,3,4.4322,4.385,6.3713,26.1244,1,7.13,4
028260,삼성물산,2023-01-27,127000,120700,KOSPI,538826.0,-4.9606,15,48,1.8565,1.2751,0.9259,0.4512,1.9647,3,1.5822,-5.4786,6.4828,18.9163,0,0.25,-1
357550,석경에이티,2023-01-27,27850,26850,KOSDAQ,3213.0,-3.5907,1,43,7.8313,3.1914,1.5677,0.8539,2.8332,4,3.5274,9.4808,5.2628,107.3359,1,8.75,7
049520,유아이엘,2023-01-30,2517,2460,KOSDAQ,1213.0,-2.2646,2,21,2.2444,5.683,1.9057,1.306,3.9808,4,5.2771,-1.6415,6.68,102.3026,1,53.29,1
271560,오리온,2023-01-30,129000,123700,KOSPI,50685.0,-4.1085,11,20,1.8107,0.7673,0.9035,0.6163,2.8698,4,6.7237,-10.4359,7.4555,54.2394,0,5.01,-1
017370,우신시스템,2023-01-31,3800,3615,KOSPI,1269.0,-4.8684,0,244,3.4335,1.2337,1.1968,0.7105,3.3491,4,11.044,4.532,8.4368,84.4388,1,7.19,3
104460,디와이피엔에프,2023-01-31,43450,41500,KOSDAQ,1567.0,-4.4879,18,96,-0.3601,1.9173,1.028,0.4992,1.6007,4,0.1803,-7.0438,9.0094,25.7576,1,16.87,9
041510,에스엠,2023-01-31,90000,88000,KOSDAQ,26192.0,-2.2222,0,206,5.8965,1.2637,1.2623,1.313,3.9529,4,4.8305,5.7233,9.0094,61.4679,1,51.82,3
003550,LG,2023-01-31,86100,82800,KOSPI,143272.0,-3.8328,29,50,0.2421,2.2584,1.1297,0.5438,2.0704,3,0.7492,-2.4188,8.4368,18.9655,0,2.78,-1
001800,오리온홀딩스,2023-01-31,16250,15600,KOSPI,14189.0,-4.0,20,25,1.6287,1.8412,0.9558,1.0897,1.9139,3,1.8143,-6.8081,8.4368,15.9851,0,3.53,-1
007310,오뚜기,2023-01-31,498500,476000,KOSPI,15791.0,-4.5135,7,106,4.0437,1.4727,0.9935,1.1113,2.0333,3,1.1757,-8.4368,8.4368,13.8756,0,1.05,-1
000250,삼천당제약,2023-02-01,50900,49600,KOSDAQ,120337.0,-2.554,2,33,8.6528,2.5057,1.3536,0.5065,3.9026,3,13.747,3.9211,11.8315,90.0383,1,12.1,1
060280,큐렉소,2023-02-01,8730,8480,KOSDAQ,7832.0,-2.8637,0,247,4.5623,5.6274,2.1061,1.6014,3.8157,2,1.3052,14.547,11.8315,40.1653,1,29.01,2
079810,디이엔티,2023-02-01,10651,10157,KOSDAQ,1188.0,-4.6381,0,94,10.7875,4.2882,1.7306,1.1667,3.4522,4,0.3114,5.3872,11.8315,120.7564,1,29.63,3
011330,유니켐,2023-02-01,1385,1326,KOSPI,1221.0,-4.2599,0,205,14.9047,6.1315,1.4948,1.6756,3.1513,2,1.7026,5.7376,10.0702,30.6404,1,6.41,2
053300,한국정보인증,2023-02-01,7270,7020,KOSDAQ,2907.0,-3.4388,0,201,19.7952,5.1268,2.0916,1.9296,5.6115,2,4.4432,34.8769,11.8315,65.1765,0,-1.57,-1
001510,SK증권,2023-02-01,938,912,KOSPI,4423.0,-2.7719,0,248,17.5258,10.6117,2.6249,2.0707,4.8951,2,1.8234,40.6736,10.0702,55.3663,1,16.45,1
310200,애니플러스,2023-02-01,5200,5000,KOSDAQ,1601.0,-3.8462,0,228,9.7695,9.1479,1.9896,1.0515,6.9143,3,15.731,-8.2046,11.8315,126.2443,0,4.0,-1
071280,로체시스템즈,2023-02-02,9110,8810,KOSDAQ,1667.0,-3.2931,4,42,6.9175,1.5385,1.2079,0.7117,3.1539,3,3.8849,0.2455,13.2854,77.2636,1,10.22,3
082270,젬백스,2023-02-03,16100,15820,KOSDAQ,16965.0,-1.7391,0,237,9.9375,2.3535,1.3202,0.9516,3.2012,2,2.6305,24.8118,12.1579,43.1674,1,5.18,3
274090,켄코아에어로스페이스,2023-02-03,16900,16380,KOSDAQ,3579.0,-3.0769,0,183,24.0909,4.3429,3.0162,1.4485,4.3738,3,-1.0862,13.8421,12.1579,63.8,1,16.61,4
003670,포스코퓨처엠,2023-02-03,231665,220519,KOSPI,196571.0,-4.8113,2,55,7.565,1.09,1.6248,1.5875,4.3359,3,1.4392,11.3858,9.9478,136.7354,1,7.03,4
190510,나무가,2023-02-03,19200,18630,KOSDAQ,3371.0,-2.9687,0,26,19.3466,8.9306,2.3057,0.9706,5.3332,4,9.3913,3.9169,12.1579,114.1379,0,6.28,-1
008730,율촌화학,2023-02-06,44350,44250,KOSPI,6932.0,-0.2255,0,88,17.0635,4.1578,1.2255,1.1901,3.9144,4,8.1281,11.4487,7.663,159.5308,1,15.48,1
051980,중앙첨단소재,2023-02-06,1919,1904,KOSDAQ,2627.0,-0.7817,0,249,33.8959,6.9851,1.4637,0.8237,6.7865,4,41.4484,33.37,11.9735,0.0,1,13.97,1
052330,코텍,2023-02-06,11600,11070,KOSDAQ,1812.0,-4.569,0,190,11.8182,3.0828,2.0696,1.6146,2.9681,2,1.18,11.4379,11.9735,33.6957,0,2.62,-1
086520,에코프로,2023-02-06,29539,28685,KOSDAQ,211811.0,-2.8911,0,75,15.4837,3.1504,1.7765,0.9068,4.0997,3,-4.2442,20.5759,11.9735,158.6564,1,117.51,1
012450,한화에어로스페이스,2023-02-06,88418,84955,KOSPI,590917.0,-3.9166,0,101,8.1706,1.1062,0.8805,0.7876,4.0426,4,6.1652,17.1864,7.663,104.1648,1,17.63,4
140860,파크시스템스,2023-02-07,133900,133000,KOSDAQ,18156.0,-0.6721,0,216,8.5714,3.7263,1.463,1.0532,3.1203,4,3.2886,7.1116,12.1709,50.7937,1,9.4,1
272110,케이엔제이,2023-02-07,15000,14410,KOSDAQ,2813.0,-3.9333,7,189,3.4458,0.6907,0.8547,1.0682,3.3013,3,7.4327,-3.0042,12.1709,41.9704,1,23.59,5
006110,삼아알미늄,2023-02-07,44450,43800,KOSPI,4266.0,-1.4623,0,29,20.8276,3.9762,1.8326,1.5217,5.9932,4,9.8386,6.4085,7.063,177.2152,1,4.79,2
009970,영원무역홀딩스,2023-02-07,65000,63000,KOSPI,30711.0,-3.0769,4,29,2.9412,1.4427,1.2711,1.046,2.3923,4,4.563,2.5022,7.063,42.2122,1,13.81,3
005070,코스모신소재,2023-02-07,70431,67073,KOSPI,16938.0,-4.7678,0,66,14.8904,4.0015,1.8215,0.756,3.1345,3,-3.1953,19.3801,7.063,115.8979,1,54.05,3
327260,RF머트리얼즈,2023-02-08,15800,15120,KOSDAQ,3452.0,-4.3038,0,213,6.1053,1.787,0.6847,0.9722,4.0108,4,6.4662,11.6934,11.2334,56.6839,1,15.41,1
039490,키움증권,2023-02-08,106000,102400,KOSPI,121734.0,-3.3962,4,231,1.992,2.9097,1.3289,0.8779,2.8669,3,7.7273,2.7963,5.6783,48.4058,1,5.47,4
002200,한국수출포장,2023-02-08,3370,3220,KOSPI,1286.0,-4.451,1,40,3.871,1.7362,1.0515,0.5893,2.2737,4,4.9472,4.4072,5.6783,56.691,1,19.25,2
204270,제이앤티씨,2023-02-08,7100,6950,KOSDAQ,13479.0,-2.1127,0,215,11.2,1.6742,1.9396,1.5403,4.5838,3,8.0471,3.0758,11.2334,60.1382,1,15.25,1
204620,글로벌텍스프리,2023-02-08,3334,3186,KOSDAQ,3697.0,-4.4391,0,226,8.589,1.2415,1.146,0.6453,4.114,4,11.2034,1.8656,11.2334,62.9668,0,0.97,-1
007660,이수페타시스,2023-02-08,8479,8324,KOSPI,81264.0,-1.828,0,199,15.5148,7.5712,1.7489,1.5312,5.1555,3,6.3951,36.9781,5.6783,83.9152,1,17.76,1
214430,아이쓰리시스템,2023-02-10,21600,20850,KOSDAQ,8359.0,-3.4722,0,218,2.963,4.3425,1.481,1.1952,2.4906,3,5.4937,1.4878,8.8296,33.2268,1,4.8,6
004370,농심,2023-02-10,364000,356000,KOSPI,26855.0,-2.1978,14,29,7.2289,4.0627,1.2788,1.6727,2.4478,3,3.9455,-1.482,4.6704,35.619,1,4.35,9
106190,하이텍팜,2023-02-10,9739,9306,KOSDAQ,1631.0,-4.446,0,246,11.4224,36.3531,3.0156,1.2467,3.1923,4,9.6443,16.2847,8.8296,62.0407,1,5.37,1
008770,호텔신라,2023-02-10,86900,83200,KOSPI,20762.0,-4.2578,14,22,3.7406,1.4271,1.0315,0.7774,2.1892,3,5.6202,-5.2678,4.6704,37.2937,0,0.72,-1
003100,선광,2023-02-10,146500,146400,KOSDAQ,1449.0,-0.0683,21,20,2.5929,1.3083,1.1839,0.598,1.6149,4,7.675,-5.6584,8.8296,146.4646,1,3.01,1
051360,토비스,2023-02-10,12000,11410,KOSDAQ,2383.0,-4.9167,0,246,7.6415,3.9629,1.5793,1.6586,3.6246,3,6.547,5.7286,8.8296,45.7216,1,7.62,7
003230,삼양식품,2023-02-13,132500,129000,KOSPI,86479.0,-2.6415,5,30,7.8595,2.7074,1.1222,1.1767,2.6467,4,3.1625,2.9077,3.7039,60.4478,0,1.86,-1
028050,삼성E&A,2023-02-13,28300,27100,KOSPI,64582.0,-4.2403,0,219,5.4475,2.0033,0.9918,1.2744,2.9652,4,0.3666,9.923,3.7039,46.8835,1,10.15,4
267250,HD현대,2023-02-13,66000,62800,KOSPI,193533.0,-4.8485,32,169,4.4925,1.6316,0.9348,0.9989,2.4113,2,0.2947,5.8947,3.7039,30.2905,0,0.64,-1
271560,오리온,2023-02-14,129000,124000,KOSPI,50685.0,-3.876,16,31,1.5561,0.8557,1.0234,1.0572,2.5,3,6.0777,-0.0006,3.3339,54.6135,1,7.02,7
001800,오리온홀딩스,2023-02-14,16250,16070,KOSPI,14189.0,-1.1077,29,35,3.6774,1.0567,1.0863,1.1399,2.1113,4,2.3434,0.679,3.3339,19.4796,0,0.5,-1
005389,현대차3우B,2023-02-14,91500,88400,KOSPI,5679.0,-3.388,0,138,5.3635,1.5421,1.1309,0.7877,2.2382,2,2.5462,10.437,3.3339,23.9832,0,3.39,-1
005387,현대차2우B,2023-02-14,97400,93000,KOSPI,89333.0,-4.5175,0,250,8.0139,1.1786,1.0981,0.8701,2.2504,2,2.0829,10.358,3.3339,26.5306,0,3.98,-1
205100,엑셈,2023-02-14,2718,2648,KOSDAQ,1529.0,-2.5754,0,194,13.1624,6.8159,2.5185,1.7138,6.7652,3,8.3992,23.3458,9.5193,56.7792,1,8.19,1
005385,현대차우,2023-02-14,95700,92300,KOSPI,58819.0,-3.5528,0,245,5.3653,0.9343,0.7674,0.7384,2.0972,2,2.4777,11.3245,3.3339,25.7493,0,3.36,-1
064550,바이오니아,2023-02-14,46500,44850,KOSDAQ,3379.0,-3.5484,0,231,35.0904,2.0946,2.163,1.4502,5.9484,2,3.1795,48.6818,9.5193,97.5771,1,29.77,1
012030,DB,2023-02-15,1190,1147,KOSPI,3374.0,-3.6134,0,218,16.565,6.212,2.174,1.2153,3.3877,3,7.5099,29.6184,1.1684,66.2319,1,55.54,1
161580,필옵틱스,2023-02-15,10000,9640,KOSDAQ,12169.0,-3.6,0,226,20.3496,7.2071,2.8503,1.4308,3.8678,2,0.0266,22.4474,6.7751,46.2822,1,10.27,2
003550,LG,2023-02-16,86100,82100,KOSPI,143272.0,-4.6458,22,62,1.1084,1.0205,0.9951,1.0962,2.3752,3,0.0247,-3.6717,4.0384,17.9598,0,12.79,-1
200880,서연이화,2023-02-17,10000,9570,KOSPI,4135.0,-4.3,2,51,7.1669,3.0595,1.7828,0.9508,3.3438,4,4.5098,8.0385,3.4999,55.3571,1,44.2,4
003200,일신방직,2023-02-17,12750,12440,KOSPI,3302.0,-2.4314,0,205,18.4762,8.7325,2.4487,1.3194,2.136,2,1.0075,15.5431,3.4999,40.724,1,14.15,1
078600,대주전자재료,2023-02-17,102100,97100,KOSDAQ,14784.0,-4.8972,0,185,0.9356,2.4819,1.674,1.1727,4.3696,3,-0.519,10.0214,8.9737,58.9198,1,12.15,10
068790,DMS,2023-02-17,7100,6810,KOSDAQ,1429.0,-4.0845,5,24,6.4062,1.5742,1.0521,0.621,2.4334,3,9.4514,-4.6858,8.9737,57.6389,0,1.91,-1
213420,덕산네오룩스,2023-02-21,45450,43300,KOSDAQ,10404.0,-4.7305,0,230,7.98,1.4548,1.3517,1.1011,3.6622,3,-0.7875,12.853,10.5088,49.5682,0,3.12,-1
003380,하림지주,2023-02-21,11800,11460,KOSDAQ,18134.0,-2.8814,0,203,3.6166,2.0972,1.1534,1.13,4.8741,3,11.6921,24.1563,10.5088,83.6538,1,17.63,5
006650,대한유화,2023-02-21,186500,184200,KOSPI,9607.0,-1.2332,7,27,13.5635,3.4561,1.2877,1.0195,3.203,3,4.7898,1.4084,2.6594,81.4778,1,5.21,1
011780,금호석유화학,2023-02-21,164000,161400,KOSPI,36184.0,-1.5854,0,174,12.9461,3.9405,1.7121,1.1639,2.5845,3,0.8484,6.3946,2.6594,44.7534,1,2.23,6
001080,만호제강,2023-02-21,43902,42757,KOSPI,2116.0,-2.6081,0,73,19.7876,3.5398,2.1228,1.0889,3.6432,4,-0.5478,23.0078,2.6594,123.4492,1,18.97,5
017390,서울가스,2023-02-21,488000,475000,KOSPI,3275.0,-2.6639,21,20,0.211,1.2513,0.8613,0.4102,2.1353,4,10.5904,-4.1117,2.6594,161.708,1,4.21,4
017890,한국알콜,2023-02-21,12900,12820,KOSDAQ,2517.0,-0.6202,0,213,13.5518,7.8949,2.0804,1.9197,2.9307,3,1.5139,11.5864,10.5088,39.1965,1,1.64,1
037710,광주신세계,2023-02-21,39600,37850,KOSPI,2773.0,-4.4192,0,236,5.7263,1.2395,1.179,1.5119,3.4818,3,2.2164,13.2671,2.6594,0.0,0,1.32,-1
001720,신영증권,2023-02-22,63500,60600,KOSPI,30989.0,-4.5669,0,243,2.5381,1.3929,1.5589,0.9579,1.0962,4,1.8434,4.5721,-0.4484,16.9884,0,0.17,-1
000815,삼성화재우,2023-02-23,168000,161900,KOSPI,12429.0,-3.631,22,219,2.6633,1.7419,0.9687,0.5648,1.2486,2,-0.7357,6.8073,-1.1974,9.3919,0,0.8,-1
005830,DB손해보험,2023-02-23,72900,72500,KOSPI,119202.0,-0.5487,0,219,7.2485,2.0294,0.9548,1.0689,2.7488,3,4.8945,9.4064,-1.1974,37.3106,1,8.83,1
064960,SNT모티브,2023-02-23,28265,27301,KOSPI,9236.0,-3.4106,0,208,2.5891,1.3343,0.7726,0.5596,1.8532,4,1.9364,13.4317,-1.1974,27.712,0,2.72,-1
269620,시스웍,2023-02-23,934,889,KOSDAQ,1321.0,-4.818,60,250,0.0,1.0,1.0,1.0,100.0,0,0.0,-6.0005,6.0005,0.0,0,-100.0,-1
095660,네오위즈,2023-02-23,48900,47500,KOSDAQ,5836.0,-2.863,3,20,2.2605,0.4864,0.9056,0.7269,3.9323,4,5.3272,1.223,6.0005,151.3228,0,1.26,-1
00104K,CJ4우(전환),2023-02-23,76500,73000,KOSPI,7722.0,-4.5752,25,23,2.8169,1.6908,0.9665,0.988,1.8297,1,0.9476,-0.6843,-1.1974,18.3144,1,13.84,6
058970,엠로,2023-02-23,20350,19490,KOSDAQ,4926.0,-4.226,6,217,2.0419,0.7073,0.577,0.8931,4.0827,2,13.6514,10.0114,6.0005,60.4115,1,167.32,1
000810,삼성화재,2023-02-23,223500,212500,KOSPI,245700.0,-4.9217,10,219,3.6585,1.8836,0.9743,0.5866,1.8723,3,0.8553,4.6037,-1.1974,20.0565,0,3.29,-1
006040,동원산업,2023-02-24,49102,47193,KOSPI,19425.0,-3.8878,8,51,12.7024,1.3389,1.1735,1.0441,2.8489,3,0.2535,14.7695,-2.4319,0.0,0,0.19,-1
001450,현대해상,2023-02-24,35700,34950,KOSPI,29457.0,-2.1008,0,132,11.1288,1.6642,1.4563,1.2361,2.7999,2,0.9731,11.1411,-2.4319,30.1676,1,2.86,1
041020,폴라리스오피스,2023-02-24,2135,2105,KOSDAQ,2345.0,-1.4052,0,232,38.2141,6.9101,2.1972,1.7511,7.869,3,2.6862,38.5114,5.0766,108.4158,1,85.27,4
171090,선익시스템,2023-02-27,27150,26200,KOSDAQ,9153.0,-3.4991,0,114,22.7166,3.3695,1.7682,1.0266,4.9209,4,9.5335,23.104,5.643,105.4902,1,41.03,1
005387,현대차2우B,2023-02-28,96500,94100,KOSPI,89333.0,-2.487,10,120,-1.466,1.275,0.729,0.8789,2.0647,2,3.9208,10.0503,-0.5043,28.0272,1,2.76,10
089890,코세스,2023-02-28,13550,12960,KOSDAQ,3881.0,-4.3542,0,233,10.3918,1.7886,0.9452,1.0252,4.5745,3,7.7193,19.5368,6.9022,90.3084,1,10.26,4
005389,현대차3우B,2023-02-28,91500,89400,KOSPI,5679.0,-2.2951,10,148,-0.1117,0.6341,0.8091,0.8287,1.7338,3,3.9042,7.9562,-0.5043,25.3857,0,2.24,-1
101490,에스앤에스텍,2023-02-28,32600,31450,KOSDAQ,18945.0,-3.5276,2,23,6.0708,2.496,1.8159,1.1645,4.1335,4,1.7296,-2.0689,6.9022,72.3288,1,25.91,1
001040,CJ,2023-02-28,89800,86900,KOSPI,65065.0,-3.2294,3,212,8.0846,5.6905,1.9161,0.9893,2.359,3,2.3365,5.9655,-0.5043,29.1233,1,17.38,3
005385,현대차우,2023-02-28,95400,92200,KOSPI,58819.0,-3.3543,10,148,-1.073,1.8255,0.8893,0.8478,1.96,3,4.1303,7.8384,-0.5043,25.6131,0,3.47,-1
001800,오리온홀딩스,2023-02-28,16250,15780,KOSPI,14189.0,-2.8923,39,45,0.6378,1.1163,1.0402,0.9775,2.1818,4,2.0783,1.6582,-0.5043,17.3234,0,6.34,-1
005810,풍산홀딩스,2023-03-02,21575,20561,KOSPI,5745.0,-4.6999,0,187,0.6609,2.3419,0.8466,1.0352,2.1494,3,2.4926,6.0835,-0.896,26.4125,1,31.08,2
002030,아세아,2023-03-02,164000,156100,KOSPI,5990.0,-4.8171,0,213,10.7092,3.578,1.377,1.5706,2.9972,4,3.7943,17.5627,-0.896,58.4772,0,1.09,-1
192820,코스맥스,2023-03-02,89300,85800,KOSPI,23550.0,-3.9194,0,216,7.25,3.9253,1.3199,1.3792,3.2967,3,11.0502,10.3348,-0.896,103.3175,0,1.17,-1
044990,에이치엔에스하이텍,2023-03-02,12750,12150,KOSDAQ,1346.0,-4.7059,60,250,0.0,1.0,1.0,1.0,100.0,0,0.0,-4.8245,4.8245,0.0,1,34.32,2
088390,이녹스,2023-03-02,30200,29150,KOSDAQ,1487.0,-3.4768,0,185,14.5383,2.2667,1.2511,1.1368,4.9743,3,4.4495,29.1985,4.8245,53.4211,1,23.16,1
003550,LG,2023-03-03,86100,83100,KOSPI,143272.0,-3.4843,21,72,-1.5403,0.7648,1.204,1.3023,2.4755,4,-0.676,3.8309,-1.491,19.3966,1,11.43,5
052710,아모텍,2023-03-03,22269,21500,KOSDAQ,1339.0,-3.4532,0,212,5.3922,1.0889,1.0223,1.3332,5.3963,3,9.0733,1.8462,4.9436,68.5746,0,0.47,-1
114190,강원에너지,2023-03-03,12250,11700,KOSDAQ,4164.0,-4.4898,0,69,21.6216,11.9543,2.1403,1.0936,5.2747,4,-2.1083,19.3922,4.9436,0.0,1,275.21,1
179290,엠아이텍,2023-03-03,14450,13890,KOSDAQ,2402.0,-3.8754,0,100,21.2042,2.7562,2.3371,1.2231,3.9957,3,0.7129,8.8156,4.9436,123.3119,0,2.95,-1
002840,미원상사,2023-03-03,190000,182000,KOSPI,7073.0,-4.2105,4,248,-0.3286,0.7006,1.0746,0.9148,1.719,2,1.0417,9.567,-1.491,17.4194,0,1.54,-1
119830,아이텍,2023-03-03,11300,10910,KOSDAQ,2052.0,-3.4513,0,185,17.0601,3.0768,1.5354,0.9483,2.5992,3,8.253,15.0784,4.9436,83.9798,1,8.98,2
099190,아이센스,2023-03-03,19741,19266,KOSDAQ,5306.0,-2.4062,0,127,17.7341,7.8379,2.0205,1.752,4.5628,2,-1.7349,11.5447,4.9436,43.3909,0,0.0,-1
009520,포스코엠텍,2023-03-06,11750,11550,KOSDAQ,8224.0,-1.7021,0,63,33.8355,19.1011,2.32,1.9637,4.4712,4,2.4509,24.3199,6.4842,123.4043,1,106.06,1
017370,우신시스템,2023-03-06,3875,3805,KOSPI,1269.0,-1.8065,14,20,5.8414,1.1055,1.1478,1.0288,3.1444,4,4.64,-0.7081,-0.7168,94.1327,1,3.55,3
006405,삼성SDI우,2023-03-06,338287,334432,KOSPI,3292.0,-1.1396,0,76,14.3326,4.7539,1.6573,1.3901,2.5216,3,-1.6254,8.1472,-0.7168,36.0791,1,2.16,1
002710,TCC스틸,2023-03-06,15050,14350,KOSPI,4351.0,-4.6512,0,150,23.2818,3.3406,1.7245,1.4561,4.0866,3,6.3206,26.8152,-0.7168,85.4005,1,86.41,1
068790,DMS,2023-03-06,7100,6780,KOSDAQ,1429.0,-4.507,7,34,3.3537,1.5085,0.879,0.6845,3.0447,3,7.4629,-5.2901,6.4842,56.9444,0,3.54,-1
006400,삼성SDI,2023-03-06,766582,764624,KOSPI,307031.0,-0.2554,0,76,14.8529,3.2746,1.42,1.1053,2.8718,4,-0.215,10.1006,-0.7168,68.865,1,2.56,1
011500,한농화성,2023-03-06,18800,17890,KOSPI,3995.0,-4.8404,0,116,71.854,16.9277,3.907,2.1562,6.0169,2,-2.7668,60.7347,-0.7168,84.814,0,36.95,-1
051910,LG화학,2023-03-06,760000,726000,KOSPI,226601.0,-4.4737,0,76,8.5202,1.3933,1.113,1.111,3.3943,4,-1.5418,8.432,-0.7168,66.1327,0,4.27,-1
059090,미코,2023-03-06,12900,12540,KOSDAQ,5898.0,-2.7907,0,237,58.1337,22.1049,3.8526,1.9895,5.3771,2,-3.0569,34.732,6.4842,111.8243,1,17.78,1
190510,나무가,2023-03-06,19940,19250,KOSDAQ,3371.0,-3.4604,0,20,4.7904,1.1464,1.7115,0.6095,5.3803,4,7.5604,-3.1562,6.4842,121.2644,0,-0.99,-1
036830,솔브레인홀딩스,2023-03-07,30400,29400,KOSDAQ,11090.0,-3.2895,0,228,23.0126,9.5466,2.5887,1.652,3.8387,4,-0.3337,8.1448,7.1493,64.2458,0,2.89,-1
000480,CR홀딩스,2023-03-07,8830,8390,KOSPI,2244.0,-4.983,0,182,3.5802,2.7485,1.4859,0.8195,1.6465,3,1.3291,2.1661,1.0319,14.1497,0,20.38,-1
123040,엠에스오토텍,2023-03-07,5960,5680,KOSDAQ,1437.0,-4.698,0,222,12.0316,2.597,2.1221,1.5656,3.4017,3,2.1474,15.1327,7.1493,49.8681,0,1.23,-1
095500,미래나노텍,2023-03-07,25700,24450,KOSDAQ,3659.0,-4.8638,0,76,10.1351,2.0475,1.2713,0.6037,7.5548,3,-2.0981,27.5614,7.1493,351.107,1,50.92,1
011330,유니켐,2023-03-08,1411,1355,KOSPI,1221.0,-3.9688,5,21,5.4475,1.0079,0.6004,0.8443,3.3579,4,0.7713,5.199,-0.8076,33.4975,0,20.22,-1
213420,덕산네오룩스,2023-03-08,45450,43800,KOSDAQ,10404.0,-3.6304,4,240,-1.1287,0.9087,0.8518,0.8478,3.7997,4,1.2999,8.588,5.3262,51.2953,0,16.44,-1
211050,인카금융서비스,2023-03-08,2260,2154,KOSDAQ,7005.0,-4.6903,0,176,31.6626,0.8642,2.1977,1.1513,5.392,3,8.0201,25.6957,5.3262,95.4628,1,5.39,1
054800,아이디스홀딩스,2023-03-09,14120,14010,KOSDAQ,1365.0,-0.779,19,20,1.5217,0.7128,1.1806,1.0405,1.8252,3,2.8229,-2.9574,3.7488,34.067,1,6.35,3
005710,대원산업,2023-03-09,6500,6300,KOSDAQ,2707.0,-3.0769,0,213,9.5652,5.2287,2.5483,1.6216,2.3129,4,0.8208,4.1279,3.7488,29.2308,0,1.59,-1
012330,현대모비스,2023-03-09,231500,220000,KOSPI,396501.0,-4.9676,0,146,1.3825,1.7498,0.9482,0.9255,2.2403,3,0.4294,8.6231,-2.599,16.095,0,0.23,-1
115500,케이씨에스,2023-03-09,9530,9130,KOSDAQ,1141.0,-4.1973,0,194,57.4138,18.626,3.4065,2.2025,5.9928,3,4.4435,50.2141,3.7488,104.0223,1,49.62,1
000815,삼성화재우,2023-03-10,168000,160200,KOSPI,12429.0,-4.6429,22,229,-0.1247,0.415,0.895,0.5832,1.0835,3,-0.5805,6.1954,-3.5031,8.2432,0,1.44,-1
269620,시스웍,2023-03-10,905,889,KOSDAQ,1321.0,-1.768,60,244,0.0,1.0,1.0,1.0,100.0,0,0.0,-0.5124,0.5124,0.0,0,-100.0,-1
038110,에코플라스틱,2023-03-10,4283,4110,KOSDAQ,1379.0,-4.0392,0,118,31.7308,30.1461,3.5422,1.9424,5.5144,3,-0.448,36.9918,0.5124,77.6913,1,21.51,2
000810,삼성화재,2023-03-10,223500,214000,KOSPI,245700.0,-4.2506,18,229,1.4218,0.9982,1.0717,1.1189,2.4866,4,1.6323,10.5566,-3.5031,20.904,0,1.87,-1
005385,현대차우,2023-03-15,95400,93400,KOSPI,58819.0,-2.0964,20,158,-1.164,1.4203,1.2727,0.8123,1.8125,3,5.3424,4.6765,-3.4847,27.248,0,4.93,-1
005389,현대차3우B,2023-03-15,91500,89900,KOSPI,5679.0,-1.7486,20,158,0.0,1.0262,1.1658,0.7819,1.5573,3,4.643,5.1815,-3.4847,26.087,0,7.12,-1
005387,현대차2우B,2023-03-15,96500,95800,KOSPI,89333.0,-0.7254,20,130,1.4831,1.7596,1.6434,0.6786,1.7969,3,5.6269,6.4954,-3.4847,30.3401,0,3.97,-1
001800,오리온홀딩스,2023-03-15,16250,15490,KOSPI,14189.0,-4.6769,34,55,1.5072,1.6691,1.0197,0.948,2.0843,3,0.6481,-0.1245,-3.4847,15.1673,1,12.59,5
382800,지앤비에스 에코,2023-03-17,4762,4675,KOSDAQ,1210.0,-1.827,0,239,9.5618,2.6248,1.2983,1.2423,5.4286,3,13.8163,22.3237,1.6159,77.2848,1,17.9,1
900290,GRT,2023-03-17,3270,3190,KOSDAQ,3044.0,-2.4465,0,104,15.1625,11.8642,2.2922,1.2722,3.7394,3,1.7797,11.9072,1.6159,183.5556,1,15.67,4
189300,인텔리안테크,2023-03-17,88676,85191,KOSDAQ,12869.0,-3.93,0,241,6.9258,2.153,1.0378,1.3358,5.1784,4,4.5995,10.7718,1.6159,66.0384,1,13.07,1
347890,엠투아이,2023-03-17,10800,10370,KOSDAQ,1079.0,-3.9815,0,187,4.1165,1.8245,1.4274,1.1028,4.8767,3,5.8634,8.1196,1.6159,41.8605,1,8.87,2
004380,삼익THK,2023-03-20,16350,15990,KOSPI,2062.0,-2.2018,0,205,21.5046,2.4208,2.7862,1.9552,4.6145,3,1.3565,34.6511,-2.9377,48.0556,1,13.45,2
042520,한스바이오메드,2023-03-20,14160,13560,KOSDAQ,6147.0,-4.2373,4,31,11.6969,9.5302,1.6795,1.6835,4.0297,3,7.5463,3.2607,3.4269,50.4994,1,21.76,3
077500,유니퀘스트,2023-03-20,6175,5990,KOSPI,1460.0,-2.996,0,220,13.9867,1.7571,1.4084,1.5019,4.6315,3,6.8283,22.6181,-2.9377,62.7717,0,2.75,-1
147830,제룡산업,2023-03-20,3825,3660,KOSDAQ,1476.0,-4.3137,0,239,3.9773,1.4286,1.0736,1.3253,2.9664,4,1.6769,6.6483,3.4269,41.8605,0,35.79,-1
045970,코아시아,2023-03-20,10450,10360,KOSDAQ,1616.0,-0.8612,0,241,39.0604,6.555,2.5567,1.3349,7.1291,3,15.8387,20.6449,3.4269,119.7243,1,12.74,2
003720,삼영,2023-03-21,3480,3395,KOSPI,2295.0,-2.4425,0,149,13.3556,3.7001,1.296,1.2766,5.1441,3,6.218,14.951,-2.7196,51.9016,1,24.74,2
340570,티앤엘,2023-03-21,48800,47250,KOSDAQ,4503.0,-3.1762,0,250,14.2684,2.2637,1.3555,1.848,3.938,4,7.9164,4.4508,1.729,64.0625,0,5.71,-1
011330,유니켐,2023-03-22,1411,1388,KOSPI,1221.0,-1.63,14,31,3.3507,2.0496,1.0054,0.7083,2.6142,4,0.612,13.4633,-1.708,36.7488,1,22.19,2
068760,셀트리온제약,2023-03-22,89700,85732,KOSDAQ,30708.0,-4.4236,0,250,21.7715,0.7923,1.305,1.4891,8.1525,3,5.7978,56.4883,2.522,71.1764,0,5.2,-1
290670,대보마그네틱,2023-03-22,89900,89100,KOSDAQ,1053.0,-0.8899,0,77,31.61,4.9526,2.0154,1.8201,7.8002,4,-3.7057,41.1877,2.522,131.4286,1,5.84,1
117730,티로보틱스,2023-03-22,10100,9710,KOSDAQ,5395.0,-3.8614,0,245,19.5813,1.3048,1.3554,1.7086,6.8486,3,10.874,28.3405,2.522,75.5877,1,85.27,2
282880,코윈테크,2023-03-22,29748,29679,KOSDAQ,2063.0,-0.2319,0,227,11.8654,8.8307,1.9483,1.8363,6.7082,3,2.6192,28.8359,2.522,44.0938,1,31.05,1
213420,덕산네오룩스,2023-03-23,45400,44500,KOSDAQ,10404.0,-1.9824,6,249,13.2316,2.8324,1.2915,1.2531,4.3981,4,2.1762,1.6262,4.3262,53.7133,1,14.61,1
030210,다올투자증권,2023-03-23,5500,5280,KOSPI,2500.0,-4.0,0,242,12.221,1.8756,1.1006,0.6619,4.3764,3,17.1818,6.8181,0.2813,107.4656,1,18.18,7
094360,칩스앤미디어,2023-03-24,11950,11700,KOSDAQ,4045.0,-2.0921,0,247,14.9877,2.1449,1.6522,1.3721,5.2869,4,8.7492,11.2052,5.2127,73.3333,1,8.76,1
000480,CR홀딩스,2023-03-24,8830,8660,KOSPI,2244.0,-1.9253,5,195,4.5894,9.9895,1.6507,1.2896,2.5825,4,1.4166,7.6395,-0.9893,17.8231,1,78.98,4
140860,파크시스템스,2023-03-24,145500,142900,KOSDAQ,18156.0,-1.7869,10,20,2.1444,2.288,0.9819,1.3867,3.7239,4,5.328,-4.508,5.2127,62.0181,1,11.55,2
002230,피에스텍,2023-03-27,4915,4700,KOSDAQ,2348.0,-4.3744,2,249,3.1833,0.2514,0.7048,1.2888,5.152,3,4.8986,19.0666,6.2667,51.6129,0,0.0,-1
036810,에프에스티,2023-03-27,23789,22610,KOSDAQ,9551.0,-4.9561,3,41,7.4773,2.1035,1.4321,0.7196,4.7324,4,8.395,0.9609,6.2667,113.968,1,23.26,3
006260,LS,2023-03-27,76700,75400,KOSPI,69264.0,-1.6949,1,79,7.2546,2.2716,1.2047,1.5451,3.5714,4,-0.353,11.8032,-0.5937,51.2538,1,33.29,1
241560,두산밥캣,2023-03-28,44000,42500,KOSPI,59622.0,-3.4091,0,234,2.7811,0.7731,0.4286,1.1542,3.6891,4,4.048,9.3327,1.3444,53.9855,1,14.0,3
005490,POSCO홀딩스,2023-03-28,349500,339000,KOSPI,300261.0,-3.0043,5,25,6.2696,1.0559,1.0218,0.9095,3.3607,4,4.2869,4.9252,1.3444,60.6635,1,28.61,3
071280,로체시스템즈,2023-03-28,9710,9530,KOSDAQ,1667.0,-1.8538,9,26,18.9763,3.2585,1.7691,1.2526,5.1042,3,0.3245,-1.7475,6.8192,83.6224,1,3.88,3
078150,HB테크놀러지,2023-03-28,2705,2640,KOSDAQ,2021.0,-2.403,0,233,32.7968,28.7974,3.6705,1.938,5.5574,3,1.4225,26.3124,6.8192,61.4679,1,18.18,3
068790,DMS,2023-03-28,7100,6770,KOSDAQ,1429.0,-4.6479,9,50,9.0177,3.7944,1.2639,1.1903,3.6928,2,3.5598,-1.3675,6.8192,56.713,1,5.17,6
091810,티웨이항공,2023-03-29,3424,3415,KOSPI,5174.0,-0.2629,2,243,11.6743,4.5979,1.2433,0.9544,4.8567,4,13.5115,9.1944,1.2877,137.4826,1,6.0,1
005389,현대차3우B,2023-03-29,91500,89200,KOSPI,5679.0,-2.5137,30,168,0.0,1.1937,0.8847,0.6939,1.5775,2,4.7568,-1.5114,1.2877,25.1052,1,18.95,3
220260,켐트로스,2023-03-29,12550,12070,KOSDAQ,1591.0,-3.8247,0,141,11.1418,6.8704,1.5337,1.6873,7.4861,3,9.6386,41.8506,6.6119,94.3639,1,13.26,1
015750,성우하이텍,2023-03-29,7940,7840,KOSDAQ,6240.0,-1.2594,0,25,18.2504,5.0062,1.7888,1.1313,5.7034,4,9.7405,6.8468,6.6119,99.2376,1,36.35,3
004690,삼천리,2023-03-29,517000,506000,KOSPI,6005.0,-2.1277,22,20,-1.5564,1.7412,1.1642,0.6074,1.7575,4,8.9145,-2.6522,1.2877,396.0784,1,3.56,3
000815,삼성화재우,2023-03-29,168000,160700,KOSPI,12429.0,-4.3452,17,242,1.0692,1.0215,0.946,1.2398,1.2668,2,-0.6618,-1.1631,1.2877,8.5811,0,4.54,-1
005160,동국산업,2023-03-29,6700,6420,KOSDAQ,1557.0,-4.1791,0,127,7.1786,3.1379,1.1334,0.974,9.3069,4,12.9674,36.6916,6.6119,140.9006,1,72.9,6
051360,토비스,2023-03-29,12280,11980,KOSDAQ,2383.0,-2.443,4,25,10.5166,2.1159,0.9559,0.9763,4.3942,4,5.6397,2.2972,6.6119,53.0013,0,12.6,-1
005385,현대차우,2023-03-29,95400,92700,KOSPI,58819.0,-2.8302,27,168,1.4223,0.616,0.7994,1.1166,1.7414,2,5.2679,-0.7454,1.2877,26.2943,1,16.94,9
226400,오스테오닉,2023-03-29,4075,3990,KOSDAQ,1357.0,-2.0859,0,233,7.9838,2.7017,0.9407,1.1364,6.9191,4,4.0405,13.3881,6.6119,74.2358,1,16.54,1
006220,제주은행,2023-03-30,24600,23700,KOSPI,5840.0,-3.6585,1,27,39.7406,2.3308,1.728,1.0015,8.0229,4,21.3717,4.2908,1.0425,478.0488,1,17.51,5
145720,덴티움,2023-03-30,135000,130600,KOSPI,5523.0,-3.2593,6,31,10.4907,3.0429,1.2426,1.1411,4.7801,4,9.1731,0.1194,1.0425,106.3191,1,24.58,1
095340,ISC,2023-03-30,41600,40500,KOSDAQ,35802.0,-2.6442,0,204,16.3793,3.0849,1.7434,1.1447,3.9771,2,1.9998,8.5068,8.04,45.9459,1,4.2,1
264660,씨앤지하이테크,2023-03-30,13275,12849,KOSDAQ,1837.0,-3.209,0,206,6.7459,3.5531,1.7463,1.1703,1.9006,4,0.7015,-2.8497,8.04,27.1675,1,14.88,2
298020,효성티앤씨,2023-03-30,473000,450000,KOSPI,16488.0,-4.8626,11,24,1.9253,1.5577,0.8871,0.8378,3.6984,4,6.593,-3.8503,1.0425,74.0812,0,0.33,-1
093640,케이알엠,2023-03-30,12110,11650,KOSDAQ,1184.0,-3.7985,1,38,24.5989,1.885,1.0843,0.8881,8.7676,4,22.2242,5.3972,8.04,250.3759,1,9.87,1
004370,농심,2023-03-30,371500,367500,KOSPI,26855.0,-1.0767,27,20,2.9412,1.336,0.8956,0.9355,2.3032,4,1.3824,0.4769,1.0425,40.0,1,9.25,1
005710,대원산업,2023-03-30,6500,6230,KOSDAQ,2707.0,-4.1538,3,228,4.7059,0.8336,0.5612,1.1552,3.3249,3,2.5612,0.3078,8.04,27.7949,1,8.67,9
237880,클리오,2023-03-30,23600,23000,KOSDAQ,2467.0,-2.5424,0,227,9.2637,1.5192,1.1908,0.9382,4.3758,4,9.0329,13.8466,8.04,89.3004,1,5.43,2
101330,모베이스,2023-03-30,4140,4130,KOSDAQ,1292.0,-0.2415,0,238,26.4931,7.2419,1.2601,1.4698,6.1052,4,3.8381,6.6822,8.04,82.34,1,25.91,1
126340,비나텍,2023-03-31,49076,46987,KOSDAQ,7878.0,-4.2567,0,148,10.2852,5.5878,1.5844,1.0907,4.5326,3,4.5057,16.3128,5.6205,48.9334,1,67.98,1
053610,프로텍,2023-03-31,31800,30850,KOSDAQ,5654.0,-2.9874,0,250,4.932,2.8659,1.4511,1.0883,5.3137,4,7.8936,7.3832,5.6205,0.0,0,1.3,-1
011170,롯데케미칼,2023-03-31,200502,190800,KOSPI,32766.0,-4.8389,1,205,7.6749,1.9512,1.4246,0.9726,3.1372,3,0.5813,-0.0816,1.8416,42.0668,0,1.15,-1
009680,모토닉,2023-04-03,9630,9270,KOSPI,2937.0,-3.7383,0,250,6.3073,2.9018,1.2814,0.9912,1.9803,3,2.0423,2.491,0.3947,26.4666,1,6.8,7
008260,NI스틸,2023-04-03,6650,6450,KOSPI,1058.0,-3.0075,0,21,8.4034,1.7166,1.3506,0.9475,3.876,4,10.376,4.6542,0.3947,81.1798,1,17.52,3
114090,GKL,2023-04-03,21250,20450,KOSPI,8245.0,-3.7647,18,30,6.0685,1.7105,0.9988,1.0047,3.2693,3,1.7402,-0.6386,0.3947,62.3016,0,1.71,-1
006040,동원산업,2023-04-03,49102,47011,KOSPI,19425.0,-4.2585,2,76,7.15,0.6692,0.7069,1.1205,3.1713,4,-0.9887,1.7787,0.3947,0.0,0,3.48,-1
036620,감성코퍼레이션,2023-04-03,2240,2215,KOSDAQ,6670.0,-1.1161,9,41,11.8687,6.864,1.6185,0.9336,3.7214,3,3.1646,3.0768,4.7091,69.7318,1,40.41,1
274090,켄코아에어로스페이스,2023-04-03,19100,18520,KOSDAQ,3579.0,-3.0366,0,35,14.18,1.2433,1.5689,0.7282,5.1064,4,8.3891,8.0802,4.7091,85.2,1,7.94,1
147830,제룡산업,2023-04-03,3825,3740,KOSDAQ,1476.0,-2.2222,5,249,3.4578,3.0662,1.1831,1.0569,2.712,4,3.086,-0.3855,4.7091,44.9612,1,32.89,8
002200,한국수출포장,2023-04-03,3840,3725,KOSPI,1286.0,-2.9948,3,29,14.6154,2.8505,1.1252,1.3588,2.9818,4,5.8884,11.2995,0.3947,81.2652,0,1.74,-1
103590,일진전기,2023-04-04,7459,7421,KOSPI,32569.0,-0.5095,0,185,26.401,7.0768,1.1863,1.8467,6.1438,3,4.0881,48.5592,0.6966,95.3409,1,9.03,1
123040,엠에스오토텍,2023-04-04,5960,5690,KOSDAQ,1437.0,-4.5302,1,242,6.1567,1.6063,1.1851,0.4735,3.4898,4,7.0033,-4.9014,5.0775,50.1319,1,13.01,9
051910,LG화학,2023-04-04,760000,722000,KOSPI,226601.0,-5.0,3,97,2.5568,1.528,0.9696,0.8151,3.5121,4,4.3118,-3.129,0.6966,58.6813,1,18.7,4
143160,아이디스,2023-04-04,27600,26600,KOSDAQ,2016.0,-3.6232,0,220,16.6667,4.5038,1.5926,1.4648,3.4372,2,0.3774,3.9389,5.0775,52.0,0,2.44,-1
086900,메디톡스,2023-04-04,244000,234000,KOSDAQ,9612.0,-4.0984,1,23,7.3394,1.5824,0.7639,0.757,6.0897,4,20.0079,-1.5377,5.0775,145.2496,1,20.09,1
036830,솔브레인홀딩스,2023-04-04,30400,29900,KOSDAQ,11090.0,-1.6447,1,248,14.3403,3.5342,1.8842,1.1187,4.2403,4,1.4919,-3.3768,5.0775,67.0391,1,17.06,1
009420,한올바이오파마,2023-04-04,20300,20200,KOSPI,28314.0,-0.4926,0,20,9.0713,1.3368,0.8904,0.7933,3.9038,4,2.0771,4.293,0.6966,62.249,1,17.82,1
041830,인바디,2023-04-04,32100,31200,KOSDAQ,4765.0,-2.8037,0,237,7.2165,2.9625,1.1869,0.9031,4.1781,3,13.826,4.9754,5.0775,75.2809,1,4.33,5
119610,인터로조,2023-04-04,25445,24216,KOSDAQ,2106.0,-4.83,0,238,13.9416,9.0913,1.6483,1.5044,3.1455,4,2.27,4.2202,5.0775,41.3495,1,12.24,7
007070,GS리테일,2023-04-04,26427,25273,KOSPI,18686.0,-4.3667,13,30,7.0618,1.198,0.8749,0.6375,2.4894,3,-0.9635,2.0851,0.6966,27.6479,0,2.03,-1
006400,삼성SDI,2023-04-05,784205,761687,KOSPI,307031.0,-2.8714,2,21,5.8503,1.8138,1.0449,1.2933,3.3144,4,5.2343,0.58,2.6029,55.2898,0,0.13,-1
051915,LG화학우,2023-04-05,342000,327500,KOSPI,12187.0,-4.2398,0,98,8.4437,0.7618,1.1393,0.5231,2.8899,3,1.4084,1.5307,2.6029,41.1638,1,39.24,3
114840,아이패밀리에스씨,2023-04-05,8877,8812,KOSDAQ,2666.0,-0.7322,0,242,13.3814,2.1577,1.6057,0.6197,4.8619,3,5.8744,24.1307,7.1761,105.8879,1,26.0,1
049070,인탑스,2023-04-05,44300,42900,KOSDAQ,3578.0,-3.1603,0,238,12.8947,5.5654,1.2856,1.2787,7.8505,4,7.7074,36.7836,7.1761,74.0365,1,3.85,7
006405,삼성SDI우,2023-04-05,341660,332986,KOSPI,3292.0,-2.5388,4,21,5.4962,2.7256,1.4565,1.0125,2.853,4,4.3819,-1.1347,2.6029,33.1406,1,13.6,4
305090,마이크로디지탈,2023-04-06,8806,8470,KOSDAQ,1649.0,-3.8156,0,224,8.7291,1.2331,1.0989,1.4041,9.4114,3,29.7195,60.0964,6.9647,164.6875,1,22.79,1
137400,피엔티,2023-04-06,62800,61600,KOSDAQ,12295.0,-1.9108,0,210,27.5362,12.07,2.267,1.4933,5.7746,3,3.0156,21.3686,6.9647,68.5363,1,11.53,10
035900,JYP Ent.,2023-04-06,81300,77900,KOSDAQ,25299.0,-4.182,11,21,0.5161,0.997,0.6034,1.1865,3.521,4,3.6531,-7.7291,6.9647,64.346,1,24.26,6
204270,제이앤티씨,2023-04-06,8010,7640,KOSDAQ,13479.0,-4.6192,4,20,0.2625,0.9334,0.8574,0.7048,5.8901,4,6.0735,-2.7355,6.9647,76.0369,1,17.93,2
011690,와이투솔루션,2023-04-07,6200,6015,KOSPI,2200.0,-2.9839,0,202,30.4772,1.5778,2.0954,1.994,7.7604,3,18.8627,26.7593,4.0015,0.0,1,54.78,1
128940,한미약품,2023-04-07,317488,303169,KOSPI,75713.0,-4.5101,0,188,20.7032,1.288,2.6132,1.668,3.4212,3,-2.4068,16.7017,4.0015,40.7784,1,9.87,1
001740,SK네트웍스,2023-04-07,4990,4815,KOSPI,11175.0,-3.507,0,153,6.8812,1.1959,0.9957,1.2437,3.1598,3,3.6651,5.8046,4.0015,30.4878,1,3.84,7
263860,지니언스,2023-04-07,11650,11150,KOSDAQ,1697.0,-4.2918,1,242,9.421,2.7525,1.3518,0.6841,3.5298,3,4.7783,-3.661,11.599,65.1852,0,3.59,-1
044990,에이치엔에스하이텍,2023-04-07,16320,15550,KOSDAQ,1346.0,-4.7181,0,23,11.2303,2.4411,1.238,0.8141,2.3243,4,5.1142,-7.516,11.599,0.0,1,14.28,1
033160,엠케이전자,2023-04-07,16450,16380,KOSDAQ,2330.0,-0.4255,4,250,8.4768,18.2183,2.2466,0.977,5.0366,4,8.4063,8.401,11.599,80.0,1,12.45,1
122640,예스티,2023-04-07,11100,10600,KOSDAQ,4996.0,-4.5045,3,241,0.189,2.5014,1.0552,1.6977,5.8625,4,9.5826,6.4411,11.599,77.8523,0,2.83,-1
039490,키움증권,2023-04-10,108000,102800,KOSPI,121734.0,-4.8148,12,35,1.2808,1.5267,1.0213,1.1232,2.6056,3,2.8017,1.2262,4.2097,48.9855,1,7.49,2
005930,삼성전자,2023-04-10,69000,65700,KOSPI,9814760.0,-4.7826,0,246,4.1204,1.4496,1.2305,1.189,1.8047,4,2.1257,5.2903,4.2097,26.834,0,1.37,-1
000105,유한양행우,2023-04-11,56500,54200,KOSPI,1109.0,-4.0708,3,68,7.7535,2.39,1.4467,0.956,1.6671,2,-2.2738,-0.499,8.4671,11.2548,0,2.21,-1
013310,아진산업,2023-04-11,3701,3523,KOSDAQ,1341.0,-4.8095,0,225,11.9479,4.054,1.3293,1.2766,5.1904,3,9.2481,10.273,18.5858,66.7298,1,33.18,1
000270,기아,2023-04-11,87300,85000,KOSPI,603969.0,-2.6346,0,226,6.1174,2.7439,1.2012,1.0121,2.4286,3,8.1435,2.9352,8.4671,43.339,0,8.12,-1
091580,상신이디피,2023-04-11,28000,26900,KOSDAQ,2150.0,-3.9286,0,25,20.0893,3.1216,2.0375,1.2241,8.0191,4,16.254,3.1336,18.5858,104.5627,1,9.67,1
012330,현대모비스,2023-04-11,231500,221000,KOSPI,396501.0,-4.5356,1,169,2.7907,2.3409,1.2041,0.9588,1.9554,4,1.1647,-4.9542,8.4671,16.6227,1,8.37,1
126600,BGF에코머티리얼즈,2023-04-11,8269,8041,KOSDAQ,2583.0,-2.7573,0,222,5.2349,3.0205,0.9664,2.068,6.8275,3,9.0842,44.1216,18.5858,91.9093,1,16.76,1
373220,LG에너지솔루션,2023-04-11,629000,610000,KOSPI,913770.0,-3.0207,0,103,6.087,2.1584,1.141,0.7095,2.6581,4,7.6273,2.8468,8.4671,73.2955,0,0.0,-1
000860,강남제비스코,2023-04-11,13180,13080,KOSPI,2214.0,-0.7587,0,242,19.6816,5.7597,2.2777,1.9028,4.2573,2,0.8501,22.2806,8.4671,34.8037,1,13.77,1
000100,유한양행,2023-04-11,56304,54170,KOSPI,86179.0,-3.7901,0,249,10.1173,2.5666,2.0325,1.2235,1.9878,2,-2.8703,4.5071,8.4671,13.3145,1,5.12,2
008770,호텔신라,2023-04-11,86900,83500,KOSPI,20762.0,-3.9125,6,63,2.0782,1.4371,0.848,0.8702,2.3268,3,-1.1978,5.6039,8.4671,37.7888,1,6.59,6
214430,아이쓰리시스템,2023-04-11,21850,21150,KOSDAQ,8359.0,-3.2037,17,35,3.1707,2.2433,1.3792,1.1318,3.1611,3,2.09,-9.6214,18.5858,35.1438,0,3.07,-1
089470,HDC현대EP,2023-04-12,4970,4755,KOSPI,1640.0,-4.326,0,233,6.0201,5.771,2.0234,1.7472,2.6288,4,3.4045,5.229,7.1824,38.4279,0,9.99,-1
007860,서연,2023-04-12,9450,9190,KOSPI,2475.0,-2.7513,0,23,4.5506,3.4239,1.2557,1.0862,3.8784,4,4.8987,-0.0728,7.1824,86.0324,0,16.21,-1
017800,현대엘리베이터,2023-04-12,37150,36450,KOSPI,40695.0,-1.8843,2,242,3.8462,2.0118,1.4081,2.0625,6.3492,4,1.5644,32.7409,7.1824,66.8192,1,18.52,1
010100,한국무브넥스,2023-04-12,3260,3140,KOSPI,1666.0,-3.681,0,239,13.1532,10.5732,2.5094,1.5534,2.9459,3,0.1675,7.6257,7.1824,52.7981,1,49.04,10
073240,금호타이어,2023-04-12,4500,4275,KOSPI,21142.0,-5.0,0,225,17.4451,3.0717,1.4665,1.6044,3.9432,3,6.1222,23.5516,7.1824,60.1124,1,15.44,2
010120,LS ELECTRIC,2023-04-12,61500,61100,KOSPI,191100.0,-0.6504,0,157,6.8182,2.8336,1.5118,1.1551,3.285,3,1.1636,1.7303,7.1824,42.093,1,10.8,1
314130,지놈앤컴퍼니,2023-04-12,15175,14675,KOSDAQ,2676.0,-3.2949,0,250,22.547,3.0849,2.1891,0.9348,7.2329,3,5.8016,51.7145,14.011,91.8551,1,10.73,1
005380,현대차,2023-04-12,203500,198200,KOSPI,983861.0,-2.6044,0,150,6.1596,2.8311,1.4182,0.9458,2.083,3,4.4272,6.5296,7.1824,31.6944,1,6.71,10
214150,클래시스,2023-04-13,23550,22400,KOSDAQ,43561.0,-4.8832,0,250,2.2831,1.075,0.6737,0.7615,3.9828,4,4.5209,1.0473,14.3571,69.697,0,14.51,-1
122870,와이지엔터테인먼트,2023-04-13,64600,63100,KOSDAQ,13794.0,-2.322,1,247,9.1696,2.0961,1.3108,0.9485,3.3281,3,6.9101,7.2228,14.3571,59.9493,1,26.47,1
293580,나우IB,2023-04-13,1510,1443,KOSDAQ,1918.0,-4.4371,3,47,16.559,3.8613,1.7559,1.154,4.1283,3,-2.0696,2.9599,14.3571,127.2441,0,4.57,-1
267260,HD현대일렉트릭,2023-04-13,45900,45500,KOSPI,338483.0,-0.8715,2,29,16.5173,6.0866,1.7215,1.389,3.9325,2,-1.0743,6.0226,7.7274,132.1429,1,20.44,1
005830,DB손해보험,2023-04-13,78900,76800,KOSPI,119202.0,-2.6616,9,30,9.4017,0.9781,0.816,1.086,3.0971,4,3.3461,-3.8032,7.7274,45.4545,1,13.8,3
044490,태웅,2023-04-13,14200,13520,KOSDAQ,5902.0,-4.7887,0,239,4.8062,1.6892,1.4307,0.9531,4.3639,3,9.6141,6.7898,14.3571,0.0,1,15.24,3
095720,웅진씽크빅,2023-04-13,3435,3280,KOSPI,1371.0,-4.5124,1,34,7.1895,4.9632,1.3447,0.9682,4.2465,4,7.0895,6.1615,7.7274,54.3529,1,9.15,1
214450,파마리서치,2023-04-14,99500,96200,KOSDAQ,34961.0,-3.3166,0,246,10.8295,2.1307,1.2063,1.5042,4.856,4,4.5771,22.9108,13.3498,74.9091,1,23.28,1
112610,씨에스윈드,2023-04-14,80500,78700,KOSPI,18134.0,-2.236,0,95,8.852,1.9405,1.0968,1.0532,4.529,4,1.605,3.9772,7.3382,72.967,1,11.94,2
005810,풍산홀딩스,2023-04-14,26952,25634,KOSPI,5745.0,-4.8902,6,28,7.5207,0.5129,0.7873,0.6166,3.0997,4,9.2643,-3.645,7.3382,57.6022,1,20.05,1
000815,삼성화재우,2023-04-14,168000,160700,KOSPI,12429.0,-4.3452,19,248,1.388,1.0622,0.9576,0.5573,0.9379,3,0.5157,-8.4459,7.3382,8.5811,1,8.15,9
000430,대원강업,2023-04-14,4350,4175,KOSPI,2514.0,-4.023,0,104,16.9468,6.9853,2.4507,1.3312,3.4388,4,1.4012,16.1825,7.3382,70.4082,1,22.4,1
052690,한전기술,2023-04-17,86900,84200,KOSPI,55801.0,-3.107,0,235,22.2061,8.5378,1.7597,1.688,3.9786,3,8.1211,4.6007,8.2679,76.3351,0,0.12,-1
001430,세아베스틸지주,2023-04-17,27500,26250,KOSPI,28941.0,-4.5455,0,27,12.6609,2.2489,1.4657,0.4789,5.2381,4,12.3444,10.5104,8.2679,90.2174,0,0.95,-1
001450,현대해상,2023-04-17,35950,34200,KOSPI,29457.0,-4.8679,11,34,6.3764,0.429,1.0131,0.7642,2.5689,3,3.4672,-5.8727,8.2679,21.7082,1,13.16,2
006040,동원산업,2023-04-17,49102,46829,KOSPI,19425.0,-4.6291,6,86,0.388,0.8676,0.9798,0.9755,3.3566,4,0.553,-4.8561,8.2679,0.0,0,1.75,-1
092460,한라IMS,2023-04-17,6620,6480,KOSDAQ,2570.0,-2.1148,0,245,7.6412,6.3801,1.9749,0.7939,3.0864,4,0.7726,3.5918,13.3757,47.1056,1,17.44,10
322510,제이엘케이,2023-04-17,5201,5095,KOSDAQ,2040.0,-2.0381,0,248,31.1454,5.6544,1.7481,1.0839,5.8447,4,14.9915,-3.1897,13.3757,113.3585,1,16.49,1
042660,한화오션,2023-04-17,25764,25097,KOSPI,401095.0,-2.5889,0,248,13.6794,2.5304,1.2698,0.8571,4.1223,4,9.3187,13.2378,8.2679,63.7651,1,7.44,2
001340,PKC,2023-04-17,6977,6767,KOSPI,2951.0,-3.0099,0,247,13.712,6.0629,1.7411,1.3654,3.5646,4,5.3118,12.8092,8.2679,62.045,1,33.1,1
175140,휴먼테크놀로지,2023-04-17,8860,8470,KOSDAQ,1119.0,-4.4018,9,77,6.1404,3.0476,1.3841,1.1313,4.0479,4,10.4512,-12.7819,13.3757,76.0915,0,12.04,-1
015590,DKME,2023-04-17,525,504,KOSPI,1220.0,-4.0,0,245,29.2308,2.8968,3.0288,1.5752,4.6769,3,2.9012,29.8143,8.2679,63.1068,1,69.44,7
015890,태경산업,2023-04-18,8260,7990,KOSPI,1416.0,-3.2688,0,234,4.7182,1.5191,0.5931,1.1157,4.1838,4,4.488,15.4612,7.6513,40.4218,1,45.18,1
000810,삼성화재,2023-04-18,219500,211000,KOSPI,245700.0,-3.8724,18,33,3.1785,1.6486,1.217,0.7251,1.7434,3,0.3301,-5.9646,7.6513,14.9864,1,11.14,5
078520,에이블씨엔씨,2023-04-18,9170,8780,KOSPI,2940.0,-4.253,0,20,1.5029,0.9678,1.0985,0.921,4.5721,4,11.5299,14.2931,7.6513,116.2562,0,13.9,-1
079960,동양이엔피,2023-04-18,18400,17550,KOSDAQ,2562.0,-4.6196,1,246,7.801,1.0048,1.6964,1.1576,2.7473,4,4.4308,-7.8639,13.2693,53.9474,1,8.83,1
200670,휴메딕스,2023-04-19,29550,28300,KOSDAQ,4705.0,-4.2301,5,59,12.749,10.525,1.9834,1.8367,4.5936,3,-3.8026,7.3843,11.7736,58.5434,0,10.95,-1
319400,현대무벡스,2023-04-19,4600,4560,KOSDAQ,33858.0,-0.8696,0,224,32.7511,25.0729,2.5567,2.0182,4.7227,4,4.0307,15.7788,11.7736,78.125,1,15.57,1
192820,코스맥스,2023-04-19,89300,85700,KOSPI,23550.0,-4.0314,2,250,10.1542,5.0941,1.6636,1.1072,3.4089,4,2.5379,2.6299,6.5421,103.0806,0,2.33,-1
001045,CJ우,2023-04-19,56900,55300,KOSPI,2294.0,-2.812,0,196,5.9387,3.0803,1.2379,1.5104,1.7308,4,2.2041,-0.1959,6.5421,20.8743,0,0.0,-1
211050,인카금융서비스,2023-04-19,2270,2250,KOSDAQ,7005.0,-0.8811,2,29,9.5424,8.1963,1.731,0.84,5.0286,4,14.1583,-7.4137,11.7736,104.1742,1,20.09,1
064350,현대로템,2023-04-20,32850,31700,KOSPI,218285.0,-3.5008,0,161,16.5441,18.8146,2.4859,1.3095,3.3348,3,-0.4604,21.0821,5.7179,79.6034,1,19.24,1
047770,코데즈컴바인,2023-04-20,2780,2765,KOSDAQ,1538.0,-0.5396,0,184,43.7858,35.417,3.0298,1.9249,5.7246,3,5.9339,27.1548,9.0521,73.3542,1,17.0,1
014940,오리엔탈정공,2023-04-25,3845,3800,KOSDAQ,3578.0,-1.1704,0,246,19.8738,3.1162,1.8901,0.7982,4.3421,3,7.599,45.53,0.6239,79.669,1,2.89,1
000270,기아,2023-04-25,87300,86600,KOSPI,603969.0,-0.8018,9,236,4.7158,1.7728,0.9971,0.9722,2.7714,3,8.7144,10.3928,2.221,46.0371,1,6.12,1
089470,HDC현대EP,2023-04-26,4970,4795,KOSPI,1640.0,-3.5211,10,243,-0.2081,0.7646,0.7231,0.5659,3.1283,4,5.0522,6.0789,1.674,39.5924,1,10.11,6
005380,현대차,2023-04-26,203500,201500,KOSPI,983861.0,-0.9828,6,160,4.0806,3.0727,1.3982,1.2692,2.4389,3,5.0456,10.0223,1.674,33.887,1,4.96,1
000105,유한양행우,2023-04-26,56500,54000,KOSPI,1109.0,-4.4248,9,79,-0.1848,0.8067,0.5685,0.5955,2.1032,3,-0.2307,6.7598,1.674,10.8443,0,2.41,-1
005930,삼성전자,2023-04-28,68800,65500,KOSPI,9814760.0,-4.7965,7,233,-0.3044,1.3803,1.049,0.7861,1.6358,3,1.9477,1.3477,0.996,26.4479,0,10.69,-1
064550,바이오니아,2023-04-28,58200,58100,KOSDAQ,3379.0,-0.1718,2,49,16.3163,2.7483,1.1759,1.1213,6.9339,4,19.026,34.5788,-0.5534,155.9471,1,33.56,1
131030,옵투스제약,2023-04-28,7570,7350,KOSDAQ,1443.0,-2.9062,0,245,26.2887,4.238,3.8078,2.191,5.481,1,-1.4369,18.3418,-0.5534,35.1103,0,-2.04,-1
043150,바텍,2023-05-02,42500,41000,KOSDAQ,3067.0,-3.5294,0,247,7.3298,1.8679,0.7333,1.029,3.9286,4,3.1122,28.2495,0.076,45.3901,1,8.66,2
248070,솔루엠,2023-05-02,26100,25600,KOSPI,8253.0,-1.9157,1,246,18.7935,3.1955,2.2982,1.2444,4.3387,4,2.6861,11.4202,2.1053,54.6828,1,10.35,1
095660,네오위즈,2023-05-02,48900,47000,KOSDAQ,5836.0,-3.8855,6,66,14.7741,2.2742,1.2251,1.2675,3.6322,3,1.8574,15.1201,0.076,148.6772,0,10.21,-1
042700,한미반도체,2023-05-03,24050,23200,KOSPI,185763.0,-3.5343,0,22,13.4474,1.8003,0.9985,1.0579,6.0991,4,15.1803,20.7511,0.8422,119.9052,0,26.94,-1
054950,제이브이엠,2023-05-03,22550,22300,KOSDAQ,3155.0,-1.1086,0,156,20.9328,2.7174,2.3122,1.6567,4.6797,2,-2.7541,21.4613,-1.6333,42.9487,1,13.0,1
263860,지니언스,2023-05-03,11630,11060,KOSDAQ,1697.0,-4.9011,9,45,0.1812,1.3319,1.0492,1.3666,4.5014,3,4.9052,8.0818,-1.6333,63.8519,1,37.43,9
900290,GRT,2023-05-03,3690,3545,KOSDAQ,3044.0,-3.9295,8,25,5.506,0.7601,0.5047,0.7602,3.6571,4,9.8417,7.771,-1.6333,215.1111,0,6.35,-1
078520,에이블씨엔씨,2023-05-04,9170,8830,KOSPI,2940.0,-3.7077,2,31,5.2443,0.9563,0.5967,0.7838,4.9507,4,9.7358,17.1906,0.2296,117.4877,1,13.25,3
200670,휴메딕스,2023-05-04,29550,28450,KOSDAQ,4705.0,-3.7225,3,69,4.7882,0.8713,0.9258,0.9589,5.3979,4,-1.8505,17.3865,-3.1294,59.3838,1,17.75,4
003200,일신방직,2023-05-08,14200,13540,KOSPI,3302.0,-4.6479,3,52,2.4206,2.1123,1.3569,0.3106,2.4372,4,7.8315,1.401,2.195,0.0,0,2.14,-1
043260,성호전자,2023-05-08,1715,1670,KOSDAQ,18972.0,-2.6239,0,228,40.4542,102.8042,3.9221,2.1484,5.4577,1,-2.055,49.8284,-2.6918,57.5472,1,25.75,1
340570,티앤엘,2023-05-08,49950,48000,KOSDAQ,4503.0,-3.9039,10,20,4.8035,0.4916,0.9905,0.9771,3.497,4,6.679,1.4573,-2.6918,66.6667,1,23.12,3
214430,아이쓰리시스템,2023-05-08,21850,20950,KOSDAQ,8359.0,-4.119,25,52,6.0759,2.1732,0.793,1.2476,3.7027,3,1.6451,5.1368,-2.6918,33.8658,1,17.42,7
017940,E1,2023-05-09,52100,49600,KOSPI,6538.0,-4.7985,7,249,4.2017,1.4978,0.7755,0.7492,1.8289,4,1.2659,3.4127,0.789,19.2308,1,6.85,8
072710,농심홀딩스,2023-05-09,74600,70900,KOSPI,4336.0,-4.9598,4,250,1.5759,0.7241,1.1346,1.0612,2.1862,4,1.6123,0.6416,0.789,21.6123,0,4.94,-1
413630,씨피시스템,2023-05-09,3373,3206,KOSDAQ,1722.0,-4.9511,2,229,1.4236,0.3405,0.5854,1.1003,1.7222,3,0.9848,6.7055,-5.0246,6.8311,0,3.81,-1
033530,SJG세종,2023-05-09,7610,7520,KOSPI,2991.0,-1.1827,0,237,11.5727,4.6715,1.313,1.5764,5.4426,4,4.0505,15.8001,0.789,84.3137,1,21.94,1
064850,에프앤가이드,2023-05-10,9020,8700,KOSDAQ,1475.0,-3.5477,0,250,3.8186,2.4688,1.0487,1.3964,3.6617,4,4.0482,24.1052,-6.5377,57.6087,0,3.45,-1
041960,코미팜,2023-05-10,7529,7174,KOSDAQ,6170.0,-4.7151,2,231,4.0766,0.3779,0.3563,0.6383,3.7078,2,3.3933,24.2987,-6.5377,21.9653,1,6.72,1
019180,티에이치엔,2023-05-10,4800,4595,KOSPI,1501.0,-4.2708,0,139,16.4766,1.8893,0.7522,1.0539,5.2231,3,1.9427,31.1596,-0.6198,77.4131,1,5.44,2
001800,오리온홀딩스,2023-05-10,17440,16570,KOSPI,14189.0,-4.9885,20,21,-1.1337,0.4982,0.8098,0.8904,2.2588,3,2.6935,-0.8079,-0.6198,21.8382,0,0.72,-1
180400,DXVX,2023-05-11,7028,6959,KOSDAQ,4592.0,-0.9818,0,30,14.2505,2.6073,1.0801,1.0108,4.9083,1,-4.9362,26.7476,-8.2764,0.0,1,25.32,1
043370,피에이치에이,2023-05-11,9500,9060,KOSDAQ,2600.0,-4.6316,0,240,5.1044,1.1699,0.977,1.0271,4.1312,4,5.9757,22.96,-8.2764,63.2432,1,24.17,1
018670,SK가스,2023-05-11,140000,135500,KOSPI,20709.0,-3.2143,0,228,6.025,1.2934,1.6814,1.3879,2.6832,4,1.0956,16.385,-2.2317,35.6356,0,1.77,-1
066570,LG전자,2023-05-11,121400,116200,KOSPI,169402.0,-4.2834,9,43,6.3129,1.0942,0.968,0.6899,2.2375,3,3.4005,5.4288,-2.2317,50.5181,0,10.93,-1
002030,아세아,2023-05-11,157800,150600,KOSPI,5990.0,-4.5627,4,47,2.7986,0.5921,0.9523,0.7116,2.3478,3,1.989,9.88,-2.2317,52.8934,0,0.13,-1
003555,LG우,2023-05-12,70200,66700,KOSPI,2144.0,-4.9858,9,20,0.6033,0.2841,0.4094,0.3359,1.9169,4,3.6103,1.9105,-2.9491,15.3979,0,1.5,-1
000105,유한양행우,2023-05-12,56500,53900,KOSPI,1109.0,-4.6018,19,89,-0.5535,0.2058,0.308,0.2993,1.63,2,0.8656,1.3067,-2.9491,10.639,0,3.71,-1
067570,엔브이에이치코리아,2023-05-12,4383,4253,KOSDAQ,1008.0,-2.966,0,118,15.7279,24.0105,2.7825,1.0203,5.0301,4,3.5046,23.2271,-7.6565,60.794,1,6.23,1
025540,한국단자,2023-05-12,67900,66200,KOSPI,7526.0,-2.5037,1,170,9.061,6.0695,1.9018,1.0843,2.9996,3,4.1288,5.1096,-2.9491,39.9577,0,1.66,-1
036190,금화피에스시,2023-05-12,32100,31300,KOSDAQ,1971.0,-2.4922,0,174,4.8576,3.4737,1.1127,1.3864,2.0539,3,0.6484,13.9383,-7.6565,17.4484,1,3.35,3
005720,넥센,2023-05-15,4500,4285,KOSPI,3721.0,-4.7778,0,250,2.3895,1.9864,0.9895,0.872,1.742,4,1.2672,6.4662,-3.2132,29.8485,0,8.28,-1
000100,유한양행,2023-05-15,56946,55127,KOSPI,86179.0,-3.1943,18,20,0.0,0.6047,0.6773,0.7052,2.2075,3,2.7109,0.5093,-3.2132,15.3164,1,8.33,6
002810,삼영무역,2023-05-15,14200,13510,KOSPI,3306.0,-4.8592,6,230,0.5957,2.1815,1.0357,0.5935,1.0098,3,1.4477,2.9179,-3.2132,9.3927,0,0.3,-1
072870,메가스터디,2023-05-15,12550,11950,KOSDAQ,1342.0,-4.7809,3,201,1.5293,5.1769,2.709,0.4608,1.4405,4,2.1581,14.4801,-8.9147,22.6899,0,0.33,-1
029530,신도리코,2023-05-15,37500,36000,KOSPI,5685.0,-4.0,0,163,4.9563,5.6664,1.3141,1.0516,2.2619,3,0.8728,9.8798,-3.2132,18.2266,0,2.64,-1
119850,지엔씨에너지,2023-05-16,6000,5870,KOSDAQ,6012.0,-2.1667,1,234,15.3242,6.4301,1.6004,1.8841,10.909,3,4.3797,57.123,-9.6356,83.1513,1,17.72,1
005930,삼성전자,2023-05-16,68800,65400,KOSPI,9814760.0,-4.9419,11,243,0.1531,1.009,0.896,0.6872,1.7693,3,1.2626,4.0094,-3.5485,26.2548,1,11.16,4
059210,메타바이오메드,2023-05-16,2960,2830,KOSDAQ,1424.0,-4.3919,0,238,25.7778,162.8492,3.6508,2.162,3.42,2,-2.8129,31.356,-9.6356,38.0488,1,76.5,1
016740,두올,2023-05-16,4130,3955,KOSPI,1396.0,-4.2373,0,242,31.8333,155.5578,3.6165,2.2552,3.3863,4,5.6341,30.5148,-3.5485,86.1176,1,27.43,1
355150,코스텍시스,2023-05-17,20750,19800,KOSDAQ,1083.0,-4.5783,0,61,14.7826,2.8011,1.5042,1.4875,9.4791,3,5.2542,31.453,-8.2804,0.0,0,4.8,-1
036530,SNT홀딩스,2023-05-17,17250,16470,KOSPI,9864.0,-4.5217,1,202,3.0019,1.1171,1.0064,0.9614,1.7478,3,-0.3091,10.1023,-3.1542,23.8346,1,5.83,2
037270,YG PLUS,2023-05-17,7230,7030,KOSPI,4616.0,-2.7663,0,239,23.5501,8.8994,3.3538,1.5563,5.4765,3,1.8094,24.1525,-3.1542,80.7198,0,1.42,-1
101160,월덱스,2023-05-18,25400,24600,KOSDAQ,4433.0,-3.1496,1,250,19.4175,1.8207,2.5741,1.2296,4.0941,4,1.7169,15.4685,-8.0449,60.2606,1,14.84,1
036010,아비코전자,2023-05-18,15400,14730,KOSDAQ,1160.0,-4.3506,0,248,24.9364,24.3011,2.403,1.9403,4.8783,3,4.3523,24.4876,-8.0449,73.2941,1,21.79,1
095340,ISC,2023-05-18,42200,41550,KOSDAQ,35802.0,-1.5403,4,32,14.4628,2.7383,1.2623,1.1312,3.8594,3,1.5281,15.967,-8.0449,47.6021,1,37.18,1
272110,케이엔제이,2023-05-18,20300,20050,KOSDAQ,2813.0,-1.2315,3,37,20.0599,6.6916,1.6055,1.4366,5.3865,3,5.2484,18.2098,-8.0449,97.5369,1,24.19,1
093520,매커스,2023-05-18,11940,11600,KOSDAQ,3279.0,-2.8476,2,56,13.1707,1.9365,2.1159,0.7629,3.3744,3,3.6021,24.9804,-8.0449,107.8853,1,50.86,1
001200,유진투자증권,2023-05-18,3430,3280,KOSPI,4219.0,-4.3732,0,250,6.8404,0.7729,1.2868,1.4607,5.76,3,-0.58,30.7935,-2.166,50.1144,1,14.33,5
126700,하이비젼시스템,2023-05-18,22450,22000,KOSDAQ,3153.0,-2.0045,0,67,12.2449,5.4043,2.2574,1.2874,3.7435,3,-2.3082,28.5929,-8.0449,57.7061,0,1.82,-1
122640,예스티,2023-05-19,11100,10620,KOSDAQ,4996.0,-4.3243,6,126,6.0939,2.0412,1.2282,0.681,3.0065,3,7.3927,11.3358,-7.4219,78.1879,1,25.52,9
144960,뉴파워프라즈마,2023-05-19,5420,5250,KOSDAQ,2713.0,-3.1365,16,34,6.2753,4.5828,1.8717,1.0471,2.9932,3,1.3874,9.1661,-7.4219,63.0435,1,33.33,2
140860,파크시스템스,2023-05-19,159400,159300,KOSDAQ,18156.0,-0.0627,15,28,14.9351,4.6253,1.6799,1.5342,3.6499,3,3.3188,10.1961,-7.4219,80.6122,1,18.02,6
114090,GKL,2023-05-19,21250,20200,KOSPI,8245.0,-4.9412,12,62,5.2083,0.9194,0.947,0.8548,3.7942,3,-2.4194,1.6962,-1.4481,60.3175,0,2.72,-1
009300,삼아제약,2023-05-19,18950,18010,KOSDAQ,1024.0,-4.9604,0,105,11.2415,0.8791,3.2073,1.3346,3.1649,3,-2.6883,18.8699,-7.4219,34.403,1,9.77,10
900290,GRT,2023-05-22,3690,3520,KOSDAQ,3044.0,-4.607,10,37,2.6239,0.6126,0.9153,0.5382,4.0584,4,8.2794,2.263,-3.8015,200.8547,1,46.88,8
007660,이수페타시스,2023-05-22,11105,10785,KOSPI,81264.0,-2.8816,0,34,22.6823,8.2885,1.9671,0.7663,4.8699,4,6.2528,23.3236,-0.2353,138.2899,1,119.56,3
042660,한화오션,2023-05-22,26963,25764,KOSPI,401095.0,-4.4468,2,20,15.0795,4.1954,1.2132,1.3543,4.3236,3,2.953,-2.4466,-0.2353,68.1175,1,39.65,2
117730,티로보틱스,2023-05-22,17990,17330,KOSDAQ,5395.0,-3.6687,0,23,15.5333,7.3134,1.591,0.5271,7.7694,4,25.9515,17.8146,-3.8015,213.3816,1,9.92,3
047560,이스트소프트,2023-05-23,15430,14780,KOSDAQ,2044.0,-4.2126,0,68,32.0822,27.1885,2.4964,1.5447,5.4997,4,-2.6204,41.6061,-1.1119,77.2182,1,35.32,1
005180,빙그레,2023-05-23,53200,50800,KOSPI,7692.0,-4.5113,0,240,3.9918,2.7946,1.9751,1.6197,2.4606,4,3.2578,12.864,0.9098,38.6085,0,3.35,-1
001740,SK네트웍스,2023-05-23,5000,4810,KOSPI,11175.0,-3.8,10,23,7.0078,1.3237,0.9014,1.1235,2.4948,3,4.835,0.7815,0.9098,30.3523,0,13.51,-1
319400,현대무벡스,2023-05-23,5270,5010,KOSDAQ,33858.0,-4.9336,1,20,20.5776,0.7782,0.917,1.3035,7.649,4,10.9547,18.8557,-1.1119,95.7031,0,-1.0,-1
010140,삼성중공업,2023-05-23,6310,6040,KOSPI,245080.0,-4.2789,0,183,10.219,2.2873,1.3085,1.072,2.6963,3,-0.5549,4.8695,0.9098,26.096,1,15.73,8
009420,한올바이오파마,2023-05-23,23800,23300,KOSPI,28314.0,-2.1008,2,25,9.3897,3.6679,2.4186,0.9923,6.4623,4,9.838,8.7372,0.9098,87.1486,1,4.94,6
072710,농심홀딩스,2023-05-23,74000,73300,KOSPI,4336.0,-0.9459,27,243,-0.6775,0.4453,0.7285,1.2553,2.2608,4,1.8934,3.5061,0.9098,25.729,1,1.77,2
226400,오스테오닉,2023-05-23,4650,4425,KOSDAQ,1357.0,-4.8387,4,28,4.3632,0.8332,0.8504,0.3737,5.3107,4,7.4399,15.0115,-1.1119,93.2314,0,57.74,-1
146320,비씨엔씨,2023-05-23,22150,21700,KOSDAQ,2099.0,-2.0316,0,246,46.325,37.6689,2.9729,2.01,4.1771,2,0.6071,27.7163,-1.1119,61.3383,1,12.67,1
082740,한화엔진,2023-05-24,9470,9000,KOSPI,45479.0,-4.963,0,184,16.8831,5.0081,1.7619,1.3259,3.3492,3,0.3603,12.6167,1.7416,47.2995,1,20.56,9
009540,HD한국조선해양,2023-05-24,101500,98600,KOSPI,270353.0,-2.8571,0,183,13.4638,1.6045,1.4444,1.251,3.0861,3,2.2451,11.9839,1.7416,44.7871,1,23.63,7
402340,SK스퀘어,2023-05-25,47650,45600,KOSPI,717233.0,-4.3022,0,244,5.6779,2.0163,1.1312,0.7,2.2165,3,4.8642,12.6587,2.6384,46.6238,0,7.24,-1
413630,씨피시스템,2023-05-25,3373,3206,KOSDAQ,1722.0,-4.9511,4,241,0.691,0.7692,0.8761,0.4468,1.417,3,0.805,0.1252,1.0743,6.8311,0,4.49,-1
005935,삼성전자우,2023-05-26,61100,59300,KOSPI,932659.0,-2.946,1,245,2.0654,1.8463,1.1287,1.1514,1.4816,3,0.2722,7.2458,2.9773,28.0778,1,3.71,8
000660,SK하이닉스,2023-05-26,112000,109200,KOSPI,6377301.0,-2.5,0,250,12.2302,3.1611,1.486,1.0737,2.6622,3,0.2508,21.9655,2.9773,49.3844,1,10.9,1
000105,유한양행우,2023-05-26,56500,54700,KOSPI,1109.0,-3.1858,29,99,0.9225,1.2484,1.421,0.7668,1.6715,3,1.1165,-1.681,2.9773,12.2811,0,2.19,-1
060370,LS마린솔루션,2023-05-26,6600,6407,KOSDAQ,15306.0,-2.9242,0,203,5.05,2.0489,1.0028,0.6547,2.7693,3,6.5794,13.6108,1.5401,54.7211,1,11.22,8
029530,신도리코,2023-05-30,37500,36250,KOSPI,5685.0,-3.3333,10,173,-1.2262,0.4494,0.8408,0.7018,1.8818,4,2.057,1.9369,3.5944,19.0476,0,1.1,-1
078150,HB테크놀러지,2023-05-30,3120,2995,KOSDAQ,2021.0,-4.0064,0,36,4.3554,2.2234,1.0505,1.1176,5.3422,4,8.8655,22.3432,0.1517,83.1804,1,9.85,1
010120,LS ELECTRIC,2023-05-30,67700,64600,KOSPI,191100.0,-4.579,11,20,2.7027,0.5648,0.6692,0.9062,3.5383,4,8.6315,-6.7429,3.5944,44.1964,1,18.89,4
066575,LG전자우,2023-05-30,55500,54000,KOSPI,8662.0,-2.7027,0,246,5.4688,11.9695,1.9195,1.5671,2.2421,4,1.8486,7.0613,3.5944,49.5845,1,3.33,5
373220,LG에너지솔루션,2023-05-31,629000,599000,KOSPI,913770.0,-4.7695,2,136,4.3554,2.988,1.2386,0.9096,2.5519,3,2.2821,0.0764,3.0218,70.1705,0,2.5,-1
064960,SNT모티브,2023-06-01,30303,29091,KOSPI,9236.0,-3.9996,1,24,5.3869,1.3583,1.1752,0.8124,2.8342,4,1.3678,8.4569,1.7739,36.0855,0,2.08,-1
005950,이수화학,2023-06-01,31500,30800,KOSPI,2385.0,-2.2222,0,34,48.4337,37.5582,4.0,1.3482,60.7491,3,18.8208,46.6598,1.7739,0.0,1,26.14,1
018290,브이티,2023-06-01,7080,6870,KOSDAQ,7268.0,-2.9661,1,28,10.9855,15.6954,2.2619,1.1684,2.8072,4,3.4959,11.3,0.9549,50.4929,1,44.1,1
267260,HD현대일렉트릭,2023-06-02,54800,52400,KOSPI,338483.0,-4.3796,2,25,7.048,2.868,1.0932,1.3144,4.2394,4,6.6152,-2.4458,3.9962,167.3469,1,29.01,3
298040,효성중공업,2023-06-02,90800,88300,KOSPI,218847.0,-2.7533,0,126,8.3436,2.813,1.1336,1.4757,3.891,4,4.715,5.8297,3.9962,81.1282,1,40.2,2
900140,엘브이엠씨홀딩스,2023-06-05,2500,2425,KOSPI,3051.0,-3.0,0,59,11.7512,1.9699,1.4741,1.0479,4.4683,4,2.7221,25.5893,4.5771,53.481,1,36.91,3
044490,태웅,2023-06-05,15580,15350,KOSDAQ,5902.0,-1.4763,1,28,14.8952,2.8457,1.0651,0.7617,3.7971,4,10.3558,9.0594,2.9844,80.5882,1,14.92,2
047050,포스코인터내셔널,2023-06-05,34600,33000,KOSPI,112591.0,-4.6243,0,31,16.1972,1.3841,1.416,0.8968,4.816,4,8.9079,13.4909,4.5771,89.6552,1,33.94,2
000400,롯데손해보험,2023-06-05,1825,1739,KOSPI,5508.0,-4.7123,4,250,3.0213,0.2784,0.5181,0.5299,1.643,4,2.8517,9.6055,4.5771,39.12,1,8.4,3
009970,영원무역홀딩스,2023-06-05,73000,70800,KOSPI,30711.0,-3.0137,1,59,4.271,1.3229,1.4102,0.6193,2.6029,4,0.7421,1.5698,4.5771,55.2632,1,12.99,9
007340,DN오토모티브,2023-06-05,17204,16384,KOSPI,17114.0,-4.7663,0,181,6.6528,0.8054,1.0786,0.6375,2.2997,4,4.167,4.4896,4.5771,68.6811,0,17.84,-1
004710,한솔테크닉스,2023-06-07,8537,8140,KOSPI,1894.0,-4.6503,0,22,1.4204,0.7644,1.0241,0.6327,4.1576,4,6.0594,10.2839,4.0741,77.2648,1,7.57,7
051360,토비스,2023-06-07,13490,13020,KOSDAQ,2383.0,-3.4841,0,32,10.339,0.4891,0.6858,1.2342,4.4273,4,1.9318,11.6862,4.5638,66.2835,1,13.98,1
112610,씨에스윈드,2023-06-07,88100,84400,KOSPI,18134.0,-4.1998,1,28,4.9751,1.0628,0.8805,0.8446,2.9113,4,4.2549,11.701,4.0741,85.4945,1,5.92,8
083450,GST,2023-06-07,14507,14032,KOSDAQ,5243.0,-3.2743,7,44,2.3785,2.789,1.13,0.903,3.8906,4,3.4312,12.5941,4.5638,55.5827,1,9.29,4
086900,메디톡스,2023-06-08,281000,267000,KOSDAQ,9612.0,-4.9822,1,35,8.5366,1.8027,1.1823,0.7677,4.588,4,4.342,3.7175,4.819,179.8361,0,3.93,-1
001740,SK네트웍스,2023-06-08,5000,4915,KOSPI,11175.0,-1.7,19,33,1.5496,1.3646,1.2643,0.7453,2.4124,4,4.2176,-1.2986,4.0154,33.1978,1,11.09,2
033100,제룡전기,2023-06-08,18490,17840,KOSDAQ,8770.0,-3.5154,0,34,17.8336,1.1853,2.132,0.7793,4.0199,4,11.2472,3.8952,4.819,230.3704,1,18.27,7
067310,하나마이크론,2023-06-08,16754,16481,KOSDAQ,22605.0,-1.6295,0,250,13.7484,7.0385,1.3665,0.9048,4.6044,4,13.5483,26.076,4.819,119.1331,1,18.51,1
005070,코스모신소재,2023-06-08,197169,190552,KOSPI,16938.0,-3.356,3,40,7.9468,1.6227,0.8142,0.4762,4.0064,4,24.5531,11.4937,4.0154,343.4639,1,25.71,1
006800,미래에셋증권,2023-06-09,7840,7560,KOSPI,294317.0,-3.5714,3,250,4.7091,1.432,0.8742,0.9167,2.2487,4,0.8729,2.5154,5.7941,28.7905,0,-0.13,-1
290650,엘앤씨바이오,2023-06-09,38000,36250,KOSDAQ,22408.0,-4.6053,1,250,5.5313,1.4814,1.1145,0.4448,3.5961,4,13.05,16.5855,6.5044,108.9337,0,4.28,-1
005385,현대차우,2023-06-09,113000,107800,KOSPI,58819.0,-4.6018,22,20,4.0541,0.4628,0.8445,1.1679,1.8884,3,5.3322,-10.1419,5.7941,46.8665,0,3.71,-1
111770,영원무역,2023-06-09,52500,51400,KOSPI,43071.0,-2.0952,0,141,14.0954,1.693,1.5376,1.3044,2.7724,3,1.5298,7.4218,5.7941,40.2456,1,29.77,4
219130,타이거일렉,2023-06-09,27000,25700,KOSDAQ,2191.0,-4.8148,0,36,13.969,3.4728,1.4511,1.2301,4.3357,4,4.9513,6.2149,6.5044,105.6,1,24.32,6
003555,LG우,2023-06-09,70200,67400,KOSPI,2144.0,-3.9886,10,38,2.5875,2.919,1.4459,0.4936,1.4625,4,2.5543,-4.7446,5.7941,16.609,0,0.45,-1
039030,이오테크닉스,2023-06-09,104600,99800,KOSDAQ,48169.0,-4.5889,0,250,7.7754,1.7533,0.8298,1.0006,4.5734,4,5.3708,11.4625,6.5044,74.4755,1,17.84,6
034950,한국기업평가,2023-06-09,78400,74900,KOSDAQ,4441.0,-4.4643,3,249,1.7663,1.0586,0.8071,0.6184,1.0776,4,1.0761,-6.3708,6.5044,15.5864,0,2.0,-1
016360,삼성증권,2023-06-09,38900,37100,KOSPI,85371.0,-4.6272,3,250,2.3448,0.7738,0.7733,0.8365,1.4151,4,3.1747,0.8151,5.7941,23.6667,0,0.81,-1
060720,KH바텍,2023-06-12,22200,21500,KOSDAQ,4148.0,-3.1532,6,250,-0.232,0.4859,0.4371,0.4464,3.3754,4,10.461,12.0197,7.4247,85.3448,1,3.72,7
352820,하이브,2023-06-12,303000,294000,KOSPI,161655.0,-2.9703,3,25,8.8889,1.5636,0.992,0.9605,3.8751,3,14.009,0.392,5.554,174.7664,1,6.29,2
042520,한스바이오메드,2023-06-12,16510,16140,KOSDAQ,6147.0,-2.2411,5,39,18.4153,4.8992,1.7027,0.9102,3.9166,3,3.175,1.4087,7.4247,79.1343,1,82.78,6
054450,텔레칩스,2023-06-12,20350,19840,KOSDAQ,2228.0,-2.5061,0,33,11.0862,12.495,1.8617,1.1136,3.1358,4,5.8198,10.2502,7.4247,88.0569,1,14.92,1
281740,레이크머티리얼즈,2023-06-12,18150,17350,KOSDAQ,16038.0,-4.4077,0,31,15.2824,4.3147,1.2474,0.6312,5.2244,4,27.7571,9.3316,7.4247,334.2929,1,50.14,1
256940,킵스파마,2023-06-13,11970,11880,KOSDAQ,1807.0,-0.7519,0,31,10.0,3.7154,1.5824,0.7628,4.1546,4,2.188,1.9841,9.0439,155.4839,0,3.96,-1
114810,한솔아이원스,2023-06-13,9230,8920,KOSDAQ,4575.0,-3.3586,9,250,1.8265,1.5026,0.9409,0.4261,2.5545,4,4.2766,2.7355,9.0439,49.6644,1,15.47,9
248070,솔루엠,2023-06-13,28250,28150,KOSPI,8253.0,-0.354,0,25,11.9284,5.694,1.6766,0.8653,3.4763,4,4.3218,4.6991,6.5658,70.0906,1,7.1,4
000105,유한양행우,2023-06-13,56500,55300,KOSPI,1109.0,-2.1239,39,109,-0.7181,0.9422,1.4357,0.6508,2.0537,4,1.8276,-3.9684,6.5658,13.5127,0,2.35,-1
326030,SK바이오팜,2023-06-13,82600,81000,KOSPI,87398.0,-1.937,0,249,9.0175,3.0909,1.4818,0.8214,2.6896,3,4.2409,6.0907,6.5658,59.1356,1,7.78,2
140410,메지온,2023-06-13,29350,28100,KOSDAQ,46062.0,-4.2589,4,24,8.0769,1.2834,0.7954,0.5081,4.4611,4,18.1953,3.5813,9.0439,129.3878,1,74.2,4
098120,마이크로컨텍솔,2023-06-13,8190,7880,KOSDAQ,1829.0,-3.7851,4,48,5.3476,1.1883,0.7245,0.5551,4.6682,4,6.8434,11.6299,9.0439,77.8781,1,14.34,2
128940,한미약품,2023-06-13,333093,318867,KOSPI,75713.0,-4.2709,8,38,5.5194,2.8807,1.4518,0.972,3.0549,4,5.0072,1.0501,6.5658,48.0678,0,2.46,-1
005940,NH투자증권,2023-06-13,10300,9810,KOSPI,101380.0,-4.7573,2,250,0.5123,0.9558,0.8716,1.3513,1.6747,2,1.2589,-3.5195,6.5658,18.9091,0,0.31,-1
011560,세보엠이씨,2023-06-13,9990,9740,KOSDAQ,1597.0,-2.5025,4,250,4.5064,3.42,1.0598,1.2631,2.7281,4,5.213,-4.2,9.0439,43.4462,0,5.44,-1
034220,LG디스플레이,2023-06-13,15898,15223,KOSPI,58350.0,-4.2458,8,250,0.4885,0.7707,1.1328,0.7489,2.6229,4,1.5569,4.7949,6.5658,39.5837,1,5.04,4
319660,피에스케이,2023-06-13,23450,22400,KOSDAQ,16250.0,-4.4776,2,41,5.4118,1.5067,1.057,0.5196,3.97,4,5.562,5.5341,9.0439,62.3188,0,4.91,-1
004840,DRB동일,2023-06-14,5640,5370,KOSPI,1130.0,-4.7872,0,250,5.2941,1.8902,0.9102,0.5923,2.8332,4,4.074,4.9719,5.6358,42.8191,1,7.45,10
005380,현대차,2023-06-14,211500,201000,KOSPI,983861.0,-4.9645,21,22,2.3422,1.1128,0.9746,0.7825,1.8905,3,4.6258,-9.0011,5.6358,33.5548,0,4.48,-1
009450,경동나비엔,2023-06-14,44800,44650,KOSPI,8960.0,-0.3348,2,250,10.794,3.6402,1.2456,0.8446,2.8235,4,3.9499,2.4756,5.6358,39.9687,1,22.96,1
064290,인텍플러스,2023-06-14,26650,25600,KOSDAQ,2290.0,-3.94,0,250,29.0323,4.197,2.6551,1.5502,4.6401,4,6.6255,32.7033,7.0347,102.3715,1,42.19,1
267270,HD건설기계,2023-06-14,71500,68800,KOSPI,62462.0,-3.7762,2,26,10.2564,2.0519,1.3618,1.2369,4.2982,4,4.1961,5.332,5.6358,129.3333,1,32.27,2
108320,LX세미콘,2023-06-14,122500,118100,KOSPI,8897.0,-3.5918,2,250,5.0712,1.9008,0.8989,0.3257,3.145,4,6.3132,11.0639,5.6358,74.963,1,7.45,2
029530,신도리코,2023-06-14,37500,36200,KOSPI,5685.0,-3.4667,20,183,-0.2755,1.0353,1.1049,0.6785,1.6279,3,3.1609,-5.0802,5.6358,18.8834,0,0.0,-1
078140,대봉엘에스,2023-06-14,10500,10020,KOSDAQ,1354.0,-4.5714,0,220,25.8794,80.3754,3.8414,2.2152,4.0633,3,0.9144,21.0983,7.0347,46.0641,1,5.99,1
161000,애경케미칼,2023-06-14,22600,22500,KOSPI,4933.0,-0.4425,0,20,22.2162,5.993,1.5128,0.6277,7.3492,4,29.5667,-6.0782,5.6358,193.3507,1,23.56,2
298050,HS효성첨단소재,2023-06-14,496000,476500,KOSPI,11625.0,-3.9315,4,250,0.4215,1.1307,1.1801,0.8349,2.7582,4,2.6887,8.2233,5.6358,57.0016,1,7.03,4
083930,아바코,2023-06-15,21850,21300,KOSDAQ,2353.0,-2.5172,1,38,9.6243,1.8222,1.9501,0.7167,4.336,4,6.7116,14.489,7.5041,116.9043,1,12.44,10
241710,코스메카코리아,2023-06-15,18600,17830,KOSDAQ,10691.0,-4.1398,2,21,0.8484,0.3935,0.5707,1.0684,6.1614,4,23.4208,5.5586,7.5041,182.5674,1,56.2,1
039440,에스티아이,2023-06-15,18600,17950,KOSDAQ,5544.0,-3.4946,0,250,39.4716,6.5415,3.3879,1.8453,4.1504,3,3.3614,44.6145,7.5041,67.757,1,52.09,1
178920,PI첨단소재,2023-06-15,41300,39500,KOSPI,5800.0,-4.3584,0,250,15.6662,29.1618,2.8397,1.8231,2.821,3,-0.9918,16.5528,5.1729,44.1606,1,13.8,9
131970,두산테스나,2023-06-15,42000,39950,KOSDAQ,11944.0,-4.881,4,43,4.0365,2.3034,1.3086,0.9136,3.6921,4,5.0276,5.6687,7.5041,98.7562,1,20.9,7
183300,코미코,2023-06-15,58700,58100,KOSDAQ,11256.0,-1.0221,0,250,10.0379,3.1325,1.182,1.0331,4.4074,3,3.725,30.6647,7.5041,48.0255,1,10.15,1
086280,현대글로비스,2023-06-15,99788,97238,KOSPI,182625.0,-2.5554,0,248,9.2132,2.8242,2.0339,1.7183,3.1564,3,3.4415,15.4234,5.1729,29.8602,1,4.42,9
039840,디오,2023-06-15,32350,30900,KOSDAQ,2774.0,-4.4822,12,27,0.4878,0.7638,0.7824,0.7413,3.2825,4,7.4112,-5.1863,7.5041,72.6257,1,16.34,4
045100,한양이엔지,2023-06-15,16650,16020,KOSDAQ,5103.0,-3.7838,1,250,4.4329,3.3614,1.2411,1.1765,1.8994,4,1.4721,-2.1094,7.5041,29.7166,1,6.87,6
011760,현대코퍼레이션,2023-06-16,20550,19910,KOSPI,3294.0,-3.1144,0,188,2.6818,22.9417,2.3605,1.3081,3.6486,3,5.7423,-0.6871,5.2564,44.8,1,20.54,1
003460,유화증권,2023-06-16,2590,2480,KOSPI,1758.0,-4.2471,1,174,3.1185,2.5198,1.033,1.2594,1.4401,3,3.0328,-2.3519,5.2564,14.023,0,0.4,-1
161890,한국콜마,2023-06-16,45250,43500,KOSPI,17184.0,-3.8674,5,91,4.5673,1.7116,0.9825,0.8538,2.5862,2,-0.3524,9.2173,5.2564,34.8837,0,9.89,-1
007690,국도화학,2023-06-16,56600,53900,KOSPI,3565.0,-4.7703,1,250,11.0196,0.9197,1.9708,1.5928,3.538,3,0.504,19.8016,5.2564,33.0864,1,6.31,6
012450,한화에어로스페이스,2023-06-16,122340,118979,KOSPI,590917.0,-2.7473,1,44,9.057,1.5024,0.9851,0.7309,3.2289,4,5.1508,6.9445,5.2564,185.9316,1,26.2,1
290550,디케이티,2023-06-16,13000,12400,KOSDAQ,2258.0,-4.6154,0,185,4.3771,1.0402,1.106,1.0246,4.4931,4,4.742,15.2434,6.4446,65.7754,0,2.82,-1
095610,테스,2023-06-19,23300,22300,KOSDAQ,12874.0,-4.2918,15,45,1.3636,1.7325,1.3528,0.6885,3.2191,3,5.925,-0.3688,6.307,50.6757,0,7.62,-1
227840,현대코퍼레이션홀딩스,2023-06-19,12150,11590,KOSPI,1165.0,-4.6091,2,202,3.2057,3.764,1.9662,1.1549,1.8859,3,0.6635,-1.4462,3.741,21.3613,1,7.77,4
267250,HD현대,2023-06-19,65500,63400,KOSPI,193533.0,-3.2061,0,125,5.4908,1.7587,1.3652,1.3788,1.8364,2,0.6759,6.1377,3.741,27.1815,0,0.79,-1
064960,SNT모티브,2023-06-19,30303,29257,KOSPI,9236.0,-3.4518,6,35,2.7102,2.4008,0.9086,0.8096,2.7312,3,2.3028,-1.4259,3.741,36.862,0,5.27,-1
082920,비츠로셀,2023-06-19,11001,10800,KOSDAQ,10020.0,-1.8271,1,57,4.9053,13.6451,2.2694,1.1952,5.0112,4,7.2608,10.0723,6.307,111.8893,1,15.42,2
008060,대덕,2023-06-19,7120,6770,KOSPI,3762.0,-4.9157,0,71,4.1538,1.5319,1.5753,1.395,2.0468,2,-0.7428,2.0403,3.741,17.331,0,2.36,-1
008260,NI스틸,2023-06-19,7580,7520,KOSPI,1058.0,-0.7916,2,43,9.781,8.1563,1.9099,1.029,3.3815,4,3.5437,9.5121,3.741,111.236,1,8.64,7
353200,대덕전자,2023-06-19,31350,30850,KOSPI,28514.0,-1.5949,0,249,19.3424,1.0029,1.1903,0.985,4.3066,3,6.9228,44.2207,3.741,72.3464,1,28.53,2
000880,한화,2023-06-19,32950,31850,KOSPI,85828.0,-3.3384,0,197,3.2415,3.1326,1.2222,0.8161,2.6351,3,5.6801,6.2763,3.741,38.78,0,1.41,-1
225570,넥슨게임즈,2023-06-19,23500,22650,KOSDAQ,8193.0,-3.617,1,214,18.0918,4.304,1.5163,1.0811,4.2163,4,10.3405,3.9119,6.307,92.766,1,11.26,1
178320,서진시스템,2023-06-19,19760,18910,KOSDAQ,19681.0,-4.3016,1,68,9.4962,2.1933,1.6017,0.8299,2.7952,3,-1.2889,12.549,6.307,40.5948,1,12.64,1
006260,LS,2023-06-19,100500,96000,KOSPI,69264.0,-4.4776,2,39,11.6279,4.303,1.8524,1.187,3.8839,3,6.6764,9.4666,3.741,92.0,0,1.56,-1
003300,한일홀딩스,2023-06-19,12550,12420,KOSPI,5017.0,-1.0359,6,250,3.4138,3.3371,1.767,1.9569,1.9381,4,2.1338,4.1652,3.741,24.9497,0,0.32,-1
064350,현대로템,2023-06-19,37800,37500,KOSPI,218285.0,-0.7937,1,35,16.6407,6.77,2.1991,1.305,3.2476,4,7.8978,16.6443,3.741,111.8644,1,7.33,1
041920,메디아나,2023-06-19,6330,6150,KOSDAQ,5087.0,-2.8436,0,126,18.9555,0.8681,0.7129,1.1081,3.4785,3,0.4111,29.0065,6.307,66.2162,1,9.43,5
00088K,한화3우B,2023-06-19,16350,15600,KOSPI,8984.0,-4.5872,0,197,1.8277,3.4045,1.2793,0.9254,1.5522,3,2.7062,1.8785,3.741,16.8539,0,1.41,-1
036190,금화피에스시,2023-06-19,32350,30900,KOSDAQ,1971.0,-4.4822,21,20,-0.4831,0.1556,0.8946,0.6134,2.2769,3,2.7254,-10.3443,6.307,15.9475,0,1.29,-1
119610,인터로조,2023-06-20,28083,26855,KOSDAQ,2106.0,-4.3728,5,21,1.7813,3.0867,1.2058,0.8085,3.1827,4,5.4964,-5.4432,5.3094,56.7534,0,2.01,-1
214420,토니모리,2023-06-20,5600,5320,KOSPI,2326.0,-5.0,1,22,6.5065,1.5238,1.3291,0.9802,4.6925,4,3.3601,2.4935,2.6448,70.24,1,20.86,1
182360,큐브엔터,2023-06-20,27700,27500,KOSDAQ,2053.0,-0.722,1,43,26.1468,5.4048,1.8096,1.0503,4.2857,3,2.9166,25.643,5.3094,139.1304,1,2.55,1
011170,롯데케미칼,2023-06-20,194300,185000,KOSPI,32766.0,-4.7864,6,79,7.3709,2.8635,1.5029,1.3258,2.7143,2,-1.1222,2.171,2.6448,37.7482,0,0.38,-1
036530,SNT홀딩스,2023-06-20,17430,16930,KOSPI,9864.0,-2.8686,15,20,2.1726,1.6166,1.69,0.8493,2.2403,4,1.4551,-3.2904,2.6448,27.2932,0,1.0,-1
007340,DN오토모티브,2023-06-20,17204,16924,KOSPI,17114.0,-1.6275,8,191,1.6823,0.4642,0.9197,0.9675,2.4374,4,3.9743,5.2682,2.6448,74.2407,1,23.91,2
005387,현대차2우B,2023-06-21,115900,110500,KOSPI,89333.0,-4.6592,17,35,2.7907,1.4915,0.973,0.8594,1.9263,3,4.628,-2.3385,0.9992,50.3401,0,2.99,-1
357550,석경에이티,2023-06-21,75800,73100,KOSDAQ,3213.0,-3.562,1,56,16.7732,4.1475,1.2536,1.642,9.9668,4,11.3688,75.5158,2.7769,453.7879,0,0.0,-1
252990,샘씨엔에스,2023-06-21,5900,5640,KOSDAQ,6666.0,-4.4068,2,47,13.3668,5.2311,1.3167,0.947,4.249,4,5.8337,11.1625,2.7769,52.0216,1,37.23,3
074600,원익QnC,2023-06-21,28850,28550,KOSDAQ,7650.0,-1.0399,0,250,10.0193,5.6315,1.6318,1.155,3.5402,3,4.783,3.753,2.7769,46.4103,1,10.86,2
084370,유진테크,2023-06-21,34200,32900,KOSDAQ,22618.0,-3.8012,4,250,2.6521,0.8399,1.0175,0.8341,3.5389,4,6.0725,4.215,2.7769,66.1616,1,6.53,5
089970,브이엠,2023-06-21,18400,17990,KOSDAQ,7763.0,-2.2283,0,207,26.8688,10.4917,2.2461,1.2546,5.7373,3,8.6967,46.8904,2.7769,80.9859,1,9.39,1
005389,현대차3우B,2023-06-21,112500,107500,KOSPI,5679.0,-4.4444,18,28,1.4151,2.4787,0.963,0.6412,1.6346,3,5.8434,-1.8294,0.9992,50.7714,0,2.14,-1
094170,동운아나텍,2023-06-21,11353,11025,KOSDAQ,6524.0,-2.8891,0,148,47.0784,44.6833,3.3162,1.9733,3.8393,2,-0.594,33.2167,2.7769,98.5413,1,330.1,1
017800,현대엘리베이터,2023-06-22,44700,43300,KOSPI,40695.0,-3.132,15,20,1.524,0.3505,0.6846,0.1918,2.7219,4,16.0146,-2.16,1.0185,98.1693,0,1.15,-1
117730,티로보틱스,2023-06-22,19330,18780,KOSDAQ,5395.0,-2.8453,0,21,24.4533,9.2077,1.7982,0.8436,5.477,3,23.2174,4.1574,2.0043,239.6022,1,29.66,1
001780,알루코,2023-06-22,4025,3950,KOSPI,2213.0,-1.8634,1,25,14.4928,14.8202,2.5112,0.7971,3.2459,4,4.3862,10.2491,1.0185,79.5455,1,35.44,1
002810,삼영무역,2023-06-22,13750,13140,KOSPI,3306.0,-4.4364,52,216,1.8605,0.9981,0.8763,0.8485,1.3807,2,0.7068,-3.3233,1.0185,6.3968,0,1.6,-1
000020,동화약품,2023-06-22,11350,11070,KOSPI,1723.0,-2.467,0,227,4.9289,0.9819,0.7234,0.7633,2.6326,4,6.0596,12.2876,1.0185,37.3449,0,0.45,-1
357780,솔브레인,2023-06-22,252900,250500,KOSDAQ,31814.0,-0.949,1,250,4.158,4.7646,1.2858,1.2282,2.9512,3,1.7463,4.5915,2.0043,42.168,1,11.78,4
010060,OCI홀딩스,2023-06-23,116020,111500,KOSPI,28360.0,-3.8959,0,243,11.1665,0.7027,0.3871,1.0221,5.2594,4,7.6652,17.0186,0.1032,0.0,1,8.97,1
079370,제우스,2023-06-23,12583,12166,KOSDAQ,5661.0,-3.314,1,57,9.7717,1.4953,1.4102,0.709,6.0467,4,5.1471,23.5984,2.2654,91.109,1,48.78,2
005385,현대차우,2023-06-23,113000,109100,KOSPI,58819.0,-3.4513,26,30,2.3452,0.5636,0.905,0.7921,1.6499,4,5.0359,-0.5594,0.1032,48.6376,0,2.47,-1
110990,디아이티,2023-06-23,10020,9930,KOSDAQ,4073.0,-0.8982,2,43,16.8235,11.6203,2.8199,1.2588,4.5605,4,2.9345,22.6402,2.2654,94.7059,1,4.43,1
255220,SG,2023-06-23,1788,1753,KOSDAQ,3285.0,-1.9575,0,215,35.8915,12.4346,2.7706,1.9966,8.4467,3,6.379,45.792,2.2654,82.0353,1,12.44,1
322310,오로스테크놀로지,2023-06-26,21650,21200,KOSDAQ,2463.0,-2.0785,0,83,19.2351,22.8881,2.888,1.633,4.7338,4,0.2032,18.7945,3.7489,131.694,1,41.51,1
000480,CR홀딩스,2023-06-26,15500,14870,KOSPI,2244.0,-4.0645,0,42,39.8871,2.8676,3.0133,1.3467,7.4498,4,7.0994,69.0605,1.0768,0.0,1,43.24,1
315640,딥노이드,2023-06-26,6796,6546,KOSDAQ,1019.0,-3.6786,0,80,19.6053,2.3198,1.5509,1.2426,9.2041,4,0.1407,51.3329,3.7489,179.5047,0,27.34,-1
166090,하나머티리얼즈,2023-06-26,53000,50600,KOSDAQ,12045.0,-4.5283,7,250,0.3968,0.557,0.6812,0.5763,4.6372,4,8.7395,4.1402,3.7489,79.4326,1,5.73,4
014940,오리엔탈정공,2023-06-27,3910,3740,KOSDAQ,3578.0,-4.3478,2,40,0.8086,2.6187,1.5445,0.6247,4.0107,4,11.0122,6.8218,3.6657,76.8322,1,17.65,5
033530,SJG세종,2023-06-27,9170,8870,KOSPI,2991.0,-3.2715,1,30,8.3028,2.2685,0.9004,0.8163,3.6962,4,11.0822,9.3039,0.8824,117.402,1,11.5,2
073240,금호타이어,2023-06-27,5280,5050,KOSPI,21142.0,-4.3561,1,29,4.9896,1.5107,1.0858,0.3381,2.7086,4,12.989,3.027,0.8824,89.1386,0,1.19,-1
297090,씨에스베어링,2023-06-27,15300,14740,KOSDAQ,1800.0,-3.6601,0,246,18.871,2.1901,2.1996,1.3761,4.6133,4,3.7244,33.7062,3.6657,110.271,0,0.07,-1
003030,세아제강지주,2023-06-27,203000,197200,KOSPI,6043.0,-2.8571,0,205,7.8185,2.9875,1.1206,1.2374,3.8829,4,6.2008,15.5284,0.8824,65.0209,1,9.03,2
000105,유한양행우,2023-06-27,56500,54400,KOSPI,1109.0,-3.7168,49,119,-0.5484,0.0929,0.3183,0.8212,1.8908,3,2.2462,-1.4309,0.8824,11.6653,1,7.9,3
319660,피에스케이,2023-06-27,23450,22700,KOSDAQ,16250.0,-3.1983,5,51,3.1818,0.934,0.8921,0.6601,3.8074,4,4.5954,1.1842,3.6657,64.4928,1,7.49,2
038290,마크로젠,2023-06-27,27350,26600,KOSDAQ,1996.0,-2.7422,0,220,34.3434,21.219,3.8475,2.1697,4.3045,4,0.9706,32.0486,3.6657,61.2121,1,9.21,1
012330,현대모비스,2023-06-27,239500,230000,KOSPI,396501.0,-3.9666,13,41,5.0228,1.9479,0.9325,0.9849,1.8323,3,0.9642,0.4391,0.8824,21.372,0,8.7,-1
013310,아진산업,2023-06-28,6416,6098,KOSDAQ,1341.0,-4.9564,2,27,7.8147,2.9263,1.4532,0.7597,5.3038,4,24.0621,11.4658,1.8168,188.5944,1,24.8,3
065510,휴비츠,2023-06-28,23750,22900,KOSDAQ,1034.0,-3.5789,1,25,6.5116,1.2106,0.821,0.4782,6.2726,4,24.6488,29.4153,1.8168,182.3674,1,6.99,1
005380,현대차,2023-06-28,211500,206000,KOSPI,983861.0,-2.6005,25,32,0.9804,1.0713,0.8613,0.9868,1.6817,4,4.075,3.5681,-0.825,36.8771,0,1.94,-1
234080,JW생명과학,2023-06-28,14000,13670,KOSPI,2081.0,-2.3571,0,223,7.6378,3.8614,1.0406,1.4624,1.996,4,3.1698,11.0669,-0.825,23.7104,0,4.02,-1
005290,동진쎄미켐,2023-06-28,39700,37750,KOSDAQ,26067.0,-4.9118,11,20,2.3035,0.9145,1.2583,1.1526,4.2668,3,5.5455,-5.1459,1.8168,46.8872,1,14.7,2
307950,현대오토에버,2023-06-28,137500,132100,KOSPI,118197.0,-3.9273,0,213,7.661,6.9111,1.4168,1.1695,2.4116,3,3.0424,8.2234,-0.825,42.5027,1,21.5,1
108670,LX하우시스,2023-06-28,49250,46850,KOSPI,2789.0,-4.8731,0,214,4.6927,1.4064,0.9148,0.7116,3.5905,4,10.4955,9.2741,-0.825,55.9068,1,19.53,9
002840,미원상사,2023-06-29,185000,176000,KOSPI,7073.0,-4.8649,0,83,1.3241,1.306,1.3282,0.7735,1.2784,2,-0.9872,6.6304,-1.0516,12.1019,0,2.27,-1
036930,주성엔지니어링,2023-06-29,20100,19380,KOSDAQ,23232.0,-3.5821,1,53,10.7429,5.2039,1.35,1.1247,3.8036,4,10.7043,15.2046,0.566,90.0,0,41.12,-1
018250,애경산업,2023-06-29,25150,25100,KOSPI,3592.0,-0.1988,1,34,7.265,10.7178,2.0242,1.2359,4.0837,4,7.3976,15.1425,-1.0516,141.3462,1,8.37,2
077500,유니퀘스트,2023-06-30,6155,6065,KOSPI,1460.0,-1.4622,0,64,15.9656,5.6361,2.2306,1.0178,3.4448,4,-1.7925,11.2709,-0.1903,64.8098,1,39.32,1
161890,한국콜마,2023-06-30,45250,44000,KOSPI,17184.0,-2.7624,15,101,0.6865,0.4883,0.6835,0.5969,2.6461,3,2.4595,14.9231,-0.1903,36.4341,1,9.09,2
013030,하이록코리아,2023-06-30,26900,26350,KOSDAQ,3901.0,-2.0446,0,206,7.771,2.5618,1.1767,1.1512,3.3207,4,2.5924,6.3802,0.5163,59.2145,1,16.32,2
081660,미스토홀딩스,2023-06-30,40900,40000,KOSPI,28510.0,-2.2005,0,82,4.1667,2.8442,1.0964,0.7457,2.1964,3,0.9222,11.1473,-0.1903,50.6591,0,0.75,-1
000270,기아,2023-06-30,91900,88500,KOSPI,603969.0,-3.6997,12,34,6.1151,1.5044,0.929,0.8087,1.7595,3,2.0878,5.2972,-0.1903,49.2411,0,1.58,-1
092070,디엔에프,2023-07-03,19740,19200,KOSDAQ,2176.0,-2.7356,0,64,9.777,2.9893,1.2759,0.7985,3.1436,4,3.4095,12.5933,2.4457,68.4211,1,37.24,1
195870,해성디에스,2023-07-03,64800,61900,KOSPI,10370.0,-4.4753,0,249,9.9467,1.1895,1.1866,1.0656,4.3503,4,4.8941,22.0481,0.0427,84.2262,1,29.89,1
053700,삼보모터스,2023-07-03,7850,7530,KOSDAQ,1821.0,-4.0764,0,192,23.8487,3.4664,3.7026,1.6921,4.1453,3,3.332,17.8419,2.4457,101.8767,0,3.05,-1
064960,SNT모티브,2023-07-03,30303,29091,KOSPI,9236.0,-3.9996,9,45,2.9223,1.2829,1.1953,0.7398,2.9231,4,3.3411,0.5278,0.0427,34.0167,1,5.87,2
009900,명신산업,2023-07-03,25250,24450,KOSPI,4932.0,-3.1683,0,197,7.7093,2.7346,1.1611,0.7318,4.163,4,4.8492,11.3469,0.0427,75.8993,1,5.11,1
036190,금화피에스시,2023-07-03,32350,31000,KOSDAQ,1971.0,-4.1731,26,30,1.3072,1.2853,0.8219,0.8139,2.1544,3,2.3613,-4.4994,2.4457,16.3227,0,0.16,-1
104830,원익머트리얼즈,2023-07-04,33900,33150,KOSDAQ,5308.0,-2.2124,0,250,5.2381,2.5692,0.9639,1.7551,3.9323,2,3.2402,18.2795,2.2659,36.701,0,0.75,-1
200470,에이팩트,2023-07-04,4279,4095,KOSDAQ,3071.0,-4.3001,0,231,11.5804,1.8371,1.8078,0.9373,4.884,3,1.9355,17.9984,2.2659,75.0,1,16.61,7
043370,피에이치에이,2023-07-04,11250,10720,KOSDAQ,2600.0,-4.7111,6,27,3.9767,1.9168,1.2258,0.6936,2.9051,4,10.9311,-2.8225,2.2659,93.1532,1,10.07,2
023160,태광,2023-07-04,20200,19400,KOSDAQ,7606.0,-3.9604,0,206,6.1269,5.5003,1.4404,1.1823,3.0007,4,3.3992,2.3727,2.2659,70.9251,1,12.37,6
041830,인바디,2023-07-04,32550,30950,KOSDAQ,4765.0,-4.9155,4,56,5.9932,1.201,1.4967,1.0649,3.4733,4,0.1689,11.312,2.2659,73.8764,0,0.0,-1
066570,LG전자,2023-07-04,128900,128200,KOSPI,169402.0,-0.5431,24,20,4.2276,1.8276,1.1961,0.571,2.2064,4,3.016,1.6312,-0.845,66.0622,1,1.01,1
015750,성우하이텍,2023-07-05,11230,10690,KOSDAQ,6240.0,-4.8085,0,32,11.5866,2.6923,1.6279,0.5553,3.4679,4,8.9462,10.8668,1.1877,171.6645,1,53.13,1
005387,현대차2우B,2023-07-05,115900,112000,KOSPI,89333.0,-3.365,22,45,0.3584,1.0008,0.9209,0.656,1.8304,4,4.7187,6.3665,-1.3993,52.381,0,1.61,-1
003490,대한항공,2023-07-05,27050,25700,KOSPI,91871.0,-4.9908,0,219,6.1983,2.3908,1.1664,1.0482,2.5431,2,1.4411,15.6215,-1.3993,25.9804,0,2.72,-1
006730,서부T&D,2023-07-05,7742,7527,KOSDAQ,11882.0,-2.7771,1,224,12.109,5.8049,2.0761,1.6456,2.5821,2,0.4395,4.7369,1.1877,29.2411,0,9.82,-1
005389,현대차3우B,2023-07-05,112500,108500,KOSPI,5679.0,-3.5556,27,38,-0.641,1.0171,0.9314,0.6436,1.3693,4,5.8402,4.9298,-1.3993,52.1739,0,0.92,-1
017370,우신시스템,2023-07-05,3940,3840,KOSPI,1269.0,-2.5381,0,80,7.2626,4.5317,1.3635,1.2501,3.6086,3,-0.3832,14.0093,-1.3993,95.9184,1,189.06,1
005850,에스엘,2023-07-06,41150,40000,KOSPI,25314.0,-2.7947,0,202,10.3448,7.8575,1.8866,0.8057,3.5446,4,9.1523,17.864,-2.0897,76.2115,1,6.0,3
002810,삼영무역,2023-07-06,13750,13070,KOSPI,3306.0,-4.9455,54,226,-1.7293,0.9262,0.9258,1.0164,1.3335,3,0.0188,1.1049,-2.0897,5.83,0,0.0,-1
000815,삼성화재우,2023-07-06,176700,169800,KOSPI,12429.0,-3.9049,44,20,-0.1764,1.9286,0.8242,0.5777,1.1063,3,2.3199,-1.7063,-2.0897,14.7297,0,3.95,-1
071970,HD현대마린엔진,2023-07-06,8260,7890,KOSPI,28562.0,-4.4794,0,129,12.3932,2.1968,1.1558,1.2031,4.3093,3,7.6875,25.9516,-2.0897,135.5224,1,81.88,2
005385,현대차우,2023-07-07,113000,108100,KOSPI,58819.0,-4.3363,36,40,-0.6434,1.1896,0.9348,0.7262,1.7048,4,5.2996,4.6116,-4.3333,47.2752,0,2.04,-1
241560,두산밥캣,2023-07-10,63300,61300,KOSPI,59622.0,-3.1596,10,20,4.0747,0.5094,0.4636,0.4209,3.787,4,11.8991,3.6452,-4.1322,118.9286,1,9.3,2
001430,세아베스틸지주,2023-07-10,27500,26150,KOSPI,28941.0,-4.9091,1,83,1.751,1.3373,1.0478,0.9864,3.6875,3,1.6715,11.3043,-4.1322,89.4928,1,13.96,2
003670,포스코퓨처엠,2023-07-10,409535,395480,KOSPI,196571.0,-3.4319,2,54,10.569,2.3786,1.262,0.8761,3.6327,4,10.767,9.1513,-4.1322,296.1217,1,70.1,6
005720,넥센,2023-07-10,4640,4425,KOSPI,3721.0,-4.6336,16,20,1.7241,0.849,0.9648,0.76,2.5908,3,3.0706,0.7479,-4.1322,32.8829,0,0.34,-1
012330,현대모비스,2023-07-11,239500,234000,KOSPI,396501.0,-2.2965,22,51,1.5184,0.6717,0.9903,0.764,2.152,4,1.6508,7.7933,-2.8606,23.4828,1,6.84,3
000810,삼성화재,2023-07-11,245000,240000,KOSPI,245700.0,-2.0408,9,22,6.1947,1.3777,1.1286,1.1943,2.6935,3,2.9907,8.8208,-2.8606,30.7902,1,5.42,2
001740,SK네트웍스,2023-07-11,5460,5240,KOSPI,11175.0,-4.0293,2,21,3.7624,0.9265,1.0255,0.966,2.6172,4,4.6115,2.103,-2.8606,42.0054,1,21.37,2
137400,피엔티,2023-07-11,68700,67500,KOSDAQ,12295.0,-1.7467,0,54,18.007,4.3365,2.4742,1.5459,4.3386,4,3.7447,17.7965,-2.016,84.6785,1,27.56,1
005935,삼성전자우,2023-07-11,61500,59300,KOSPI,932659.0,-3.5772,28,20,-1.0017,0.653,0.7734,0.9878,1.3611,3,3.7342,-0.0854,-2.8606,28.0778,0,1.85,-1
000500,가온전선,2023-07-11,21131,20796,KOSPI,14442.0,-1.5853,1,38,3.3239,3.4721,1.4832,1.386,3.8819,4,7.9768,13.1549,-2.8606,52.1065,1,19.31,1
032830,삼성생명,2023-07-11,74700,71300,KOSPI,395400.0,-4.5515,0,135,5.7864,1.9424,1.4647,1.6334,2.1338,3,1.8429,9.9176,-2.8606,27.3214,0,1.82,-1
005380,현대차,2023-07-12,211500,203500,KOSPI,983861.0,-3.7825,35,42,-0.9732,0.9679,1.0443,0.7329,1.9165,4,3.5013,2.9375,-1.6937,35.2159,0,2.7,-1
204270,제이앤티씨,2023-07-12,9010,8850,KOSDAQ,13479.0,-1.7758,6,57,14.786,2.4573,1.5059,1.0985,4.6731,3,1.2033,15.9855,0.9233,103.9171,1,12.32,1
036890,진성티이씨,2023-07-12,15750,15380,KOSDAQ,3411.0,-2.3492,0,152,19.7819,10.4029,1.7739,1.5956,4.6628,3,6.5915,26.2892,0.9233,95.6743,1,7.09,3
092460,한라IMS,2023-07-12,7700,7520,KOSDAQ,2570.0,-2.3377,8,32,5.9155,3.679,1.5605,0.9077,3.5429,4,5.7605,12.1594,0.9233,70.7151,0,0.4,-1
005490,POSCO홀딩스,2023-07-12,436000,417500,KOSPI,300261.0,-4.2431,3,58,3.598,3.9759,1.5661,1.1003,3.0282,4,3.5317,8.3348,-1.6937,97.8673,1,82.99,2
033500,동성화인텍,2023-07-12,14200,14070,KOSDAQ,8397.0,-0.9155,0,217,11.0497,2.0501,1.3064,1.2384,3.8075,4,5.7911,14.3101,0.9233,38.7574,1,8.17,2
028050,삼성E&A,2023-07-12,32400,32050,KOSPI,64582.0,-1.0802,0,66,9.7603,7.1329,1.8589,1.3404,3.2538,3,-1.4978,17.6069,-1.6937,73.7127,1,17.94,2
000100,유한양행,2023-07-12,59721,56754,KOSPI,86179.0,-4.9681,18,21,1.0217,1.4408,1.0502,1.7192,2.4454,3,3.567,1.6937,-1.6937,18.7198,1,33.05,7
000880,한화,2023-07-13,32950,31500,KOSPI,85828.0,-4.4006,2,215,9.5652,3.1476,1.1408,0.8454,2.7664,3,5.3655,6.7242,-0.6636,37.2549,1,7.94,8
002310,아세아제지,2023-07-13,8120,8020,KOSPI,4149.0,-1.2315,0,226,18.8148,25.6903,3.0082,2.253,2.663,2,-0.4386,20.3651,-0.6636,27.707,0,0.12,-1
052690,한전기술,2023-07-13,84500,81000,KOSPI,55801.0,-4.142,1,59,19.469,2.8807,2.2992,1.1146,3.6596,4,-0.2479,16.8759,-0.6636,69.6335,0,-2.1,-1
329180,HD현대중공업,2023-07-13,151000,145500,KOSPI,560493.0,-3.6424,0,217,6.7498,1.243,1.0889,0.6143,2.7982,3,10.1811,16.3234,-0.6636,59.0164,0,2.89,-1
234080,JW생명과학,2023-07-13,14000,13550,KOSPI,2081.0,-3.2143,7,234,-0.2209,0.8981,1.0515,0.9516,2.4565,4,4.0853,6.523,-0.6636,22.6244,1,11.14,2
264660,씨앤지하이테크,2023-07-13,14761,14306,KOSDAQ,1837.0,-3.0824,0,54,11.0801,9.4671,3.2008,1.725,2.3681,4,0.3799,8.3513,1.7118,41.5875,1,7.96,2
307930,컴퍼니케이,2023-07-13,8720,8350,KOSDAQ,1210.0,-4.2431,0,104,18.608,6.0106,1.8011,1.8441,6.621,3,-0.8497,41.5129,1.7118,93.9605,1,52.69,1
096760,JW홀딩스,2023-07-13,3485,3413,KOSPI,3072.0,-2.066,15,35,6.2578,2.1659,1.6377,1.3897,2.8609,3,2.3206,4.5601,-0.6636,34.3172,1,22.68,1
009150,삼성전기,2023-07-14,158000,150300,KOSPI,234165.0,-4.8734,1,68,7.0513,2.1059,1.2921,1.2671,1.939,3,-2.0214,0.3723,0.0956,38.5253,1,9.78,1
101490,에스앤에스텍,2023-07-14,62500,62100,KOSDAQ,18945.0,-0.64,11,21,19.4231,6.4266,1.679,1.5181,4.8309,3,10.9219,-0.615,0.9381,235.6757,1,0.97,1
330860,네패스아크,2023-07-14,30650,29550,KOSDAQ,2632.0,-3.5889,0,238,14.3133,2.2823,0.9314,1.3291,4.8102,4,0.9518,19.9208,0.9381,78.5498,1,7.28,3
000660,SK하이닉스,2023-07-14,121100,118000,KOSPI,6377301.0,-2.5599,13,21,5.5456,1.8729,1.0585,1.0453,2.6211,3,9.5262,-0.8525,0.0956,61.4227,1,9.32,9
216080,제테마,2023-07-14,11932,11507,KOSDAQ,3594.0,-3.5619,0,88,2.4484,1.2356,0.6886,1.2142,4.3073,4,1.0562,18.727,0.9381,136.429,1,25.87,1
107640,한중엔시에스,2023-07-14,14400,13790,KOSDAQ,4687.0,-4.2361,0,238,10.4083,2.7168,1.1013,1.0194,4.0661,3,5.551,13.9786,0.9381,58.3238,1,59.54,4
211050,인카금융서비스,2023-07-14,3400,3310,KOSDAQ,7005.0,-2.6471,2,20,9.025,1.0273,1.0366,0.9396,5.1057,4,14.1583,-1.658,0.9381,200.363,0,2.42,-1
402340,SK스퀘어,2023-07-14,48900,47050,KOSPI,717233.0,-3.7832,6,23,6.3277,1.1784,0.8508,1.1481,3.264,4,5.3629,-1.1471,0.0956,51.2862,0,1.38,-1
000270,기아,2023-07-14,91900,88700,KOSPI,603969.0,-3.482,22,44,0.9101,1.1727,0.9122,0.5895,1.9085,4,2.2299,8.6054,0.0956,49.5784,0,0.45,-1
016360,삼성증권,2023-07-14,37400,36900,KOSPI,85371.0,-1.3369,29,27,6.0345,3.0478,1.2491,1.4885,2.0035,3,3.7591,1.4175,0.0956,23.0,0,0.81,-1
008060,대덕,2023-07-14,7120,6870,KOSPI,3762.0,-3.5112,1,90,5.6923,8.2573,1.7181,1.3913,1.5388,3,-0.1168,2.1366,0.0956,19.0641,0,2.18,-1
101160,월덱스,2023-07-14,28250,27200,KOSDAQ,4433.0,-3.7168,16,21,6.8762,1.8819,0.8613,1.1261,3.2432,3,5.0845,-0.1974,0.9381,77.1987,1,6.62,1
079960,동양이엔피,2023-07-17,21000,20350,KOSDAQ,2562.0,-3.0952,5,25,8.7654,0.9375,0.4698,0.9474,3.2643,3,5.8402,2.6842,1.0893,78.5088,1,10.07,1
007810,코리아써키트,2023-07-17,21650,20650,KOSPI,12873.0,-4.6189,0,237,28.1017,5.7363,2.7438,1.9187,4.9222,4,3.9301,15.452,0.3641,79.5652,0,0.73,-1
370090,퓨런티어,2023-07-17,33900,32850,KOSDAQ,1234.0,-3.0973,0,39,23.9623,21.2734,2.5972,1.6311,4.7184,3,10.0431,15.1938,1.0893,92.6686,1,19.63,1
002100,경농,2023-07-17,12400,11800,KOSPI,1862.0,-4.8387,0,219,19.0716,225.8254,3.7295,2.3351,3.2203,2,1.0237,9.8133,0.3641,38.1733,0,3.39,-1
018260,삼성에스디에스,2023-07-17,137500,133600,KOSPI,131310.0,-2.8364,0,238,15.8716,6.0604,1.7751,2.1477,2.4006,2,0.9532,7.4648,0.3641,18.2301,0,7.04,-1
282880,코윈테크,2023-07-17,38894,37134,KOSDAQ,2063.0,-4.5251,0,60,5.2491,0.9053,1.962,1.165,4.8719,4,4.6828,8.622,1.0893,79.1144,1,17.21,5
044820,코스맥스비티아이,2023-07-17,9860,9380,KOSPI,1308.0,-4.8682,0,249,1.9565,2.1002,0.7177,0.7097,2.3911,4,2.4683,4.3234,0.3641,31.1888,0,16.1,-1
006840,AK홀딩스,2023-07-17,21550,20550,KOSPI,1074.0,-4.6404,3,59,8.1579,2.6755,1.4754,1.0255,2.8154,3,2.1545,3.4238,0.3641,85.1351,0,3.16,-1
200710,에이디테크놀로지,2023-07-17,26650,25400,KOSDAQ,5134.0,-4.6904,0,96,15.7175,2.1422,2.0408,1.3888,7.0529,4,-0.371,25.5939,1.0893,119.9134,1,15.35,2
003160,디아이,2023-07-17,8680,8300,KOSPI,10358.0,-4.3779,2,56,14.1678,3.1978,1.2412,1.0221,3.3477,4,5.6247,12.2547,0.3641,107.5,0,1.45,-1
206640,바디텍메드,2023-07-17,15850,15580,KOSDAQ,3098.0,-1.7035,0,246,23.6508,2.2315,1.5365,1.5372,5.2036,4,4.943,32.5299,1.0893,85.0356,1,20.28,3
146320,비씨엔씨,2023-07-17,24450,23300,KOSDAQ,2099.0,-4.7035,0,36,17.9747,2.5597,1.0348,0.8815,4.8988,4,6.4315,11.471,1.0893,73.2342,0,-0.21,-1
091700,파트론,2023-07-17,9500,9160,KOSDAQ,4004.0,-3.5789,12,30,5.896,1.9568,1.0182,1.1597,2.3706,4,3.1144,2.4135,1.0893,21.8085,0,0.11,-1
034950,한국기업평가,2023-07-17,76400,74100,KOSDAQ,4441.0,-3.0105,50,20,1.0914,1.6204,0.7962,0.6353,1.4266,3,2.0504,-3.4609,1.0893,14.3519,0,3.1,-1
053080,케이엔솔,2023-07-18,13500,13290,KOSDAQ,1720.0,-1.5556,0,216,7.6113,0.9794,0.67,1.0249,5.4069,3,1.5395,30.9786,3.1283,67.803,1,109.93,1
123860,아나패스,2023-07-19,26500,25250,KOSDAQ,2103.0,-4.717,0,208,8.3691,2.5293,1.7125,1.2046,3.8048,3,8.8572,17.0892,5.4836,83.9039,0,0.79,-1
069260,TKG휴켐스,2023-07-19,24200,23050,KOSPI,8646.0,-4.7521,16,61,3.132,2.7555,1.2622,1.4988,2.7115,3,1.3552,0.9995,0.9916,28.7709,0,1.08,-1
126700,하이비젼시스템,2023-07-20,22450,21500,KOSDAQ,3153.0,-4.2316,2,110,7.6076,4.6892,1.6397,1.3686,3.8339,4,3.0692,1.3067,6.3009,54.1219,0,2.79,-1
036810,에프에스티,2023-07-20,27869,26886,KOSDAQ,9551.0,-3.5272,0,68,38.6949,2.0099,2.7741,1.2177,6.8846,3,-4.3276,17.7349,6.3009,154.4336,1,8.96,1
019010,베뉴지,2023-07-20,2450,2400,KOSDAQ,2070.0,-2.0408,0,228,7.1429,3.223,2.3884,1.8845,3.7351,3,0.7684,4.8102,6.3009,24.6753,0,1.88,-1
003490,대한항공,2023-07-20,27050,26250,KOSPI,91871.0,-2.9575,5,230,2.7397,1.4732,1.1057,1.1975,2.2993,3,2.8512,12.4092,0.2518,28.6765,0,0.0,-1
035900,JYP Ent.,2023-07-20,140600,133600,KOSDAQ,25299.0,-4.9787,11,21,1.1355,1.2698,1.094,0.8243,4.8973,3,16.2517,-6.5994,6.3009,160.9375,1,9.73,3
326030,SK바이오팜,2023-07-20,87300,85400,KOSPI,87398.0,-2.1764,8,21,12.8137,2.7095,1.2617,1.3138,3.8725,3,5.7729,-0.8338,0.2518,67.78,1,20.61,8
000815,삼성화재우,2023-07-20,176700,171300,KOSPI,12429.0,-3.056,54,30,-0.7532,1.6934,0.9905,1.1996,1.351,4,2.336,-0.8898,0.2518,15.7432,0,6.6,-1
002030,아세아,2023-07-20,157800,152600,KOSPI,5990.0,-3.2953,5,95,10.2601,2.5015,1.8141,1.9878,3.3514,3,-0.0848,5.7205,0.2518,54.9239,1,21.49,5
017890,한국알콜,2023-07-20,13030,12850,KOSDAQ,2517.0,-1.3814,0,101,10.0171,2.2919,1.7674,1.5437,3.5131,3,0.9634,14.6972,6.3009,33.0228,1,7.78,1
017800,현대엘리베이터,2023-07-20,44700,43400,KOSPI,40695.0,-2.9083,18,40,6.7651,1.2498,0.9542,0.4968,3.0612,4,6.8591,-0.0208,0.2518,98.627,0,6.8,-1
226400,오스테오닉,2023-07-21,6980,6750,KOSDAQ,1357.0,-3.2951,2,21,20.3209,0.8734,1.7197,0.9545,7.4392,4,14.8181,-6.0824,6.8287,194.7598,1,4.89,1
081660,미스토홀딩스,2023-07-21,40900,39350,KOSPI,28510.0,-3.7897,2,97,1.5484,0.8209,0.7104,0.8545,2.5685,3,2.6799,0.9308,1.5431,40.0356,0,3.68,-1
006730,서부T&D,2023-07-21,7742,7517,KOSDAQ,11882.0,-2.9062,2,236,3.128,1.2849,0.6725,0.6276,3.7496,3,0.269,5.9038,6.8287,29.0694,1,17.85,7
084650,랩지노믹스,2023-07-21,4815,4780,KOSDAQ,1362.0,-0.7269,0,250,8.76,1.9257,1.2276,1.2529,6.0132,3,10.1074,37.1472,6.8287,88.5602,1,29.29,1
010100,한국무브넥스,2023-07-21,4680,4550,KOSPI,1666.0,-2.7778,0,52,16.2197,2.3501,1.1108,0.8945,6.1146,4,9.957,30.1501,1.5431,121.4112,1,47.03,1
045970,코아시아,2023-07-21,11680,11360,KOSDAQ,1616.0,-2.7397,0,83,11.1546,5.9806,2.173,0.7002,5.2503,4,0.441,9.0897,6.8287,140.9332,0,-0.7,-1
033270,유나이티드제약,2023-07-21,28700,27900,KOSPI,3213.0,-2.7875,0,196,11.6,2.8322,1.776,1.4612,3.9042,3,4.2635,16.6772,1.5431,39.5,1,9.68,9
361610,SK아이이테크놀로지,2023-07-24,103900,100000,KOSPI,21101.0,-3.7536,3,30,10.8647,2.6027,1.5566,0.9526,3.55,4,3.8569,8.338,1.7942,115.0538,1,20.0,2
051915,LG화학우,2023-07-24,456000,446000,KOSPI,12187.0,-2.193,0,65,22.696,5.0322,1.968,1.2833,3.0029,3,1.1713,17.9373,1.7942,77.336,1,8.07,1
332570,PS일렉트로닉스,2023-07-24,5270,5150,KOSDAQ,2824.0,-2.277,0,225,17.4458,1.5526,0.8794,0.8811,6.172,3,14.7405,50.8044,5.7305,108.502,1,20.58,1
348210,넥스틴,2023-07-25,80900,77700,KOSDAQ,8224.0,-3.9555,13,28,3.0504,5.7256,1.5312,1.0317,4.4953,4,4.5554,-5.2928,7.5297,85.0,1,18.4,2
010060,OCI홀딩스,2023-07-25,121500,117500,KOSPI,28360.0,-3.2922,6,20,-1.1775,0.7222,0.7576,0.8428,3.9574,4,9.226,5.2707,2.1333,0.0,0,2.89,-1
096770,SK이노베이션,2023-07-25,210073,202202,KOSPI,189001.0,-3.7468,1,227,20.5284,2.281,1.9184,1.3429,3.4202,3,-2.9197,20.6999,2.1333,44.2106,1,11.68,1
064820,케이프,2023-07-25,5320,5100,KOSDAQ,3356.0,-4.1353,0,223,6.6946,1.4684,1.1253,0.6884,4.2997,3,9.4613,6.4368,7.5297,54.78,0,3.14,-1
006110,삼아알미늄,2023-07-25,140100,135600,KOSPI,4266.0,-3.212,0,28,8.9157,1.5412,1.1184,0.7237,6.2105,4,13.709,30.418,2.1333,659.6639,0,-0.07,-1
229640,LS에코에너지,2023-07-25,8470,8180,KOSPI,13077.0,-3.4238,0,219,19.4161,293.1509,3.8055,2.3415,3.0388,1,-0.155,14.2251,2.1333,24.8855,1,110.02,1
000480,CR홀딩스,2023-07-26,21300,21200,KOSPI,2244.0,-0.4695,20,20,0.0,0.0,1.0,0.0,100.0,3,36.1611,-1.0986,1.0986,0.0,1,13.44,2
005935,삼성전자우,2023-07-27,61500,58600,KOSPI,932659.0,-4.7154,37,32,-1.8425,1.7652,1.6108,0.8477,1.6577,3,2.5436,-5.2499,2.1094,26.5659,0,1.02,-1
017940,E1,2023-07-27,55500,53000,KOSPI,6538.0,-4.5045,3,34,4.3307,1.6656,2.0977,1.1049,2.3181,3,1.763,1.6088,2.1094,27.4038,1,16.79,2
084370,유진테크,2023-07-27,35050,34600,KOSDAQ,22618.0,-1.2839,9,20,3.438,1.6841,1.0642,1.6938,4.5314,4,3.1303,-2.4081,2.5528,74.7475,1,10.84,1
049950,미래컴퍼니,2023-07-28,51100,49450,KOSDAQ,1567.0,-3.229,0,85,27.6129,7.3637,2.6288,1.6888,7.0851,4,0.8736,28.4082,5.2405,196.997,1,13.25,1
065350,신성델타테크,2023-07-28,14300,13800,KOSDAQ,19679.0,-3.4965,0,84,5.2632,1.9945,1.1257,1.7012,6.6356,4,0.5114,21.4813,5.2405,92.2006,1,394.93,1
005385,현대차우,2023-07-28,113000,107500,KOSPI,58819.0,-4.8673,40,55,2.7725,0.7602,1.1484,1.1816,1.8339,2,2.863,-2.9123,1.7174,46.4578,0,0.37,-1
058470,리노공업,2023-07-28,35840,34620,KOSDAQ,73621.0,-3.404,0,121,6.9938,1.3648,1.1082,0.6724,4.4493,2,5.4677,12.3786,5.2405,58.3425,0,1.21,-1
044820,코스맥스비티아이,2023-07-31,9770,9430,KOSPI,1308.0,-3.48,12,236,-0.1059,0.9124,1.0989,1.7442,2.5148,3,2.5106,1.1207,1.157,31.8881,1,20.47,7
011930,신성이엔지,2023-07-31,3035,2910,KOSPI,5002.0,-4.1186,1,20,6.5934,1.4975,1.0792,0.9997,6.5047,4,10.4612,-2.6798,1.157,99.3151,1,6.01,2
036540,SFA반도체,2023-07-31,6340,6130,KOSDAQ,11825.0,-3.3123,0,83,9.2692,2.8248,1.2663,1.2054,4.7541,3,0.0716,7.4347,5.2491,66.5761,0,0.98,-1
034950,한국기업평가,2023-07-31,76400,73400,KOSDAQ,4441.0,-3.9267,57,30,0.1364,0.7294,1.4888,1.3121,1.4208,2,1.0625,-7.3825,5.2491,13.2716,0,4.09,-1
009420,한올바이오파마,2023-07-31,24500,23950,KOSPI,28314.0,-2.2449,3,47,5.7395,1.8106,1.1594,1.3869,5.0134,3,-0.381,13.7111,1.157,92.3695,1,6.26,3
005290,동진쎄미켐,2023-07-31,43300,42350,KOSDAQ,26067.0,-2.194,4,21,8.4507,2.7356,1.2747,0.6791,5.2623,4,8.4712,-3.3237,5.2491,64.786,0,0.35,-1
016360,삼성증권,2023-07-31,37400,35900,KOSPI,85371.0,-4.0107,36,38,1.4124,0.9652,1.0363,1.3215,2.2284,2,1.9591,-1.9857,1.157,19.6667,0,3.62,-1
008060,대덕,2023-07-31,7120,6950,KOSPI,3762.0,-2.3876,7,101,2.0558,1.8335,1.0709,1.8249,2.7646,3,0.4821,4.6269,1.157,20.4506,0,0.43,-1
000150,두산,2023-07-31,111700,106500,KOSPI,142182.0,-4.6553,0,98,21.2984,20.0148,2.6773,2.1489,4.4199,2,-2.8242,16.1338,1.157,61.1195,1,11.64,1
009970,영원무역홀딩스,2023-07-31,80000,77000,KOSPI,30711.0,-3.75,22,20,-0.2591,1.0829,1.3726,0.9433,2.9128,3,6.6059,-3.0678,1.157,65.9483,1,9.61,10
005940,NH투자증권,2023-07-31,10300,9900,KOSPI,101380.0,-3.8835,3,237,2.6971,1.5193,1.179,0.9551,1.71,4,1.5966,1.1157,1.157,20.0,1,6.06,5
003030,세아제강지주,2023-07-31,215000,205000,KOSPI,6043.0,-4.6512,5,22,9.9196,0.642,1.1837,1.4402,5.0,4,11.0751,-1.8834,1.157,58.9147,0,1.95,-1
161390,한국타이어앤테크놀로지,2023-08-01,42150,41900,KOSPI,91296.0,-0.5931,0,221,13.3965,3.1505,1.6611,1.4723,3.6226,4,2.1758,16.021,2.8442,39.2027,0,-0.95,-1
002350,넥센타이어,2023-08-01,9300,9000,KOSPI,9503.0,-3.2258,1,54,7.1429,3.3737,1.3529,0.7144,3.6825,3,-0.2856,5.0694,2.8442,51.0067,0,2.67,-1
073010,케이에스피,2023-08-01,3186,3039,KOSDAQ,1592.0,-4.6139,0,20,15.3321,0.4833,0.4796,1.0936,6.0922,4,16.8007,-0.0967,5.5809,92.9524,1,28.0,1
267250,HD현대,2023-08-01,65500,62400,KOSPI,193533.0,-4.7328,7,156,0.6452,0.7862,1.1535,1.1251,2.5298,3,0.5488,2.5612,2.8442,17.0732,0,3.37,-1
004020,현대제철,2023-08-01,38550,36650,KOSPI,42703.0,-4.9287,0,110,6.3861,1.0941,1.6078,1.4048,2.8747,2,-2.0404,6.0711,2.8442,30.6595,0,2.86,-1
005930,삼성전자,2023-08-01,73600,71100,KOSPI,9814760.0,-3.3967,41,20,1.5714,0.8408,1.3444,1.0837,1.9992,3,2.947,-5.447,2.8442,37.2587,0,-0.14,-1
257720,실리콘투,2023-08-02,8280,7940,KOSDAQ,26610.0,-4.1063,1,21,24.4514,2.9971,1.3412,0.6635,7.3048,4,27.0595,1.4353,2.0849,368.4366,1,22.17,1
042370,비츠로테크,2023-08-02,9540,9250,KOSDAQ,2693.0,-3.0398,1,57,40.1515,48.6025,3.0987,1.7625,5.1583,2,0.7413,6.7387,2.0849,88.5831,1,35.14,1
006120,SK디스커버리,2023-08-03,39650,38100,KOSPI,10477.0,-3.9092,6,38,7.7793,1.7458,0.8963,1.2973,3.4871,3,2.6083,8.8351,1.9208,34.1549,1,10.5,6
220100,퓨쳐켐,2023-08-03,12617,12000,KOSDAQ,5248.0,-4.8902,0,245,37.457,3.4674,1.7032,1.7498,7.1786,3,4.6967,42.4286,5.7195,96.0784,1,24.75,3
049520,유아이엘,2023-08-03,3771,3737,KOSDAQ,1213.0,-0.9016,0,120,46.2622,11.2355,3.4232,1.6328,6.126,2,-0.2166,33.7208,5.7195,112.3295,1,19.0,1
011330,유니켐,2023-08-03,1696,1613,KOSPI,1221.0,-4.8939,0,80,1.1285,0.9345,0.9051,1.1209,4.4239,3,-2.6728,20.2762,1.9208,55.0962,1,127.53,2
000815,삼성화재우,2023-08-03,176700,173200,KOSPI,12429.0,-1.9808,60,40,-0.3452,0.3329,0.5688,0.559,1.2537,4,1.6367,0.0816,1.9208,17.027,1,6.87,1
228760,지노믹트리,2023-08-03,18040,17470,KOSDAQ,5418.0,-3.1596,0,25,19.7395,8.531,1.6949,1.4678,7.8175,4,4.8336,11.5288,5.7195,110.2286,1,77.16,1
175140,휴먼테크놀로지,2023-08-03,12120,11980,KOSDAQ,1119.0,-1.1551,1,22,21.2551,2.5296,1.311,0.8321,6.7136,4,8.1846,3.0907,5.7195,149.0644,1,25.04,1
017800,현대엘리베이터,2023-08-04,44700,43100,KOSPI,40695.0,-3.5794,20,51,2.619,1.1492,1.041,1.1666,3.9195,3,5.6005,6.2408,3.0114,97.254,1,16.94,4
214450,파마리서치,2023-08-04,147000,140100,KOSDAQ,34961.0,-4.6939,6,26,10.4019,2.8341,1.5259,1.4155,5.3431,4,8.5019,3.8113,5.899,154.7273,1,12.92,2
081660,미스토홀딩스,2023-08-04,40900,39850,KOSPI,28510.0,-2.5672,7,107,2.7062,1.3467,1.015,0.8442,2.5453,4,2.3828,3.2552,3.0114,36.7067,0,2.38,-1
092730,네오팜,2023-08-04,13569,13416,KOSDAQ,3204.0,-1.1276,2,24,14.6667,5.9245,1.5593,1.1307,4.2423,4,7.435,2.8118,5.899,63.7695,1,6.1,2
018290,브이티,2023-08-07,10450,10210,KOSDAQ,7268.0,-2.2967,1,23,18.7209,1.6111,1.7132,1.2365,6.0585,4,12.9394,2.8462,4.4017,123.6583,1,48.87,1
079940,가비아,2023-08-07,13920,13320,KOSDAQ,4362.0,-4.3103,0,107,10.3563,11.3909,1.752,1.67,4.6171,2,2.052,6.8765,4.4017,42.4599,0,11.11,-1
014620,성광벤드,2023-08-08,17650,17100,KOSDAQ,8605.0,-3.1161,0,231,9.5452,5.6534,1.3463,1.5837,4.3525,2,7.9997,4.2026,1.5488,52.6786,0,2.05,-1
032830,삼성생명,2023-08-08,74700,71200,KOSPI,395400.0,-4.6854,3,155,1.8598,0.6164,0.9323,0.7377,2.0064,3,1.7845,-0.5886,0.4484,19.8653,0,0.28,-1
084110,휴온스글로벌,2023-08-08,24100,23200,KOSDAQ,6596.0,-3.7344,0,249,16.1161,36.6247,2.9961,1.7901,4.4489,2,-0.5414,17.3646,1.5488,44.0994,1,17.46,2
170900,동아에스티,2023-08-09,66875,66394,KOSPI,5172.0,-0.7193,0,140,28.0156,30.7145,2.7526,2.1252,4.6483,1,-0.8595,28.7641,1.1807,49.3309,1,6.81,1
322180,LS티라유텍,2023-08-09,6599,6563,KOSDAQ,1852.0,-0.5455,0,92,12.5729,1.9889,1.0242,0.8154,7.7491,4,6.2886,32.6853,3.3073,195.2317,1,110.73,1
128940,한미약품,2023-08-09,333093,319358,KOSPI,75713.0,-4.1235,4,79,19.6693,7.0532,2.0009,1.8067,4.9375,3,-3.8565,16.7541,1.1807,48.2958,1,4.45,2
223250,드림씨아이에스,2023-08-09,3716,3539,KOSDAQ,1548.0,-4.7632,0,249,1.7246,6.6297,1.5059,1.3336,5.8309,3,2.1142,14.5415,3.3073,49.199,1,22.92,1
000020,동화약품,2023-08-10,11120,10610,KOSPI,1723.0,-4.5863,8,34,1.5311,0.7332,1.1911,1.0473,3.6017,3,5.5332,5.7013,0.3987,31.6377,0,2.17,-1
185750,종근당,2023-08-10,81773,77946,KOSPI,12892.0,-4.68,18,46,5.5564,0.8759,1.0033,1.4744,3.2079,2,-2.4157,8.7985,0.3987,22.6704,0,2.69,-1
237880,클리오,2023-08-10,24450,23400,KOSDAQ,2467.0,-4.2945,0,64,29.2818,25.6601,3.0066,1.9034,5.3175,2,-4.5407,11.5521,2.0402,92.5926,0,11.32,-1
008770,호텔신라,2023-08-10,89000,86800,KOSPI,20762.0,-2.4719,0,69,18.0952,17.1322,2.1924,2.016,3.3328,2,-3.5344,14.7207,0.3987,43.2343,1,8.29,1
009240,한샘,2023-08-10,57600,54800,KOSPI,10720.0,-4.8611,0,250,16.1017,1.0886,1.8752,1.2661,4.549,3,0.5095,23.8644,0.3987,47.9082,1,10.77,1
069960,현대백화점,2023-08-10,67900,65200,KOSPI,24484.0,-3.9764,0,250,14.9912,7.9427,2.2219,2.0693,4.1959,2,2.7009,20.3421,0.3987,37.1188,1,9.97,2
086710,선진뷰티사이언스,2023-08-10,10910,10550,KOSDAQ,1241.0,-3.2997,2,31,20.1595,23.6911,2.718,0.8976,5.2945,3,7.646,12.385,2.0402,132.6351,1,12.99,1
214420,토니모리,2023-08-10,6430,6120,KOSPI,2326.0,-4.8212,4,33,36.1513,19.3294,2.3567,1.7695,6.3317,3,1.5436,17.7481,0.3987,95.84,1,25.49,1
214150,클래시스,2023-08-10,35450,34900,KOSDAQ,43561.0,-1.5515,1,41,19.5205,2.9458,1.6767,1.3194,5.2702,4,9.2633,8.2284,2.0402,164.3939,1,20.34,1
211050,인카금융서비스,2023-08-11,3400,3236,KOSDAQ,7005.0,-4.8235,6,40,6.3075,2.3857,1.0216,0.7744,4.3616,3,11.0698,-4.0119,1.7762,193.6479,0,1.98,-1
134380,미원화학,2023-08-11,75600,71900,KOSPI,2294.0,-4.8942,0,238,4.2029,0.6034,0.475,1.9643,2.1458,3,1.4706,12.0247,-1.4093,22.906,0,3.89,-1
006840,AK홀딩스,2023-08-11,21550,20550,KOSPI,1074.0,-4.6404,7,78,7.1429,3.3616,1.2091,1.2342,3.8408,3,0.064,3.903,-1.4093,85.1351,0,2.19,-1
001270,부국증권,2023-08-11,23400,22300,KOSPI,7611.0,-4.7009,2,131,4.2056,1.3278,1.0635,0.9588,2.1461,4,2.4556,5.8589,-1.4093,27.7937,0,4.71,-1
099440,스맥,2023-08-11,2439,2406,KOSDAQ,4368.0,-1.353,0,246,23.3846,6.6147,3.0157,1.6131,5.7564,2,-2.9467,31.0785,1.7762,82.1347,1,135.79,1
105550,엣지파운드리,2023-08-14,2855,2720,KOSDAQ,1202.0,-4.7285,0,172,15.0106,3.9106,1.6494,1.3756,5.1602,2,1.0398,31.0236,0.3774,40.9326,1,12.5,5
111770,영원무역,2023-08-14,66700,64900,KOSPI,43071.0,-2.6987,4,31,3.84,1.6966,1.2833,1.5548,4.7876,4,8.7493,12.0245,-1.8377,59.4595,1,4.62,1
016360,삼성증권,2023-08-14,37400,36100,KOSPI,85371.0,-3.4759,46,48,-2.168,0.6061,0.8362,1.2415,2.4535,3,1.399,0.2028,-1.8377,20.3333,0,4.29,-1
105630,한세실업,2023-08-14,21900,21800,KOSPI,5192.0,-0.4566,5,31,9.0,2.4413,1.3995,1.3526,4.7969,4,2.663,18.5401,-1.8377,66.4122,0,1.38,-1
034950,한국기업평가,2023-08-14,76400,75300,KOSDAQ,4441.0,-1.4398,59,40,-0.7905,0.8136,0.8126,1.377,1.6126,3,0.5969,1.242,0.3774,16.2037,0,5.98,-1
034230,파라다이스,2023-08-14,18800,18010,KOSPI,19636.0,-4.2021,0,126,24.0358,3.3924,3.0467,1.8185,4.3151,2,-1.4295,24.5216,-1.8377,43.2776,0,-0.17,-1
032350,롯데관광개발,2023-08-14,15550,14790,KOSPI,20879.0,-4.8875,0,125,39.5283,8.3406,3.1577,2.1336,5.8244,1,-1.2812,40.1913,-1.8377,70.3917,1,19.54,3
131970,두산테스나,2023-08-17,50500,48000,KOSDAQ,11944.0,-4.9505,2,20,5.0328,1.0541,0.9849,0.957,4.7842,3,8.946,4.1834,-4.0792,138.806,0,16.46,-1
079980,휴비스,2023-08-18,6530,6480,KOSPI,1004.0,-0.7657,0,250,47.2727,33.1012,3.2337,2.0979,5.6878,1,-2.352,58.3355,-3.6816,78.7586,1,68.83,1
248070,솔루엠,2023-08-18,31350,30150,KOSPI,8253.0,-3.8278,5,20,6.5371,1.2424,1.2211,1.127,4.371,4,4.3528,6.935,-3.6816,82.1752,1,7.63,2
950170,JTC,2023-08-21,5410,5200,KOSDAQ,2748.0,-3.8817,0,210,19.403,5.2547,2.157,1.8865,5.8379,3,-2.5338,46.5975,-4.9081,101.9417,1,5.19,1
214680,디알텍,2023-08-22,4345,4160,KOSDAQ,1603.0,-4.2578,0,54,14.4429,6.3594,2.0314,1.782,9.4523,3,7.3039,42.1387,-3.9327,210.4478,1,82.45,1
086890,이수앱지스,2023-08-22,8260,8000,KOSDAQ,2292.0,-3.1477,0,250,6.2417,1.3919,0.7997,1.5676,5.8393,4,0.9584,26.4442,-3.9327,61.6162,1,5.13,2
000400,롯데손해보험,2023-08-23,1885,1830,KOSPI,5508.0,-2.9178,11,51,5.6582,3.2437,1.4936,1.1719,3.1265,3,0.7794,18.6319,-4.9673,46.4,0,77.32,-1
368770,파이버프로,2023-08-23,5300,5090,KOSDAQ,5188.0,-3.9623,1,37,32.0363,37.5268,2.8251,1.6513,5.8518,3,3.6146,21.6242,-6.0737,154.5,1,5.89,1
214430,아이쓰리시스템,2023-08-24,40150,38650,KOSDAQ,8359.0,-3.736,3,23,14.3491,2.8498,0.946,1.1936,4.9806,3,16.4122,17.7121,0.1232,146.9649,1,6.6,6
007980,TP,2023-08-24,2340,2315,KOSPI,1015.0,-1.0684,0,176,19.0844,1.7738,0.9688,0.9827,8.9509,3,8.6208,60.022,-2.1093,98.7124,1,6.05,1
026890,스틱인베스트먼트,2023-08-25,7930,7630,KOSPI,5018.0,-3.7831,0,247,11.713,1.5657,1.8544,0.9922,4.0723,4,5.2721,24.5554,-3.2518,52.2954,1,4.85,2
022100,포스코DX,2023-08-25,45400,44400,KOSPI,58609.0,-2.2026,0,21,50.764,3.7467,1.9042,0.9511,7.5772,4,41.96,59.315,-3.2518,770.5882,1,45.95,1
185750,종근당,2023-08-25,81773,78492,KOSPI,12892.0,-4.0123,18,56,-0.2326,0.5119,0.5419,0.4647,2.655,3,-1.256,15.653,-3.2518,23.5297,0,12.89,-1
297090,씨에스베어링,2023-08-28,14910,14510,KOSDAQ,1800.0,-2.6828,5,44,9.0158,1.4911,1.0311,1.2211,5.607,3,4.7899,15.4534,-0.4772,106.99,0,2.69,-1
085620,미래에셋생명,2023-08-28,4200,4055,KOSPI,14869.0,-3.4524,0,56,11.4011,5.4259,1.7169,1.518,4.0338,4,7.828,13.5845,-2.4886,64.8374,1,21.95,5
005945,NH투자증권우,2023-08-28,9970,9530,KOSPI,4463.0,-4.4132,2,248,1.0604,1.3197,0.6675,0.8714,1.0343,4,0.5763,6.3012,-2.4886,16.078,0,5.04,-1
204270,제이앤티씨,2023-08-29,9940,9600,KOSDAQ,13479.0,-3.4205,4,20,8.23,0.8448,1.1132,1.3184,5.0,4,2.9856,2.8425,-2.108,121.1982,1,32.4,4
024110,기업은행,2023-08-29,11300,10800,KOSPI,192578.0,-4.4248,0,184,3.2505,1.087,0.9222,0.7873,1.0979,3,1.045,7.0009,-3.0548,16.6307,0,6.85,-1
085660,차바이오텍,2023-08-29,16847,16099,KOSDAQ,17107.0,-4.44,0,238,10.2369,1.1771,1.0883,1.5784,5.3987,3,0.2849,40.9643,-2.108,47.928,1,32.45,9
034950,한국기업평가,2023-08-29,76400,75700,KOSDAQ,4441.0,-0.9162,59,50,0.5312,0.5374,0.5727,0.4827,1.0945,4,0.7458,5.2415,-2.108,16.821,1,5.68,5
016360,삼성증권,2023-08-29,37400,36950,KOSPI,85371.0,-1.2032,48,58,0.4076,0.6616,0.7223,0.5857,1.8268,4,0.8783,5.9796,-3.0548,23.1667,1,5.41,1
005830,DB손해보험,2023-08-29,87400,83300,KOSPI,119202.0,-4.6911,0,85,5.0441,0.867,0.8315,0.7996,3.2756,3,0.5683,13.3859,-3.0548,57.7652,1,13.45,10
126700,하이비젼시스템,2023-08-30,22450,21400,KOSDAQ,3153.0,-4.6771,2,138,8.0262,5.1497,1.3986,1.425,4.279,2,-0.0882,0.0786,-1.6878,53.405,1,6.31,2
134380,미원화학,2023-08-30,75600,74700,KOSPI,2294.0,-1.1905,8,250,1.91,0.2931,0.4173,1.6937,1.8072,3,3.1867,13.4996,-3.9688,27.6923,0,-0.94,-1
000150,두산,2023-08-30,118900,113500,KOSPI,142182.0,-4.5416,3,20,7.2779,0.3849,0.9962,0.7408,4.7829,4,4.2284,1.5612,-3.9688,63.5447,1,46.78,2
004490,세방전지,2023-08-30,61500,59700,KOSPI,9356.0,-2.9268,0,95,18.9243,4.7688,1.7758,1.6879,3.374,3,-1.5347,28.4735,-3.9688,72.7931,1,10.22,3
119830,아이텍,2023-08-30,11890,11400,KOSDAQ,2052.0,-4.1211,0,117,15.3846,27.8891,2.6119,1.2524,5.3759,4,2.4,13.6721,-1.6878,92.2428,1,6.14,1
069510,에스텍,2023-08-30,9330,9050,KOSDAQ,1636.0,-3.0011,0,173,4.3829,5.2982,1.5552,0.9694,3.82,2,1.123,12.7308,-1.6878,30.9696,0,0.99,-1
011930,신성이엔지,2023-08-31,3085,2950,KOSPI,5002.0,-4.376,2,20,2.7875,1.0688,1.4916,0.8606,5.3148,4,8.003,6.5411,-2.3008,102.0548,0,2.54,-1
017960,한국카본,2023-08-31,15250,14490,KOSPI,17571.0,-4.9836,4,249,9.6067,1.9532,0.7068,0.9244,3.5295,3,6.97,6.0974,-2.3008,40.6796,0,0.14,-1
009540,HD한국조선해양,2023-08-31,130000,123700,KOSPI,270353.0,-4.8462,14,32,9.1792,1.1299,1.0085,1.2025,2.5985,3,7.2711,3.4455,-2.3008,81.6446,0,0.65,-1
251630,브이원텍,2023-08-31,14400,13740,KOSDAQ,1181.0,-4.5833,4,48,15.5593,4.4535,1.3684,1.0542,5.1934,3,3.7556,11.976,2.0489,138.5417,1,26.13,1
156100,엘앤케이바이오,2023-08-31,12334,11860,KOSDAQ,3153.0,-3.843,0,245,36.0092,2.5205,1.1175,1.2346,9.3712,3,15.7201,61.0873,2.0489,144.4353,1,6.41,2
131970,두산테스나,2023-08-31,50500,48850,KOSDAQ,11944.0,-3.2673,3,30,4.2689,2.284,1.0662,0.6638,4.5548,4,7.5023,6.0263,2.0489,143.0348,1,14.43,1
003690,코리안리,2023-08-31,6024,5729,KOSPI,25015.0,-4.8971,0,126,3.805,1.4425,0.8951,0.7368,2.4462,2,-0.4172,15.9264,-2.3008,29.6154,0,11.12,-1
004020,현대제철,2023-09-01,38550,38000,KOSPI,42703.0,-1.4267,2,132,9.0387,3.2654,1.4244,0.7415,2.6316,3,0.7013,4.5808,-1.5998,35.4724,1,7.63,1
005930,삼성전자,2023-09-01,73600,71000,KOSPI,9814760.0,-3.5326,35,42,5.8122,2.56,1.1542,1.5043,1.7002,3,-0.4025,4.7974,-1.5998,37.0656,0,2.68,-1
222800,심텍,2023-09-01,39100,38700,KOSDAQ,19567.0,-1.023,1,248,9.1678,5.2534,1.2436,0.9226,3.8852,4,6.4616,12.563,-0.063,55.1102,0,2.33,-1
160980,싸이맥스,2023-09-01,16250,15730,KOSDAQ,1957.0,-3.2,0,126,10.0,9.7102,2.1241,0.8832,4.2276,4,3.3357,7.1427,-0.063,45.6481,1,9.98,4
281820,케이씨텍,2023-09-01,24200,23100,KOSPI,9766.0,-4.5455,5,23,8.9623,3.0541,1.0299,0.6989,3.3735,3,3.7838,6.8389,-1.5998,77.6923,0,2.6,-1
092870,엑시콘,2023-09-01,15154,14514,KOSDAQ,3661.0,-4.2233,4,24,3.8346,1.2363,0.8212,1.2338,4.4164,4,11.0166,4.3303,-0.063,89.6263,1,8.76,10
098120,마이크로컨텍솔,2023-09-04,9800,9580,KOSDAQ,1829.0,-2.2449,1,35,24.0933,17.1015,2.6954,1.4635,6.8819,3,2.0186,27.8244,0.0795,116.2528,1,16.91,1
106190,하이텍팜,2023-09-04,10006,9506,KOSDAQ,1631.0,-4.997,0,81,7.461,2.349,1.1653,1.1408,2.3519,4,0.5987,9.6262,0.0795,65.5232,1,17.75,3
054450,텔레칩스,2023-09-04,25000,23900,KOSDAQ,2228.0,-4.4,0,32,14.6283,3.4697,1.6857,0.576,4.74,3,4.1301,26.7783,0.0795,126.5403,1,41.0,1
007690,국도화학,2023-09-04,57300,56400,KOSPI,3565.0,-1.5707,7,49,4.4444,1.9498,1.0602,1.2344,3.9956,3,4.5145,9.3717,-0.7012,39.2593,1,2.84,1
237880,클리오,2023-09-04,24450,23250,KOSDAQ,2467.0,-4.908,1,80,8.8993,1.3328,0.505,0.7154,4.8909,3,-1.2001,22.0319,0.0795,91.358,1,26.88,1
214180,헥토이노베이션,2023-09-04,14900,14200,KOSDAQ,3053.0,-4.698,0,237,1.7192,1.2311,0.6896,1.1203,2.6157,3,2.4473,8.4003,0.0795,25.1101,1,5.63,2
105630,한세실업,2023-09-05,21900,21150,KOSPI,5192.0,-3.4247,9,46,8.6287,1.3663,0.7787,0.9628,3.8906,4,6.7611,5.693,0.057,61.4504,1,4.49,5
142210,유니트론텍,2023-09-05,5040,4980,KOSDAQ,1374.0,-1.1905,0,201,22.6601,21.0446,3.4833,1.2711,3.7435,2,-2.7856,19.7692,2.5896,79.7834,1,17.47,1
304100,솔트룩스,2023-09-05,48750,47150,KOSDAQ,3608.0,-3.2821,0,24,23.7533,2.4104,1.4859,0.849,8.0897,4,14.1368,12.4104,2.5896,684.5258,1,4.67,1
012330,현대모비스,2023-09-06,250000,237500,KOSPI,396501.0,-5.0,8,36,2.3707,0.9815,0.8538,0.3414,1.7744,3,0.9638,4.809,-0.4134,25.3298,0,4.0,-1
003570,SNT다이내믹스,2023-09-06,11750,11310,KOSPI,16510.0,-3.7447,0,248,3.2877,2.0669,1.0859,1.2226,3.2588,4,0.0049,14.5405,-0.4134,39.6296,1,14.24,3
004840,DRB동일,2023-09-07,5770,5560,KOSPI,1130.0,-3.6395,9,50,5.303,9.948,1.8579,0.8336,2.9676,3,0.62,10.7764,-2.1826,47.8723,1,21.76,1
039440,에스티아이,2023-09-07,31600,31200,KOSDAQ,5544.0,-1.2658,1,38,10.4425,3.2066,1.0472,1.1365,7.5664,4,23.5979,21.689,-0.2882,191.5888,1,10.9,1
192650,드림텍,2023-09-07,14170,13490,KOSPI,5412.0,-4.7989,4,20,7.49,2.3181,1.8355,0.916,4.9455,4,10.1841,2.1826,-2.1826,60.9785,1,7.49,6
267250,HD현대,2023-09-07,65500,63700,KOSPI,193533.0,-2.7481,12,182,7.7834,5.4561,1.6819,1.1792,1.8614,2,0.4981,4.1026,-2.1826,19.5122,1,18.52,1
185750,종근당,2023-09-08,81773,79678,KOSPI,12892.0,-2.562,15,66,3.5546,1.567,1.046,0.8215,2.3375,2,-0.5678,4.2931,-2.0711,25.3962,1,16.59,1
000105,유한양행우,2023-09-08,65000,61900,KOSPI,1109.0,-4.7692,9,21,0.6504,1.0791,0.419,0.6886,2.3079,3,4.0912,0.325,-2.0711,27.0604,1,18.58,1
044990,에이치엔에스하이텍,2023-09-08,17770,17050,KOSDAQ,1346.0,-4.0518,0,98,4.3452,5.0737,1.6211,1.7012,2.9242,3,-0.9128,21.6428,0.3171,0.0,0,2.35,-1
009420,한올바이오파마,2023-09-08,25450,24300,KOSPI,28314.0,-4.5187,5,24,8.7248,1.7806,0.8874,1.1199,4.1299,3,1.4741,1.2547,-2.0711,95.1807,1,63.58,1
081660,미스토홀딩스,2023-09-08,40900,39050,KOSPI,28510.0,-4.5232,14,131,3.0343,0.3924,0.6524,0.3333,2.2682,3,0.3984,-1.6281,-2.0711,33.9623,0,3.33,-1
099190,아이센스,2023-09-08,39550,38700,KOSDAQ,5306.0,-2.1492,0,36,23.6422,3.6681,1.6012,1.0774,7.6781,4,19.7072,35.2345,0.3171,184.8521,1,2.58,1
086900,메디톡스,2023-09-08,281000,279500,KOSDAQ,9612.0,-0.5338,0,100,11.3546,2.6059,1.2879,0.9661,3.9739,3,-1.0476,25.868,0.3171,192.937,1,13.24,1
196170,알테오젠,2023-09-11,54500,51900,KOSDAQ,202252.0,-4.7706,0,101,20.5575,9.5662,1.8854,1.6066,4.2252,2,-1.4164,9.2248,0.0384,86.0148,1,56.26,1
005940,NH투자증권,2023-09-11,10500,10210,KOSPI,101380.0,-2.7619,28,20,-1.1617,1.2928,0.8806,0.7204,1.4062,3,2.1528,-0.5002,-1.3268,23.7576,1,7.05,4
047560,이스트소프트,2023-09-11,20000,19620,KOSDAQ,2044.0,-1.9,0,67,17.6965,8.3957,1.8252,1.1286,5.7594,4,1.7333,10.3724,0.0384,131.3679,0,-6.32,-1
139130,iM금융지주,2023-09-11,8040,7770,KOSPI,29732.0,-3.3582,0,192,3.3245,2.4924,1.1329,0.8889,1.2686,3,1.4005,6.8974,-1.3268,17.1946,1,7.85,4
058820,CMG제약,2023-09-11,2760,2750,KOSDAQ,3105.0,-0.3623,0,248,14.5833,7.6597,1.4874,1.3382,3.8961,4,3.2365,8.0166,0.0384,44.7368,1,2.91,1
005945,NH투자증권우,2023-09-11,9920,9660,KOSPI,4463.0,-2.621,21,245,-0.1034,1.3724,1.0219,0.6881,0.8651,4,0.6655,3.1181,-1.3268,17.6614,1,3.62,6
038460,바이오스마트,2023-09-11,4250,4060,KOSDAQ,1313.0,-4.4706,0,20,11.0807,24.0756,2.927,1.0881,4.8557,3,2.8897,8.3728,0.0384,37.3942,0,-0.86,-1
011560,세보엠이씨,2023-09-11,10270,9920,KOSDAQ,1597.0,-3.408,5,47,16.9811,78.3262,3.2929,1.9263,3.0386,2,-2.4866,10.3065,0.0384,46.0972,0,1.21,-1
079940,가비아,2023-09-11,15000,14300,KOSDAQ,4362.0,-4.6667,2,24,3.8489,0.9788,0.4564,0.9801,4.8202,4,3.1291,9.2888,0.0384,52.9412,0,11.82,-1
000400,롯데손해보험,2023-09-11,1885,1800,KOSPI,5508.0,-4.5093,9,64,2.0408,1.1083,0.5717,0.4234,2.3651,4,0.3336,4.775,-1.3268,44.0,1,80.28,5
005830,DB손해보험,2023-09-12,87400,86500,KOSPI,119202.0,-1.0297,3,95,6.7901,0.9113,0.9058,0.7467,2.6259,3,2.0723,9.8658,-1.3338,63.8258,1,9.25,1
078520,에이블씨엔씨,2023-09-12,10390,9990,KOSPI,2940.0,-3.8499,0,21,13.3939,2.315,1.2445,0.9984,5.098,3,0.1562,13.2039,-1.3338,146.0591,1,49.45,2
024110,기업은행,2023-09-12,11300,10890,KOSPI,192578.0,-3.6283,9,194,0.2762,1.4037,1.0755,1.1671,1.2331,3,1.3154,5.6441,-1.3338,17.6026,1,9.46,3
018670,SK가스,2023-09-13,137900,131500,KOSPI,20709.0,-4.641,0,85,3.3805,2.78,1.3255,0.8294,2.0043,3,-0.3881,7.5166,0.3587,31.6316,1,27.15,4
017940,E1,2023-09-13,61900,60500,KOSPI,6538.0,-2.2617,4,21,5.5846,2.0954,1.389,1.2265,2.5738,4,3.7829,6.7209,0.3587,45.4327,1,6.28,4
032830,삼성생명,2023-09-13,74700,71600,KOSPI,395400.0,-4.1499,4,180,6.0741,2.1906,1.0704,0.7964,1.7159,2,0.4094,5.7154,0.3587,18.9369,0,3.35,-1
074600,원익QnC,2023-09-14,31650,30400,KOSDAQ,7650.0,-3.9494,8,52,9.1562,3.0507,1.0334,1.2496,3.0428,3,1.8729,15.6326,1.5157,55.8974,0,0.82,-1
000640,동아쏘시오홀딩스,2023-09-14,101513,96657,KOSPI,7125.0,-4.7836,0,249,6.0766,1.1138,1.42,0.8217,2.8571,3,2.4002,3.8589,2.1049,29.5601,1,11.15,10
003690,코리안리,2023-09-14,6024,5917,KOSPI,25015.0,-1.7762,7,136,2.8865,1.006,1.1967,0.601,1.5657,2,2.4786,8.8874,2.1049,33.8688,1,9.04,1
166090,하나머티리얼즈,2023-09-14,53500,51900,KOSDAQ,12045.0,-2.9907,7,53,11.6129,3.9237,1.2417,1.8355,4.6105,3,-2.0206,19.0418,1.5157,84.0426,0,3.66,-1
077500,유니퀘스트,2023-09-14,8900,8590,KOSPI,1460.0,-3.4831,0,32,2.8743,1.6151,1.0207,0.5961,4.1701,4,13.412,12.7347,2.1049,133.4239,1,11.18,1
179900,유티아이,2023-09-14,30400,29700,KOSDAQ,4393.0,-2.3026,0,247,7.2202,2.7788,1.0968,1.6477,6.5777,2,4.0525,59.0248,1.5157,71.4781,1,9.09,1
180640,한진칼,2023-09-14,52800,52500,KOSPI,83186.0,-0.5682,0,74,23.2394,4.8557,1.6933,2.1347,3.585,3,-2.9444,18.308,2.1049,53.9589,0,-9.05,-1
088350,한화생명,2023-09-14,3015,2960,KOSPI,35349.0,-1.8242,0,137,19.8381,2.5695,1.9609,1.3533,3.487,1,-1.999,31.2284,2.1049,56.2005,1,6.42,1
064850,에프앤가이드,2023-09-15,9000,8600,KOSDAQ,1475.0,-4.4444,0,71,11.6883,2.811,1.7914,0.7981,3.7375,2,-3.843,11.5838,2.4746,55.7971,1,9.88,2
001270,부국증권,2023-09-15,23400,22300,KOSPI,7611.0,-4.7009,6,155,1.8265,1.5004,0.8291,0.5925,1.4574,4,1.1934,-3.4138,3.8642,27.7937,0,0.9,-1
005930,삼성전자,2023-09-15,73600,72000,KOSPI,9814760.0,-2.1739,35,52,2.4182,1.3284,1.1412,0.504,1.746,3,-0.9409,4.733,3.8642,38.9961,0,-0.42,-1
009970,영원무역홀딩스,2023-09-15,84400,80300,KOSPI,30711.0,-4.8578,6,22,9.5498,0.9448,0.8395,1.1213,2.2505,3,2.8688,-2.0898,3.8642,60.2794,0,2.99,-1
100250,진양홀딩스,2023-09-15,3479,3335,KOSPI,1811.0,-4.1391,0,68,3.2828,2.0102,1.0583,0.7183,1.5785,4,0.167,1.4737,3.8642,19.964,0,1.44,-1
138930,BNK금융지주,2023-09-15,7460,7140,KOSPI,61134.0,-4.2895,0,197,4.2336,3.1021,1.5076,0.7251,1.3705,3,-0.2855,4.3176,3.8642,19.7987,0,1.96,-1
161390,한국타이어앤테크놀로지,2023-09-15,42250,40150,KOSPI,91296.0,-4.9704,1,32,3.4794,1.9358,1.3435,0.6666,2.8376,4,3.4674,-2.6032,3.8642,33.3887,0,1.49,-1
035420,NAVER,2023-09-15,241500,229500,KOSPI,398406.0,-4.9689,2,28,6.7442,1.1848,1.0219,0.6177,2.6299,4,2.7088,4.1358,3.8642,48.0645,0,-0.22,-1
143160,아이디스,2023-09-15,27250,26050,KOSDAQ,2016.0,-4.4037,0,110,8.7683,2.6448,1.8012,1.1012,4.0718,2,3.4828,23.0676,2.4746,53.2353,1,21.5,1
110990,디아이티,2023-09-18,13600,12980,KOSDAQ,4073.0,-4.5588,1,30,11.2254,4.3377,1.328,0.7431,6.9888,4,11.7872,28.0974,0.2903,154.5098,1,49.85,1
214320,이노션,2023-09-18,22725,21875,KOSPI,7980.0,-3.7404,0,152,3.4279,2.147,1.1091,1.0946,2.2286,3,2.0171,2.6673,2.6276,17.6075,0,4.91,-1
001530,DI동일,2023-09-19,25084,24369,KOSPI,4222.0,-2.8504,0,128,13.7834,5.4392,2.15,1.3954,4.7039,4,2.3652,31.8594,1.7279,105.04,1,13.02,1
119610,인터로조,2023-09-19,28083,27036,KOSDAQ,2106.0,-3.7282,0,85,9.3601,1.3849,1.3773,1.2965,4.0293,3,-0.3165,8.2234,-1.0567,57.8099,0,1.34,-1
003030,세아제강지주,2023-09-19,215000,207500,KOSPI,6043.0,-3.4884,7,57,6.9588,3.0616,1.317,0.7966,2.9776,3,3.1283,13.2305,1.7279,60.8527,1,17.35,1
264450,유비쿼스,2023-09-19,11299,10953,KOSDAQ,1887.0,-3.0622,1,250,15.2947,1.4204,1.7361,1.0595,2.8511,3,2.4895,18.2512,-1.0567,36.367,1,12.59,1
002380,KCC,2023-09-19,272000,266000,KOSPI,43499.0,-2.2059,1,250,17.6991,1.3888,1.8545,1.1134,3.8668,2,2.6086,33.2975,1.7279,42.4746,0,0.38,-1
012330,현대모비스,2023-09-20,250000,242500,KOSPI,396501.0,-3.0,10,46,3.4115,1.5825,1.2741,0.8452,2.0324,4,1.6757,4.6634,2.1648,27.9683,0,1.86,-1
042370,비츠로테크,2023-09-21,12500,12100,KOSDAQ,2693.0,-3.2,1,26,69.2308,15.0871,3.7177,1.2216,5.5608,3,-1.4245,56.9464,-4.5534,146.6871,0,-1.32,-1
081660,미스토홀딩스,2023-09-22,40900,39800,KOSPI,28510.0,-2.6895,23,141,-0.3755,0.4464,0.5828,0.5833,2.0729,4,0.63,6.2881,-0.4371,36.5352,0,1.01,-1
257720,실리콘투,2023-09-22,9700,9370,KOSDAQ,26610.0,-3.4021,0,31,16.8329,1.7781,1.7457,0.9772,6.3805,4,8.7414,17.4289,-4.6732,452.8024,1,13.23,6
017670,SK텔레콤,2023-09-22,53700,51100,KOSPI,158300.0,-4.8417,0,248,1.3889,2.4481,1.5038,0.566,1.5795,3,0.6721,8.8146,-0.4371,18.0139,0,2.15,-1
044990,에이치엔에스하이텍,2023-09-22,17770,17280,KOSDAQ,1346.0,-2.7575,2,108,4.7908,0.5508,0.9255,0.6894,3.1663,3,2.3981,17.9847,-4.6732,0.0,0,0.98,-1
195940,HK이노엔,2023-09-25,42850,40800,KOSDAQ,15581.0,-4.7841,0,169,6.5274,6.6838,1.8875,0.9572,4.0966,3,6.8955,17.6937,-7.7206,46.2366,1,8.7,5
003540,대신증권,2023-09-25,15300,14540,KOSPI,18025.0,-4.9673,4,250,0.2759,0.7669,0.9576,0.6231,1.292,4,1.8734,5.1405,-1.8735,23.2203,0,2.13,-1
004370,농심,2023-09-27,490000,473000,KOSPI,26855.0,-3.4694,3,31,6.5315,1.5594,1.1681,0.8184,2.839,4,2.0468,7.8245,-3.7541,66.5493,1,5.71,3
079940,가비아,2023-09-27,15000,14400,KOSDAQ,4362.0,-4.0,6,36,-0.7581,2.55,1.0179,0.946,4.8512,3,4.0949,12.0398,-8.9618,54.0107,1,11.04,2
093320,케이아이엔엑스,2023-10-04,82200,78200,KOSDAQ,6129.0,-4.8662,0,49,15.8519,2.7501,2.2929,0.9478,4.7863,4,0.9359,24.1127,-13.0332,66.383,1,17.01,1
032830,삼성생명,2023-10-04,74700,71900,KOSPI,395400.0,-3.7483,13,191,0.2789,2.3918,1.0999,0.8348,2.126,3,1.8782,12.2516,-5.8906,19.4352,0,3.34,-1
000640,동아쏘시오홀딩스,2023-10-04,100542,97822,KOSPI,7125.0,-2.7053,8,228,4.4605,1.5667,1.2198,0.6308,3.1495,3,3.6454,9.278,-5.8906,31.1217,1,9.83,3
005180,빙그레,2023-10-05,59000,56700,KOSPI,7692.0,-3.8983,7,27,6.7797,1.5974,1.0733,0.8565,3.6407,4,4.8109,9.9016,-6.2452,54.7067,0,-0.18,-1
123890,한국자산신탁,2023-10-05,3395,3290,KOSPI,3243.0,-3.0928,0,203,3.2967,4.3299,1.9369,1.382,1.6717,4,-0.3487,13.4114,-6.2452,19.2029,0,1.52,-1
166090,하나머티리얼즈,2023-10-05,53500,51500,KOSDAQ,12045.0,-3.7383,4,64,3.6217,1.8881,0.8569,0.9111,4.6949,4,-1.3247,16.2179,-12.908,82.6241,0,3.88,-1
248070,솔루엠,2023-10-06,32450,31200,KOSPI,8253.0,-3.8521,5,24,4.0,1.0346,0.8632,0.7523,3.8462,4,1.8082,14.2038,-6.8027,88.5196,0,3.04,-1
220100,퓨쳐켐,2023-10-06,14970,14310,KOSDAQ,5248.0,-4.4088,1,34,19.0516,1.7532,1.5649,0.9264,6.5289,4,15.6887,36.2683,-11.1809,133.8235,1,8.53,1
214320,이노션,2023-10-06,22725,21700,KOSPI,7980.0,-4.5105,7,162,0.0,0.4827,0.9294,0.4816,2.551,3,3.2135,12.7856,-6.8027,16.6667,1,6.11,5
009970,영원무역홀딩스,2023-10-06,84400,80300,KOSPI,30711.0,-4.8578,11,33,-1.3514,0.7432,0.8865,0.8481,3.1934,4,1.4127,15.1698,-6.8027,60.2794,0,2.99,-1
003650,미창석유,2023-10-10,76700,73700,KOSPI,2157.0,-3.9113,0,225,4.2433,12.8444,1.9865,1.6618,1.7736,3,1.8712,10.9046,-6.9554,14.2636,0,2.04,-1
039490,키움증권,2023-10-11,110500,107500,KOSPI,121734.0,-2.7149,0,118,13.8771,9.5762,1.8013,1.8088,3.4684,2,3.2605,13.6664,-4.4185,54.8991,0,-0.65,-1
078000,텔코웨어,2023-10-12,10710,10190,KOSPI,1455.0,-4.8553,0,72,11.3661,0.8234,1.7534,1.6849,3.0352,4,1.5188,11.4371,-2.6858,25.1843,0,2.45,-1
241710,코스메카코리아,2023-10-12,32400,31900,KOSDAQ,10691.0,-1.5432,2,40,23.6434,4.9902,1.9159,1.5259,5.4187,3,5.002,33.9061,-7.8192,405.5468,1,28.84,1
000660,SK하이닉스,2023-10-12,129000,124200,KOSPI,6377301.0,-3.7209,4,48,7.6256,1.1428,1.3553,0.8649,3.0941,4,0.916,7.4959,-2.6858,69.9042,1,7.49,3
138930,BNK금융지주,2023-10-12,7460,7140,KOSPI,61134.0,-4.2895,3,211,5.6213,0.8989,0.9651,1.2333,1.9908,3,0.7017,7.2246,-2.6858,16.6667,0,1.96,-1
044990,에이치엔에스하이텍,2023-10-13,17770,16900,KOSDAQ,1346.0,-4.8959,10,118,-0.1182,0.033,0.285,0.8202,2.9966,3,4.1781,9.1183,-9.998,0.0,0,2.07,-1
175330,JB금융지주,2023-10-13,11160,10700,KOSPI,56586.0,-4.1219,0,175,10.6515,0.974,0.9116,1.3837,2.8037,3,6.8717,9.5333,-3.5927,51.9886,1,6.26,3
003540,대신증권,2023-10-16,14900,14770,KOSPI,18025.0,-0.8725,29,212,2.4272,0.6477,0.9739,1.0031,1.5234,4,2.5401,7.5018,-4.7183,25.1695,0,0.54,-1
015360,INVENI,2023-10-16,35150,33500,KOSPI,4480.0,-4.6942,0,133,1.9787,8.7301,1.7912,0.9707,1.29,3,1.0369,7.3216,-4.7183,10.5611,0,4.48,-1
001200,유진투자증권,2023-10-17,4600,4405,KOSPI,4219.0,-4.2391,2,27,19.3767,5.658,1.6718,0.941,4.5403,3,-1.3874,19.2392,-3.0123,99.7732,1,8.4,5
413630,씨피시스템,2023-10-17,3584,3419,KOSDAQ,1722.0,-4.6038,0,67,2.9819,10.0101,2.0369,0.7942,1.7298,3,-0.2054,13.5572,-8.6477,13.9287,1,12.61,1
005870,휴니드,2023-10-17,7840,7600,KOSPI,1193.0,-3.0612,0,118,29.2517,12.9093,3.4466,2.112,7.5423,1,-4.5268,43.7531,-3.0123,67.7704,1,32.24,1
105560,KB금융,2023-10-18,60700,57700,KOSPI,579782.0,-4.9423,0,183,3.777,1.1111,0.8426,1.2184,2.4263,3,5.8024,6.8085,-2.8445,29.6629,0,-0.35,-1
183190,아세아시멘트,2023-10-18,11420,10950,KOSPI,5074.0,-4.1156,0,97,11.3937,17.4559,2.4848,1.6116,3.229,3,2.6388,11.4755,-2.8445,26.5896,0,2.83,-1
005930,삼성전자,2023-10-18,73600,70500,KOSPI,9814760.0,-4.212,21,70,3.3724,1.0514,0.96,1.2262,2.1682,2,-1.4861,2.2803,-2.8445,29.3578,0,2.41,-1
003545,대신증권우,2023-10-18,14300,13600,KOSPI,6331.0,-4.8951,0,247,0.7407,1.1545,0.8198,0.6426,0.7773,4,1.0147,3.6599,-2.8445,25.3456,0,0.0,-1
105630,한세실업,2023-10-19,22100,21100,KOSPI,5192.0,-4.5249,8,22,8.2051,1.5286,1.2087,0.9202,4.1469,3,0.7046,1.7972,-6.1056,49.6454,1,15.88,8
034950,한국기업평가,2023-10-19,80000,78100,KOSDAQ,4441.0,-2.375,30,20,-0.2554,0.7268,0.6988,0.4832,1.189,3,1.8688,11.1958,-12.8331,20.5247,0,0.9,-1
032830,삼성생명,2023-10-19,74700,73800,KOSPI,395400.0,-1.2048,20,201,2.2161,1.4916,1.2913,0.7659,2.2842,4,2.067,9.1782,-6.1056,20.5882,0,0.54,-1
077500,유니퀘스트,2023-10-20,9550,9200,KOSPI,1460.0,-3.6649,16,20,0.0,0.0,0.0,0.0,100.0,4,9.4344,8.1583,-8.6988,0.0,0,0.0,-1
123890,한국자산신탁,2023-10-20,3395,3255,KOSPI,3243.0,-4.1237,9,213,0.463,1.2165,0.9283,0.9163,2.2493,4,1.27,13.3612,-8.6988,17.9348,0,4.61,-1
194370,제이에스코퍼레이션,2023-10-24,7775,7410,KOSPI,3859.0,-4.6945,0,232,25.0633,86.1274,3.4067,2.2596,3.5859,1,-4.895,23.3748,-6.8654,33.5135,1,28.14,1
048410,현대바이오,2023-10-25,18728,18140,KOSDAQ,11093.0,-3.1397,0,90,46.1136,3.3103,2.3453,1.0931,6.1206,4,6.1814,56.3349,-12.6745,105.4593,1,7.01,2
003547,대신증권2우B,2023-10-25,13400,12800,KOSPI,2340.0,-4.4776,31,250,-1.3867,0.6811,1.2889,0.9236,1.0938,3,1.225,5.7636,-7.6793,21.327,0,2.5,-1
005945,NH투자증권우,2023-10-25,10010,9720,KOSPI,4463.0,-2.8971,36,20,-1.5198,0.5249,0.9674,1.5581,1.2419,3,2.0681,5.1718,-7.6793,18.3922,0,1.95,-1
085620,미래에셋생명,2023-10-26,4945,4710,KOSPI,14869.0,-4.7523,4,26,3.0635,0.9129,1.0676,0.8746,3.3819,3,8.9628,12.3287,-8.5842,91.4634,1,20.38,2
003540,대신증권,2023-10-30,14900,14160,KOSPI,18025.0,-4.9664,34,222,0.4968,0.5825,0.8367,1.1323,1.4074,3,2.2368,4.8075,-7.421,20.0,0,2.97,-1
002310,아세아제지,2023-10-30,8290,7960,KOSPI,4149.0,-3.9807,0,71,3.3766,1.2435,0.9138,1.1006,2.1115,4,1.0841,10.2634,-7.421,20.6061,0,2.76,-1
000815,삼성화재우,2023-10-30,192400,183000,KOSPI,12429.0,-4.8857,34,20,-0.7054,0.5833,0.9494,1.1523,1.413,3,2.6413,3.1824,-7.421,23.6486,0,3.66,-1
025540,한국단자,2023-11-01,67300,64800,KOSPI,7526.0,-3.7147,0,114,1.4085,1.141,0.8081,0.6738,3.3399,3,-0.4025,33.6919,-6.6331,31.1741,1,21.45,2
003545,대신증권우,2023-11-01,13800,13360,KOSPI,6331.0,-3.1884,55,225,0.3003,0.5947,0.7453,1.4975,0.8929,3,1.1142,5.3037,-6.6331,23.1336,0,3.67,-1
089030,테크윙,2023-11-01,9230,8780,KOSDAQ,16674.0,-4.8754,0,71,0.4577,0.6684,1.0865,1.2376,5.9876,3,-2.9337,42.3702,-12.1032,65.6604,1,14.46,3
084370,유진테크,2023-11-02,44450,43150,KOSDAQ,22618.0,-2.9246,4,29,7.472,1.6698,1.0719,1.1641,5.3634,3,7.4703,14.3569,-4.2804,115.212,1,10.66,2
204270,제이앤티씨,2023-11-02,12710,12620,KOSDAQ,13479.0,-0.7081,2,34,20.9971,6.226,1.782,1.1709,6.6561,4,5.1659,30.7333,-4.2804,179.8226,1,21.32,1
034950,한국기업평가,2023-11-02,80000,77400,KOSDAQ,4441.0,-3.25,40,30,0.1294,0.5781,0.7958,1.2513,1.292,3,1.7353,2.2551,-4.2804,18.7117,0,2.07,-1
001530,DI동일,2023-11-02,27543,26471,KOSPI,4222.0,-3.8921,2,25,20.817,1.3346,1.2566,1.26,5.2003,3,6.7763,14.7234,-2.6009,113.7171,1,11.99,2
161390,한국타이어앤테크놀로지,2023-11-02,42250,41300,KOSPI,91296.0,-2.2485,3,61,11.0215,4.9414,1.8165,1.1687,3.779,3,0.4315,14.9819,-2.6009,37.2093,1,13.08,1
044990,에이치엔에스하이텍,2023-11-03,17770,17020,KOSDAQ,1346.0,-4.2206,16,133,5.0617,1.3039,0.7404,1.2788,2.048,3,5.4813,2.9592,-2.3682,0.0,0,2.23,-1
029780,삼성카드,2023-11-03,33100,31450,KOSPI,70210.0,-4.9849,0,218,0.4792,0.8053,0.9066,1.2015,1.2151,3,2.4983,5.2623,-1.467,11.7229,1,5.88,8
123890,한국자산신탁,2023-11-03,3395,3255,KOSPI,3243.0,-4.1237,15,223,0.774,0.9813,0.5853,0.881,1.7336,3,2.7317,0.4031,-1.467,17.9348,1,6.91,10
123860,아나패스,2023-11-03,25650,25050,KOSDAQ,2103.0,-2.3392,8,247,9.628,6.2096,1.7203,1.3969,4.933,3,-0.3158,14.1986,-2.3682,82.4472,1,5.99,1
003650,미창석유,2023-11-03,76700,73500,KOSPI,2157.0,-4.1721,1,243,2.7972,0.3845,0.6743,0.987,2.1283,3,2.6163,4.6973,-1.467,13.9535,1,6.67,5
179900,유티아이,2023-11-03,32400,31500,KOSDAQ,4393.0,-2.7778,3,30,10.3327,3.1513,1.1933,1.0501,6.2132,3,12.982,18.3903,-2.3682,81.8707,1,7.78,1
000240,한국앤컴퍼니,2023-11-03,14500,13800,KOSPI,29620.0,-4.8276,0,227,15.192,8.6303,1.9414,1.1709,2.7743,2,0.0974,30.1983,-1.467,33.9806,1,12.9,3
016360,삼성증권,2023-11-03,38950,37150,KOSPI,85371.0,-4.6213,22,30,4.3539,0.6297,0.7436,1.4062,2.163,2,0.9166,4.3756,-1.467,23.8333,1,5.92,1
017670,SK텔레콤,2023-11-03,52200,49800,KOSPI,158300.0,-4.5977,18,22,0.6061,0.6395,1.0029,0.5811,1.255,3,2.7884,5.8695,-1.467,15.0115,0,5.62,-1
017890,한국알콜,2023-11-06,13850,13410,KOSDAQ,2517.0,-3.1769,7,56,25.0933,5.8713,2.0248,1.7528,10.0724,3,-3.7543,24.164,2.8246,37.5385,0,-2.76,-1
402340,SK스퀘어,2023-11-06,48900,47200,KOSPI,717233.0,-3.4765,0,98,9.2593,1.4769,1.0471,1.2399,3.3671,3,-1.1877,6.6511,3.8875,51.7685,1,8.05,7
081660,미스토홀딩스,2023-11-06,40900,39150,KOSPI,28510.0,-4.2787,18,167,8.75,1.0061,0.8425,1.2709,3.6855,1,-1.4588,2.7882,3.8875,23.1132,0,2.04,-1
015360,INVENI,2023-11-06,35150,33800,KOSPI,4480.0,-3.8407,1,148,1.9608,0.8464,0.7628,0.8111,1.3314,4,1.2514,-0.9956,3.8875,11.5512,1,5.18,7
403870,HPSP,2023-11-06,39450,38400,KOSDAQ,37212.0,-2.6616,0,39,12.7753,1.6784,0.9598,1.6365,6.2872,4,0.0428,17.9301,2.8246,200.0,0,27.86,-1
131970,두산테스나,2023-11-06,55900,54300,KOSDAQ,11944.0,-2.8623,4,33,14.1956,1.3691,1.4256,1.3997,5.3933,4,2.3109,11.251,2.8246,121.6327,1,17.86,1
036930,주성엔지니어링,2023-11-06,32150,31650,KOSDAQ,23232.0,-1.5552,2,31,25.5952,4.9481,1.4171,1.3462,5.958,3,5.7423,12.4759,2.8246,210.2941,1,20.06,1
000810,삼성화재,2023-11-06,274500,263000,KOSPI,245700.0,-4.1894,15,27,4.1584,1.8782,1.2256,1.5928,3.5714,3,2.2833,-2.7337,3.8875,38.0577,0,3.42,-1
166090,하나머티리얼즈,2023-11-06,53800,52100,KOSDAQ,12045.0,-3.1599,10,21,7.312,1.1402,0.9152,0.885,4.0444,3,1.4292,-3.207,2.8246,79.0378,0,2.11,-1
005930,삼성전자,2023-11-06,73600,70900,KOSPI,9814760.0,-3.6685,13,83,5.3492,1.5274,1.0327,0.9676,1.7328,2,-1.1535,3.5367,3.8875,30.0917,0,3.53,-1
067310,하나마이크론,2023-11-06,27182,26713,KOSDAQ,22605.0,-1.7254,2,37,21.8325,3.0399,1.6121,1.3438,6.8779,4,8.4171,20.6923,2.8246,253.1597,1,10.4,1
022100,포스코DX,2023-11-06,64800,63500,KOSPI,58609.0,-2.0062,1,38,27.1271,4.8603,1.2982,1.4595,7.036,4,18.2124,22.355,3.8875,1015.993,0,0.31,-1
006800,미래에셋증권,2023-11-06,7590,7550,KOSPI,294317.0,-0.527,0,100,14.7416,2.8171,1.2428,1.4525,2.7909,2,-2.5283,21.5278,3.8875,28.6201,0,0.26,-1
002100,경농,2023-11-07,12530,12500,KOSPI,1862.0,-0.2394,0,75,32.6964,45.0063,2.8592,2.2808,4.0686,1,-2.7184,30.5528,1.7223,37.3626,1,29.2,1
042700,한미반도체,2023-11-07,63300,62600,KOSPI,185763.0,-1.1058,0,50,19.2381,3.5162,1.1358,1.1462,6.2643,4,7.7506,24.1068,1.7223,461.435,1,8.47,1
267260,HD현대일렉트릭,2023-11-07,84000,80200,KOSPI,338483.0,-4.5238,0,68,6.9333,1.4006,1.0585,0.6869,5.7357,4,1.3152,17.4456,1.7223,124.6499,1,13.22,1
003230,삼양식품,2023-11-08,214000,204500,KOSPI,86479.0,-4.4393,1,21,7.745,0.9488,0.9984,0.4427,3.65,4,14.999,6.901,-1.1616,103.4826,1,11.25,1
079940,가비아,2023-11-08,15990,15470,KOSDAQ,4362.0,-3.252,7,21,5.3815,1.461,0.9157,0.7935,4.0724,4,6.3066,5.8416,-0.7465,57.2154,0,1.36,-1
294870,HDC현대산업개발,2023-11-08,13170,12740,KOSPI,15521.0,-3.265,0,114,7.5105,1.5957,1.259,1.4573,3.0444,2,2.386,27.1754,-1.1616,37.1367,1,26.61,1
005945,NH투자증권우,2023-11-08,10010,9780,KOSPI,4463.0,-2.2977,46,30,2.0877,0.5887,0.8297,0.9401,1.3146,4,1.6583,1.1616,-1.1616,19.123,0,2.25,-1
003547,대신증권2우B,2023-11-08,13300,12900,KOSPI,2340.0,-3.0075,45,230,1.4151,0.9005,1.0131,1.0272,0.9413,4,1.3259,1.0068,-1.1616,22.2749,0,2.02,-1
035150,백산,2023-11-09,10100,9750,KOSPI,2799.0,-3.4653,0,245,10.7955,5.8595,1.5267,1.3947,4.6813,3,2.9135,20.7399,-2.1268,34.4828,0,8.0,-1
012630,HDC,2023-11-09,6990,6670,KOSPI,12367.0,-4.578,0,164,6.0413,2.4914,1.5594,1.1038,1.9812,2,1.9824,9.3615,-2.1268,31.2992,1,6.15,6
004370,농심,2023-11-09,500000,480000,KOSPI,26855.0,-4.0,4,22,3.1149,0.9983,0.9219,0.9857,3.1771,3,3.8524,5.575,-2.1268,61.0738,0,2.71,-1
280360,롯데웰푸드,2023-11-09,133000,128200,KOSPI,11733.0,-3.609,0,249,9.8543,2.3188,1.9036,0.9722,2.5072,3,5.5963,18.9909,-2.1268,40.8791,1,5.3,10
017800,현대엘리베이터,2023-11-10,50400,48200,KOSPI,40695.0,-4.3651,1,52,10.5505,0.3975,0.7142,1.0194,4.0531,4,2.3401,6.5616,-1.8928,90.5138,0,1.45,-1
005180,빙그레,2023-11-10,59000,56900,KOSPI,7692.0,-3.5593,8,52,2.7076,1.5123,0.8184,0.7872,3.289,3,5.4334,9.658,-1.8928,49.9341,1,7.03,2
009970,영원무역홀딩스,2023-11-10,84400,80900,KOSPI,30711.0,-4.1469,13,57,3.5851,0.9376,0.8722,0.7704,3.1785,2,0.5608,3.2712,-1.8928,53.2197,0,4.2,-1
000815,삼성화재우,2023-11-13,192400,185200,KOSPI,12429.0,-3.7422,39,30,2.4903,1.8339,1.1252,1.0458,1.4155,2,1.8927,-0.6774,-1.3332,25.1351,0,4.16,-1
079550,LIG넥스원,2023-11-13,101500,97000,KOSPI,101420.0,-4.4335,1,249,6.946,0.7513,0.9189,1.0722,3.6966,4,4.9287,13.8622,-1.3332,44.5604,0,32.06,-1
138930,BNK금융지주,2023-11-14,7460,7110,KOSPI,61134.0,-4.6917,10,234,1.7167,0.7842,0.573,1.2133,1.8485,4,1.3724,0.5348,-1.0942,16.1765,0,1.55,-1
005940,NH투자증권,2023-11-15,10930,10430,KOSPI,101380.0,-4.5746,16,35,2.9615,1.0111,0.7377,1.2097,1.8217,3,0.0097,-0.8815,0.9774,26.4242,0,1.63,-1
180640,한진칼,2023-11-15,52800,50800,KOSPI,83186.0,-3.7879,1,113,8.3156,1.0756,0.6046,0.6649,4.1971,3,0.5661,13.3083,0.9774,47.6744,1,12.6,2
024110,기업은행,2023-11-15,12100,11670,KOSPI,192578.0,-3.5537,17,20,2.0997,1.2661,0.8055,0.9804,1.8546,4,3.5616,-4.3715,0.9774,24.2812,0,2.06,-1
018260,삼성에스디에스,2023-11-15,153600,149800,KOSPI,131310.0,-2.474,3,44,5.6417,1.7588,0.9336,0.9248,3.0326,3,1.541,8.2859,0.9774,30.9441,1,15.69,7
036830,솔브레인홀딩스,2023-11-15,41000,39450,KOSDAQ,11090.0,-3.7805,5,48,17.0623,4.6323,1.206,1.4136,6.2194,3,8.0643,18.4104,0.0581,70.4104,0,13.56,-1
078000,텔코웨어,2023-11-15,10710,10190,KOSPI,1455.0,-4.8553,4,96,1.494,1.6918,0.9212,0.5181,1.7104,4,4.1881,-0.8792,0.9774,25.1843,0,2.55,-1
018290,브이티,2023-11-15,20900,20300,KOSDAQ,7268.0,-2.8708,1,31,3.4659,1.2585,1.4819,0.985,6.886,4,22.0292,8.1509,0.0581,301.9802,1,7.64,1
175330,JB금융지주,2023-11-15,11370,10990,KOSPI,56586.0,-3.3421,4,20,2.4231,1.3295,0.798,1.0172,2.7882,4,6.4933,-4.0638,0.9774,50.7545,0,0.45,-1
098120,마이크로컨텍솔,2023-11-15,11390,11030,KOSDAQ,1829.0,-3.1607,0,47,31.9378,16.1336,2.2196,1.7632,5.3361,3,2.824,20.6202,0.0581,125.102,1,34.36,1
139130,iM금융지주,2023-11-15,8540,8270,KOSPI,29732.0,-3.1616,20,20,3.1172,1.664,1.08,1.0891,2.2025,4,3.4788,-2.8754,0.9774,24.736,0,3.26,-1
003540,대신증권,2023-11-15,14900,14220,KOSPI,18025.0,-4.5638,37,234,0.8511,0.9697,0.8222,1.0942,1.3512,2,0.891,-4.0449,0.9774,20.5085,0,2.6,-1
141080,리가켐바이오,2023-11-15,46000,45750,KOSDAQ,65349.0,-0.5435,0,143,5.4147,1.6285,0.9051,1.1838,4.4653,3,3.1792,36.9179,0.0581,46.6346,1,11.48,4
059210,메타바이오메드,2023-11-15,5290,5080,KOSDAQ,1424.0,-3.9698,0,100,29.2621,44.7887,3.0348,1.802,5.1111,2,-3.502,37.9854,0.0581,139.6226,0,1.57,-1
003545,대신증권우,2023-11-15,13800,13500,KOSPI,6331.0,-2.1739,58,235,0.1484,1.3829,1.1111,0.7069,0.6243,3,0.9393,-1.7127,0.9774,24.424,1,2.59,8
005385,현대차우,2023-11-16,113000,108000,KOSPI,58819.0,-4.4248,0,128,6.1947,1.3268,1.0479,1.0303,1.4418,2,-0.5997,0.2544,2.9961,47.139,0,2.87,-1
007980,TP,2023-11-16,2455,2450,KOSPI,1015.0,-0.2037,2,46,37.4089,64.0157,3.3357,1.894,4.8542,3,-0.2215,31.9158,2.9961,96.7871,1,29.18,1
005430,한국공항,2023-11-16,46850,45800,KOSPI,2204.0,-2.2412,0,188,13.2262,4.0003,3.3047,1.2259,3.6182,3,1.8864,17.0563,2.9961,30.4843,1,9.39,3
298040,효성중공업,2023-11-16,208000,204000,KOSPI,218847.0,-1.9231,2,57,10.2703,1.3121,0.9348,0.8313,5.1751,4,3.2318,15.0594,2.9961,219.2488,1,8.58,9
001720,신영증권,2023-11-16,60700,58200,KOSPI,30989.0,-4.1186,0,179,3.1915,1.3695,1.2507,0.9424,0.9573,3,0.4983,-0.3506,2.9961,8.785,0,4.3,-1
034950,한국기업평가,2023-11-16,80000,78800,KOSDAQ,4441.0,-1.5,49,40,1.4157,0.9285,0.8067,0.7898,1.1693,3,1.3731,-2.5563,3.4526,20.6738,0,0.25,-1
073240,금호타이어,2023-11-16,5280,5220,KOSPI,21142.0,-1.1364,0,125,12.0172,2.1902,1.1772,0.9258,2.6957,2,0.2266,19.2521,2.9961,95.5056,1,12.07,1
413630,씨피시스템,2023-11-16,3850,3745,KOSDAQ,1722.0,-2.7273,19,20,0.0,0.0,0.0,0.0,100.0,3,5.3286,0.7778,3.4526,0.0,0,-100.0,-1
058470,리노공업,2023-11-17,35840,34800,KOSDAQ,73621.0,-2.9018,0,195,18.9622,6.3024,2.449,1.71,4.7512,3,-2.9216,8.4735,3.8752,59.1658,1,28.88,1
044990,에이치엔에스하이텍,2023-11-17,17770,17150,KOSDAQ,1346.0,-3.489,24,143,1.5995,3.1418,0.803,0.2609,2.3365,4,5.7548,-2.3959,3.8752,0.0,0,1.46,-1
069510,에스텍,2023-11-17,9330,9010,KOSDAQ,1636.0,-3.4298,9,225,9.2121,1.2425,2.0237,1.0849,2.5924,2,1.7983,4.81,3.8752,29.454,0,2.11,-1
017670,SK텔레콤,2023-11-17,52200,51900,KOSPI,158300.0,-0.5747,26,32,4.008,1.3186,1.2779,1.1862,1.6034,4,2.4566,0.0143,3.9937,19.8614,1,1.35,1
123890,한국자산신탁,2023-11-17,3395,3390,KOSPI,3243.0,-0.1473,24,233,3.6697,3.9311,1.5695,1.2549,1.5592,4,2.3554,0.1538,3.9937,22.8261,1,2.65,1
002310,아세아제지,2023-11-17,8290,7900,KOSPI,4149.0,-4.7045,4,85,2.5974,1.246,0.8563,0.9812,1.6917,3,0.0631,-2.7116,3.9937,19.697,1,6.84,10
090350,노루페인트,2023-11-20,10350,9890,KOSPI,1840.0,-4.4444,0,134,5.8887,1.6736,1.4846,0.8417,2.6867,4,5.2626,10.2509,5.6928,37.7437,0,2.83,-1
005930,삼성전자,2023-11-20,73600,72700,KOSPI,9814760.0,-1.2228,22,93,3.267,0.7929,1.0155,0.633,1.572,3,0.5254,0.5938,5.6928,33.3945,0,2.2,-1
357780,솔브레인,2023-11-20,286500,273000,KOSDAQ,31814.0,-4.712,0,75,5.6093,0.4888,1.0004,0.6104,3.7677,3,-1.3618,2.7327,6.4673,34.4828,1,10.99,9
006800,미래에셋증권,2023-11-20,7590,7300,KOSPI,294317.0,-3.8208,10,110,-0.9498,0.6186,0.6278,0.5897,2.8082,3,0.9241,10.1802,5.6928,24.3612,0,3.56,-1
033290,로젠,2023-11-21,7256,7153,KOSDAQ,1266.0,-1.4195,3,23,13.0552,2.6844,1.2929,0.4979,4.3189,4,14.0163,16.2436,4.0963,124.0915,1,53.82,1
084730,팅크웨어,2023-11-21,17760,17050,KOSDAQ,1064.0,-3.9977,1,45,13.7425,2.664,1.5256,0.9371,4.3067,3,2.2478,23.3327,4.0963,60.3951,0,2.05,-1
005389,현대차3우B,2023-11-21,112500,107500,KOSPI,5679.0,-4.4444,0,131,3.7645,0.9662,1.0242,1.0126,1.1628,3,0.1321,0.0677,5.3245,50.7714,0,4.0,-1
081660,미스토홀딩스,2023-11-21,40900,39250,KOSPI,28510.0,-4.0342,19,178,0.5122,0.5496,0.8847,1.0192,3.1028,2,-0.8335,-0.2375,5.3245,23.4277,0,0.64,-1
036530,SNT홀딩스,2023-11-21,18240,17370,KOSPI,9864.0,-4.7697,0,22,3.8255,1.5214,1.0361,0.386,1.5051,3,1.2227,7.3945,5.3245,19.7931,0,5.93,-1
002960,한국쉘석유,2023-11-21,255000,244000,KOSPI,5870.0,-4.3137,0,223,3.8298,2.2128,1.823,1.2024,1.3466,3,1.7607,0.9936,5.3245,16.1905,0,1.02,-1
000120,CJ대한통운,2023-11-22,97500,93500,KOSPI,31184.0,-4.1026,0,220,17.3149,1.6384,2.2352,1.4436,3.6058,3,1.06,16.5795,6.2852,35.5072,1,35.29,3
001270,부국증권,2023-11-22,23400,22300,KOSPI,7611.0,-4.7009,1,198,3.2407,0.5472,0.537,0.8956,2.13,3,-0.6379,-2.8049,6.2852,27.7937,0,1.57,-1
003547,대신증권2우B,2023-11-22,13300,13110,KOSPI,2340.0,-1.4286,55,240,1.2355,0.7948,1.505,0.4429,0.5557,4,1.4498,-3.8633,6.2852,24.2654,0,0.69,-1
145020,휴젤,2023-11-22,166500,159400,KOSDAQ,31990.0,-4.2643,0,192,7.1957,1.2136,0.9785,0.8735,3.5849,3,8.9239,9.4952,5.6782,59.8796,0,1.19,-1
051360,토비스,2023-11-22,19800,18840,KOSDAQ,2383.0,-4.8485,5,54,9.0909,6.1099,1.6397,1.2493,5.1979,3,3.7148,6.1983,5.6782,116.5517,0,2.23,-1
056090,시지메드텍,2023-11-22,2430,2360,KOSDAQ,1773.0,-2.8807,60,250,0.0,1.0,1.0,1.0,100.0,0,0.0,-5.6782,5.6782,0.0,0,-100.0,-1
005945,NH투자증권우,2023-11-22,10010,9910,KOSPI,4463.0,-0.999,56,40,0.4053,0.7915,0.8245,0.5704,0.8145,4,1.2924,-4.3305,6.2852,20.7065,0,0.91,-1
041190,우리기술투자,2023-11-23,6040,5800,KOSDAQ,6602.0,-3.9735,0,205,4.5045,0.8209,0.5705,1.0361,8.1897,3,13.6226,22.1213,9.6968,93.0116,1,37.93,2
042000,카페24,2023-11-23,18460,17850,KOSDAQ,8513.0,-3.3044,0,100,22.1766,2.2875,1.0718,1.0142,5.5542,4,2.4751,44.8486,9.6968,117.1533,1,89.08,9
017940,E1,2023-11-23,64300,63100,KOSPI,6538.0,-1.8663,9,42,7.6792,4.2053,1.3326,0.8914,1.9583,3,1.1667,-0.784,9.3898,45.3917,0,5.86,-1
021080,에이티넘인베스트,2023-11-23,3130,3005,KOSDAQ,1622.0,-3.9936,1,231,7.5134,3.5888,1.164,0.6056,3.6962,2,0.1308,4.9978,9.6968,50.25,1,9.98,7
000810,삼성화재,2023-11-23,274500,262000,KOSPI,245700.0,-4.5537,16,40,5.01,0.9626,0.6833,0.8312,3.367,3,0.4574,-8.0359,9.3898,37.5328,0,3.82,-1
028260,삼성물산,2023-11-23,123500,118400,KOSPI,538826.0,-4.1296,5,248,0.5093,0.4579,0.5588,1.0122,1.7435,3,2.8306,4.7857,9.3898,19.2346,0,14.02,-1
003960,사조대림,2023-11-23,33950,32750,KOSPI,3441.0,-3.5346,0,146,11.0169,2.8888,1.8217,1.7317,3.7077,4,2.734,10.3542,9.3898,41.7749,1,7.48,1
00680K,미래에셋증권2우B,2023-11-24,3855,3700,KOSPI,23208.0,-4.0208,0,114,3.2078,1.543,0.873,0.761,1.0135,2,0.0047,-2.5512,8.4167,7.2464,0,1.35,-1
000815,삼성화재우,2023-11-27,192400,188900,KOSPI,12429.0,-1.8191,48,40,1.8329,1.0768,0.9606,0.5293,1.1533,3,1.1422,-4.7875,8.0115,27.6351,1,2.12,7
222800,심텍,2023-11-27,40800,39400,KOSDAQ,19567.0,-3.4314,7,34,9.5967,7.4031,1.4903,1.4738,3.7618,3,-0.3275,9.3785,7.0174,57.9158,0,2.54,-1
009420,한올바이오파마,2023-11-27,39750,37850,KOSPI,28314.0,-4.7799,2,34,7.8348,0.8608,0.7016,0.5671,4.482,4,13.6063,21.1694,8.0115,172.3022,1,6.61,2
403870,HPSP,2023-11-27,39450,37850,KOSDAQ,37212.0,-4.0558,3,54,1.7473,0.7505,0.5069,0.5757,4.482,4,2.5063,4.1427,7.0174,195.7031,1,35.8,1
084010,대한제강,2023-11-27,10002,9575,KOSPI,4644.0,-4.2691,0,39,5.2776,4.0908,1.2378,0.8648,1.912,3,1.6022,-0.2092,8.0115,42.1678,0,0.0,-1
016800,퍼시스,2023-11-28,32000,30450,KOSPI,4836.0,-4.8438,0,198,0.995,0.4587,0.8023,1.0547,1.2198,3,-0.5057,-5.8818,10.7011,7.7876,1,10.34,7
001750,한양증권,2023-11-28,10000,9510,KOSPI,2826.0,-4.9,10,244,0.3165,1.6256,1.0355,0.2224,0.9389,4,1.7756,-8.2227,10.7011,18.7266,0,3.58,-1
138930,BNK금융지주,2023-11-28,7460,7190,KOSPI,61134.0,-3.6193,17,244,0.8415,1.2157,0.9233,0.4187,1.063,4,1.7618,-4.6539,10.7011,17.4837,0,0.42,-1
196170,알테오젠,2023-11-28,81100,79000,KOSDAQ,202252.0,-2.5894,2,41,10.1813,1.5028,0.9024,0.7451,6.1212,4,14.3498,15.6883,10.9143,147.2613,1,25.32,1
316140,우리금융지주,2023-11-28,13510,12920,KOSPI,261331.0,-4.3671,0,205,1.5723,1.4877,0.764,0.7055,1.1223,4,2.6956,-2.1297,10.7011,18.75,0,1.01,-1
024110,기업은행,2023-11-29,12100,11720,KOSPI,192578.0,-3.1405,27,30,0.3425,1.0301,0.8766,0.3138,0.9081,4,3.2684,-5.3974,9.4827,24.8136,0,1.71,-1
405100,큐알티,2023-11-29,16200,15430,KOSDAQ,2258.0,-4.7531,0,164,11.8927,11.6621,2.2548,1.0107,5.3791,4,3.8846,4.6716,11.2563,43.5349,1,10.17,2
139130,iM금융지주,2023-11-29,8540,8410,KOSPI,29732.0,-1.5222,30,30,0.5981,1.2143,1.0017,0.5359,1.5118,4,3.7022,-3.2958,9.4827,26.8477,0,1.55,-1
003540,대신증권,2023-11-29,14900,14550,KOSPI,18025.0,-2.349,46,244,0.1376,0.9911,0.7282,0.386,0.6676,3,0.6586,-6.0712,9.4827,23.3051,0,0.62,-1
005385,현대차우,2023-11-30,113000,108100,KOSPI,58819.0,-4.3363,10,138,0.1854,2.1058,1.0751,0.496,1.2158,3,1.1089,-0.8529,8.2015,47.2752,0,5.18,-1
001720,신영증권,2023-11-30,60700,60600,KOSPI,30989.0,-0.1647,10,189,3.9451,5.1085,1.3447,1.3791,1.2612,3,1.1192,-0.5638,8.2015,13.271,0,0.17,-1
034950,한국기업평가,2023-11-30,80000,77300,KOSDAQ,4441.0,-3.375,59,50,-2.0279,0.5087,1.4608,0.7195,1.2752,3,1.2264,-7.7427,7.6135,18.3767,0,3.23,-1
229640,LS에코에너지,2023-11-30,17180,16800,KOSPI,13077.0,-2.2119,0,71,38.6139,7.6907,2.7099,1.2879,6.7134,4,4.2423,26.5219,8.2015,156.4885,1,38.1,1
214150,클래시스,2023-11-30,42000,41700,KOSDAQ,43561.0,-0.7143,3,56,7.1979,2.2868,0.7781,0.7345,4.0939,4,2.9017,11.8708,7.6135,147.4777,1,1.92,1
413630,씨피시스템,2023-11-30,3850,3745,KOSDAQ,1722.0,-2.7273,29,30,0.0,1.0,1.0,0.0,100.0,3,5.5926,-7.6135,7.6135,0.0,0,-100.0,-1
069510,에스텍,2023-12-01,9330,9180,KOSDAQ,1636.0,-1.6077,16,235,3.1461,0.4746,0.6883,0.8844,2.2253,4,0.9487,1.4646,5.7784,31.8966,0,5.01,-1
002310,아세아제지,2023-12-01,8290,8260,KOSPI,4149.0,-0.3619,14,95,2.6087,3.3222,1.2728,0.6951,1.3758,4,1.2778,-1.0812,5.7707,25.1515,1,2.18,1
068790,DMS,2023-12-04,7120,6790,KOSDAQ,1429.0,-4.6348,0,163,4.4615,1.2471,1.4026,1.0186,2.5984,3,4.8562,16.7782,-1.302,36.3454,0,3.68,-1
210980,SK디앤디,2023-12-04,18760,18194,KOSPI,2368.0,-3.0171,0,46,10.8849,2.6522,1.6582,1.0876,3.9385,4,9.2919,19.2734,0.5027,81.3596,1,8.1,1
005930,삼성전자,2023-12-04,73600,72600,KOSPI,9814760.0,-1.3587,31,103,1.8233,0.8423,1.0127,0.7842,1.2889,3,2.0324,1.895,0.5027,33.211,1,9.92,8
005935,삼성전자우,2023-12-04,61500,58700,KOSPI,932659.0,-4.5528,0,118,2.9825,1.3497,1.1718,0.7633,1.1073,3,1.2323,2.1197,0.5027,17.6353,0,7.33,-1
090350,노루페인트,2023-12-04,10350,9870,KOSPI,1840.0,-4.6377,7,144,-1.003,0.9498,0.7094,0.7448,2.6198,4,5.1802,5.9698,0.5027,37.4652,0,2.23,-1
002960,한국쉘석유,2023-12-05,255000,243000,KOSPI,5870.0,-4.7059,7,233,0.6211,0.6527,0.5559,0.5741,1.3228,3,2.1388,3.1359,2.059,15.7143,0,0.82,-1
036530,SNT홀딩스,2023-12-05,18240,17660,KOSPI,9864.0,-3.1798,1,32,2.1991,1.6942,1.0425,0.975,1.8727,3,2.3025,6.0856,2.059,20.4638,1,4.19,2
005389,현대차3우B,2023-12-05,112500,107300,KOSPI,5679.0,-4.6222,8,141,0.0,1.1317,1.2376,0.3925,0.7922,3,1.5838,3.7596,2.059,50.4909,0,5.59,-1
005940,NH투자증권,2023-12-05,10930,10450,KOSPI,101380.0,-4.3916,21,49,0.0958,2.2155,1.5319,0.6865,1.08,3,-0.026,0.4926,2.059,26.6667,0,1.53,-1
300720,한일시멘트,2023-12-05,13600,12950,KOSPI,13532.0,-4.7794,1,122,2.0489,4.7762,1.4792,0.6997,1.5499,4,0.8888,1.541,2.059,26.3415,0,2.93,-1
079940,가비아,2023-12-05,15990,15310,KOSDAQ,4362.0,-4.2527,9,40,12.4908,1.589,1.4092,0.9893,3.0979,3,3.0572,4.7092,-1.3331,55.5894,1,18.09,3
071050,한국금융지주,2023-12-06,64800,61700,KOSPI,131235.0,-4.784,0,204,6.0137,2.3659,1.5711,0.7761,2.107,3,4.5236,6.5456,3.0459,33.8395,0,3.73,-1
081660,미스토홀딩스,2023-12-06,40900,38900,KOSPI,28510.0,-4.89,25,189,1.5666,0.5985,1.0369,0.694,2.5891,2,0.81,-4.4401,3.0459,20.6202,0,1.03,-1
214320,이노션,2023-12-06,23025,22400,KOSPI,7980.0,-2.7144,20,29,8.2126,1.2473,1.0414,1.3199,2.3438,2,1.0748,-0.1756,3.0459,20.4301,0,2.68,-1
005945,NH투자증권우,2023-12-06,10010,9970,KOSPI,4463.0,-0.3996,59,50,0.7071,2.5838,1.8239,0.2097,0.5302,4,1.2191,-1.1032,3.0459,21.4373,0,0.3,-1
003547,대신증권2우B,2023-12-06,13300,13090,KOSPI,2340.0,-1.5789,60,250,0.0765,1.1857,1.1264,0.4052,0.5129,4,1.4041,-1.573,3.0459,24.0758,0,0.84,-1
260970,에스앤디,2023-12-06,18190,17660,KOSDAQ,2002.0,-2.9137,0,157,10.1684,1.66,0.9324,1.0513,3.7575,2,3.7795,26.5506,1.0505,39.1647,0,5.1,-1
035600,KG이니시스,2023-12-06,14470,13820,KOSDAQ,3105.0,-4.4921,0,206,20.3833,13.2905,3.6105,1.9897,3.3595,2,1.9981,23.23,1.0505,37.1032,0,3.26,-1
036710,심텍홀딩스,2023-12-07,3640,3465,KOSDAQ,1387.0,-4.8077,0,188,25.3165,5.2525,1.467,1.6482,8.4416,2,-0.6568,36.2134,1.2866,45.5882,1,20.92,2
134380,미원화학,2023-12-07,74700,71500,KOSPI,2294.0,-4.2838,3,66,3.6232,7.5905,2.3088,0.5233,1.0889,3,-1.7332,4.0387,2.6777,14.4,0,2.1,-1
028260,삼성물산,2023-12-07,121500,120900,KOSPI,538826.0,-0.4938,19,250,1.3412,0.4838,1.3377,1.0283,1.4357,3,4.0753,1.367,2.6777,21.7523,1,11.66,1
128940,한미약품,2023-12-07,333584,321320,KOSPI,75713.0,-3.6764,0,78,6.5039,6.6187,1.7368,0.8933,2.8026,4,0.4997,8.3394,2.6777,33.6734,0,17.33,-1
102370,케이옥션,2023-12-07,7150,6940,KOSDAQ,1062.0,-2.9371,0,208,46.4135,0.4116,1.4118,2.0142,8.4551,2,3.8252,75.0793,1.2866,119.9683,1,26.8,1
00680K,미래에셋증권2우B,2023-12-08,3855,3680,KOSPI,23208.0,-4.5396,10,124,0.0,1.7663,1.2651,0.7047,0.9317,2,0.8728,-0.9737,4.4898,6.6667,0,1.9,-1
122990,와이솔,2023-12-08,7750,7440,KOSDAQ,1708.0,-4.0,0,196,2.3384,1.3367,1.25,1.2557,2.8514,2,4.4077,7.3547,5.202,26.7462,1,11.69,4
003850,보령,2023-12-11,11550,11190,KOSPI,8184.0,-3.1169,0,243,16.5625,20.6268,2.4576,1.4934,3.9065,3,2.2734,14.2376,5.0587,50.4032,1,12.33,1
241710,코스메카코리아,2023-12-11,41100,39650,KOSDAQ,10691.0,-3.528,2,23,10.1389,2.3443,1.1145,0.6717,5.2153,3,11.5381,-3.5128,7.8549,421.7105,0,6.56,-1
003460,유화증권,2023-12-11,2500,2375,KOSPI,1758.0,-5.0,0,122,3.0369,2.726,1.4655,0.7131,1.9398,2,-0.0304,6.1825,5.0587,15.2913,0,1.05,-1
006800,미래에셋증권,2023-12-11,7590,7290,KOSPI,294317.0,-3.9526,17,125,1.532,0.7225,0.6555,0.7017,1.9498,2,2.6804,-6.1442,5.0587,24.1908,1,5.9,7
001045,CJ우,2023-12-11,55500,52800,KOSPI,2294.0,-4.8649,0,158,5.1793,3.639,1.8273,0.5899,1.8263,3,3.3163,6.0992,5.0587,27.5362,0,1.33,-1
068270,셀트리온,2023-12-11,169361,163475,KOSPI,525436.0,-3.4754,0,162,9.2864,3.0246,1.3064,1.392,2.3918,2,4.5488,8.2704,5.0587,35.6493,1,35.62,1
012750,에스원,2023-12-12,65400,63000,KOSPI,34389.0,-3.6697,0,244,8.2474,1.8817,0.9466,1.1976,2.4376,4,2.4923,6.3336,4.1927,30.7054,0,0.79,-1
375500,DL이앤씨,2023-12-12,39750,38100,KOSPI,19115.0,-4.1509,11,250,-1.039,0.8515,0.8457,0.645,2.1747,3,7.4595,2.2318,4.1927,32.0624,0,9.19,-1
086820,바이오솔루션,2023-12-12,5709,5532,KOSDAQ,1973.0,-3.1004,0,71,10.2871,3.5491,1.2923,1.6216,4.829,3,1.8146,33.1813,5.709,78.4516,1,46.35,1
316140,우리금융지주,2023-12-12,13510,12940,KOSPI,261331.0,-4.2191,5,215,0.3101,0.887,0.7968,0.7293,1.0322,4,2.888,-1.003,4.1927,18.9338,0,0.85,-1
044990,에이치엔에스하이텍,2023-12-12,17770,16900,KOSDAQ,1346.0,-4.8959,32,160,1.3189,0.9128,1.0283,0.6244,3.2333,3,2.4672,-6.1801,5.709,0.0,0,2.96,-1
000270,기아,2023-12-12,91900,87400,KOSPI,603969.0,-4.8966,0,145,3.9239,1.074,0.8141,0.7104,1.8061,2,2.5119,7.572,4.1927,47.3862,1,15.45,6
138930,BNK금융지주,2023-12-12,7380,7140,KOSPI,61134.0,-3.252,39,246,0.2809,1.1637,0.8439,0.3393,0.8603,3,1.945,-3.7708,4.1927,16.6667,0,0.84,-1
005387,현대차2우B,2023-12-13,115900,110900,KOSPI,89333.0,-4.3141,0,154,1.3711,1.6801,1.0229,0.4636,0.9339,3,1.9409,1.1531,0.9647,50.8844,0,3.7,-1
139130,iM금융지주,2023-12-13,8540,8360,KOSPI,29732.0,-2.1077,40,40,-1.2987,0.9173,0.827,0.3737,1.2474,3,3.9708,0.1235,0.9647,26.0935,0,1.91,-1
029780,삼성카드,2023-12-13,33300,32550,KOSPI,70210.0,-2.2523,27,20,-0.6107,0.8408,0.8065,1.2848,1.2399,3,3.1718,-2.3284,0.9647,15.6306,0,0.61,-1
024110,기업은행,2023-12-13,12100,11890,KOSPI,192578.0,-1.7355,37,40,0.3376,0.8355,0.9764,0.3958,0.7029,4,3.0994,0.9204,0.9647,26.6241,0,0.25,-1
234340,헥토파이낸셜,2023-12-13,16712,15935,KOSDAQ,4058.0,-4.6494,0,249,31.3469,7.4405,3.2724,1.7046,5.193,2,0.7076,57.2044,2.4649,71.547,1,25.05,1
027360,아주IB투자,2023-12-13,2870,2755,KOSDAQ,5894.0,-4.007,0,204,24.9433,146.2808,3.8579,2.0179,3.6946,2,-0.1087,27.1821,2.4649,39.7768,1,15.61,6
126560,현대퓨처넷,2023-12-13,3675,3500,KOSPI,3885.0,-4.7619,0,136,7.0336,2.4998,1.518,1.0095,2.3673,3,2.1234,8.2396,0.9647,47.0588,0,1.86,-1
003540,대신증권,2023-12-13,14850,14210,KOSPI,18025.0,-4.3098,46,41,-1.1822,1.6601,1.7631,0.5067,0.7138,3,0.4113,-1.0351,0.9647,20.4237,0,3.03,-1
034950,한국기업평가,2023-12-14,80000,78500,KOSDAQ,4441.0,-1.875,60,60,1.5524,0.7795,1.0488,0.8883,1.0009,3,0.5925,-4.0152,3.6345,20.2144,0,1.66,-1
001720,신영증권,2023-12-14,60700,59000,KOSPI,30989.0,-2.8007,20,199,-2.1559,2.0859,1.2032,0.6001,1.4044,3,2.087,-0.8761,2.2506,10.2804,0,2.37,-1
009155,삼성전기우,2023-12-14,75300,71700,KOSPI,3637.0,-4.7809,0,90,3.6127,1.2876,1.6247,0.5927,1.7733,2,0.2583,8.9121,2.2506,21.9388,0,2.09,-1
005385,현대차우,2023-12-14,113000,110600,KOSPI,58819.0,-2.1239,20,148,2.5974,1.6095,1.3581,0.3787,0.859,3,2.1199,0.1568,2.2506,50.6812,1,2.8,5
009970,영원무역홀딩스,2023-12-14,84400,80600,KOSPI,30711.0,-4.5024,10,81,8.1879,7.4748,1.8962,0.957,2.9511,2,0.3858,4.0818,2.2506,43.1616,0,1.61,-1
030200,KT,2023-12-14,38000,36300,KOSPI,152977.0,-4.4737,0,249,5.3701,3.1324,1.4885,0.9576,1.3282,4,1.515,7.9163,2.2506,25.8232,0,0.55,-1
064760,티씨케이,2023-12-14,118800,113500,KOSDAQ,23309.0,-4.4613,0,112,12.711,1.3896,1.3702,1.1654,4.0088,2,2.8389,15.8392,3.6345,40.9938,0,4.49,-1
413630,씨피시스템,2023-12-14,3850,3745,KOSDAQ,1722.0,-2.7273,39,40,0.0,1.0,1.0,0.0,100.0,3,5.0769,-3.6345,3.6345,0.0,0,-100.0,-1
170920,엘티씨,2023-12-14,14800,14370,KOSDAQ,3011.0,-2.9054,0,171,10.7088,0.8132,1.502,1.0005,7.287,2,7.5805,71.6094,3.6345,94.452,1,21.78,2
003030,세아제강지주,2023-12-15,243500,231500,KOSPI,6043.0,-4.9281,1,55,22.4868,1.6724,2.04,1.2793,3.8167,3,1.397,20.6013,3.7942,72.6324,1,7.13,3
069510,에스텍,2023-12-15,9330,9100,KOSDAQ,1636.0,-2.4652,19,245,0.11,1.8437,1.0216,0.668,1.9074,4,0.6824,-3.9131,4.912,30.7471,1,5.93,1
025540,한국단자,2023-12-15,78700,75600,KOSPI,7526.0,-3.939,9,21,7.5391,2.1363,0.9698,0.6939,3.6281,3,11.592,-3.5289,3.7942,53.0364,0,5.03,-1
265520,AP시스템,2023-12-15,23200,22600,KOSDAQ,3424.0,-2.5862,0,175,6.6038,30.9119,2.9096,1.1696,3.6346,2,4.5775,13.5987,4.912,38.8206,1,5.53,2
089860,롯데렌탈,2023-12-15,29600,28500,KOSPI,12055.0,-3.7162,0,128,4.9724,6.682,1.8546,1.4318,1.7293,2,-0.0936,3.5505,3.7942,12.6482,0,0.53,-1
068790,DMS,2023-12-18,7120,6920,KOSDAQ,1429.0,-2.809,7,173,0.7278,1.4515,1.106,0.8361,2.6837,3,5.4277,1.8027,4.6588,38.9558,0,2.89,-1
005935,삼성전자우,2023-12-18,61500,59000,KOSPI,932659.0,-4.065,6,128,0.3401,0.7219,1.0569,1.0108,1.1622,3,1.1244,-0.4284,3.0371,18.2365,1,6.78,6
183300,코미코,2023-12-18,66300,63800,KOSDAQ,11256.0,-3.7707,0,104,9.434,2.4898,1.5393,1.3462,4.2208,3,4.0532,12.8366,4.6588,53.5499,1,7.99,4
069260,TKG휴켐스,2023-12-19,24200,23100,KOSPI,8646.0,-4.5455,0,164,5.7208,3.9192,1.4019,0.9174,1.7007,3,0.3038,2.6845,2.3155,24.1935,0,0.65,-1
005389,현대차3우B,2023-12-19,112500,109800,KOSPI,5679.0,-2.4,18,151,1.2915,1.3528,1.6418,0.8971,0.9758,4,2.1699,-0.176,2.3155,53.9972,1,3.19,2
322310,오로스테크놀로지,2023-12-19,30000,28550,KOSDAQ,2463.0,-4.8333,0,113,19.4561,0.9094,2.955,1.4899,6.5674,3,1.8349,30.8986,5.0538,127.49,1,14.19,5
300720,한일시멘트,2023-12-19,13600,12970,KOSPI,13532.0,-4.6324,1,132,2.2871,1.4606,1.3137,0.684,1.9771,3,0.5291,-0.1896,2.3155,26.5366,0,2.78,-1
206640,바디텍메드,2023-12-19,21000,20300,KOSDAQ,3098.0,-3.3333,0,66,7.5212,4.1939,1.2441,0.8632,3.6207,4,-1.4658,13.7987,5.0538,108.2051,1,9.11,1
005945,NH투자증권우,2023-12-20,10010,9890,KOSPI,4463.0,-1.1988,59,60,-0.3024,1.1745,1.1966,0.3852,0.6356,3,0.8049,-4.2867,4.0849,20.4629,0,0.2,-1
002960,한국쉘석유,2023-12-20,255000,242500,KOSPI,5870.0,-4.902,15,244,0.0,1.0975,1.2824,0.689,1.0162,3,1.8499,-5.1053,4.0849,15.4762,0,0.62,-1
237880,클리오,2023-12-20,33500,32500,KOSDAQ,2467.0,-2.9851,1,29,16.9065,3.0983,1.6963,1.2377,4.3736,4,5.8137,5.1733,5.9378,127.2727,0,6.92,-1
032830,삼성생명,2023-12-20,74700,71300,KOSPI,395400.0,-4.5515,24,245,1.2784,1.32,1.6019,0.7913,1.0819,3,0.4235,-1.6424,4.0849,16.5033,0,3.09,-1
072870,메가스터디,2023-12-20,12080,11520,KOSDAQ,1342.0,-4.6358,0,194,1.1414,2.7298,1.6515,0.438,1.0417,3,2.3414,-4.7965,5.9378,17.1923,0,2.78,-1
010100,한국무브넥스,2023-12-20,9420,9000,KOSPI,1666.0,-4.4586,0,36,29.4964,1.7818,1.2098,0.8384,5.9127,4,11.3361,14.6486,4.0849,258.5657,1,6.44,3
071050,한국금융지주,2023-12-20,64800,63300,KOSPI,131235.0,-2.3148,7,214,3.4314,0.9622,1.2236,0.6682,2.302,3,4.5867,4.1202,4.0849,37.3102,0,1.11,-1
214320,이노션,2023-12-20,23025,22400,KOSPI,7980.0,-2.7144,29,39,-1.5385,0.6466,0.703,1.1428,3.0453,3,1.3616,1.7002,4.0849,20.4301,0,-2.68,-1
211050,인카금융서비스,2023-12-21,3400,3362,KOSDAQ,7005.0,-1.1176,0,128,12.0667,19.185,2.2996,1.5599,4.2832,3,1.7661,11.8984,5.3261,166.8254,1,14.04,7
192080,더블유게임즈,2023-12-21,43358,41579,KOSPI,11942.0,-4.103,0,214,3.1507,1.8504,0.8608,0.7059,2.2405,3,4.0553,1.9825,3.3822,29.2116,1,5.91,6
128940,한미약품,2023-12-21,333584,322301,KOSPI,75713.0,-3.3824,10,88,-1.3513,0.6091,0.6353,0.4395,2.8484,4,2.6743,4.4996,3.3822,34.0815,1,16.97,2
084680,이월드,2023-12-21,1794,1736,KOSPI,2258.0,-3.233,0,214,30.0375,99.4366,3.9185,2.3452,5.4806,2,0.2682,30.1563,3.3822,44.6667,1,72.81,1
214180,헥토이노베이션,2023-12-22,15000,14680,KOSDAQ,3053.0,-2.1333,1,72,5.233,2.5604,1.0522,0.8787,2.4961,4,-1.0423,5.2662,4.8613,29.3392,0,1.5,-1
114810,한솔아이원스,2023-12-22,10300,9860,KOSDAQ,4575.0,-4.2718,0,120,9.1916,4.5387,1.7102,1.2015,3.8467,3,0.8853,3.8487,4.8613,58.7762,0,4.36,-1
00680K,미래에셋증권2우B,2023-12-22,3855,3690,KOSPI,23208.0,-4.2802,20,134,-0.2703,1.1907,1.9819,0.5731,0.8614,2,1.0561,-4.391,4.1208,6.9565,0,0.27,-1
272210,한화시스템,2023-12-22,17720,17110,KOSPI,191375.0,-3.4424,0,112,6.9375,1.5079,0.8365,0.6704,2.9515,3,7.5766,4.1704,4.1208,67.7451,1,16.36,4
022100,포스코DX,2023-12-22,64800,62600,KOSPI,58609.0,-3.3951,1,72,20.1536,3.6135,1.8379,0.9322,5.2145,3,-0.9905,5.5115,4.1208,975.6014,1,27.16,1
002460,HS화성,2023-12-22,11750,11210,KOSPI,1309.0,-4.5957,0,250,3.0331,3.6115,1.5019,0.5252,1.3572,4,1.1493,-1.559,4.1208,20.4082,0,1.25,-1
044450,KSS해운,2023-12-22,9970,9610,KOSPI,2380.0,-3.6108,0,127,6.541,1.5756,1.5158,1.271,3.2407,3,2.789,11.3841,4.1208,28.1333,0,12.8,-1
260970,에스앤디,2023-12-22,18190,17500,KOSDAQ,2002.0,-3.7933,4,169,2.7598,2.0277,0.807,0.8063,3.4204,3,6.729,1.9763,4.8613,37.9039,1,11.43,4
003460,유화증권,2023-12-26,2500,2375,KOSPI,1758.0,-5.0,9,132,-0.2101,3.9881,1.5227,0.8381,2.1053,2,1.6716,1.506,4.2846,15.2913,0,0.42,-1
003300,한일홀딩스,2023-12-26,12460,12000,KOSPI,5017.0,-3.6918,0,128,3.8961,4.0685,2.1586,0.8939,1.5595,2,1.1508,0.3361,4.2846,15.3846,0,-5.17,-1
185750,종근당,2023-12-26,127448,121797,KOSPI,12892.0,-4.434,0,34,3.9703,1.3494,0.8004,0.4447,3.1706,4,12.4185,5.2244,4.2846,83.2691,1,7.06,1
175330,JB금융지주,2023-12-26,11370,10810,KOSPI,56586.0,-4.9252,14,48,3.445,3.6524,1.3729,0.5018,1.5924,3,1.5512,-5.1103,4.2846,39.6641,1,6.11,2
021240,코웨이,2023-12-26,59900,58100,KOSPI,62777.0,-3.005,0,247,3.5651,1.3041,0.7941,0.8702,3.1965,3,8.7461,9.8607,4.2846,46.7172,0,-1.2,-1
138930,BNK금융지주,2023-12-27,7370,7080,KOSPI,61134.0,-3.9349,43,249,-0.2817,1.5695,1.6257,0.6212,0.9584,4,0.9491,-5.1678,3.6379,15.6863,0,2.12,-1
195940,HK이노엔,2023-12-27,45300,43600,KOSDAQ,15581.0,-3.7528,8,34,6.7319,2.7992,1.435,1.3736,3.0472,3,1.8942,3.5543,5.3096,56.2724,1,8.83,3
316140,우리금융지주,2023-12-27,13510,12890,KOSPI,261331.0,-4.5892,15,225,-0.0775,0.8183,0.7134,0.5035,0.809,4,1.9734,-3.8701,3.6379,18.4743,0,2.09,-1
134380,미원화학,2023-12-27,74700,71000,KOSPI,2294.0,-4.9531,3,79,2.4531,0.1491,0.3215,0.8885,1.7304,3,-0.1005,0.3152,3.6379,13.6,0,2.11,-1
326030,SK바이오팜,2023-12-27,103000,98000,KOSPI,87398.0,-4.8544,0,92,7.5741,2.2861,1.4902,0.71,2.6166,3,1.7918,8.8764,3.6379,70.1389,1,6.94,2
002030,아세아,2023-12-27,185400,179000,KOSPI,5990.0,-3.452,0,87,3.7681,1.5132,1.7954,1.5103,2.2706,3,-0.4596,6.5837,3.6379,44.9393,1,4.75,1
029780,삼성카드,2023-12-28,33300,32350,KOSPI,70210.0,-2.8529,37,30,-0.3082,1.0271,1.1663,0.9235,1.104,3,2.1732,-5.5305,5.3762,14.9201,0,2.01,-1
000810,삼성화재,2023-12-28,274500,263000,KOSPI,245700.0,-4.1894,10,64,3.1373,0.919,0.7814,0.7051,1.969,4,-0.3372,-4.9945,5.3762,38.0577,0,-0.76,-1
003540,대신증권,2023-12-28,14850,14300,KOSPI,18025.0,-3.7037,46,51,-0.3484,1.7741,1.4902,0.8127,1.0739,3,-0.2193,-7.0944,5.3762,21.1864,0,6.64,-1
003545,대신증권우,2023-12-28,13850,13630,KOSPI,6331.0,-1.5884,60,20,-0.3655,1.3033,1.5139,0.6075,0.718,3,0.5083,-6.6081,5.3762,25.6221,0,2.49,-1
139130,iM금융지주,2023-12-28,8540,8490,KOSPI,29732.0,-0.5855,47,50,1.3126,1.1496,1.2224,0.8891,1.3545,4,2.4235,-4.425,5.3762,28.0543,0,5.06,-1
005380,현대차,2023-12-28,211500,203500,KOSPI,983861.0,-3.7825,0,156,2.2099,1.7197,1.0234,1.3083,1.6883,2,0.0696,4.7428,5.3762,35.2159,0,-0.49,-1
005387,현대차2우B,2023-12-28,115900,114200,KOSPI,89333.0,-1.4668,10,164,0.3515,1.2766,1.2268,0.9738,1.3197,4,2.0503,-1.1791,5.3762,55.3741,0,4.55,-1
170900,동아에스티,2023-12-28,70916,67779,KOSPI,5172.0,-4.4235,0,92,9.5489,0.8315,1.756,1.0345,3.1542,4,-0.0099,12.8107,5.3762,44.6415,0,4.49,-1
068760,셀트리온제약,2023-12-28,90188,86169,KOSDAQ,30708.0,-4.4562,0,174,5.4429,1.3292,1.0699,1.0388,3.7702,2,8.5068,16.1051,5.3657,72.049,1,44.58,1
017670,SK텔레콤,2023-12-28,52600,50100,KOSPI,158300.0,-4.7529,30,20,0.2,0.7567,0.6564,0.7566,1.1477,3,0.4169,-8.8444,5.3762,15.7044,0,-0.2,-1
024110,기업은행,2023-12-28,12100,11860,KOSPI,192578.0,-1.9835,46,50,0.5085,1.0255,1.4987,0.7585,0.8371,3,2.0808,-4.1817,5.3762,26.3046,0,2.36,-1
102710,이엔에프테크놀로지,2024-01-02,27200,27050,KOSDAQ,8216.0,-0.5515,0,123,11.0883,5.0432,1.7887,1.6406,3.3536,2,6.0617,2.7356,5.6813,46.3745,1,8.87,2
003920,남양유업,2024-01-02,64023,62200,KOSPI,3066.0,-2.8474,0,211,35.9563,1.5165,3.2184,1.9768,4.3639,3,1.8317,30.6504,5.3059,61.1399,1,3.7,3
094360,칩스앤미디어,2024-01-02,34900,34350,KOSDAQ,4045.0,-1.5759,1,23,11.526,1.2727,0.9281,0.5672,6.02,4,20.8701,6.208,5.6813,408.8889,1,10.33,1
034950,한국기업평가,2024-01-02,80000,76500,KOSDAQ,4441.0,-4.375,60,70,-3.0418,1.37,1.9635,1.2102,1.1765,2,-0.2645,-6.7162,5.6813,17.1516,0,1.44,-1
146320,비씨엔씨,2024-01-02,24450,23550,KOSDAQ,2099.0,-3.681,0,148,11.3475,2.5855,1.2266,1.0163,4.6709,4,5.4076,6.9982,5.6813,75.0929,1,14.65,2
064760,티씨케이,2024-01-02,118800,117300,KOSDAQ,23309.0,-1.2626,2,122,5.2962,1.2784,0.6482,1.081,4.086,2,4.9272,12.8036,5.6813,45.7143,0,0.09,-1
001720,신영증권,2024-01-02,60700,59600,KOSPI,30989.0,-1.8122,30,209,0.1681,1.0879,0.643,1.2708,1.2704,3,2.2726,-6.9561,5.3059,11.4019,0,5.54,-1
009155,삼성전기우,2024-01-02,75300,73100,KOSPI,3637.0,-2.9216,2,100,2.2378,2.0881,1.0069,0.6368,1.4168,2,1.4458,2.5112,5.3059,24.3197,0,0.14,-1
413630,씨피시스템,2024-01-02,3850,3745,KOSDAQ,1722.0,-2.7273,49,50,0.0,1.0,1.0,0.0,100.0,3,4.3375,-5.6813,5.6813,0.0,0,-100.0,-1
009150,삼성전기,2024-01-02,165000,158100,KOSPI,234165.0,-4.1818,0,100,5.2597,1.4272,0.7863,0.5757,2.2454,2,2.6029,3.2047,5.3059,32.7456,0,-0.13,-1
025950,동신건설,2024-01-02,23450,22450,KOSDAQ,1523.0,-4.2644,0,56,28.5796,62.4692,3.2616,1.5258,4.763,3,2.0778,30.2146,5.6813,158.9389,1,26.73,1
234690,녹십자웰빙,2024-01-03,9150,8770,KOSDAQ,1711.0,-4.153,0,175,28.9706,4.3127,3.1762,1.5249,3.9339,2,1.6594,32.102,5.3588,45.9235,1,22.58,2
145020,휴젤,2024-01-03,166500,158700,KOSDAQ,31990.0,-4.6847,1,219,7.4475,1.4391,0.9525,0.8613,3.1821,4,7.0412,-1.6333,5.3588,59.1775,1,5.17,9
084730,팅크웨어,2024-01-03,17760,17410,KOSDAQ,1064.0,-1.9707,1,73,7.5355,1.9691,1.1993,0.8961,3.3519,4,1.346,-0.5424,5.3588,63.7817,1,10.68,3
025540,한국단자,2024-01-04,78700,75500,KOSPI,7526.0,-4.0661,12,32,5.2999,1.2222,1.1916,0.8744,4.0776,4,11.0694,-0.1446,2.8657,52.834,1,5.17,1
138610,나이벡,2024-01-04,25900,25150,KOSDAQ,3745.0,-2.8958,0,75,22.6829,1.3339,0.6684,0.9197,8.0545,4,-0.3645,47.5937,4.5539,120.035,0,2.39,-1
267260,HD현대일렉트릭,2024-01-04,90800,87100,KOSPI,338483.0,-4.0749,4,22,8.875,1.1497,1.1848,1.1036,4.1824,4,6.6952,0.9484,2.8657,143.9776,1,24.45,1
044990,에이치엔에스하이텍,2024-01-05,17770,16900,KOSDAQ,1346.0,-4.8959,28,175,0.5952,0.8292,0.6778,0.8774,2.2316,3,0.0804,-6.6663,7.9852,0.0,1,47.04,6
047560,이스트소프트,2024-01-05,20000,19740,KOSDAQ,2044.0,-1.3,0,143,34.1033,39.795,3.1016,1.9428,4.1576,3,-4.1342,42.3575,7.9852,132.783,1,152.28,1
092730,네오팜,2024-01-05,14235,13774,KOSDAQ,3204.0,-3.2385,0,83,3.8607,2.4404,1.487,1.4177,3.5056,3,-0.9527,6.9706,7.9852,55.4979,1,9.48,3
086450,동국제약,2024-01-05,17400,16780,KOSDAQ,8363.0,-3.5632,7,250,3.6442,1.2132,1.4153,0.9005,2.6179,2,1.0459,8.9486,7.9852,29.0769,1,14.84,1
002310,아세아제지,2024-01-05,8440,8180,KOSPI,4149.0,-3.0806,27,20,-1.4458,0.597,0.7541,1.0207,1.625,4,2.359,-4.8055,3.3597,23.9394,1,9.41,4
263720,디앤씨미디어,2024-01-08,30200,29850,KOSDAQ,1594.0,-1.1589,0,241,18.9243,14.4877,2.0515,1.4155,6.6403,4,9.6877,9.3048,7.2968,83.6923,1,29.31,1
001940,KISCO홀딩스,2024-01-08,26300,25700,KOSPI,3331.0,-2.2814,0,202,7.9832,1.7266,0.9455,1.4858,2.7793,4,6.0272,15.258,2.903,75.4266,1,8.37,4
000020,동화약품,2024-01-08,11120,10600,KOSPI,1723.0,-4.6763,0,132,3.2132,0.6102,0.724,1.233,2.1968,3,0.1282,7.5137,2.903,31.3507,0,1.42,-1
081660,미스토홀딩스,2024-01-08,40900,39050,KOSPI,28510.0,-4.5232,15,209,0.9044,0.4634,0.4324,0.6896,2.2407,3,-0.107,-2.5174,2.903,21.0853,0,7.04,-1
330860,네패스아크,2024-01-08,31700,30850,KOSDAQ,2632.0,-2.6814,0,114,13.4191,15.5159,2.1683,1.4562,5.2674,2,8.6439,17.0984,7.2968,86.4048,0,2.11,-1
142210,유니트론텍,2024-01-08,5850,5830,KOSDAQ,1374.0,-0.3419,0,73,42.1951,61.007,3.4034,1.9396,3.6388,2,-5.5669,44.1318,7.2968,73.5119,1,37.22,1
375500,DL이앤씨,2024-01-08,39050,37300,KOSPI,19115.0,-4.4814,21,20,3.4674,0.6992,0.9483,1.105,2.8054,2,5.804,-6.7689,2.903,29.2894,1,18.36,2
005945,NH투자증권우,2024-01-08,10010,9700,KOSPI,4463.0,-3.0969,59,70,-0.818,0.3627,0.9164,0.5818,0.7437,3,0.2862,-5.6111,2.903,18.1486,0,5.26,-1
000815,삼성화재우,2024-01-08,192900,185500,KOSPI,12429.0,-3.8362,52,20,-2.3684,0.25,0.5612,1.0474,1.1128,3,0.2368,-6.7391,2.903,25.3378,0,13.75,-1
237880,클리오,2024-01-09,33500,31850,KOSDAQ,2467.0,-4.9254,3,40,5.4636,0.8548,0.6441,0.9059,5.0572,4,4.0619,3.9583,8.785,108.8525,1,9.11,1
297890,HB솔루션,2024-01-09,6230,6000,KOSDAQ,1686.0,-3.6918,0,80,10.7011,2.846,1.2895,0.7484,5.119,3,-1.6134,46.857,8.785,107.7562,1,33.33,9
068790,DMS,2024-01-09,7120,6970,KOSDAQ,1429.0,-2.1067,16,186,0.7225,2.4707,0.7977,1.3764,2.5722,2,6.9474,-2.858,8.785,39.9598,0,1.15,-1
035420,NAVER,2024-01-09,241500,229500,KOSPI,398406.0,-4.9689,0,102,0.8791,1.2068,0.9905,0.9556,2.4432,3,2.1745,5.2244,2.7756,32.2767,0,2.61,-1
003960,사조대림,2024-01-09,35200,33800,KOSPI,3441.0,-3.9773,5,29,4.0,1.2292,0.7052,0.9887,3.3284,4,6.2245,1.0646,2.7756,46.3203,0,15.09,-1
405100,큐알티,2024-01-09,17000,16640,KOSDAQ,2258.0,-2.1176,5,21,1.6494,1.5723,1.1338,1.0554,5.0481,4,6.3614,-5.5592,8.785,54.7907,1,84.8,2
286940,롯데이노베이트,2024-01-09,33000,31600,KOSPI,3510.0,-4.2424,0,176,4.6358,5.8716,2.1169,1.0273,3.6053,3,4.5017,14.0451,2.7756,34.7548,1,70.57,1
950140,잉글우드랩,2024-01-10,15430,15300,KOSDAQ,2501.0,-0.8425,4,42,17.5115,2.184,1.5926,0.9483,4.127,3,3.5948,12.2622,5.4301,250.9174,1,4.71,1
280360,롯데웰푸드,2024-01-10,135000,134200,KOSPI,11733.0,-0.5926,14,30,7.36,2.5685,1.1217,1.1983,3.0498,4,4.6322,3.3151,0.9584,47.4725,0,0.52,-1
294870,HDC현대산업개발,2024-01-10,16130,15480,KOSPI,15521.0,-4.0298,6,22,10.1779,2.0221,0.9835,0.9427,3.2392,4,12.0476,-1.6639,0.9584,66.6308,0,20.16,-1
107640,한중엔시에스,2024-01-10,22000,20950,KOSDAQ,4687.0,-4.7727,0,112,14.4809,0.0559,2.2958,0.7959,5.387,3,-0.2931,11.1531,5.4301,140.5281,0,20.29,-1
214180,헥토이노베이션,2024-01-10,15000,14740,KOSDAQ,3053.0,-1.7333,10,82,0.8898,0.5727,0.6953,1.2264,2.1177,4,0.6493,-0.8911,5.4301,29.8678,0,0.95,-1
100790,미래에셋벤처투자,2024-01-11,6850,6560,KOSDAQ,12670.0,-4.2336,0,222,5.8065,1.3836,1.3971,1.2413,4.9869,3,5.8753,26.8647,5.6606,63.7953,1,9.76,2
079370,제우스,2024-01-11,19499,18633,KOSDAQ,5661.0,-4.4413,0,107,8.546,1.3116,0.7593,0.7532,4.5227,4,13.18,16.9249,5.6606,146.2728,1,27.19,3
323410,카카오뱅크,2024-01-11,30500,29700,KOSPI,130701.0,-2.623,0,107,13.3588,13.9954,2.0289,1.0081,3.5835,2,4.3628,12.5524,0.5904,65.2755,1,6.06,2
194370,제이에스코퍼레이션,2024-01-11,9495,9220,KOSPI,3859.0,-2.8963,3,34,7.2717,1.5276,1.0367,0.3777,3.1337,4,11.6784,9.4991,0.5904,66.1261,1,11.17,9
134380,미원화학,2024-01-12,74700,71500,KOSPI,2294.0,-4.2838,9,89,2.1429,0.6066,2.163,1.0421,1.3487,3,1.7233,1.6779,-0.4031,14.4,0,1.54,-1
044450,KSS해운,2024-01-12,9970,9700,KOSPI,2380.0,-2.7081,1,139,6.5934,31.5277,2.6586,1.089,4.5508,4,3.3995,13.0628,-0.4031,29.3333,1,11.75,1
138930,BNK금융지주,2024-01-12,7300,7030,KOSPI,61134.0,-3.6986,50,243,1.7366,0.5076,0.6319,0.987,1.392,3,0.1704,-1.1375,-0.4031,14.8693,0,14.37,-1
003545,대신증권우,2024-01-15,13850,13550,KOSPI,6331.0,-2.1661,60,30,0.2961,0.3283,0.3346,1.1657,0.6326,3,0.246,-1.7055,0.6106,18.3406,1,9.23,9
139130,iM금융지주,2024-01-15,8540,8380,KOSPI,29732.0,-1.8735,50,60,3.7129,0.7743,0.674,1.0065,1.611,3,0.9212,-0.3714,0.6106,25.6372,1,19.09,8
009070,KCTC,2024-01-15,5070,4870,KOSPI,2250.0,-3.9448,0,249,24.2347,27.3275,3.7706,2.0107,4.1434,2,2.0826,21.5977,0.6106,37.1831,1,10.68,2
024110,기업은행,2024-01-15,12100,11620,KOSPI,192578.0,-3.9669,47,60,1.2195,0.4875,0.4526,0.9011,1.3585,3,0.6836,-2.8814,0.6106,22.0588,1,19.45,10
123860,아나패스,2024-01-15,26550,25550,KOSDAQ,2103.0,-3.7665,0,47,2.2,2.662,1.2063,0.9204,4.2074,3,-0.4545,19.7643,3.6657,86.0889,1,10.76,8
029780,삼성카드,2024-01-15,33300,31700,KOSPI,70210.0,-4.8048,44,40,0.3165,0.3105,0.532,0.7699,1.1604,2,1.3494,-3.222,0.6106,12.611,0,16.4,-1
005387,현대차2우B,2024-01-15,115900,112000,KOSPI,89333.0,-3.365,15,174,2.0036,0.723,0.6034,1.0239,1.3648,3,2.0047,0.3813,0.6106,46.5969,1,48.57,10
034950,한국기업평가,2024-01-16,80000,77400,KOSDAQ,4441.0,-3.25,60,80,0.5195,0.2179,0.5989,0.509,1.1074,2,-0.4247,-3.0953,1.694,16.391,0,1.94,-1
413630,씨피시스템,2024-01-16,3850,3745,KOSDAQ,1722.0,-2.7273,59,60,0.0,1.0,1.0,0.0,100.0,2,3.6836,-1.694,1.694,0.0,0,-100.0,-1
018260,삼성에스디에스,2024-01-16,174000,167700,KOSPI,131310.0,-3.6207,24,20,-0.2973,0.6709,2.3377,1.2927,3.2669,4,7.2037,0.189,-1.8312,46.5909,0,2.56,-1
001720,신영증권,2024-01-16,60700,59200,KOSPI,30989.0,-2.4712,40,219,0.0,1.7436,0.965,0.9844,1.0618,3,1.8583,2.1702,-1.8312,10.6542,1,17.57,10
003547,대신증권2우B,2024-01-17,13200,12800,KOSPI,2340.0,-3.0303,60,20,-0.0781,0.6451,0.4005,0.9922,1.3281,2,0.0219,2.0966,-4.9798,16.2579,1,11.17,8
005680,삼영전자,2024-01-17,10540,10020,KOSPI,2384.0,-4.9336,0,172,2.5589,1.4906,0.7227,1.5245,4.0847,3,4.0395,18.8434,-4.9798,28.4615,0,19.06,-1
131370,알서포트,2024-01-18,5240,5170,KOSDAQ,1273.0,-1.3359,0,239,19.8146,25.8655,2.4257,2.0547,5.5609,3,2.1783,46.4739,-1.2492,76.4505,1,15.47,1
352480,씨앤씨인터내셔널,2024-01-18,75500,72200,KOSDAQ,4893.0,-4.3709,0,95,3.4384,1.9541,0.9297,0.8201,5.2137,4,5.3028,11.9854,-1.2492,160.1802,1,6.09,2
170900,동아에스티,2024-01-18,70916,68760,KOSPI,5172.0,-3.0402,4,105,4.7835,1.3784,0.7097,1.2844,3.8007,4,4.2063,19.4567,-4.9407,46.735,0,3.85,-1
161390,한국타이어앤테크놀로지,2024-01-18,48400,47100,KOSPI,91296.0,-2.686,8,29,6.6818,2.8809,1.4287,1.2488,3.2681,4,5.3323,10.1921,-4.9407,48.8152,1,19.75,1
036530,SNT홀딩스,2024-01-19,18400,17630,KOSPI,9864.0,-4.1848,10,28,2.0845,1.3842,1.208,0.7947,2.1797,4,3.9998,3.9575,-3.7301,20.2592,1,26.77,6
012450,한화에어로스페이스,2024-01-19,153816,147298,KOSPI,590917.0,-4.2375,0,117,2.3358,1.343,0.9808,1.0301,4.7223,4,8.8263,18.5833,-3.7301,96.4733,0,10.65,-1
950190,고스트스튜디오,2024-01-19,13800,13330,KOSDAQ,1099.0,-3.4058,0,234,8.5505,2.3736,1.5472,0.8321,3.7617,3,3.5082,15.2679,-1.821,38.1347,1,12.38,4
093520,매커스,2024-01-22,17500,16900,KOSDAQ,3279.0,-3.4286,0,159,49.9556,8.7866,3.2509,1.8782,5.9637,2,8.677,34.3187,-2.6988,101.4303,1,15.03,1
081660,미스토홀딩스,2024-01-22,40900,39800,KOSPI,28510.0,-2.6895,24,219,0.6321,0.7866,1.0953,0.5148,2.0729,4,1.2097,9.3816,-5.7358,17.4041,1,5.4,5
003850,보령,2024-01-22,12570,12000,KOSPI,8184.0,-4.5346,1,26,4.712,0.6725,0.7385,0.4922,3.4167,4,4.88,11.0913,-5.7358,61.2903,1,8.0,3
207940,삼성바이오로직스,2024-01-22,1221547,1167093,KOSPI,791575.0,-4.4578,1,241,3.7959,1.9533,1.1529,1.1127,2.3689,2,1.9917,16.0278,-5.7358,18.7126,1,10.72,7
122990,와이솔,2024-01-22,8310,7920,KOSDAQ,1708.0,-4.6931,1,24,1.7995,1.6794,1.0054,0.8206,2.877,2,7.9733,3.7192,-2.6988,34.9233,0,1.01,-1
065680,우주일렉트로,2024-01-22,17590,16980,KOSDAQ,3290.0,-3.4679,0,150,5.7944,2.8979,1.5038,0.6812,3.4494,3,7.5905,11.336,-2.6988,51.4719,0,1.12,-1
005945,NH투자증권우,2024-01-22,10010,9520,KOSPI,4463.0,-4.8951,59,80,-1.6529,0.7339,0.7548,1.1472,1.0729,2,-0.2311,1.9946,-5.7358,13.3333,1,13.13,8
241520,DSC인베스트먼트,2024-01-22,5030,4930,KOSDAQ,3105.0,-1.9881,0,229,36.1878,17.742,2.8952,1.8423,4.9913,2,6.8158,65.9438,-2.6988,88.1679,1,4.26,1
005389,현대차3우B,2024-01-23,113300,108400,KOSPI,5679.0,-4.3248,24,20,-0.8234,0.7354,1.0418,0.8772,1.2124,3,2.0171,1.6284,-4.6696,42.4442,1,49.26,4
148150,세경하이테크,2024-01-23,7130,6920,KOSDAQ,1827.0,-2.9453,5,27,15.7191,1.9333,1.3356,0.6807,4.5211,3,12.5444,8.2216,-2.2491,107.4341,1,23.84,1
005385,현대차우,2024-01-23,113700,108800,KOSPI,58819.0,-4.3096,29,20,-0.5484,0.6141,0.8684,0.8832,1.2802,2,1.9204,1.4667,-4.6696,37.8961,1,51.19,4
403870,HPSP,2024-01-23,51400,51000,KOSDAQ,37212.0,-0.7782,1,24,22.1557,4.9979,1.9529,0.8748,4.4678,4,9.8442,6.4371,-2.2491,266.9065,1,25.29,2
068790,DMS,2024-01-23,7120,6830,KOSDAQ,1429.0,-4.073,24,196,-2.4286,0.5468,0.7694,1.3522,3.1793,2,6.6703,1.3783,-2.2491,37.1486,0,0.15,-1
000815,삼성화재우,2024-01-24,192900,183800,KOSPI,12429.0,-4.7175,48,32,-1.0764,0.4575,0.8421,1.0899,0.9521,2,-0.0803,2.2427,-4.994,24.1892,1,30.03,6
089890,코세스,2024-01-24,16440,15660,KOSDAQ,3881.0,-4.7445,0,137,46.7666,39.3092,2.9719,2.0746,5.5099,3,7.2499,46.2204,-2.1542,85.9857,1,40.17,1
114810,한솔아이원스,2024-01-24,10300,9800,KOSDAQ,4575.0,-4.8544,10,140,4.8128,0.7848,0.6731,0.8123,3.1487,3,5.0573,1.5457,-2.1542,48.7102,0,21.73,-1
170920,엘티씨,2024-01-24,17500,17250,KOSDAQ,3011.0,-1.4286,1,20,17.3469,2.031,1.1384,0.9285,5.089,3,22.3952,8.7673,-2.1542,133.4235,1,17.1,1
294870,HDC현대산업개발,2024-01-24,16130,15680,KOSPI,15521.0,-2.7898,8,32,4.7428,1.1763,1.0349,0.7763,3.5395,4,11.5824,10.4412,-4.994,60.4913,1,24.36,1
123410,코리아에프티,2024-01-24,4320,4225,KOSDAQ,2183.0,-2.1991,0,135,21.2339,7.8331,2.1093,1.3936,5.2578,3,6.6244,20.1709,-2.1542,67.3267,1,53.37,7
003540,대신증권,2024-01-24,14850,14200,KOSPI,18025.0,-4.3771,34,68,1.5011,0.6827,0.5157,0.8482,0.9608,1,-0.824,3.5367,-4.994,15.9184,1,15.56,3
316140,우리금융지주,2024-01-24,13510,13000,KOSPI,261331.0,-3.775,18,243,4.4177,1.9574,0.9747,0.8827,1.2253,4,0.7727,4.994,-4.994,19.4853,1,16.92,3
270660,에브리봇,2024-01-24,22450,21450,KOSDAQ,3249.0,-4.4543,0,204,17.2131,0.2164,1.389,1.3663,8.7679,2,10.1711,86.2743,-2.1542,118.8776,1,168.07,1
098460,고영,2024-01-24,18810,18380,KOSDAQ,22347.0,-2.286,0,231,17.745,9.4557,1.9225,0.771,5.5068,3,10.1986,10.976,-2.1542,73.2328,1,30.85,1
061970,LB세미콘,2024-01-25,9380,9170,KOSDAQ,2788.0,-2.2388,0,202,31.0,96.5152,3.4385,1.8676,4.2686,3,6.7021,29.0346,-2.8998,55.6876,0,-0.44,-1
021240,코웨이,2024-01-25,58300,57000,KOSPI,62777.0,-2.2298,17,20,2.7027,0.5088,1.0554,0.7018,2.7318,4,8.815,3.1882,-5.0815,43.9394,1,10.35,2
059270,해성에어로보틱스,2024-01-25,9900,9670,KOSDAQ,1516.0,-2.3232,0,210,17.7832,1.0296,0.9618,1.0836,5.4661,3,10.9057,39.4817,-2.8998,76.7824,1,104.14,1
084370,유진테크,2024-01-25,47750,46600,KOSDAQ,22618.0,-2.4084,3,46,12.5604,4.0561,1.4487,1.2496,3.6481,3,0.992,23.1578,-2.8998,94.9791,0,-1.39,-1
006800,미래에셋증권,2024-01-26,7720,7680,KOSPI,294317.0,-0.5181,24,24,18.3359,6.3336,1.7963,1.6318,2.8274,1,3.4709,8.947,-5.1632,28.6432,1,19.79,1
107640,한중엔시에스,2024-01-26,22000,21000,KOSDAQ,4687.0,-4.5455,6,124,0.4785,0.7067,0.867,0.5463,4.9524,3,2.5564,19.6796,-2.6227,141.1022,1,45.24,5
042510,라온시큐어,2024-01-26,15106,14707,KOSDAQ,1080.0,-2.6413,0,116,16.8985,21.7355,2.9017,1.4866,5.444,4,4.5229,21.1702,-2.6227,39.6809,1,3.57,1
001270,부국증권,2024-01-26,23400,22450,KOSPI,7611.0,-4.0598,4,242,3.2184,4.0515,1.2058,1.4822,1.8454,3,0.5751,9.3395,-5.1632,20.3753,1,19.82,2
259960,크래프톤,2024-01-26,221500,210500,KOSPI,116850.0,-4.9661,11,36,8.7855,1.1877,1.0767,0.9766,3.753,2,7.7703,16.3036,-5.1632,44.2769,1,15.68,1
030200,KT,2024-01-26,36600,34800,KOSPI,152977.0,-4.918,11,249,3.1111,1.451,1.0663,0.7566,1.4265,3,0.846,9.0438,-5.1632,20.6239,1,21.84,4
138930,BNK금융지주,2024-01-26,7290,7220,KOSPI,61134.0,-0.9602,52,247,3.1429,0.9701,1.0358,0.9282,1.207,3,0.0874,7.1406,-5.1632,17.9739,1,12.19,1
00680K,미래에셋증권2우B,2024-01-26,3855,3700,KOSPI,23208.0,-4.0208,27,156,5.4131,2.9191,1.628,1.884,1.361,1,1.009,6.1182,-5.1632,7.2464,1,12.7,4
000640,동아쏘시오홀딩스,2024-01-29,107439,104525,KOSPI,7125.0,-2.7122,0,74,7.6002,1.9975,1.39,0.71,2.3165,4,-0.0614,12.3577,-5.8235,40.1064,1,8.74,4
000270,기아,2024-01-29,100900,99900,KOSPI,603969.0,-0.9911,4,20,14.5642,2.353,1.5236,1.3833,2.6455,3,3.4023,5.7235,-5.8235,56.0938,1,22.02,1
078000,텔코웨어,2024-01-29,10710,10620,KOSPI,1455.0,-0.8403,2,146,5.7769,6.7749,1.8338,1.6695,1.5133,3,0.2767,12.2363,-5.8235,30.4668,1,5.46,5
015760,한국전력,2024-01-29,20850,19920,KOSPI,390314.0,-4.4604,0,133,8.0846,2.5943,1.2127,1.353,2.4455,3,3.3405,11.2203,-5.8235,24.267,1,25.25,7
067630,HLB생명과학,2024-01-29,12979,12862,KOSDAQ,4956.0,-0.9015,0,231,27.4096,29.0206,3.2687,1.4803,5.865,3,5.079,20.7552,-5.4733,59.8161,1,33.34,1
005940,NH투자증권,2024-01-29,10930,10430,KOSPI,101380.0,-4.5746,14,85,5.9959,2.1855,1.1147,1.0134,1.2053,2,-0.5343,6.7915,-5.8235,22.4178,1,14.09,3
175330,JB금융지주,2024-01-29,11470,11160,KOSPI,56586.0,-2.7027,11,20,4.8872,1.7502,1.0081,0.7001,1.9905,4,1.443,3.8042,-5.8235,39.5,1,24.82,3
012630,HDC,2024-01-29,7310,7170,KOSPI,12367.0,-1.9152,16,24,9.633,3.6168,1.3337,1.2513,2.62,3,2.4858,9.8874,-5.8235,30.3636,1,23.01,1
029780,삼성카드,2024-01-29,33300,32900,KOSPI,70210.0,-1.2012,51,50,2.9734,2.0495,1.207,1.105,1.1507,3,1.0153,7.5236,-5.8235,16.8739,1,15.5,3
002030,아세아,2024-01-29,187500,181700,KOSPI,5990.0,-3.0933,15,20,3.2386,0.9037,1.1033,0.8568,1.7258,3,1.871,2.9893,-5.8235,42.9583,1,13.92,1
029530,신도리코,2024-01-29,36950,35600,KOSPI,5685.0,-3.6536,0,171,10.0464,9.2177,2.3707,1.9413,2.3876,2,0.9017,14.692,-5.8235,14.6538,1,26.97,3
026150,특수건설,2024-01-30,9710,9400,KOSDAQ,1288.0,-3.1926,0,156,10.7185,9.333,2.342,1.3442,4.1793,3,4.5172,23.3152,-6.8344,36.2319,0,0.0,-1
002170,삼양통상,2024-01-30,52700,51600,KOSPI,1734.0,-2.0873,0,200,5.4137,1.1788,1.1898,1.2451,1.7788,2,0.966,13.2372,-6.405,16.4786,1,5.04,7
028100,동아지질,2024-01-30,15000,14980,KOSPI,2449.0,-0.1333,0,168,14.003,58.5683,3.3869,2.0095,3.2472,2,0.6949,20.4948,-6.405,33.75,1,3.0,1
003090,대웅,2024-01-30,22150,21650,KOSPI,15262.0,-2.2573,0,246,7.1782,2.1978,1.1085,0.9065,3.5269,4,8.5601,11.502,-6.405,88.918,1,25.17,1
015360,INVENI,2024-01-30,35650,34100,KOSPI,4480.0,-4.3478,34,23,1.6393,2.3784,1.1025,0.403,1.7805,3,0.4287,10.0524,-6.405,12.1711,1,18.48,3
402340,SK스퀘어,2024-01-30,52800,51500,KOSPI,717233.0,-2.4621,14,20,1.5779,1.4025,1.125,0.8191,2.7947,3,3.999,4.1279,-6.405,46.933,1,43.3,2
413630,씨피시스템,2024-01-30,3850,3745,KOSDAQ,1722.0,-2.7273,60,70,0.0,1.0,1.0,1.0,100.0,2,1.5786,6.8344,-6.8344,0.0,0,-100.0,-1
003650,미창석유,2024-01-30,78400,75300,KOSPI,2157.0,-3.9541,17,53,4.2936,4.6642,1.9952,1.2397,2.2197,3,0.3496,12.4613,-6.405,16.7442,1,7.7,3
034950,한국기업평가,2024-01-30,80000,77500,KOSDAQ,4441.0,-3.125,60,90,1.9737,1.5023,0.8807,1.1574,1.2535,2,-0.278,8.1416,-6.8344,16.5414,0,2.58,-1
028260,삼성물산,2024-01-30,135000,129700,KOSPI,538826.0,-3.9259,11,30,10.2891,2.3438,1.173,1.3687,2.1698,4,4.4768,6.7143,-6.405,30.6143,1,32.38,1
078930,GS,2024-01-30,46100,44400,KOSPI,65041.0,-3.6876,0,248,6.6026,4.0934,1.3914,1.0393,2.1959,3,1.1557,15.8994,-6.405,28.6957,1,18.92,1
017670,SK텔레콤,2024-01-30,52600,50000,KOSPI,158300.0,-4.943,27,41,1.833,0.8941,0.8989,0.4485,0.9357,3,-0.0116,6.5051,-6.405,15.4734,0,7.4,-1
088350,한화생명,2024-01-30,3150,3010,KOSPI,35349.0,-4.4444,0,89,14.8855,11.4201,2.2253,1.6564,3.2867,3,-2.9574,15.6608,-6.405,40.0,1,26.74,2
900140,엘브이엠씨홀딩스,2024-01-30,3320,3160,KOSPI,3051.0,-4.8193,0,152,7.6661,1.1188,1.244,1.2178,4.1591,4,8.0883,23.442,-6.405,100.0,0,0.32,-1
105560,KB금융,2024-01-31,59500,56600,KOSPI,579782.0,-4.8739,0,250,8.6372,0.9923,1.2651,0.8621,2.4546,2,-1.695,11.8319,-4.2273,22.6436,1,25.62,1
009970,영원무역홀딩스,2024-01-31,84400,81100,KOSPI,30711.0,-3.91,6,112,10.7923,3.9821,1.4713,1.4539,3.25,2,-1.73,11.787,-4.2273,37.4576,1,27.87,1
082640,동양생명,2024-01-31,5180,4930,KOSPI,12021.0,-4.8263,0,77,10.1676,2.8104,1.9105,1.2494,2.55,3,-2.2742,16.528,-4.2273,46.9449,1,24.75,1
252990,샘씨엔에스,2024-01-31,7740,7670,KOSDAQ,6666.0,-0.9044,0,142,8.1805,2.8437,2.2786,1.5211,6.3606,4,6.8215,38.5195,-8.2988,89.6168,1,15.25,4
092230,KPX홀딩스,2024-01-31,56500,53800,KOSPI,3240.0,-4.7788,0,243,7.1713,2.4356,2.08,1.483,1.7791,2,0.8935,9.7175,-4.2273,10.4723,1,9.85,6
000810,삼성화재,2024-01-31,274500,264000,KOSPI,245700.0,-3.8251,8,86,11.3924,1.4465,1.1756,1.0336,2.8544,2,-1.516,8.3694,-4.2273,32.5301,1,28.79,1
023600,삼보판지,2024-01-31,10930,10400,KOSDAQ,1698.0,-4.849,0,237,4.8387,1.8705,1.3909,0.7016,1.9299,3,4.2287,18.2354,-8.2988,23.6623,1,14.52,2
001750,한양증권,2024-01-31,9850,9480,KOSPI,2826.0,-3.7563,35,38,5.8036,2.5039,1.5382,0.9287,1.3864,3,-1.3535,8.2888,-4.2273,12.8571,1,14.45,1
039130,하나투어,2024-01-31,66700,63700,KOSPI,7745.0,-4.4978,0,226,6.3439,2.0646,1.1673,0.8114,2.8818,3,10.2544,28.3989,-4.2273,58.655,1,8.01,3
192080,더블유게임즈,2024-01-31,44035,42000,KOSPI,11942.0,-4.6213,6,20,4.0892,0.6625,0.7046,0.9887,3.0452,4,6.142,1.8586,-4.2273,30.5199,1,17.86,1
000370,한화손해보험,2024-02-01,5280,5120,KOSPI,8510.0,-3.0303,0,222,28.9673,114.6057,3.7351,2.1439,3.9342,1,-2.3773,29.7224,-1.7224,43.8202,1,20.51,1
214180,헥토이노베이션,2024-02-01,15000,14400,KOSDAQ,3053.0,-4.0,13,98,2.0553,1.068,1.2076,0.628,2.3462,3,1.8798,8.8471,-7.7945,19.0083,0,0.21,-1
005720,넥센,2024-02-01,4640,4445,KOSPI,3721.0,-4.2026,0,159,10.7098,4.0649,2.2116,1.7759,3.2058,2,1.2516,8.9601,-1.7224,19.973,0,3.37,-1
003690,코리안리,2024-02-01,6950,6628,KOSPI,25015.0,-4.6331,6,43,7.7198,5.6468,2.0961,0.6347,2.0013,3,-1.3457,14.4244,-1.7224,39.0684,1,6.65,10
033780,KT&G,2024-02-01,95000,92600,KOSPI,202920.0,-2.5263,31,249,5.347,2.568,1.2447,0.7501,2.0133,3,0.3006,4.1561,-1.7224,14.321,0,0.97,-1
064800,포니링크,2024-02-01,1648,1596,KOSDAQ,1047.0,-3.1553,0,241,21.3688,8.4452,1.9191,1.3834,5.4914,3,11.2145,22.6973,-7.7945,73.4783,1,106.45,1
005380,현대차,2024-02-01,211500,208000,KOSPI,983861.0,-1.6548,1,179,10.2279,5.7224,2.1194,1.6006,2.6511,3,1.0488,11.1961,-1.7224,24.5509,1,25.48,1
267250,HD현대,2024-02-01,75500,72000,KOSPI,193533.0,-4.6358,0,95,6.8249,2.3462,1.4666,0.9669,3.3929,4,3.4815,15.1083,-1.7224,29.0323,0,4.58,-1
001630,종근당홀딩스,2024-02-01,64000,61600,KOSPI,2585.0,-3.75,0,60,5.2991,2.3089,1.4017,1.1523,2.5742,4,3.9504,6.8419,-1.7224,35.6828,0,3.25,-1
005830,DB손해보험,2024-02-01,94500,91900,KOSPI,119202.0,-2.7513,0,90,14.0199,2.759,1.4725,1.3306,3.1634,2,-2.636,17.7578,-1.7224,44.4969,1,14.69,1
039490,키움증권,2024-02-01,111000,107600,KOSPI,121734.0,-3.0631,0,78,15.6989,8.945,2.3173,1.813,2.808,2,1.2419,15.8264,-1.7224,42.8951,1,26.3,1
034730,SK,2024-02-01,206000,197000,KOSPI,239621.0,-4.3689,0,250,22.5124,6.7593,2.5237,1.6339,3.546,2,3.6455,16.5912,-1.7224,46.2509,1,7.61,10
002460,HS화성,2024-02-01,11350,10840,KOSPI,1309.0,-4.4934,15,25,3.7321,2.7265,1.2545,0.5946,1.5485,3,1.4266,5.2564,-1.7224,16.4339,0,3.6,-1
086790,하나금융지주,2024-02-01,53300,52000,KOSPI,340114.0,-2.439,0,250,18.8571,5.2541,1.9732,1.5286,2.8297,4,0.9641,27.4782,-1.7224,39.7849,1,21.54,1
016360,삼성증권,2024-02-01,40850,39550,KOSPI,85371.0,-3.1824,22,28,10.3208,4.8369,1.6234,1.0984,2.1853,3,-0.3262,7.7546,-1.7224,29.6721,1,8.09,9
214320,이노션,2024-02-01,23025,22100,KOSPI,7980.0,-4.0174,12,67,4.2453,1.2069,1.1369,1.0505,2.424,2,-1.9189,7.9724,-1.7224,18.8172,0,3.17,-1
002380,KCC,2024-02-01,271500,266000,KOSPI,43499.0,-2.0258,0,89,21.1845,6.2493,2.576,1.2647,4.2723,2,-1.8495,19.6825,-1.7224,42.4746,1,8.27,2
003300,한일홀딩스,2024-02-02,12460,12100,KOSPI,5017.0,-2.8892,1,154,12.2449,4.3604,1.8497,1.4058,2.0956,2,-0.1312,7.5649,1.4441,16.3462,1,15.29,3
170900,동아에스티,2024-02-02,70916,67877,KOSPI,5172.0,-4.2854,12,116,-1.1433,1.6674,0.7556,0.7997,3.8091,4,6.5542,2.4593,1.4441,44.8506,1,17.92,9
005935,삼성전자우,2024-02-02,63000,61100,KOSPI,932659.0,-3.0159,19,23,2.6891,1.2152,1.0082,1.2153,1.9757,3,2.8047,-2.4165,1.4441,18.6408,1,5.73,5
002810,삼영무역,2024-02-02,13660,13340,KOSPI,3306.0,-2.3426,0,199,6.4645,4.0968,1.629,1.3142,1.4671,2,0.1134,7.1878,1.4441,10.7054,1,12.07,2
00088K,한화3우B,2024-02-02,15820,15080,KOSPI,8984.0,-4.6776,0,154,12.7055,4.312,2.7817,1.6594,1.7999,2,0.4107,9.0321,1.4441,13.9834,0,3.65,-1
017940,E1,2024-02-05,68400,65100,KOSPI,6538.0,-4.8246,6,28,9.7808,2.2877,1.9277,0.5257,2.2054,3,0.1816,7.0454,0.9148,46.2921,0,3.23,-1
183190,아세아시멘트,2024-02-05,11720,11300,KOSPI,5074.0,-3.5836,0,75,10.1365,3.2143,1.6061,1.0253,2.4273,3,-0.3921,8.5813,0.9148,30.6358,0,2.74,-1
134380,미원화학,2024-02-05,74700,71400,KOSPI,2294.0,-4.4177,11,105,2.0,1.4456,1.9376,1.1496,1.5906,3,1.7773,1.0852,0.9148,14.24,0,1.68,-1
006120,SK디스커버리,2024-02-05,45400,43550,KOSPI,10477.0,-4.0749,4,41,13.8562,4.148,2.4388,1.0868,2.6734,2,-0.5301,10.4663,0.9148,45.8961,1,9.64,3
068290,삼성출판사,2024-02-06,27100,25800,KOSPI,1076.0,-4.797,0,247,27.0936,7.9041,1.774,1.1459,7.046,3,15.8009,16.9558,0.5841,109.5857,1,6.4,1
003550,LG,2024-02-07,98000,93900,KOSPI,143272.0,-4.1837,0,202,14.5122,1.6248,1.6515,1.2475,3.9556,1,-0.6462,16.5031,2.6593,31.882,1,10.33,6
003555,LG우,2024-02-07,70200,66800,KOSPI,2144.0,-4.8433,0,202,11.5192,2.3141,2.1764,1.017,2.3097,1,-1.3281,10.561,2.6593,19.9282,1,5.24,7
002350,넥센타이어,2024-02-07,9300,8840,KOSPI,9503.0,-4.9462,0,181,9.2707,2.4428,2.2185,1.2954,3.1917,2,1.8016,6.8822,2.6593,28.863,1,9.39,10
123890,한국자산신탁,2024-02-07,3480,3330,KOSPI,3243.0,-4.3103,10,53,3.096,2.047,2.291,0.7878,1.4264,3,-0.8124,4.2427,2.6593,20.6522,0,6.01,-1
001045,CJ우,2024-02-07,55500,55000,KOSPI,2294.0,-0.9009,2,197,10.2204,7.8249,1.9543,1.5473,2.0779,3,3.4433,5.8219,2.6593,32.8502,1,3.64,1
023530,롯데쇼핑,2024-02-07,95400,91100,KOSPI,32108.0,-4.5073,0,250,10.8273,2.0081,1.6212,1.3148,3.7086,2,1.5017,29.5613,2.6593,40.1538,0,1.1,-1
001500,현대차증권,2024-02-07,8656,8236,KOSPI,5942.0,-4.8521,0,242,5.9838,2.2204,2.4515,1.7377,2.0893,2,0.7113,8.1737,2.6593,17.7918,1,6.4,6
110990,디아이티,2024-02-13,24350,23550,KOSDAQ,4073.0,-3.2854,2,58,17.75,2.5594,1.4902,1.0243,7.158,3,2.6151,18.3663,-2.6415,286.0656,1,7.86,1
012510,더존비즈온,2024-02-13,53800,51700,KOSPI,25613.0,-3.9033,0,228,5.618,0.9052,1.1143,1.4496,9.2014,4,18.5854,50.5546,4.9342,105.1587,1,8.9,2
016610,DB증권,2024-02-13,4585,4390,KOSPI,5743.0,-4.253,0,248,4.0284,0.7536,0.6804,1.9036,2.4162,2,1.0724,9.2401,4.9342,20.274,1,6.95,4
394280,오픈엣지테크놀로지,2024-02-13,28600,28300,KOSDAQ,4399.0,-1.049,0,32,41.6416,9.5267,2.3182,1.364,7.2741,4,11.3845,29.2634,-2.6415,103.3046,1,37.1,1
260970,에스앤디,2024-02-13,19500,18820,KOSDAQ,2002.0,-3.4872,5,23,11.6251,1.7516,1.4693,0.9661,4.4557,4,8.4952,3.2294,-2.6415,48.3058,1,38.95,4
031980,피에스케이홀딩스,2024-02-13,35800,34200,KOSDAQ,15654.0,-4.4693,0,132,19.1638,2.9452,1.5863,1.2137,6.6416,4,-0.7824,38.6256,-2.6415,332.9114,1,30.12,1
071055,한국금융지주우,2024-02-13,48400,46850,KOSPI,9315.0,-3.2025,0,248,4.9272,2.3411,1.7028,1.1061,2.508,3,1.3125,9.0561,4.9342,29.4199,1,9.07,4
02826K,삼성물산우B,2024-02-13,127000,121300,KOSPI,2722.0,-4.4882,0,242,8.3036,3.0556,2.0447,1.7576,4.5048,3,6.7163,22.2147,4.9342,49.5684,1,10.39,2
131290,티에스이,2024-02-13,58800,57000,KOSDAQ,9767.0,-3.0612,0,150,21.2766,11.2424,2.0356,1.6809,5.495,2,4.0218,26.2857,-2.6415,71.4286,1,10.88,7
003570,SNT다이내믹스,2024-02-14,17290,16960,KOSPI,16510.0,-1.9086,0,44,9.49,2.368,0.9347,1.0703,4.2748,3,4.4865,12.1878,3.7383,106.5773,1,13.44,3
084110,휴온스글로벌,2024-02-14,27250,26100,KOSDAQ,6596.0,-4.2202,0,121,10.3594,10.7586,2.0266,1.739,4.0777,4,3.3692,15.4709,-0.7456,45.2421,0,0.19,-1
012450,한화에어로스페이스,2024-02-14,153816,149029,KOSPI,590917.0,-3.1122,3,133,12.1067,3.2909,1.1783,1.2617,4.3452,3,7.033,0.1675,3.7383,77.5529,1,43.54,3
100790,미래에셋벤처투자,2024-02-15,7200,7060,KOSDAQ,12670.0,-1.9444,0,21,10.1404,3.0752,1.5987,0.9665,5.3217,4,11.4408,10.3196,0.5124,64.3772,1,3.82,2
126560,현대퓨처넷,2024-02-15,3675,3500,KOSPI,3885.0,-4.7619,2,177,6.7073,2.3582,1.4767,1.1905,2.9388,3,-0.5388,11.0496,4.6529,38.3399,1,11.71,3
000390,삼화페인트,2024-02-15,7400,7160,KOSPI,3360.0,-3.2432,0,192,15.1125,57.1192,3.5725,1.9771,3.6014,2,0.3917,11.3925,4.6529,33.5821,0,0.14,-1
065680,우주일렉트로,2024-02-15,17590,16950,KOSDAQ,3290.0,-3.6384,2,166,6.5368,1.9148,1.1831,1.078,4.0877,3,7.3058,4.2466,0.5124,51.2043,0,1.18,-1
017670,SK텔레콤,2024-02-15,52600,51700,KOSPI,158300.0,-1.711,34,51,2.3762,0.5854,1.2596,1.2225,1.3125,3,0.284,0.6424,4.6529,19.3995,1,6.77,2
317330,덕산테코피아,2024-02-15,25750,24950,KOSDAQ,3923.0,-3.1068,0,208,20.241,1.4816,1.382,1.1809,5.4681,3,2.895,23.617,0.5124,82.383,1,57.52,1
086450,동국제약,2024-02-15,19270,18920,KOSDAQ,8363.0,-1.8163,5,22,6.3519,4.6177,1.2308,1.0099,3.6356,4,3.8272,4.7742,0.5124,45.5385,1,2.06,1
034950,한국기업평가,2024-02-15,80000,78300,KOSDAQ,4441.0,-2.125,60,100,0.7722,1.13,1.6682,1.0204,1.0491,3,-0.12,0.6504,0.5124,14.978,0,4.47,-1
206650,유바이오로직스,2024-02-15,12880,12350,KOSDAQ,4943.0,-4.1149,0,95,7.2049,6.6677,1.4879,1.2416,4.037,4,3.6202,15.7776,0.5124,97.2843,0,9.31,-1
413630,씨피시스템,2024-02-15,3850,3745,KOSDAQ,1722.0,-2.7273,60,80,0.0,1.0,1.0,1.0,100.0,2,0.0,-0.5124,0.5124,0.0,0,9.48,-1
021820,세원정공,2024-02-16,9450,9010,KOSPI,1449.0,-4.6561,0,157,13.191,1.104,0.8336,1.4912,7.5551,3,7.193,34.5048,8.7385,54.811,1,7.66,1
006805,미래에셋증권우,2024-02-16,4505,4285,KOSPI,2742.0,-4.8835,0,250,2.2673,1.2108,0.9737,1.4015,2.5171,3,2.2588,6.7602,8.7385,26.963,1,5.95,5
323410,카카오뱅크,2024-02-16,31500,30100,KOSPI,130701.0,-4.4444,2,22,5.9859,0.5258,1.0428,1.2625,4.7698,4,9.1604,-4.9454,8.7385,67.5014,0,1.83,-1
002460,HS화성,2024-02-19,11350,11170,KOSPI,1309.0,-1.5859,25,35,1.5455,0.7971,1.5639,1.0183,1.7713,4,2.5547,-3.3626,9.8449,19.9785,0,0.09,-1
280360,롯데웰푸드,2024-02-19,135600,129500,KOSPI,11733.0,-4.4985,19,26,5.2846,0.6887,0.9904,1.021,3.4197,2,1.624,-7.7156,9.8449,42.3077,1,6.18,7
016800,퍼시스,2024-02-19,33600,32300,KOSPI,4836.0,-3.869,4,37,2.3772,2.5465,1.0672,0.7377,2.0234,4,1.7177,-3.4199,9.8449,14.3363,1,11.46,6
166480,코아스템켐온,2024-02-19,8045,8020,KOSDAQ,1732.0,-0.3108,0,204,13.6944,2.8129,1.2462,1.4901,4.7658,3,10.3996,18.8797,2.1587,78.6988,1,18.23,1
214320,이노션,2024-02-19,23025,22150,KOSPI,7980.0,-3.8002,18,77,2.3095,0.8686,0.6641,0.9185,2.338,3,-0.1089,-2.3206,9.8449,19.086,0,2.93,-1
051600,한전KPS,2024-02-19,39200,38950,KOSPI,26235.0,-0.6378,0,205,13.8889,6.499,2.1433,1.8842,2.3748,3,0.9349,7.4744,9.8449,24.64,0,0.51,-1
001630,종근당홀딩스,2024-02-19,64000,63000,KOSPI,2585.0,-1.5625,7,70,1.7771,1.0522,0.7907,1.6138,3.1633,4,3.9769,-5.0196,9.8449,38.7665,0,1.27,-1
011780,금호석유화학,2024-02-19,165000,161500,KOSPI,36184.0,-2.1212,0,236,15.1926,1.8474,1.3954,1.2467,5.4047,3,1.0322,32.4458,9.8449,49.8145,0,0.31,-1
114810,한솔아이원스,2024-02-19,10300,10110,KOSDAQ,4575.0,-1.8447,15,156,10.1307,2.9485,1.1096,1.2685,3.9635,4,2.6566,5.6238,2.1587,53.4143,1,33.83,1
145990,삼양사,2024-02-19,53300,51400,KOSPI,5136.0,-3.5647,0,192,4.3655,1.5116,0.9075,1.2246,2.6056,4,4.2103,5.7906,9.8449,33.1606,0,1.56,-1
267250,HD현대,2024-02-19,75500,72200,KOSPI,193533.0,-4.3709,2,105,0.838,0.7032,0.8923,1.4865,5.0653,4,5.6361,-1.4365,9.8449,29.3907,0,1.66,-1
023910,대한약품,2024-02-19,30950,29550,KOSDAQ,1800.0,-4.5234,0,249,2.0725,2.9134,1.0907,1.6505,1.8129,4,1.5871,4.1363,2.1587,15.8824,0,0.0,-1
003920,남양유업,2024-02-19,64500,62000,KOSPI,3066.0,-3.876,1,29,9.1549,4.1857,1.0929,0.8499,3.0644,4,6.8979,-3.3157,9.8449,60.6218,0,2.42,-1
005720,넥센,2024-02-19,4640,4515,KOSPI,3721.0,-2.694,9,169,2.0339,0.7315,0.6622,0.92,2.7369,3,2.0079,6.2219,9.8449,21.8623,0,1.77,-1
012750,에스원,2024-02-19,63500,61200,KOSPI,34389.0,-3.622,12,43,4.4369,0.6778,0.7296,1.022,2.6261,3,0.3852,5.4093,9.8449,26.971,0,0.65,-1
181710,NHN,2024-02-19,29850,28700,KOSPI,10809.0,-3.8526,0,238,12.9921,0.9738,1.3547,1.447,5.7118,3,3.2824,31.187,9.8449,43.5,0,1.92,-1
104830,원익머트리얼즈,2024-02-19,33750,32100,KOSDAQ,5308.0,-4.8889,0,153,7.8992,1.2117,1.5713,1.1209,3.6382,3,3.6037,9.1065,2.1587,32.3711,0,11.99,-1
001530,DI동일,2024-02-19,29645,28665,KOSPI,4222.0,-3.3058,8,64,8.633,1.7414,1.2697,0.5278,3.0896,3,-0.9353,18.004,9.8449,72.0588,1,4.61,2
012330,현대모비스,2024-02-19,250000,244000,KOSPI,396501.0,-2.4,0,144,5.8568,1.7502,0.9336,1.6733,3.7763,1,-0.4205,12.1551,9.8449,23.2323,1,10.66,9
005250,녹십자홀딩스,2024-02-20,17390,16750,KOSPI,7341.0,-3.6803,2,207,2.1965,1.9959,1.0052,0.7228,2.4179,4,2.9044,6.1528,7.4836,29.644,0,3.7,-1
011280,태림포장,2024-02-20,3480,3315,KOSPI,1551.0,-4.7414,0,26,20.1087,34.8848,2.8457,0.9961,5.0205,3,6.9505,10.0696,7.4836,50.0,1,16.29,8
00088K,한화3우B,2024-02-20,15820,15540,KOSPI,8984.0,-1.7699,6,164,1.5686,0.681,0.8829,1.6436,2.9969,3,2.1236,8.8338,7.4836,17.4603,0,0.58,-1
257720,실리콘투,2024-02-21,10610,10400,KOSDAQ,26610.0,-1.9793,0,88,19.9539,23.4162,2.5456,1.9259,4.8558,3,0.0443,20.612,2.9035,264.2732,0,8.37,-1
002960,한국쉘석유,2024-02-21,246500,236000,KOSPI,5870.0,-4.2596,24,58,1.7241,1.2762,0.9116,0.7003,0.9685,3,-0.7157,-2.0749,7.6677,12.381,1,6.99,8
241710,코스메카코리아,2024-02-21,42250,41600,KOSDAQ,10691.0,-1.5385,4,28,7.6326,3.2864,1.2226,0.9962,5.3829,4,1.3569,4.1751,2.9035,379.8155,1,6.73,1
183190,아세아시멘트,2024-02-21,11720,11280,KOSPI,5074.0,-3.7543,4,85,3.5813,0.5258,0.8872,1.3748,2.8179,4,0.1627,3.2467,7.6677,30.4046,0,2.93,-1
017940,E1,2024-02-22,68400,66900,KOSPI,6538.0,-2.193,11,39,6.6986,1.9405,1.0283,1.1342,3.1497,4,2.4458,5.8993,7.4905,50.3371,0,13.15,-1
018260,삼성에스디에스,2024-02-22,174000,170100,KOSPI,131310.0,-2.2414,27,45,13.1737,2.1971,1.2521,1.366,3.6239,3,2.98,-3.4538,7.4905,48.6888,0,1.7,-1
005810,풍산홀딩스,2024-02-22,30774,29354,KOSPI,5745.0,-4.6143,0,206,12.874,2.7745,1.8583,1.6995,4.024,3,4.324,17.4042,7.4905,51.2235,1,10.72,7
014830,유니드,2024-02-22,85200,81500,KOSPI,5644.0,-4.3427,0,237,9.9865,0.9301,1.042,0.8173,3.9877,4,-0.2546,12.716,7.4905,59.8039,0,2.58,-1
008730,율촌화학,2024-02-23,49850,48450,KOSPI,6932.0,-2.8084,0,238,7.0718,1.7009,1.6002,1.5385,7.3271,3,3.8472,80.1377,8.0176,94.1884,0,0.93,-1
03473K,SK우,2024-02-23,168000,161800,KOSPI,1347.0,-3.6905,1,248,9.9185,1.6548,1.451,1.8339,3.5317,3,4.7766,14.8374,8.0176,35.3975,0,-1.67,-1
123890,한국자산신탁,2024-02-23,3480,3435,KOSPI,3243.0,-1.2931,14,63,2.8443,1.816,1.2567,1.2776,1.5388,4,-0.0026,2.9679,8.0176,24.4565,1,2.77,7
003160,디아이,2024-02-23,9130,8770,KOSPI,10358.0,-3.943,0,105,40.5449,1.5579,3.4983,1.5686,4.8298,2,1.6624,26.9055,8.0176,91.0675,1,43.1,3
405100,큐알티,2024-02-26,30750,29850,KOSDAQ,2258.0,-2.9268,0,23,13.0682,5.8317,1.75,0.7886,11.3137,4,23.8288,-2.3692,5.3002,175.878,1,45.73,1
322310,오로스테크놀로지,2024-02-27,38550,37200,KOSDAQ,2463.0,-3.5019,0,21,10.2222,5.8529,1.7889,1.0268,7.5557,4,15.3738,8.7423,1.972,160.1399,1,7.12,1
018310,삼목에스폼,2024-02-27,19000,18400,KOSDAQ,3021.0,-3.1579,0,118,4.2493,3.1867,0.9536,1.2301,2.6475,4,1.8794,13.2441,1.972,34.3066,1,49.46,3
134380,미원화학,2024-02-28,74700,71300,KOSPI,2294.0,-4.5515,18,120,3.0347,3.8762,1.2383,1.1871,1.3725,3,1.3467,-4.2069,6.064,14.08,0,-0.14,-1
039030,이오테크닉스,2024-02-28,207500,202000,KOSDAQ,48169.0,-2.6506,0,25,16.9658,2.8283,1.1468,1.2082,4.9116,4,3.6207,10.0266,5.402,196.1877,1,7.67,1
086280,현대글로비스,2024-02-28,101539,96538,KOSPI,182625.0,-4.9252,0,159,4.0998,1.0131,0.832,0.7603,2.9757,3,1.7729,7.7337,6.064,28.9253,1,7.25,5
219130,타이거일렉,2024-02-28,36400,35000,KOSDAQ,2191.0,-3.8462,0,148,21.3172,3.1435,1.5604,1.3279,7.8265,3,15.3258,38.6309,5.402,103.1341,0,22.57,-1
086980,쇼박스,2024-02-29,4655,4485,KOSDAQ,1685.0,-3.652,0,171,22.2071,1.9256,3.5355,1.5983,5.2158,3,7.3086,21.8485,5.3855,73.166,0,-0.78,-1
034950,한국기업평가,2024-02-29,80000,79400,KOSDAQ,4441.0,-0.75,60,110,0.5063,1.0722,1.0462,0.6907,0.7827,3,0.0836,-2.9339,5.3855,16.5932,1,6.8,2
160980,싸이맥스,2024-02-29,17300,16800,KOSDAQ,1957.0,-2.8902,0,115,11.2583,5.3688,2.1901,1.5153,3.4524,2,-1.4515,13.3424,5.3855,39.8834,1,30.36,2
256840,한국비엔씨,2024-02-29,4860,4745,KOSDAQ,3201.0,-2.3663,0,116,18.9223,9.564,3.0957,1.5576,5.0805,4,6.2199,22.8577,5.3855,65.6195,1,98.31,1
068790,DMS,2024-02-29,7120,6780,KOSDAQ,1429.0,-4.7753,25,221,0.5935,1.5048,1.1746,0.7867,2.3072,3,1.2674,-1.7158,5.3855,36.1446,0,8.85,-1
413630,씨피시스템,2024-02-29,3850,3745,KOSDAQ,1722.0,-2.7273,60,90,0.0,1.0,1.0,1.0,100.0,2,0.0,-5.3855,5.3855,0.0,1,9.48,10
089470,HDC현대EP,2024-03-04,5280,5150,KOSPI,1640.0,-2.4621,0,196,14.4444,68.9592,3.2429,2.0899,3.0028,2,-0.4891,11.1594,7.0955,40.7104,0,-0.19,-1
004080,신흥,2024-03-04,15110,14360,KOSPI,1290.0,-4.9636,14,246,0.0697,0.2107,0.42,0.5131,1.6116,3,0.2111,-7.0258,7.0955,7.0045,0,0.97,-1
033100,제룡전기,2024-03-04,27800,27200,KOSDAQ,8770.0,-2.1583,0,120,23.0769,20.1338,2.4265,1.9947,4.438,3,-1.099,24.4359,9.225,153.7313,1,81.8,1
206650,유바이오로직스,2024-03-05,12880,12450,KOSDAQ,4943.0,-3.3385,4,107,0.7282,1.2949,0.6879,0.595,4.9971,4,7.841,11.2431,8.4684,98.8818,1,8.43,1
002450,삼익악기,2024-03-05,1330,1267,KOSPI,1074.0,-4.7368,0,250,8.7554,2.1713,1.3627,1.9048,2.4975,3,0.755,17.738,4.2062,24.094,0,2.68,-1
000500,가온전선,2024-03-05,27850,27400,KOSPI,14442.0,-1.6158,2,24,6.4078,8.5328,1.6686,1.0838,6.5302,4,11.3076,15.9693,4.2062,86.0907,1,16.79,3
214320,이노션,2024-03-05,23025,21900,KOSPI,7980.0,-4.886,25,87,-2.4499,0.6135,0.7972,0.9138,2.3483,2,1.2235,-5.1111,4.2062,17.7419,0,3.2,-1
039440,에스티아이,2024-03-05,37600,35750,KOSDAQ,5544.0,-4.9202,0,73,0.9887,1.1421,0.7227,1.0607,6.1538,3,-1.2049,28.2428,8.4684,234.1121,1,20.98,3
005250,녹십자홀딩스,2024-03-06,17390,17170,KOSPI,7341.0,-1.2651,11,217,0.7038,1.3846,0.9905,0.9464,2.2714,4,3.5255,7.6699,1.001,32.8947,0,4.78,-1
071280,로체시스템즈,2024-03-06,9900,9430,KOSDAQ,1667.0,-4.7475,0,227,6.795,0.47,0.9532,0.7027,4.1054,3,13.7257,13.1137,6.8608,75.6052,1,20.36,9
00088K,한화3우B,2024-03-06,15820,15050,KOSPI,8984.0,-4.8673,13,174,0.1997,0.528,0.7127,0.9995,2.6958,2,2.8753,-1.2,1.001,13.7566,0,6.64,-1
083500,에프엔에스테크,2024-03-06,13060,13010,KOSDAQ,1418.0,-0.3828,1,41,30.1,33.1549,3.1899,2.0922,4.8479,3,3.9006,16.6909,6.8608,73.6983,1,10.68,1
204270,제이앤티씨,2024-03-06,15310,14600,KOSDAQ,13479.0,-4.6375,0,68,12.7413,7.5507,1.6081,1.684,5.2935,4,-4.2968,38.8478,6.8608,127.4143,0,8.56,-1
033780,KT&G,2024-03-06,93500,91900,KOSPI,202920.0,-1.7112,46,20,0.1089,0.7962,0.9561,0.5254,1.5234,4,0.4316,-2.0775,1.001,13.4568,1,4.46,2
065680,우주일렉트로,2024-03-06,17590,16770,KOSDAQ,3290.0,-4.6617,3,179,3.0098,0.6035,0.7498,0.8201,3.9782,3,6.0619,-0.8558,6.8608,49.5986,0,29.4,-1
034310,NICE,2024-03-06,14190,13670,KOSPI,5069.0,-3.6646,9,122,3.8754,1.4618,1.3198,1.0127,2.8268,3,1.6501,-0.4863,1.001,26.6914,0,0.59,-1
078000,텔코웨어,2024-03-07,11200,10880,KOSPI,1455.0,-2.8571,7,20,4.4146,1.2875,0.7482,0.7474,2.5079,4,1.6629,-3.1739,2.173,33.6609,1,4.87,1
183190,아세아시멘트,2024-03-07,11720,11140,KOSPI,5074.0,-4.9488,11,95,0.27,0.412,0.8291,1.2902,3.1354,4,1.2221,-3.589,2.173,28.7861,0,0.99,-1
103140,풍산,2024-03-07,47600,46100,KOSPI,31275.0,-3.1513,0,214,6.9606,6.233,1.6,1.4406,4.5941,3,3.8819,13.3658,2.173,45.1969,1,15.4,1
092870,엑시콘,2024-03-07,22387,21622,KOSDAQ,3661.0,-3.4172,0,44,26.0464,22.1237,2.6783,0.8694,5.3507,4,12.5998,41.8325,6.854,165.5939,1,56.64,1
001630,종근당홀딩스,2024-03-08,64000,62000,KOSPI,2585.0,-3.125,13,83,5.0847,3.4516,1.1544,1.5759,2.6728,3,2.6148,-2.2365,4.0428,36.5639,0,3.71,-1
187660,현대ADM,2024-03-08,1687,1634,KOSDAQ,2335.0,-3.1417,0,170,17.9783,2.6917,1.2968,1.2459,6.1068,3,7.515,2.2833,8.1967,88.2488,1,18.6,1
069620,대웅제약,2024-03-08,123700,118000,KOSPI,20728.0,-4.6079,6,74,2.9668,1.4395,0.8502,1.2195,2.7663,3,2.5346,-0.3521,4.0428,33.6353,1,8.14,7
039130,하나투어,2024-03-08,68800,66800,KOSPI,7745.0,-2.907,9,20,1.5198,0.4363,0.6925,0.65,2.4166,4,6.8921,-2.523,4.0428,66.3761,1,5.69,6
017940,E1,2024-03-08,68400,65700,KOSPI,6538.0,-3.9474,19,49,-0.3035,0.9047,0.7976,0.6418,2.8376,4,2.7521,-1.0647,4.0428,47.6404,1,15.22,3
066410,버킷스튜디오,2024-03-08,1206,1153,KOSDAQ,1596.0,-4.3947,60,250,0.0,1.0,1.0,1.0,100.0,0,0.0,-8.1967,8.1967,0.0,0,-100.0,-1
207940,삼성바이오로직스,2024-03-08,1292191,1233321,KOSPI,791575.0,-4.5558,5,20,8.2687,2.6333,1.1723,1.2408,2.2417,2,4.0961,-4.9884,4.0428,25.4491,1,5.01,6
403550,쏘카,2024-03-11,21950,21150,KOSPI,3895.0,-3.6446,0,250,11.3158,1.4572,0.9608,0.9122,3.4043,4,8.077,18.1081,1.926,86.0158,1,6.62,10
024720,콜마홀딩스,2024-03-11,8395,8030,KOSPI,3502.0,-4.3478,15,138,8.5135,1.128,1.3919,1.0617,2.2505,3,3.1096,-2.1744,1.926,33.3887,1,10.59,2
010660,화천기계,2024-03-11,5580,5390,KOSPI,1186.0,-3.405,0,178,14.0741,5.4615,1.2892,1.9256,6.7917,2,-1.5289,55.6764,1.926,103.0132,1,79.96,2
081660,미스토홀딩스,2024-03-12,41950,40600,KOSPI,28510.0,-3.2181,26,20,1.5,0.3402,0.7486,1.3202,2.8237,4,1.3373,-1.0998,2.3467,19.764,0,1.85,-1
365270,큐라클,2024-03-12,14510,14107,KOSDAQ,2594.0,-2.7774,0,154,13.6378,1.3528,1.1752,1.4736,6.7277,3,9.8659,33.0106,7.6375,95.0636,1,32.68,6
057050,현대홈쇼핑,2024-03-13,51400,48850,KOSPI,8040.0,-4.9611,0,205,3.0591,0.6881,0.9373,0.7779,2.5296,3,2.2837,5.2348,1.658,21.8204,1,26.92,5
005935,삼성전자우,2024-03-13,64600,63300,KOSPI,932659.0,-2.0124,28,20,1.1182,0.7485,0.8813,1.0507,1.3992,4,2.7425,-2.4417,1.658,22.9126,1,10.58,6
092230,KPX홀딩스,2024-03-13,59100,56700,KOSPI,3240.0,-4.0609,17,20,-0.8741,0.2591,0.1933,0.7775,1.5621,4,3.1487,-4.9003,1.658,16.4271,0,3.53,-1
191420,테고사이언스,2024-03-13,17670,17300,KOSDAQ,1161.0,-2.0939,0,69,19.8891,1.3191,1.6877,0.975,5.5615,4,1.3573,52.8368,5.2985,132.8398,1,48.55,2
005380,현대차,2024-03-13,261000,248500,KOSPI,983861.0,-4.7893,11,20,-0.996,0.8662,0.7509,0.9303,3.7942,4,10.7668,-1.8588,1.658,46.7809,0,2.62,-1
094800,맵스리얼티,2024-03-14,4480,4260,KOSPI,5440.0,-4.9107,0,185,1.9139,0.5435,0.7899,0.5731,0.9725,3,0.7969,-1.1022,3.7528,10.7932,0,3.05,-1
023590,다우기술,2024-03-14,24650,23550,KOSPI,23420.0,-4.4625,1,21,3.2895,1.5693,0.7054,0.7521,3.6093,4,8.179,-2.8963,3.7528,47.6489,0,0.42,-1
067990,도이치모터스,2024-03-14,6090,5890,KOSDAQ,1262.0,-3.2841,0,250,16.6337,4.2296,2.4673,1.6556,3.0924,2,2.1086,10.8045,4.0103,32.211,0,3.4,-1
255220,SG,2024-03-14,1971,1901,KOSDAQ,3285.0,-3.5515,0,176,23.6021,8.6154,1.6339,1.5568,7.1616,4,5.8368,44.0426,4.0103,102.8815,1,34.51,1
010140,삼성중공업,2024-03-14,9470,9010,KOSPI,245080.0,-4.8574,0,149,16.8612,11.5558,2.1029,1.7403,3.7339,2,-0.8399,21.0394,3.7528,84.8205,0,4.22,-1
950160,코오롱티슈진,2024-03-14,13250,12640,KOSDAQ,77812.0,-4.6038,4,40,27.6768,10.2338,2.0884,1.1343,4.2722,3,5.0799,18.8274,4.0103,63.9429,1,33.7,2
002840,미원상사,2024-03-14,180900,174700,KOSPI,7073.0,-3.4273,4,250,2.6439,2.8648,1.2877,1.5701,1.6109,2,0.6844,0.9206,3.7528,12.4196,1,12.14,2
009540,HD한국조선해양,2024-03-15,130000,123800,KOSPI,270353.0,-4.7692,0,162,10.3387,4.4786,1.5083,1.0418,4.0561,3,2.1468,4.3282,2.0292,72.6639,0,4.2,-1
103590,일진전기,2024-03-15,14871,14680,KOSPI,32569.0,-1.2844,0,101,15.1373,4.0871,1.6122,1.3932,5.8826,3,-1.1239,28.1126,2.0292,221.8592,1,66.89,1
413630,씨피시스템,2024-03-15,3850,3710,KOSDAQ,1722.0,-3.6364,60,100,-0.9346,1.0,4.0,2.4495,94.8595,2,-0.0156,-3.4078,2.4732,0.0,1,13.61,8
003650,미창석유,2024-03-15,81100,79800,KOSPI,2157.0,-1.603,28,20,-0.7463,0.1643,2.1047,0.9116,1.3158,3,2.3846,-2.4038,2.0292,23.7209,0,1.25,-1
001720,신영증권,2024-03-15,69600,68800,KOSPI,30989.0,-1.1494,18,20,3.4586,0.8075,0.778,0.5582,2.1802,4,4.1759,0.1996,2.0292,28.5981,0,0.44,-1
123860,아나패스,2024-03-15,28300,27300,KOSDAQ,2103.0,-3.5336,3,33,8.982,2.4218,1.0777,1.1763,4.6442,3,6.3314,-0.226,2.4732,91.5789,0,2.56,-1
00104K,CJ4우(전환),2024-03-15,86100,82100,KOSPI,7722.0,-4.6458,0,222,10.498,4.7181,1.4977,1.2491,2.932,3,1.6802,8.9167,2.0292,57.5816,1,12.18,4
004080,신흥,2024-03-18,15000,14400,KOSPI,1290.0,-4.0,57,233,-0.0694,0.1434,0.409,0.1874,0.9226,4,0.3078,-1.0515,1.3999,7.3025,0,4.17,-1
000150,두산,2024-03-18,166600,162000,KOSPI,142182.0,-2.7611,0,123,48.6239,2.0487,2.2235,1.5097,5.6878,3,7.2807,73.5461,1.3999,124.6879,1,10.0,9
025950,동신건설,2024-03-18,28450,27350,KOSDAQ,1523.0,-3.8664,0,50,23.4763,2.0238,2.377,0.9854,5.9258,4,8.7135,30.7614,4.3004,215.4556,1,16.45,5
011790,SKC,2024-03-18,122300,121800,KOSPI,42299.0,-0.4088,0,232,14.5814,1.5258,1.3801,1.1419,5.1196,3,0.8953,45.7015,1.3999,79.1176,1,22.91,1
001040,CJ,2024-03-18,115100,112300,KOSPI,65065.0,-2.4327,0,222,21.0129,3.1059,1.7808,1.4122,3.5301,4,1.5556,9.7882,1.3999,86.2355,1,20.66,3
259960,크래프톤,2024-03-18,243500,238000,KOSPI,116850.0,-2.2587,9,20,2.3656,0.8467,1.6623,0.7751,4.4268,4,2.4272,-1.1894,1.3999,63.1254,1,11.34,6
101930,인화정공,2024-03-18,13130,12550,KOSDAQ,3822.0,-4.4174,0,166,2.7005,1.1522,0.8158,1.1167,3.4377,3,1.2165,8.4579,4.3004,65.1316,0,1.04,-1
068790,DMS,2024-03-19,7120,6800,KOSDAQ,1429.0,-4.4944,27,233,-0.7299,1.7505,0.9728,1.2741,2.7206,3,0.5048,2.3547,3.8953,36.5462,1,8.53,4
183300,코미코,2024-03-19,68900,66800,KOSDAQ,11256.0,-3.0479,4,52,9.1503,10.9384,1.8914,1.6931,5.5175,3,0.7848,12.0769,3.8953,60.7702,1,31.74,1
001500,현대차증권,2024-03-19,8763,8379,KOSPI,5942.0,-4.3821,17,20,0.8546,0.652,0.9477,0.7576,2.1414,4,2.9618,-2.2005,-0.8988,19.837,0,2.66,-1
230360,에코마케팅,2024-03-19,12930,12490,KOSDAQ,4932.0,-3.4029,0,246,19.4073,4.4939,2.1147,1.0785,3.0539,2,3.6378,23.4238,3.8953,38.011,1,20.02,1
008060,대덕,2024-03-20,7020,6670,KOSPI,3762.0,-4.9858,7,163,-0.299,0.8544,1.0844,0.6151,1.0388,3,0.9028,-0.7654,1.2172,11.3523,0,1.5,-1
005930,삼성전자,2024-03-20,79800,76900,KOSPI,9814760.0,-3.6341,9,53,3.7787,3.069,1.3496,1.4217,1.8577,3,0.3878,3.6941,1.2172,30.339,1,11.83,2
240810,원익IPS,2024-03-20,38350,37400,KOSDAQ,51195.0,-2.4772,0,155,7.781,4.5745,1.0928,1.2056,4.6123,3,-0.7527,20.9225,2.9186,34.0502,1,19.92,7
078930,GS,2024-03-20,52800,50900,KOSPI,65041.0,-3.5985,5,26,8.6446,1.1907,1.281,0.9246,3.3609,4,4.8206,0.7868,1.2172,47.5362,0,2.95,-1
112040,위메이드,2024-03-20,77800,76100,KOSDAQ,10015.0,-2.1851,0,68,10.2899,3.2347,2.447,1.7599,9.1515,3,-4.2113,50.6636,2.9186,130.2572,1,4.99,1
015360,INVENI,2024-03-20,40400,39200,KOSPI,4480.0,-2.9703,13,20,3.9788,0.8148,0.9746,0.9159,2.5328,4,3.3074,-1.9767,1.2172,28.9474,1,7.78,3
005250,녹십자홀딩스,2024-03-20,17390,17140,KOSPI,7341.0,-1.4376,21,227,2.0238,1.3776,1.0041,0.7939,2.4004,3,3.6205,1.1112,1.2172,32.6625,1,4.96,1
001750,한양증권,2024-03-20,10850,10640,KOSPI,2826.0,-1.9355,19,20,2.2094,0.2148,0.907,0.6693,2.0475,4,3.2732,0.9922,1.2172,26.6667,1,4.89,2
214320,이노션,2024-03-20,23025,21900,KOSPI,7980.0,-4.886,17,98,3.0588,1.3883,0.9798,0.6596,1.9406,2,0.1343,-0.7585,1.2172,17.7419,0,3.2,-1
357780,솔브레인,2024-03-20,314000,303500,KOSDAQ,31814.0,-3.3439,13,53,5.3819,2.2661,1.0907,1.3736,3.8715,3,-0.5488,6.8463,2.9186,49.5074,1,6.1,1
072870,메가스터디,2024-03-20,12070,11540,KOSDAQ,1342.0,-4.3911,4,208,5.581,5.7521,1.6516,1.3236,2.1973,3,-1.0357,-0.0665,2.9186,17.3957,0,0.0,-1
00088K,한화3우B,2024-03-20,15820,15100,KOSPI,8984.0,-4.5512,20,184,1.1386,0.5698,0.7397,0.4801,1.4853,2,2.2207,-4.0486,1.2172,14.1345,1,6.29,10
243840,신흥에스이씨,2024-03-20,11600,11440,KOSDAQ,2375.0,-1.3793,0,230,6.3197,3.3469,1.496,1.0877,4.4268,3,5.869,22.3826,2.9186,57.1429,1,14.16,1
074600,원익QnC,2024-03-21,34400,33000,KOSDAQ,7650.0,-4.0698,1,49,13.5972,4.2965,1.3504,1.2483,4.0043,2,2.4629,13.6249,4.6547,55.2941,1,7.27,6
005389,현대차3우B,2024-03-21,161800,155600,KOSPI,5679.0,-3.8319,10,22,-0.702,1.0153,0.6662,1.2669,3.4842,3,12.7539,-1.121,3.8273,78.8506,0,0.9,-1
009155,삼성전기우,2024-03-21,75300,72800,KOSPI,3637.0,-3.3201,4,154,3.5562,1.6331,1.6135,0.8419,1.9133,3,0.0937,0.4707,3.8273,23.8095,0,6.59,-1
108380,대양전기공업,2024-03-21,14000,13440,KOSDAQ,2679.0,-4.0,0,166,1.6641,1.4328,0.7395,1.5604,3.3323,3,2.3746,9.2436,4.6547,32.9377,0,3.79,-1
028260,삼성물산,2024-03-21,171700,165000,KOSPI,538826.0,-3.9022,10,22,-3.3958,1.0397,1.3188,1.4633,4.1255,3,9.4499,-1.5334,3.8273,66.1631,0,0.85,-1
012750,에스원,2024-03-21,63500,61100,KOSPI,34389.0,-3.7795,7,65,3.0354,2.2143,1.2502,0.9878,2.3848,3,-0.9274,-1.3105,3.8273,26.7635,0,0.65,-1
000520,삼일제약,2024-03-22,10850,10500,KOSPI,2367.0,-3.2258,1,39,14.5038,1.6547,1.2872,1.0402,5.5782,4,13.1319,12.6025,3.1637,84.5343,1,20.48,1
012630,HDC,2024-03-22,8820,8400,KOSPI,12367.0,-4.7619,7,29,9.0909,1.2625,1.2811,0.7986,3.1718,4,4.7843,-1.4688,3.1637,52.7273,0,5.83,-1
001630,종근당홀딩스,2024-03-22,64000,62500,KOSPI,2585.0,-2.3438,22,93,3.1353,0.8625,0.841,0.9971,2.9371,4,1.4657,-0.5365,3.1637,37.6652,1,2.88,2
016610,DB증권,2024-03-25,4695,4535,KOSPI,5743.0,-3.4079,19,20,1.1148,0.5517,0.6999,0.9556,1.9924,3,4.7641,-5.0922,2.6191,24.2466,0,0.22,-1
051980,중앙첨단소재,2024-03-25,5950,5700,KOSDAQ,2627.0,-4.2017,0,229,36.5269,5.7185,1.7618,1.0466,8.4837,3,25.7675,39.8434,5.1947,327.6069,1,9.47,1
016360,삼성증권,2024-03-25,42750,41500,KOSPI,85371.0,-2.924,17,20,0.8505,0.8544,1.0167,0.929,2.7194,4,1.1368,-3.3368,2.6191,36.0656,0,1.33,-1
114840,아이패밀리에스씨,2024-03-25,20404,20150,KOSDAQ,2666.0,-1.2449,0,26,15.0771,3.4317,1.5603,1.4593,5.3917,4,14.0428,9.0991,5.1947,209.0491,1,30.52,2
122990,와이솔,2024-03-26,8310,8300,KOSDAQ,1708.0,-0.1203,5,67,8.7811,13.9787,2.1008,1.4773,2.6248,3,0.0862,9.3451,5.6133,41.3969,1,4.46,1
035150,백산,2024-03-26,12490,11900,KOSPI,2799.0,-4.7238,8,21,1.5358,1.0898,1.0679,0.84,3.4694,4,3.811,-4.8237,4.1559,64.1379,1,15.55,7
001460,BYC,2024-03-26,52000,49400,KOSPI,3379.0,-5.0,2,250,0.7136,0.5232,0.3923,0.5379,3.0364,4,4.6724,16.9225,4.1559,45.0808,0,2.63,-1
031330,에스에이엠티,2024-03-27,3270,3115,KOSDAQ,4730.0,-4.7401,0,203,8.3478,2.3439,1.8501,1.2143,2.3733,3,0.1882,7.5769,6.735,30.8824,1,21.35,4
092230,KPX홀딩스,2024-03-27,59100,58500,KOSPI,3240.0,-1.0152,27,30,1.3865,0.3236,0.5,0.2667,1.0867,4,3.5082,1.216,4.9546,20.1232,0,0.34,-1
003030,세아제강지주,2024-03-27,248000,237500,KOSPI,6043.0,-4.2339,2,64,1.2793,0.7353,0.7682,1.1446,4.1353,4,1.5911,3.2459,4.9546,77.1066,0,0.42,-1
161390,한국타이어앤테크놀로지,2024-03-27,59600,56800,KOSPI,91296.0,-4.698,3,22,11.811,0.7758,0.8792,1.0326,3.8418,4,5.3814,1.4125,4.9546,75.5796,1,11.44,10
029460,케이씨,2024-03-27,25300,24600,KOSPI,4307.0,-2.7668,3,31,19.708,19.628,2.8598,1.5816,4.7793,4,4.9601,7.8895,4.9546,63.8907,1,4.27,1
026890,스틱인베스트먼트,2024-03-27,8000,7770,KOSPI,5018.0,-2.875,0,140,6.2927,2.7709,1.1363,0.8399,2.3626,4,1.2914,5.5717,4.9546,47.1591,1,16.22,8
064760,티씨케이,2024-03-28,118800,116100,KOSDAQ,23309.0,-2.2727,6,181,9.5283,1.7409,1.5991,1.2964,4.3128,2,-1.7285,17.9751,5.4043,44.2236,1,21.53,1
014830,유니드,2024-03-28,84000,81400,KOSPI,5644.0,-3.0952,4,25,14.9718,2.7621,1.4842,1.0813,3.4661,3,2.4247,-0.4884,3.5264,59.6078,1,24.94,4
094800,맵스리얼티,2024-03-28,4480,4355,KOSPI,5440.0,-2.7902,5,195,3.1991,1.2696,0.8654,1.6031,1.2383,3,0.9686,1.4134,3.5264,13.264,0,0.8,-1
035810,이지홀딩스,2024-03-28,3470,3320,KOSDAQ,3510.0,-4.3228,0,207,5.7325,1.7378,1.306,1.0359,2.5387,3,-1.0877,6.5687,5.4043,32.8,0,0.75,-1
004560,현대비앤지스틸,2024-03-28,22850,22200,KOSPI,2417.0,-2.8446,0,231,6.4748,1.7243,0.8092,0.3942,5.6692,4,9.3802,12.4005,3.5264,114.7002,0,-0.45,-1
099320,쎄트렉아이,2024-03-28,43100,43000,KOSDAQ,20479.0,-0.232,0,229,31.0976,38.8075,3.1336,1.6435,4.0532,4,5.2634,24.3091,5.4043,69.9605,1,17.67,1
095570,AJ네트웍스,2024-03-28,5320,5120,KOSPI,2416.0,-3.7594,5,58,4.5965,0.8239,0.7087,1.6243,4.255,3,-0.0536,3.4747,3.5264,43.4174,0,0.39,-1
078350,한양디지텍,2024-03-28,18350,17520,KOSDAQ,4261.0,-4.5232,0,181,4.0998,2.2034,0.8633,1.0534,5.1207,4,5.2614,18.3245,5.4043,68.9489,1,59.82,1
123410,코리아에프티,2024-03-28,6480,6190,KOSDAQ,2183.0,-4.4753,0,28,8.5965,1.7094,0.7595,1.1374,7.0044,4,18.9045,15.9683,5.4043,131.4019,1,32.31,6
126560,현대퓨처넷,2024-03-29,3910,3725,KOSPI,3885.0,-4.7315,5,21,6.4286,1.292,1.1009,0.8969,2.4832,4,2.4209,-4.3472,3.9461,47.2332,1,31.54,3
003650,미창석유,2024-03-29,81100,78100,KOSPI,2157.0,-3.6991,38,30,-2.7397,0.2549,0.745,1.0812,1.7377,3,2.8641,-6.9275,3.9461,21.0853,0,3.46,-1
267250,HD현대,2024-03-29,75500,71900,KOSPI,193533.0,-4.7682,3,133,4.3541,1.9702,1.0419,0.946,3.1293,4,3.6317,-2.2488,3.9461,27.7087,0,1.39,-1
166090,하나머티리얼즈,2024-03-29,57000,54900,KOSDAQ,12045.0,-3.6842,7,56,5.1724,2.0486,1.13,1.3143,4.2805,4,0.469,10.5279,4.9295,40.2299,1,12.02,2
035760,CJ ENM,2024-04-01,89300,86000,KOSDAQ,16776.0,-3.6954,1,34,14.2098,2.6686,1.6292,1.1704,3.8787,4,1.3085,5.1714,4.5225,73.7374,0,-1.16,-1
388720,유일로보틱스,2024-04-01,37150,36600,KOSDAQ,13966.0,-1.4805,0,236,31.8919,13.0753,2.2546,1.8083,4.9961,4,7.2039,31.7904,4.5225,97.1983,0,-0.96,-1
005180,빙그레,2024-04-01,60900,58000,KOSPI,7692.0,-4.7619,0,93,4.3165,5.7334,1.3985,1.2556,2.032,2,-0.0494,3.4753,2.7518,43.9206,1,23.28,9
018260,삼성에스디에스,2024-04-01,174000,165400,KOSPI,131310.0,-4.9425,12,71,6.435,1.3309,1.2016,0.5981,2.9582,3,-1.7152,1.6015,2.7518,44.5804,0,-0.12,-1
004080,신흥,2024-04-01,15000,14450,KOSPI,1290.0,-3.6667,57,243,0.3472,2.306,1.4816,0.3447,1.0232,4,0.2351,-2.125,2.7518,7.6751,0,12.8,-1
204270,제이앤티씨,2024-04-01,15310,14830,KOSDAQ,13479.0,-3.1352,1,86,18.2616,1.0164,0.7921,1.2982,6.2711,3,1.7346,16.5387,4.5225,112.1602,1,57.45,1
068930,디지털대성,2024-04-01,6810,6520,KOSDAQ,2369.0,-4.2584,4,38,0.0,1.4064,1.3112,1.205,2.8265,3,1.8369,-4.6756,4.5225,18.9781,1,8.44,3
101930,인화정공,2024-04-01,13130,12520,KOSDAQ,3822.0,-4.6458,1,176,2.455,1.6943,0.9513,0.9957,3.2177,3,1.9606,7.064,4.5225,64.7368,0,9.42,-1
161580,필옵틱스,2024-04-01,23300,22600,KOSDAQ,12169.0,-3.0043,0,175,47.1354,3.2782,1.7905,1.6387,8.1131,3,18.8779,65.9149,4.5225,173.9394,1,67.04,1
900140,엘브이엠씨홀딩스,2024-04-02,3320,3155,KOSPI,3051.0,-4.9699,1,194,3.1046,3.9896,1.175,0.4509,3.3054,4,5.2432,11.2296,3.9164,99.6835,0,-0.48,-1
010950,S-Oil,2024-04-02,83900,80400,KOSPI,113258.0,-4.1716,0,244,1.2594,1.7552,0.7944,0.9757,2.4343,3,4.2805,4.5857,3.9164,29.2605,1,5.1,3
064350,현대로템,2024-04-02,40250,38950,KOSPI,218285.0,-3.2298,0,192,17.3193,2.0698,2.1932,0.7288,3.6035,3,6.6182,20.1282,3.9164,68.9805,1,11.55,5
00088K,한화3우B,2024-04-03,15820,15050,KOSPI,8984.0,-4.8673,27,194,-0.9868,8.6158,1.9237,0.7669,1.9839,2,2.1845,-2.4789,2.4789,13.7566,0,1.79,-1
049720,고려신용정보,2024-04-03,11820,11260,KOSDAQ,1469.0,-4.7377,0,181,5.8271,2.8445,1.6283,0.8469,2.3027,3,4.021,3.6772,1.067,24.8337,0,3.29,-1
097950,CJ제일제당,2024-04-03,332500,317000,KOSPI,34399.0,-4.6617,1,221,8.3761,3.3742,1.4276,1.4124,2.4335,2,-2.8367,7.0202,2.4789,22.8682,1,9.46,8
134380,미원화학,2024-04-03,74700,71100,KOSPI,2294.0,-4.8193,14,144,1.138,0.5184,0.8783,0.4342,0.8238,3,-0.0095,-1.6278,2.4789,13.76,0,1.83,-1
009155,삼성전기우,2024-04-04,75300,73900,KOSPI,3637.0,-1.8592,10,164,0.6812,2.1059,1.1117,0.9523,1.9718,4,0.1701,5.7548,3.5647,25.6803,1,5.01,1
084370,유진테크,2024-04-04,47750,46500,KOSDAQ,22618.0,-2.6178,1,93,9.1549,2.1311,1.0749,1.1043,5.1997,3,-0.7918,23.4136,2.2621,73.1844,1,26.24,1
340570,티앤엘,2024-04-04,59100,57100,KOSDAQ,4503.0,-3.3841,0,206,9.387,1.4414,1.5684,0.9558,4.4846,3,7.0491,22.6832,2.2621,52.2667,1,13.13,3
002450,삼익악기,2024-04-04,1301,1269,KOSPI,1074.0,-2.4596,23,20,-1.932,0.3552,1.0349,0.3158,1.9926,2,5.3862,-5.1926,3.5647,24.2899,1,3.55,5
006120,SK디스커버리,2024-04-04,47750,45600,KOSPI,10477.0,-4.5026,5,28,1.8994,1.2357,1.3893,0.7492,2.1068,4,3.5247,-2.0057,3.5647,48.7765,0,3.07,-1
067310,하나마이크론,2024-04-04,29491,28466,KOSDAQ,22605.0,-3.4756,0,100,15.0234,8.8007,2.0409,1.8517,6.0057,3,-0.8293,22.9237,2.2621,133.2323,0,0.9,-1
075580,세진중공업,2024-04-04,7330,6990,KOSPI,10273.0,-4.6385,0,178,8.2043,0.7528,1.0826,1.0277,4.6597,3,11.2527,14.5096,3.5647,66.6269,1,8.44,9
089010,켐트로닉스,2024-04-04,28900,28050,KOSDAQ,5572.0,-2.9412,0,193,17.119,32.8209,2.7734,2.0128,4.4181,3,-0.0399,26.1132,2.2621,59.375,1,14.62,2
009150,삼성전기,2024-04-05,165000,158900,KOSPI,234165.0,-3.697,0,165,6.8594,2.0474,1.2946,1.3011,3.0432,2,-0.994,16.0927,1.2633,33.4173,0,1.45,-1
017510,세명전기,2024-04-05,3855,3710,KOSDAQ,1505.0,-3.7613,0,235,25.5499,189.753,3.6787,2.331,4.3512,3,1.6013,30.2774,-0.1019,44.0777,1,94.61,1
348370,엔켐,2024-04-05,358500,344500,KOSDAQ,17349.0,-3.9052,0,31,51.7621,1.5495,1.7393,0.8168,7.2362,4,35.1967,53.8966,-0.1019,598.783,1,14.51,1
078930,GS,2024-04-05,52800,50500,KOSPI,65041.0,-4.3561,9,38,4.6632,2.026,1.0334,0.8035,3.4017,3,5.5796,2.4328,1.2633,46.3768,0,2.38,-1
078150,HB테크놀러지,2024-04-05,3800,3735,KOSDAQ,2021.0,-1.7105,0,132,39.8876,14.2529,2.9367,1.5116,7.7357,2,3.8739,70.6499,-0.1019,79.5673,1,14.32,1
064820,케이프,2024-04-05,5260,5040,KOSDAQ,3356.0,-4.1825,0,170,2.8571,2.192,0.8954,1.1218,4.1808,3,3.4244,9.9058,-0.1019,52.959,1,19.05,8
012630,HDC,2024-04-05,8820,8400,KOSPI,12367.0,-4.7619,8,39,5.2632,0.7155,0.7741,0.8625,3.1207,4,5.0814,6.429,1.2633,52.7273,1,5.83,5
121800,비덴트,2024-04-08,3365,3320,KOSDAQ,2563.0,-1.3373,60,250,0.0,1.0,1.0,1.0,100.0,0,0.0,1.7536,-1.7536,0.0,0,-100.0,-1
101140,인바이오젠,2024-04-08,12173,11700,KOSPI,1101.0,-3.8856,60,250,0.0,1.0,1.0,1.0,100.0,2,0.0,-2.1734,2.1734,0.0,0,-100.0,-1
001460,BYC,2024-04-09,51000,48950,KOSPI,3379.0,-4.0196,17,24,-0.3055,0.0,1.5248,0.4625,9.5797,3,5.47,2.3994,0.8707,0.0,0,-3.58,-1
004490,세방전지,2024-04-09,90300,87200,KOSPI,9356.0,-3.433,3,23,13.6897,2.6832,1.4302,0.7947,3.4486,4,10.3102,7.4523,0.8707,95.2968,1,36.93,3
001200,유진투자증권,2024-04-09,4775,4575,KOSPI,4219.0,-4.1885,0,114,10.6409,2.5508,1.2018,0.8471,3.9578,4,5.6576,4.0605,0.8707,93.4461,0,2.19,-1
002350,넥센타이어,2024-04-11,9670,9500,KOSPI,9503.0,-1.758,5,30,15.1515,5.1501,1.7451,1.2137,2.9173,3,1.0684,14.6544,0.4971,38.484,0,1.05,-1
005810,풍산홀딩스,2024-04-11,32500,31600,KOSPI,5745.0,-2.7692,2,24,11.2676,2.932,1.2878,1.1125,2.7916,4,6.2597,5.0121,0.4971,54.9703,1,7.59,1
211050,인카금융서비스,2024-04-11,4860,4640,KOSDAQ,7005.0,-4.5267,3,21,11.271,1.0096,0.7738,0.9557,5.1509,4,9.74,2.5106,-3.5767,143.9537,1,39.66,1
012750,에스원,2024-04-11,63500,60400,KOSPI,34389.0,-4.8819,7,79,0.6667,2.1534,0.8508,0.6829,2.6254,2,0.2359,4.7294,0.4971,25.3112,1,5.96,9
003230,삼양식품,2024-04-11,239500,233000,KOSPI,86479.0,-2.714,0,68,6.8807,2.1226,0.9422,0.7985,4.4666,3,-1.8343,24.2352,0.4971,125.9942,1,51.5,1
092230,KPX홀딩스,2024-04-11,59100,56400,KOSPI,3240.0,-4.5685,37,40,-1.2259,0.4595,0.9736,0.6631,1.1272,3,3.9981,-1.0262,0.4971,15.8111,0,5.5,-1
073010,케이에스피,2024-04-12,4125,3985,KOSDAQ,1592.0,-3.3939,1,30,3.1048,1.3364,1.0182,0.5873,5.5476,4,9.5351,8.8911,-3.0478,148.132,1,41.78,1
008110,대동전자,2024-04-15,9350,9080,KOSPI,1578.0,-2.8877,0,112,36.3363,14.5188,2.318,2.2454,3.6658,2,-0.9026,36.2017,0.1346,0.0,1,50.11,1
102710,이엔에프테크놀로지,2024-04-15,29450,28150,KOSDAQ,8216.0,-4.4143,0,68,10.1761,2.3808,1.1039,1.051,4.6181,4,-0.7729,31.7235,-3.1847,52.3268,0,6.57,-1
010140,삼성중공업,2024-04-15,9470,9060,KOSPI,245080.0,-4.3295,4,170,4.6189,1.2449,0.9589,0.7778,3.398,2,5.6387,2.2383,0.1346,76.6082,1,13.69,3
004090,한국석유,2024-04-15,19370,18830,KOSPI,1969.0,-2.7878,0,123,30.1313,8.3274,2.5186,2.0193,7.5108,4,4.7672,50.5054,0.1346,110.3911,1,18.96,1
004080,신흥,2024-04-16,15000,14740,KOSPI,1290.0,-1.7333,57,82,1.7956,3.7127,1.3757,1.1662,0.7947,4,0.279,5.1986,-2.8375,9.8361,1,10.58,3
090430,아모레퍼시픽,2024-04-17,145500,142100,KOSPI,96045.0,-2.3368,4,108,9.9845,1.8128,1.1943,1.0159,4.6949,3,-1.2035,29.926,-2.7103,51.3312,1,28.99,1
039440,에스티아이,2024-04-18,43250,42000,KOSDAQ,5544.0,-2.8902,0,25,25.937,7.3989,1.8203,1.361,5.8844,4,8.266,18.927,-4.0159,266.4921,0,-1.9,-1
134380,미원화학,2024-04-18,74700,71000,KOSPI,2294.0,-4.9531,10,154,1.1396,2.0861,1.6402,0.6201,0.7445,4,0.0166,2.4852,-2.0609,13.6,0,11.27,-1
071970,HD현대마린엔진,2024-04-18,14440,13990,KOSPI,28562.0,-3.1163,0,164,13.9251,4.7258,1.3158,1.2576,5.5244,4,1.5328,23.3965,-2.0609,179.8,1,27.23,2
108380,대양전기공업,2024-04-18,14000,13460,KOSDAQ,2679.0,-3.8571,4,185,4.422,1.5317,0.6526,0.8821,3.1257,2,4.6385,7.5544,-4.0159,28.8038,1,32.62,3
214320,이노션,2024-04-18,23025,21900,KOSPI,7980.0,-4.886,21,118,1.3889,0.8345,0.8473,0.6544,2.5766,3,1.3837,2.0609,-2.0609,17.7419,1,10.96,9
049720,고려신용정보,2024-04-18,11820,11230,KOSDAQ,1469.0,-4.9915,4,191,1.0801,0.9754,1.4091,1.0243,3.2375,3,3.7917,10.5624,-4.0159,24.5011,0,3.29,-1
252990,샘씨엔에스,2024-04-18,8840,8590,KOSDAQ,6666.0,-2.8281,0,47,16.0811,10.2197,2.6845,1.2072,7.2593,4,7.854,25.5152,-4.0159,91.314,1,3.49,4
003650,미창석유,2024-04-19,81100,78000,KOSPI,2157.0,-3.8224,47,44,1.0363,5.7354,2.7106,1.7602,3.0403,2,2.2729,4.9016,-5.9168,20.9302,0,3.46,-1
094800,맵스리얼티,2024-04-22,4480,4260,KOSPI,5440.0,-4.9107,14,211,0.3534,1.8357,0.8817,1.6847,1.7354,3,2.0078,4.4514,-4.3339,10.7932,0,1.76,-1
241590,화승엔터프라이즈,2024-04-22,9580,9140,KOSPI,3405.0,-4.5929,0,82,23.1806,2.2309,3.1235,1.4571,4.7906,2,-2.0097,25.0737,-4.3339,38.9058,0,9.96,-1
145020,휴젤,2024-04-22,219000,209000,KOSDAQ,31990.0,-4.5662,1,34,1.7032,0.9809,0.7651,0.8558,3.8653,4,7.9656,24.4462,-6.4338,109.6289,1,10.53,5
081660,미스토홀딩스,2024-04-22,41950,40500,KOSPI,28510.0,-3.4565,31,48,3.8462,0.7618,0.881,0.8462,2.7249,3,-0.364,8.447,-4.3339,18.7683,0,1.98,-1
039490,키움증권,2024-04-22,136600,131000,KOSPI,121734.0,-4.0996,12,25,4.8,1.6136,0.8895,1.2736,4.1385,4,8.6078,4.0295,-4.3339,73.9708,0,3.97,-1
187660,현대ADM,2024-04-22,1938,1896,KOSDAQ,2335.0,-2.1672,3,20,23.5179,1.1745,1.5792,0.6474,7.1655,4,16.037,5.2867,-6.4338,118.4332,0,1.95,-1
005430,한국공항,2024-04-22,70000,68300,KOSPI,2204.0,-2.4286,0,20,10.6969,0.5086,0.8941,0.7452,4.6957,4,6.6597,15.3908,-4.3339,94.5869,1,7.32,5
138930,BNK금융지주,2024-04-22,8410,8040,KOSPI,61134.0,-4.3995,11,26,5.7895,1.7226,1.1155,1.0037,2.2388,4,3.5506,1.2014,-4.3339,25.429,1,8.83,3
280360,롯데웰푸드,2024-04-22,137500,132100,KOSPI,11733.0,-3.9273,6,36,6.877,3.0771,1.4131,1.124,2.4494,2,-1.1457,13.5075,-4.3339,45.1648,1,13.78,7
001720,신영증권,2024-04-22,69600,66300,KOSPI,30989.0,-4.7414,27,45,2.7907,0.486,0.7898,0.6806,1.713,2,3.0621,2.9946,-4.3339,23.9252,0,4.37,-1
009450,경동나비엔,2024-04-23,60900,58500,KOSPI,8960.0,-3.9409,0,182,8.1331,4.9111,1.2809,1.086,3.9927,3,5.6816,17.3372,-4.1844,71.0526,1,4.62,2
009540,HD한국조선해양,2024-04-23,130000,125300,KOSPI,270353.0,-3.6154,8,188,12.1755,2.7896,1.3971,1.3763,3.9163,3,1.9911,4.9078,-4.1844,56.2344,1,10.14,2
005380,현대차,2024-04-23,261000,249500,KOSPI,983861.0,-4.4061,14,48,3.0992,1.0344,1.0307,0.9704,3.9508,3,6.9076,8.3597,-4.1844,47.3715,0,11.22,-1
950170,JTC,2024-04-23,5470,5220,KOSDAQ,2748.0,-4.5704,0,161,5.3481,1.3371,1.2954,1.0379,3.1062,4,8.169,19.1275,-7.4697,59.8775,1,12.84,2
199820,제일일렉트릭,2024-04-24,8418,8148,KOSDAQ,2298.0,-3.2074,0,198,32.9851,0.9089,2.1159,1.7676,10.1936,3,8.9888,71.0861,-5.8793,81.4699,1,88.88,2
106190,하이텍팜,2024-04-24,11193,10850,KOSDAQ,1631.0,-3.0644,0,149,8.7174,1.6987,1.7371,1.0359,4.3581,3,2.5299,13.6251,-5.8793,37.6904,1,55.3,6
001630,종근당홀딩스,2024-04-24,64300,62300,KOSPI,2585.0,-3.1104,35,20,3.1457,0.4507,0.4507,0.4184,2.1325,4,1.3525,0.5991,-2.9502,37.2247,0,0.32,-1
082740,한화엔진,2024-04-24,12750,12450,KOSPI,45479.0,-2.3529,0,177,8.3551,15.403,2.5697,1.093,5.502,3,2.6735,27.9502,-2.9502,66.8901,1,11.33,1
251370,와이엠티,2024-04-24,14500,13860,KOSDAQ,2309.0,-4.4138,0,189,17.4576,4.8101,1.2372,1.3516,6.8491,3,5.1262,29.6293,-5.8793,44.5255,0,-3.03,-1
101930,인화정공,2024-04-24,13130,13080,KOSDAQ,3822.0,-0.3808,2,192,9.6396,8.1736,1.8741,1.603,3.0526,4,3.5355,12.6548,-5.8793,72.1053,1,4.74,1
001820,삼화콘덴서,2024-04-24,48750,46850,KOSPI,3638.0,-3.8974,0,239,7.5775,2.6792,1.212,1.8102,6.8074,2,1.9884,47.3262,-2.9502,53.1046,1,16.33,1
003690,코리안리,2024-04-25,7255,7002,KOSPI,25015.0,-3.4873,18,23,5.6427,0.9524,0.5602,0.8717,2.0423,3,3.9653,5.5718,-4.5911,46.9157,0,0.23,-1
000860,강남제비스코,2024-04-25,14881,14456,KOSPI,2214.0,-2.856,0,249,8.4471,1.7272,0.9471,0.9705,3.2928,4,10.4076,17.0454,-4.5911,57.3528,1,5.53,1
073240,금호타이어,2024-04-25,6880,6610,KOSPI,21142.0,-3.9244,7,46,2.0062,0.9005,0.9929,0.7013,3.8038,3,4.6814,13.667,-4.5911,62.4079,1,26.48,3
092230,KPX홀딩스,2024-04-25,59100,57200,KOSPI,3240.0,-3.2149,41,50,2.693,1.1303,0.896,0.6608,1.4985,3,3.7078,2.3689,-4.5911,17.4538,1,7.69,7
147830,제룡산업,2024-04-26,5260,5090,KOSDAQ,1476.0,-3.2319,0,220,27.25,12.5214,1.7118,2.3591,6.0834,3,5.5592,40.6836,-5.8491,63.141,1,79.76,1
105560,KB금융,2024-04-26,78600,76000,KOSPI,579782.0,-3.3079,4,30,19.3093,1.8577,1.1964,1.2757,4.2763,3,8.6931,11.3672,-3.2591,64.6804,1,9.74,8
088130,동아엘텍,2024-04-26,5475,5250,KOSDAQ,1523.0,-4.1096,0,247,23.9669,23.7327,2.3411,1.068,5.6803,4,8.0892,31.4472,-5.8491,104.6784,0,4.0,-1
029780,삼성카드,2024-04-29,41600,40150,KOSPI,70210.0,-3.4856,6,24,6.3576,1.7198,0.8593,1.1847,3.14,3,4.6112,8.2316,-2.155,42.6288,0,0.75,-1
018670,SK가스,2024-04-29,174700,166600,KOSPI,20709.0,-4.6365,0,129,7.8317,0.6291,1.1685,1.0467,2.6968,4,1.7562,12.4861,-2.155,41.4261,0,10.5,-1
300720,한일시멘트,2024-04-29,13600,13160,KOSPI,13532.0,-3.2353,0,219,4.3616,0.806,0.6474,1.0623,2.2851,3,2.2037,9.1469,-2.155,17.8156,1,10.79,10
002350,넥센타이어,2024-04-29,9670,9210,KOSPI,9503.0,-4.757,8,42,0.0,0.7122,0.3455,0.8274,3.6684,4,3.9427,12.7192,-2.155,34.2566,0,4.23,-1
094280,효성ITX,2024-04-29,13300,12640,KOSPI,1478.0,-4.9624,2,249,1.12,1.1075,0.7739,0.2377,1.1924,4,0.7849,0.6741,-2.155,6.5767,0,12.66,-1
00104K,CJ4우(전환),2024-04-29,92100,89000,KOSPI,7722.0,-3.3659,7,20,4.0936,0.8195,0.3561,0.9572,3.4751,4,5.7359,-0.0428,-2.155,70.8253,1,17.3,5
051360,토비스,2024-04-29,19800,18990,KOSDAQ,2383.0,-4.0909,0,160,12.234,1.5818,1.2849,0.7306,3.1558,3,0.6466,15.7889,-3.9514,84.3689,1,10.58,3
090435,아모레퍼시픽우,2024-04-29,45100,43400,KOSPI,5786.0,-3.7694,0,250,10.4326,0.9118,0.7781,1.0365,3.4727,4,4.0394,22.5434,-2.155,45.1505,1,26.27,1
357780,솔브레인,2024-04-29,322000,312000,KOSDAQ,31814.0,-3.1056,8,26,8.3333,1.1033,0.7077,1.0831,4.1896,3,0.6216,3.7914,-3.9514,50.7246,0,14.9,-1
035000,HS애드,2024-04-29,6750,6430,KOSPI,1384.0,-4.7407,0,244,3.2103,0.4792,0.922,1.0108,1.533,4,1.5185,3.2556,-2.155,14.0071,0,2.64,-1
005389,현대차3우B,2024-04-29,161800,155000,KOSPI,5679.0,-4.2027,13,48,4.5179,0.9518,0.8278,0.5587,2.4608,3,8.9656,5.4195,-2.155,65.2452,0,6.06,-1
003470,유안타증권,2024-04-29,2920,2780,KOSPI,9142.0,-4.7945,6,225,2.7726,3.2067,1.2922,0.61,1.6316,3,2.907,5.5007,-2.155,18.8034,0,1.44,-1
006120,SK디스커버리,2024-04-29,47750,45400,KOSPI,10477.0,-4.9215,8,44,2.7149,0.9602,0.5966,0.8527,2.3521,4,4.9988,4.8699,-2.155,43.4439,0,0.44,-1
024720,콜마홀딩스,2024-04-30,8880,8440,KOSPI,3502.0,-4.955,5,22,2.5516,0.8089,0.9833,0.9438,2.8944,4,1.561,1.3248,-2.0307,40.1993,1,30.09,6
097955,CJ제일제당 우,2024-04-30,153600,147400,KOSPI,1892.0,-4.0365,0,239,2.2191,3.077,1.0097,0.8251,1.9141,4,2.941,5.9066,-2.0307,20.9188,0,8.14,-1
102710,이엔에프테크놀로지,2024-04-30,29450,28050,KOSDAQ,8216.0,-4.7538,4,79,7.2658,0.6012,0.9006,1.1513,6.1625,4,0.4987,13.0707,-4.7696,51.7857,1,12.83,3
005940,NH투자증권,2024-04-30,13100,12490,KOSPI,101380.0,-4.6565,10,32,7.0266,1.0639,1.1778,0.8941,2.5392,3,4.5142,12.7576,-2.0307,40.4949,0,3.92,-1
037460,삼지전자,2024-04-30,9600,9210,KOSDAQ,3598.0,-4.0625,0,147,4.3035,1.0665,0.6896,1.0873,2.3034,4,2.452,12.1122,-4.7696,29.7183,0,2.39,-1
041830,인바디,2024-04-30,31250,29750,KOSDAQ,4765.0,-4.8,2,202,5.1237,2.144,1.182,0.8956,3.6134,4,0.9989,5.7883,-4.7696,40.6619,0,1.51,-1
377450,리파인,2024-05-02,11380,10990,KOSDAQ,2083.0,-3.4271,0,63,9.9,2.0853,0.9626,1.1865,4.2896,4,3.1105,17.7827,-2.7042,60.2041,1,7.37,9
074600,원익QnC,2024-05-02,35400,33850,KOSDAQ,7650.0,-4.3785,3,20,7.4603,1.3656,0.7678,1.1303,4.4841,3,2.0126,3.5983,-2.7042,45.279,1,8.86,3
183490,엔지켐생명과학,2024-05-02,2080,2000,KOSDAQ,1042.0,-3.8462,4,24,7.0664,3.4961,1.3365,0.7403,3.3036,4,1.5322,12.4736,-2.7042,80.1802,1,11.0,2
044990,에이치엔에스하이텍,2024-05-02,24850,23700,KOSDAQ,1346.0,-4.6278,0,65,8.4668,4.2362,1.8511,0.9393,4.3701,3,4.3519,6.1976,-2.7042,75.5556,1,26.58,3
000210,DL,2024-05-02,59100,57500,KOSPI,9703.0,-2.7073,5,55,15.9274,5.4979,1.2774,0.9951,3.6087,4,-0.3564,10.4047,-2.5247,60.3905,1,7.65,9
002380,KCC,2024-05-03,294000,280500,KOSPI,43499.0,-4.5918,10,30,13.1048,6.4111,1.569,1.5562,3.4887,3,2.9828,9.2133,-1.1208,50.241,1,16.76,4
237690,에스티팜,2024-05-03,99000,96500,KOSDAQ,31619.0,-2.5253,1,32,11.6898,2.2503,1.9192,0.8479,4.9001,3,10.5923,24.2506,-1.633,61.1018,1,7.67,1
033780,KT&G,2024-05-03,96000,92100,KOSPI,202920.0,-4.0625,32,34,3.4831,1.0506,0.982,0.9514,1.4891,3,0.6483,3.3406,-1.1208,13.7037,0,0.65,-1
015360,INVENI,2024-05-03,42250,40350,KOSPI,4480.0,-4.497,3,26,1.6373,1.3263,0.9445,0.3843,1.664,4,4.7722,5.3844,-1.1208,32.7303,1,18.96,3
134380,미원화학,2024-05-03,74700,72000,KOSPI,2294.0,-3.6145,18,164,0.9818,0.1593,0.169,0.8006,0.7341,4,0.4214,2.3866,-1.1208,13.9241,1,11.81,5
005935,삼성전자우,2024-05-07,70000,66900,KOSPI,932659.0,-4.4286,16,22,4.0435,1.3545,0.8469,1.2255,2.2955,3,3.359,-3.1846,-0.2786,26.2264,0,-0.15,-1
009150,삼성전기,2024-05-07,165000,158000,KOSPI,234165.0,-4.2424,4,184,8.0711,1.1922,1.2263,1.2609,3.1148,3,1.6859,1.9517,-0.2786,32.6616,0,3.1,-1
003650,미창석유,2024-05-07,81100,79100,KOSPI,2157.0,-2.4661,55,54,-0.3778,0.2405,0.2827,0.6486,1.9776,3,1.7681,0.9148,-0.2786,22.6357,0,15.04,-1
259960,크래프톤,2024-05-07,265000,257500,KOSPI,116850.0,-2.8302,9,26,12.2004,0.9564,0.7211,1.4851,4.258,4,6.0334,2.0573,-0.2786,76.4907,1,5.24,1
219130,타이거일렉,2024-05-07,42900,42000,KOSDAQ,2191.0,-2.0979,0,30,15.3846,3.2088,1.3615,1.1207,7.8827,3,9.9093,22.3558,-1.3184,143.7609,1,7.86,2
034950,한국기업평가,2024-05-07,86100,85200,KOSDAQ,4441.0,-1.0453,32,20,-0.1172,1.0007,0.8172,0.7708,1.0563,4,3.1492,0.8511,-1.3184,21.5407,1,5.4,5
003030,세아제강지주,2024-05-07,248000,237000,KOSPI,6043.0,-4.4355,1,90,5.0998,0.6324,1.0712,0.3067,3.0289,4,2.3527,7.2764,-0.2786,75.5556,0,0.0,-1
081660,미스토홀딩스,2024-05-08,41950,40150,KOSPI,28510.0,-4.2908,30,58,-2.4301,1.9221,1.3771,1.2199,2.6152,3,-0.3392,6.5045,1.1362,17.7419,0,1.87,-1
003960,사조대림,2024-05-08,40800,40400,KOSPI,3441.0,-0.9804,4,49,7.4468,4.111,1.1831,0.8369,3.5184,4,3.4444,19.8218,1.1362,74.8918,1,18.32,1
001720,신영증권,2024-05-08,69600,68900,KOSPI,30989.0,-1.0057,35,55,2.8358,0.7164,1.1816,1.2111,2.4259,3,2.9447,5.8513,1.1362,28.785,0,10.74,-1
094800,맵스리얼티,2024-05-08,4480,4295,KOSPI,5440.0,-4.1295,20,221,0.8216,0.9246,1.0155,0.7063,1.4302,4,1.4439,-1.7149,1.1362,11.7035,0,0.93,-1
006260,LS,2024-05-08,151300,144500,KOSPI,69264.0,-4.4944,0,190,4.483,0.7805,0.797,1.3531,7.2269,3,13.9409,25.6181,1.1362,91.6446,1,34.81,3
030190,NICE평가정보,2024-05-08,12000,11410,KOSPI,10251.0,-4.9167,0,182,12.3031,1.6031,1.515,1.2466,2.6418,4,2.7217,10.8363,1.1362,42.0922,0,1.93,-1
001040,CJ,2024-05-08,135500,133400,KOSPI,65065.0,-1.5498,5,20,4.4636,1.4476,1.0039,0.5608,4.6155,4,9.8669,2.5963,1.1362,121.2272,1,14.62,1
039490,키움증권,2024-05-08,136600,132500,KOSPI,121734.0,-3.0015,20,35,0.1512,0.7187,1.0433,0.6144,3.4232,4,8.8589,5.375,1.1362,75.9628,0,2.79,-1
009240,한샘,2024-05-08,60700,58000,KOSPI,10720.0,-4.4481,0,166,2.6549,1.4248,1.0107,1.2844,4.4027,2,2.3665,21.8754,1.1362,45.0,1,18.97,2
021240,코웨이,2024-05-08,62900,60000,KOSPI,62777.0,-4.6105,2,58,5.0788,1.2458,1.3799,0.8525,2.8095,4,0.0387,7.5594,1.1362,51.5152,1,5.33,5
009155,삼성전기우,2024-05-09,77600,74100,KOSPI,3637.0,-4.5103,11,20,-1.7241,0.3733,1.012,1.3277,2.1785,4,2.0629,-1.5214,-0.2027,26.0204,0,3.64,-1
950140,잉글우드랩,2024-05-09,16600,15900,KOSDAQ,2501.0,-4.2169,2,51,16.3982,2.7177,1.3393,0.8179,4.8338,3,-1.4128,23.6906,1.1132,257.3034,1,77.99,1
241710,코스메카코리아,2024-05-09,44400,44200,KOSDAQ,10691.0,-0.4505,2,51,23.9832,6.1011,2.0825,0.9952,5.0339,3,-1.2589,21.4943,1.1132,383.0601,1,48.42,1
006060,화승인더,2024-05-09,4435,4240,KOSPI,1873.0,-4.3968,0,247,3.2887,2.1139,0.902,1.3311,3.0829,4,6.3134,21.1728,-0.2027,37.4392,0,2.83,-1
192820,코스맥스,2024-05-10,157200,149900,KOSPI,23550.0,-4.6438,0,166,8.3092,2.1101,0.9863,0.8354,4.1599,3,4.5939,19.0894,0.8306,104.2234,1,18.61,1
017810,풀무원,2024-05-10,13550,13250,KOSPI,5051.0,-2.214,0,220,7.3744,5.0737,1.2845,1.0932,3.434,4,5.5393,17.5787,0.8306,42.015,1,25.96,4
086790,하나금융지주,2024-05-10,65200,62100,KOSPI,340114.0,-4.7546,7,31,8.9474,0.9855,0.8487,0.9752,4.1063,3,6.2777,6.054,0.8306,66.9355,1,5.15,1
001750,한양증권,2024-05-10,11160,10750,KOSPI,2826.0,-3.6738,16,28,1.7029,1.1,0.7149,0.4339,1.402,3,3.725,2.3364,0.8306,27.9762,1,7.44,5
000815,삼성화재우,2024-05-10,258000,247000,KOSPI,12429.0,-4.2636,9,31,3.5639,3.4627,1.3343,0.7015,2.6027,4,6.2904,4.7249,0.8306,48.2593,1,14.98,3
002790,아모레퍼시픽홀딩스,2024-05-10,36500,35050,KOSPI,27850.0,-3.9726,0,250,4.3155,1.8952,1.0775,1.1121,4.2083,3,4.899,28.267,0.8306,45.1346,1,14.55,7
251970,펌텍코리아,2024-05-10,29700,28900,KOSDAQ,7552.0,-2.6936,0,182,9.2628,3.5112,1.4624,1.3464,5.1656,2,1.9705,21.6367,0.5621,63.7394,1,37.72,1
001045,CJ우,2024-05-10,64200,63600,KOSPI,2294.0,-0.9346,10,27,5.4726,7.3807,1.907,1.0387,2.0889,4,5.3841,6.4206,0.8306,53.6232,1,5.03,1
017940,E1,2024-05-10,75700,72500,KOSPI,6538.0,-4.2272,0,36,5.5313,2.7385,1.122,0.7719,2.335,4,3.681,7.2171,0.8306,52.3109,1,16.69,6
035760,CJ ENM,2024-05-10,89300,88600,KOSDAQ,16776.0,-0.7839,2,60,16.1206,5.3001,1.7154,1.0618,3.4505,3,2.657,13.1735,0.5621,78.9899,1,7.11,9
213500,한솔제지,2024-05-10,11470,10900,KOSPI,2068.0,-4.9695,12,224,-0.4566,0.7481,0.7809,1.4739,2.0249,3,-0.5669,7.6271,0.8306,13.5417,1,6.33,6
071055,한국금융지주우,2024-05-10,51100,48800,KOSPI,9315.0,-4.501,14,45,6.434,2.4271,1.5417,0.9091,2.159,3,2.6201,5.2563,0.8306,34.8066,0,1.02,-1
329180,HD현대중공업,2024-05-13,149700,143500,KOSPI,560493.0,-4.1416,0,198,7.4102,1.5287,0.8703,1.3398,4.1314,3,3.7764,24.5794,0.7481,41.3793,0,0.91,-1
023910,대한약품,2024-05-13,30300,28800,KOSDAQ,1800.0,-4.9505,11,246,1.0526,1.5544,1.6604,0.4549,0.9921,3,0.0528,3.4688,-0.4277,12.9412,0,1.91,-1
000150,두산,2024-05-13,178200,170400,KOSPI,142182.0,-4.3771,0,28,10.5058,0.8127,0.7636,0.663,5.508,4,18.285,11.5049,0.7481,136.3384,1,34.68,6
100700,세운메디칼,2024-05-13,3080,3060,KOSDAQ,1132.0,-0.6494,0,107,11.4754,273.9432,3.8007,1.9229,2.3926,2,-0.2267,13.5515,-0.4277,25.9259,1,19.28,1
192080,더블유게임즈,2024-05-13,49500,48000,KOSPI,11942.0,-3.0303,5,53,10.3448,3.4762,1.8176,0.8585,2.872,3,1.1041,21.0793,0.7481,49.1656,0,0.42,-1
003690,코리안리,2024-05-13,7255,6917,KOSPI,25015.0,-4.6589,21,33,2.1412,0.9312,1.0058,0.7554,1.803,3,2.356,2.8153,0.7481,45.1322,0,0.61,-1
025820,이구산업,2024-05-13,7440,7110,KOSPI,1853.0,-4.4355,0,187,14.6774,3.5797,0.7604,1.1742,6.6606,4,18.7992,26.6713,0.7481,116.7683,1,18.42,1
000810,삼성화재,2024-05-13,346000,335500,KOSPI,245700.0,-3.0347,3,33,11.4618,0.6276,0.8121,0.748,3.5874,3,4.1166,12.9807,0.7481,56.0465,1,13.26,2
009300,삼아제약,2024-05-13,19770,19150,KOSDAQ,1024.0,-3.1361,0,221,19.6875,96.4805,3.4079,2.1634,2.1298,1,-0.1842,19.077,-0.4277,25.8213,1,30.29,2
017670,SK텔레콤,2024-05-13,55200,52600,KOSPI,158300.0,-4.7101,23,39,3.5433,0.7983,1.1201,0.6551,1.2086,3,0.7332,1.9863,0.7481,21.4781,0,0.57,-1
000660,SK하이닉스,2024-05-14,191400,185300,KOSPI,6377301.0,-3.187,11,20,3.1737,0.6968,0.7077,0.6235,3.0491,4,8.3183,-2.9298,1.8092,118.0,1,22.23,1
323280,태성,2024-05-14,5623,5413,KOSDAQ,22140.0,-3.7347,0,74,31.7032,5.8044,2.2673,1.7101,7.6641,3,-3.6289,52.5418,0.1952,217.478,1,137.52,1
00279K,아모레퍼시픽홀딩스3우C,2024-05-14,24000,23450,KOSPI,1890.0,-2.2917,4,250,5.6306,0.5412,1.3277,1.3254,2.9089,3,5.6374,18.3856,1.8092,39.3345,1,9.17,3
272550,삼양패키징,2024-05-14,18480,17840,KOSPI,1899.0,-3.4632,33,56,3.7209,1.479,1.1491,0.5123,1.7377,3,-0.1488,3.7529,1.8092,18.8541,0,1.01,-1
211270,AP위성,2024-05-14,20200,19450,KOSDAQ,2930.0,-3.7129,0,87,5.1351,1.4108,1.5528,1.061,4.8035,4,3.9682,7.561,0.1952,83.145,1,5.4,1
069510,에스텍,2024-05-16,9640,9300,KOSDAQ,1636.0,-3.527,0,97,8.8993,3.2418,2.3965,1.7015,2.2888,3,-0.5453,8.7405,2.1058,33.6207,1,10.0,2
003470,유안타증권,2024-05-16,2920,2805,KOSPI,9142.0,-3.9384,10,235,0.1786,1.8478,1.0972,1.1679,1.6934,4,2.0105,3.7651,3.092,19.8718,0,0.53,-1
049520,유아이엘,2024-05-16,4447,4366,KOSDAQ,1213.0,-1.8215,0,188,23.5078,3.6176,3.5457,1.6443,4.144,3,1.2314,20.0201,2.1058,83.5225,1,22.13,1
192400,쿠쿠홀딩스,2024-05-16,22450,21500,KOSPI,10046.0,-4.2316,0,173,6.6998,0.9031,0.9078,0.5713,2.2093,4,7.1453,16.0876,3.092,48.3782,0,3.72,-1
025620,차AI헬스케어,2024-05-16,9910,9580,KOSPI,2175.0,-3.33,0,183,24.4156,2.1329,2.2223,1.6933,7.5306,3,6.5428,52.4275,3.092,84.2308,0,1.25,-1
094280,효성ITX,2024-05-16,13180,12980,KOSPI,1478.0,-1.5175,24,230,1.4063,1.819,1.4536,0.5818,0.7979,4,1.0408,1.2488,3.092,9.4435,1,9.71,1
011560,세보엠이씨,2024-05-16,10570,10500,KOSDAQ,1597.0,-0.6623,0,163,10.8765,4.5078,2.787,1.6215,2.2449,4,4.1321,11.0408,2.1058,31.5789,1,42.29,2
136540,윈스테크넷,2024-05-16,13830,13230,KOSDAQ,1363.0,-4.3384,2,169,1.926,1.8393,1.2607,1.4236,1.8087,2,-0.8909,6.6042,2.1058,17.9144,0,6.2,-1
035000,HS애드,2024-05-16,6710,6490,KOSPI,1384.0,-3.2787,12,250,0.4644,0.3319,0.4777,0.9375,1.4418,4,1.6573,1.4168,3.092,15.0709,0,1.69,-1
036830,솔브레인홀딩스,2024-05-16,87800,85200,KOSDAQ,11090.0,-2.9613,1,56,24.7438,2.215,1.7459,1.0246,8.1866,3,8.1079,63.0105,2.1058,244.2424,0,9.39,-1
097955,CJ제일제당 우,2024-05-17,153600,150700,KOSPI,1892.0,-1.888,9,249,3.1485,1.8237,1.4474,0.9214,1.4978,4,3.2869,3.0063,4.4064,23.6259,1,6.83,1
298020,효성티앤씨,2024-05-17,430000,412000,KOSPI,16488.0,-4.186,0,220,13.3425,3.2452,1.3148,1.0986,3.4241,2,5.8494,28.2828,4.4064,47.4061,0,1.7,-1
029780,삼성카드,2024-05-17,41600,39700,KOSPI,70210.0,-4.5673,9,35,2.1879,1.0521,0.9059,0.4299,2.33,4,4.1913,2.8909,4.4064,41.0302,0,9.07,-1
005940,NH투자증권,2024-05-17,13100,12930,KOSPI,101380.0,-1.2977,16,42,4.0225,1.0249,1.0142,0.583,1.9169,4,4.368,13.246,4.4064,40.0867,0,0.39,-1
089030,테크윙,2024-05-17,39100,37200,KOSDAQ,16674.0,-4.8593,5,23,12.8983,0.6631,1.3311,0.8994,7.2389,4,24.5934,0.3754,2.6717,474.9614,1,27.42,1
003300,한일홀딩스,2024-05-17,13950,13670,KOSPI,5017.0,-2.0072,4,57,5.6414,2.0645,0.9839,0.7037,1.7766,4,2.717,8.0114,4.4064,31.4423,0,2.41,-1
037460,삼지전자,2024-05-17,9600,9220,KOSDAQ,3598.0,-3.9583,6,157,2.1041,0.7851,1.1642,1.6262,2.2079,4,2.511,3.0623,2.6717,29.8592,0,1.63,-1
007310,오뚜기,2024-05-17,472000,451500,KOSPI,15791.0,-4.3432,0,250,5.7377,5.8414,1.9038,1.2062,2.816,4,1.5622,9.7529,4.4064,31.8248,0,13.62,-1
072870,메가스터디,2024-05-20,12070,11520,KOSDAQ,1342.0,-4.5568,1,247,2.2183,3.1383,1.7972,0.5131,1.4261,4,1.0158,2.2845,1.6866,17.1923,0,0.69,-1
316140,우리금융지주,2024-05-20,15500,14740,KOSPI,261331.0,-4.9032,13,42,1.4453,1.0178,0.8569,0.6377,1.9771,3,0.8216,5.8085,6.1126,31.6071,0,1.49,-1
101530,해태제과식품,2024-05-20,6330,6100,KOSPI,2050.0,-3.6335,0,242,12.963,6.2596,3.5658,1.835,2.3419,3,0.2354,12.7958,6.1126,22.7364,0,62.3,-1
353810,이지바이오,2024-05-20,4595,4390,KOSDAQ,2461.0,-4.4614,0,249,5.1497,1.7014,0.8501,1.0356,2.7172,4,6.2419,15.0687,1.6866,47.563,1,10.14,1
005389,현대차3우B,2024-05-20,161800,155300,KOSPI,5679.0,-4.0173,15,60,3.3955,1.1189,0.9648,0.4778,1.5454,4,5.1411,2.3371,6.1126,57.9858,1,7.21,2
011780,금호석유화학,2024-05-20,163900,156400,KOSPI,36184.0,-4.576,1,60,12.1147,1.7744,1.2913,0.7321,3.85,3,1.6122,28.0212,6.1126,45.0835,0,0.0,-1
001680,대상,2024-05-20,23650,22700,KOSPI,7969.0,-4.0169,0,108,2.2523,3.2308,1.9664,1.507,2.6589,4,4.526,6.8227,6.1126,41.0814,1,36.12,2
357780,솔브레인,2024-05-20,322000,312500,KOSDAQ,31814.0,-2.9503,15,38,1.1327,1.0352,0.9995,0.814,3.4857,3,2.2019,1.4487,1.6866,50.6024,1,14.72,1
441270,파인엠텍,2024-05-20,11230,10670,KOSDAQ,4443.0,-4.9866,0,244,27.4791,2.1134,3.4617,1.9024,4.2643,3,-1.9639,34.7584,1.6866,55.5394,1,10.03,2
055550,신한지주,2024-05-20,51500,49000,KOSPI,475300.0,-4.8544,6,43,2.6178,0.8054,0.8473,0.603,3.4548,4,3.202,14.7259,6.1126,51.2346,0,0.82,-1
047810,한국항공우주,2024-05-20,58000,55200,KOSPI,157227.0,-4.8276,0,224,3.1776,0.9442,0.9913,0.6196,2.795,4,0.7212,7.5846,6.1126,26.6055,1,7.79,6
018670,SK가스,2024-05-20,174700,168400,KOSPI,20709.0,-3.6062,3,141,4.2079,1.2134,1.0947,1.079,2.2947,4,1.9971,3.2381,6.1126,42.9542,1,36.28,1
005380,현대차,2024-05-20,261000,250500,KOSPI,983861.0,-4.023,18,64,3.7267,1.0318,0.7388,0.7927,2.6233,4,4.0854,1.1679,6.1126,47.9622,1,15.77,2
025000,KPX케미칼,2024-05-20,45277,43061,KOSPI,2211.0,-4.8943,24,242,1.7846,2.7883,1.5521,0.9085,0.845,3,0.7173,-3.0638,6.1126,7.9196,0,9.53,-1
004970,신라교역,2024-05-20,10600,10190,KOSPI,1587.0,-3.8679,0,248,14.6232,4.8756,2.8788,1.6879,2.0679,4,0.7665,13.2083,6.1126,27.375,0,19.23,-1
049720,고려신용정보,2024-05-21,11820,11230,KOSDAQ,1469.0,-4.9915,5,211,2.0909,1.0968,0.9217,0.9967,2.0036,4,1.8836,1.0682,-1.0682,24.5011,0,1.07,-1
086710,선진뷰티사이언스,2024-05-21,11920,11600,KOSDAQ,1241.0,-2.6846,0,186,16.349,16.6707,2.4851,1.5032,7.3707,3,2.8349,47.9036,-1.0682,59.7796,1,108.62,1
018260,삼성에스디에스,2024-05-21,174000,166100,KOSPI,131310.0,-4.5402,4,103,6.4744,2.5536,1.3587,1.1466,2.348,2,0.1111,7.6332,3.3962,44.9389,0,3.43,-1
035810,이지홀딩스,2024-05-21,3470,3300,KOSDAQ,3510.0,-4.8991,2,241,3.125,3.629,1.4448,0.6568,2.1645,4,2.4115,5.9967,-1.0682,32.0,0,3.03,-1
071320,지역난방공사,2024-05-21,51300,49100,KOSPI,11393.0,-4.2885,0,56,15.3937,0.8904,1.1978,1.0,4.6261,4,8.1847,21.5402,3.3962,113.4783,0,9.78,-1
039200,오스코텍,2024-05-21,36000,34600,KOSDAQ,19359.0,-3.8889,0,194,21.4035,1.9313,1.642,1.0801,4.903,3,14.9097,21.416,-1.0682,92.2222,1,11.56,9
003350,한국화장품제조,2024-05-21,39450,39100,KOSPI,2425.0,-0.8872,0,186,41.1552,15.9915,3.6077,2.3113,6.5035,3,7.0599,46.9884,3.3962,92.6108,1,54.99,1
319660,피에스케이,2024-05-21,33500,32000,KOSDAQ,16250.0,-4.4776,3,21,12.478,0.9202,1.1329,1.1464,3.9732,4,11.579,-2.8357,-1.0682,86.5889,0,15.94,-1
010130,고려아연,2024-05-21,564000,537000,KOSPI,355049.0,-4.7872,0,162,8.7045,2.2385,1.5259,1.2414,2.5273,2,1.2025,10.375,3.3962,23.4483,0,0.19,-1
049630,재영솔루텍,2024-05-21,814,780,KOSDAQ,5050.0,-4.1769,0,250,8.6351,1.3785,1.371,1.5592,4.4322,4,5.2462,20.1522,-1.0682,52.6419,0,4.1,-1
268280,미원에스씨,2024-05-22,161800,160200,KOSPI,7105.0,-0.9889,0,212,9.726,2.1668,1.9763,1.9058,2.0465,3,2.3632,10.8415,5.0774,25.1562,1,3.12,1
042700,한미반도체,2024-05-22,153200,147300,KOSPI,185763.0,-3.8512,1,25,3.8787,1.7236,0.993,0.4759,4.0491,4,24.8541,2.9138,5.0774,654.2243,1,33.2,3
005387,현대차2우B,2024-05-22,171700,168900,KOSPI,89333.0,-1.6308,4,62,8.8975,2.8569,1.3634,0.8626,2.0046,4,4.465,10.0555,5.0774,68.9,0,1.36,-1
005385,현대차우,2024-05-22,167000,166600,KOSPI,58819.0,-0.2395,11,51,8.0415,3.4363,1.3632,0.8201,1.9122,4,4.6761,9.3456,5.0774,68.2828,0,1.68,-1
220100,퓨쳐켐,2024-05-22,15530,14850,KOSDAQ,5248.0,-4.3786,0,151,14.8492,0.8539,0.7022,0.9707,7.0659,3,15.4629,57.6944,0.4525,109.1549,1,16.3,3
051980,중앙첨단소재,2024-05-22,6240,6010,KOSDAQ,2627.0,-3.6859,0,37,34.7534,11.9776,2.1719,1.4386,7.4043,4,11.2984,16.9303,0.4525,350.8627,1,145.42,1
051160,지어소프트,2024-05-22,11000,10620,KOSDAQ,1167.0,-3.4545,0,107,14.4397,1.5114,1.3982,1.6461,4.6207,3,-1.4963,45.4266,0.4525,79.6954,1,15.63,1
003650,미창석유,2024-05-22,81100,80600,KOSPI,2157.0,-0.6165,55,64,1.1292,0.4999,0.7708,0.476,1.1521,4,0.9589,-1.7441,5.0774,24.9612,1,12.9,8
170920,엘티씨,2024-05-22,20200,19440,KOSDAQ,3011.0,-3.7624,0,77,28.4865,3.6885,2.0127,1.137,5.7282,3,-1.4942,29.4072,0.4525,163.0582,0,2.16,-1
069080,웹젠,2024-05-22,18470,17560,KOSDAQ,5162.0,-4.9269,2,65,4.4616,2.0105,1.0655,1.3763,2.823,4,-1.0599,1.6405,0.4525,45.4847,0,0.34,-1
002390,한독,2024-05-22,15460,14700,KOSPI,1543.0,-4.9159,0,243,7.6923,16.7056,2.3981,1.551,2.2741,3,-0.2501,6.2862,5.0774,28.0488,1,38.1,2
094800,맵스리얼티,2024-05-23,4480,4315,KOSPI,5440.0,-3.683,29,231,1.0539,0.5717,0.9103,0.8294,1.0098,4,1.2063,-2.2218,3.5129,12.2237,0,0.46,-1
086390,유니테스트,2024-05-23,18450,17610,KOSDAQ,4375.0,-4.5528,2,46,23.4057,9.5683,3.7135,1.6279,5.4393,3,1.5254,19.951,0.0899,65.9755,1,10.16,2
081660,미스토홀딩스,2024-05-23,41950,40200,KOSPI,28510.0,-4.1716,30,68,-0.3717,1.0219,0.6549,0.72,2.4165,4,-0.2582,-4.2537,3.5129,17.8886,0,0.87,-1
005720,넥센,2024-05-23,4640,4500,KOSPI,3721.0,-3.0172,3,232,5.8824,4.1763,1.5565,1.3148,2.5714,4,-0.8143,4.4008,3.5129,21.4575,1,8.44,4
297890,HB솔루션,2024-05-23,8000,7630,KOSDAQ,1686.0,-4.625,0,80,7.1629,0.8348,0.538,0.6765,6.9369,4,13.5253,38.3856,0.0899,125.6729,0,26.61,-1
009150,삼성전기,2024-05-23,165000,158200,KOSPI,234165.0,-4.1212,6,195,2.594,0.9862,1.148,0.7524,2.6187,4,3.0946,5.6658,3.5129,32.8296,0,2.97,-1
001720,신영증권,2024-05-23,69600,67200,KOSPI,30989.0,-3.4483,36,65,-1.0309,0.4679,0.6736,0.425,1.7538,4,1.539,-2.1554,3.5129,25.6075,1,13.54,5
009155,삼성전기우,2024-05-24,77600,74600,KOSPI,3637.0,-3.866,17,30,2.7548,0.7238,1.3969,0.8405,2.0969,4,2.4986,3.0542,2.462,26.8707,0,2.95,-1
092730,네오팜,2024-05-24,15080,14338,KOSDAQ,3204.0,-4.9204,0,87,7.2802,1.3837,1.1518,1.1412,3.7518,3,-1.06,16.4169,-0.7132,42.4399,1,22.49,7
086450,동국제약,2024-05-24,19620,18720,KOSDAQ,8363.0,-4.5872,0,66,5.7627,8.2446,1.7428,1.2778,3.0029,3,-1.9666,15.0688,-0.7132,44.0,1,6.73,2
126720,수산인더스트리,2024-05-24,26400,25400,KOSPI,3722.0,-3.7879,0,234,9.2473,1.5377,1.4275,1.4244,3.9792,4,5.537,10.9308,2.462,43.26,1,24.41,1
083650,비에이치아이,2024-05-27,11670,11360,KOSDAQ,22775.0,-2.6564,0,210,21.8884,8.2342,2.3272,1.2722,5.4326,4,4.8548,32.8294,-1.6515,79.1798,1,4.93,1
082740,한화엔진,2024-05-27,13890,13400,KOSPI,45479.0,-3.5277,4,20,5.1805,0.4071,0.9473,1.4741,5.3092,4,15.1907,5.865,1.7655,77.2487,0,26.79,-1
095570,AJ네트웍스,2024-05-27,5320,5100,KOSPI,2416.0,-4.1353,1,96,2.8226,4.9404,1.5874,1.2639,2.7381,3,0.1496,3.8246,1.7655,42.8571,0,0.78,-1
402340,SK스퀘어,2024-05-27,86500,84800,KOSPI,717233.0,-1.9653,7,20,4.9505,0.8013,1.0829,0.7089,3.8831,4,8.3897,-2.5842,1.7655,116.051,1,22.41,8
175330,JB금융지주,2024-05-27,14100,13490,KOSPI,56586.0,-4.3262,10,55,1.7345,1.8675,1.0918,0.6962,2.3774,4,2.7749,2.324,1.7655,65.7248,1,10.38,4
075580,세진중공업,2024-05-27,7580,7250,KOSPI,10273.0,-4.3536,6,20,7.7266,1.0636,1.1888,1.2533,5.2512,3,8.124,-2.5863,1.7655,72.8248,1,43.72,5
005090,SGC에너지,2024-05-27,29750,28300,KOSPI,4445.0,-4.8739,0,114,10.5469,1.4358,1.333,1.3801,3.2559,2,2.6962,5.4315,1.7655,31.0185,0,0.71,-1
051600,한전KPS,2024-05-27,39500,37650,KOSPI,26235.0,-4.6835,4,65,3.719,4.3515,1.4439,0.9233,2.0869,3,0.3421,8.0013,1.7655,20.48,0,2.26,-1
388720,유일로보틱스,2024-05-28,37900,37850,KOSDAQ,13966.0,-0.1319,1,37,44.4656,5.7047,2.1138,1.6924,6.02,3,-0.1534,51.0605,-0.2637,103.9332,1,9.64,1
068790,DMS,2024-05-28,7380,7040,KOSDAQ,1429.0,-4.607,2,41,10.5181,3.9513,1.7416,0.9037,2.9424,2,-0.3585,17.7929,-0.2637,41.3655,0,0.85,-1
176750,듀켐바이오,2024-05-28,8000,7980,KOSDAQ,2954.0,-0.25,2,35,14.8201,13.5271,2.4111,1.2876,3.0881,4,3.5679,8.1015,-0.2637,58.0198,1,31.58,1
003570,SNT다이내믹스,2024-05-28,19950,19060,KOSPI,16510.0,-4.4612,0,38,8.2955,5.1074,1.3797,1.1034,2.9119,3,1.3065,12.2111,3.5848,104.2872,1,18.05,5
023910,대한약품,2024-05-28,29650,29100,KOSDAQ,1800.0,-1.855,45,66,0.3448,0.3646,0.7618,1.0079,1.5587,4,-0.0498,3.0905,-0.2637,14.1176,0,0.0,-1
101930,인화정공,2024-05-29,13700,13150,KOSDAQ,3822.0,-4.0146,14,20,0.9985,0.4956,0.7728,0.7907,3.1559,4,6.0748,0.425,-2.144,73.0263,0,112.93,-1
072710,농심홀딩스,2024-05-29,74600,72000,KOSPI,4336.0,-3.4853,0,236,4.3478,5.0722,1.466,1.5036,2.1429,4,0.5356,7.6443,0.7894,17.0732,1,18.61,7
012210,삼미금속,2024-05-29,2290,2180,KOSDAQ,3207.0,-4.8035,1,250,4.0573,1.1271,0.479,0.4355,5.3735,4,15.411,28.9619,-2.144,167.1569,0,11.93,-1
078020,LS증권,2024-05-29,5840,5560,KOSDAQ,3334.0,-4.7945,0,39,5.104,3.2439,1.4608,0.9985,4.0853,4,5.5712,15.1521,-2.144,51.7053,0,4.32,-1
036200,유니셈,2024-05-29,11950,11940,KOSDAQ,3299.0,-0.0837,2,27,16.4878,25.6048,2.6905,1.1265,4.5106,4,8.785,9.7115,-2.144,73.2946,0,-1.26,-1
272550,삼양패키징,2024-05-29,18480,17990,KOSPI,1899.0,-2.6515,35,66,1.581,1.7805,1.3907,0.675,1.612,3,-0.1507,4.6001,0.7894,19.8534,0,7.28,-1
004370,농심,2024-05-29,500000,478000,KOSPI,26855.0,-4.4,0,156,15.1807,2.0172,1.3564,1.7337,3.9898,2,3.9545,21.6177,0.7894,37.554,1,25.31,7
039490,키움증권,2024-05-30,136600,132800,KOSPI,121734.0,-2.7818,29,50,3.1056,1.1825,1.0951,0.7354,2.7593,3,3.8007,2.3129,-1.9349,76.3612,0,0.98,-1
161890,한국콜마,2024-05-30,60700,59000,KOSPI,17184.0,-2.8007,0,192,6.3063,2.1462,1.0663,1.2899,4.9274,2,3.7066,21.6104,-1.9349,57.5434,1,27.12,1
192400,쿠쿠홀딩스,2024-05-30,22450,21350,KOSPI,10046.0,-4.8998,5,183,2.6442,0.5771,0.8559,0.8822,3.3456,4,8.0839,11.1421,-1.9349,47.343,0,4.92,-1
194370,제이에스코퍼레이션,2024-05-31,10625,10150,KOSPI,3859.0,-4.4706,0,70,14.5598,49.1261,3.0508,1.9477,5.3202,3,-1.8498,9.5274,-2.0631,82.8829,0,3.94,-1
105630,한세실업,2024-05-31,24500,23600,KOSPI,5192.0,-3.6735,0,130,17.1216,38.613,2.8939,1.9141,4.3099,1,0.7185,11.07,-2.0631,50.9917,0,2.12,-1
003300,한일홀딩스,2024-05-31,13950,13490,KOSPI,5017.0,-3.2975,10,67,1.7345,1.365,0.9185,1.1256,2.0491,4,1.0292,8.7034,-2.0631,29.7115,1,3.78,3
029780,삼성카드,2024-05-31,41600,40500,KOSPI,70210.0,-2.6442,16,45,3.5806,1.5636,1.2347,0.7613,2.3457,4,2.8336,5.6437,-2.0631,43.8721,1,6.91,8
072870,메가스터디,2024-06-03,11840,11450,KOSDAQ,1342.0,-3.2939,21,249,0.5268,0.7091,0.5445,0.4123,1.5034,4,0.8927,4.1308,-2.6237,16.4802,0,0.44,-1
036810,에프에스티,2024-06-03,37749,36226,KOSDAQ,9551.0,-4.0345,0,22,16.7978,1.7965,2.4199,1.1477,5.7954,4,13.3606,15.3158,-2.6237,112.6438,1,13.57,1
004970,신라교역,2024-06-03,10600,10350,KOSPI,1587.0,-2.3585,9,237,-1.7094,0.572,1.2082,1.4174,3.3678,4,2.7625,16.8593,-0.0421,29.375,1,20.68,4
034590,인천도시가스,2024-06-03,27450,26400,KOSPI,1148.0,-3.8251,0,206,1.9305,112.6084,3.5255,1.9626,2.2727,2,0.282,4.1841,-0.0421,6.2374,1,4.36,1
101530,해태제과식품,2024-06-03,6300,6000,KOSPI,2050.0,-4.7619,5,250,-1.6393,0.7195,0.6699,1.3132,4.0119,4,1.8447,12.8241,-0.0421,20.7243,1,65.0,4
037350,성도이엔지,2024-06-03,5150,4910,KOSDAQ,1110.0,-4.6602,0,215,11.8451,3.2104,1.4671,1.7741,3.4405,3,2.9201,24.763,-2.6237,33.7875,0,2.85,-1
136540,윈스테크넷,2024-06-04,13830,13310,KOSDAQ,1363.0,-3.7599,5,182,1.2167,1.8407,1.0357,1.3698,1.6851,3,0.3204,5.8614,-2.2817,18.6275,1,12.32,4
166480,코아스템켐온,2024-06-05,11491,11389,KOSDAQ,1732.0,-0.8877,0,31,14.7275,3.1872,1.1805,0.9423,5.2187,4,7.8239,22.0367,-2.3541,153.7656,1,9.61,1
000100,유한양행,2024-06-07,84605,81800,KOSPI,86179.0,-3.3154,0,165,17.192,1.7071,2.3366,1.3674,4.7939,3,3.4131,13.6429,-0.8153,55.682,0,11.86,-1
043370,피에이치에이,2024-06-07,13490,13320,KOSDAQ,2600.0,-1.2602,0,74,7.8543,1.8513,0.6729,1.3348,4.1399,4,-0.1804,21.3674,-0.7153,57.6331,1,7.73,1
094800,맵스리얼티,2024-06-07,4480,4270,KOSPI,5440.0,-4.6875,38,241,-0.117,0.7499,0.6944,1.0513,1.012,3,1.0626,0.2332,-0.8153,11.0533,0,1.29,-1
027360,아주IB투자,2024-06-07,3185,3180,KOSDAQ,5894.0,-0.157,0,98,9.4664,25.2212,2.5221,1.7909,5.2336,3,3.2287,11.71,-0.7153,61.3394,1,14.78,1
026960,동서,2024-06-10,20500,19920,KOSPI,27019.0,-2.8293,0,250,6.24,4.8301,1.4123,1.7157,2.5567,3,2.0297,6.6445,-0.4045,23.9577,1,5.92,4
005430,한국공항,2024-06-10,73300,70000,KOSPI,2204.0,-4.502,8,24,4.6338,0.6695,0.7096,0.7421,4.0306,4,6.7206,3.3457,-0.4045,99.4302,0,12.14,-1
077970,STX엔진,2024-06-10,16180,15380,KOSPI,13108.0,-4.9444,0,220,15.7261,2.6565,2.2585,1.1665,3.9615,4,3.2298,10.3401,-0.4045,39.8182,1,21.33,4
001130,대한제분,2024-06-10,146800,140000,KOSPI,2450.0,-4.6322,6,70,3.7806,2.4701,0.9225,1.2587,2.3265,3,0.0148,3.3457,-0.4045,16.1826,1,5.57,5
304360,에스바이오메딕스,2024-06-11,49500,48850,KOSDAQ,4267.0,-1.3131,0,32,32.027,1.2559,0.9794,0.8514,10.7033,4,47.4505,17.2248,0.486,0.0,1,5.63,1
005385,현대차우,2024-06-11,167000,160000,KOSPI,58819.0,-4.1916,10,64,0.9464,1.231,0.7742,0.8015,2.4955,3,0.0334,5.53,-0.8179,61.6162,1,21.25,6
033920,무학,2024-06-11,6100,5850,KOSPI,2679.0,-4.0984,0,167,6.1706,147.9387,3.6201,1.8774,3.7241,3,2.1308,13.102,-0.8179,24.4681,1,25.98,3
314930,바이오다인,2024-06-12,16314,15500,KOSDAQ,4396.0,-4.9896,0,181,61.1227,0.8723,3.507,1.5668,5.659,2,-4.3549,69.37,1.9007,107.1916,1,6.0,2
082740,한화엔진,2024-06-12,13890,13300,KOSPI,45479.0,-4.2477,5,31,9.2851,1.2313,0.8114,0.8285,4.8174,3,13.5911,0.8753,0.0352,75.9259,1,27.74,2
259960,크래프톤,2024-06-12,271000,265000,KOSPI,116850.0,-2.214,11,22,6.2124,1.998,0.9007,0.8394,3.6388,4,3.6907,2.0843,0.0352,81.6313,1,12.83,2
005850,에스엘,2024-06-12,42400,41600,KOSPI,25314.0,-1.8868,0,220,16.5266,6.5603,1.7335,0.9646,4.2067,4,2.5825,26.0254,0.0352,45.9649,1,14.54,2
035810,이지홀딩스,2024-06-12,3430,3270,KOSDAQ,3510.0,-4.6647,10,246,4.64,1.1863,0.7717,0.8967,2.8834,3,2.3758,0.2868,1.9007,30.8,0,1.83,-1
023910,대한약품,2024-06-12,29650,28350,KOSDAQ,1800.0,-4.3845,45,76,-1.9031,0.5058,0.6256,0.7551,1.3605,3,0.0996,-3.4632,1.9007,11.1765,0,0.88,-1
137400,피엔티,2024-06-13,86100,83500,KOSDAQ,12295.0,-3.0197,0,214,11.631,0.7325,0.9189,0.9103,7.1557,3,14.1885,87.6358,1.0648,138.5714,1,7.19,3
101930,인화정공,2024-06-13,13700,13090,KOSDAQ,3822.0,-4.4526,18,30,2.4257,1.0771,1.7329,1.3131,3.1704,3,4.3682,-1.2173,1.0648,72.2368,1,113.9,1
272550,삼양패키징,2024-06-13,18480,17860,KOSPI,1899.0,-3.355,37,76,0.6764,1.1956,0.83,0.8482,1.7037,3,-0.0123,-0.787,0.8992,18.9873,1,8.06,6
001800,오리온홀딩스,2024-06-14,16290,15680,KOSPI,14189.0,-3.7446,0,150,7.3238,4.0165,1.8277,1.2125,1.8677,3,0.751,5.9643,0.1969,19.7861,0,1.98,-1
166090,하나머티리얼즈,2024-06-14,61500,58800,KOSDAQ,12045.0,-4.3902,5,41,12.4283,7.6067,1.797,1.4603,4.4582,3,2.8986,10.8464,-0.9398,40.8383,1,17.86,1
192400,쿠쿠홀딩스,2024-06-14,22450,21800,KOSPI,10046.0,-2.8953,15,193,-0.4566,2.1876,0.8679,0.647,2.7195,4,8.3442,1.1985,0.1969,50.4486,0,2.75,-1
340570,티앤엘,2024-06-14,71600,68300,KOSDAQ,4503.0,-4.6089,1,20,23.9564,0.742,0.9971,1.5955,5.2918,4,8.9,-2.5912,-0.9398,82.1333,1,8.49,3
000140,하이트진로홀딩스,2024-06-14,9800,9320,KOSPI,2216.0,-4.898,0,250,1.9694,2.1552,2.279,1.1533,1.4255,4,0.2157,1.4389,0.1969,12.0192,0,1.72,-1
145990,삼양사,2024-06-14,60200,58900,KOSPI,5136.0,-2.1595,0,53,17.5649,29.9731,2.7765,1.4728,3.1834,4,1.9602,15.5202,0.1969,52.5907,1,10.02,1
014710,사조씨푸드,2024-06-14,6180,6090,KOSPI,1631.0,-1.4563,0,250,32.3913,4.892,1.0955,1.9759,7.9815,3,9.6471,54.5681,0.1969,85.3881,1,46.96,1
194480,데브시스터즈,2024-06-17,61200,58500,KOSDAQ,4579.0,-4.4118,0,22,12.2841,4.3396,1.3246,1.2095,4.7375,3,6.933,3.4515,0.4561,75.9398,1,30.43,5
005387,현대차2우B,2024-06-17,171700,165300,KOSPI,89333.0,-3.7274,3,79,4.2245,1.7182,0.9901,0.8562,2.3507,4,0.0407,4.7732,0.715,65.3,1,20.27,7
064350,현대로템,2024-06-17,43450,42600,KOSPI,218285.0,-1.9563,2,42,11.3725,10.6881,1.8996,1.0928,3.7056,4,6.0426,12.7338,0.715,84.8156,0,5.4,-1
081660,미스토홀딩스,2024-06-17,41950,40150,KOSPI,28510.0,-4.2908,19,84,1.3889,0.8467,1.1104,0.7168,2.5351,2,-0.5915,0.1644,0.715,16.7151,0,2.99,-1
012450,한화에어로스페이스,2024-06-17,254153,242950,KOSPI,590917.0,-4.408,3,32,11.4485,1.1892,0.9455,0.9723,5.2412,3,5.5353,13.9485,0.715,164.4181,1,14.67,2
000270,기아,2024-06-17,131700,129100,KOSPI,603969.0,-1.9742,1,65,6.3427,2.0705,1.2211,0.7841,2.7332,4,-0.5268,13.8369,0.715,68.5379,1,4.57,1
035150,백산,2024-06-17,15200,14990,KOSPI,2799.0,-1.3816,5,20,10.6273,7.4537,1.8584,1.4247,3.8359,3,6.404,3.745,0.715,106.7586,1,12.74,1
086280,현대글로비스,2024-06-18,103540,101290,KOSPI,182625.0,-2.1731,0,68,10.0548,3.6149,2.4003,1.6438,3.33,3,-0.5474,7.6115,0.7943,24.386,1,27.85,1
002960,한국쉘석유,2024-06-18,306000,297500,KOSPI,5870.0,-2.7778,21,20,-0.8333,0.5938,1.181,0.441,1.8487,4,6.913,-2.9324,0.7943,41.6667,0,6.72,-1
004360,세방,2024-06-18,14420,13850,KOSPI,2923.0,-3.9528,0,250,10.8887,8.6297,2.1516,1.6722,2.0629,3,-0.3658,11.4424,0.7943,37.8109,0,2.45,-1
072870,메가스터디,2024-06-18,11840,11430,KOSDAQ,1342.0,-3.4628,31,241,0.7937,1.0589,1.0109,0.3242,1.0999,3,1.1556,-2.1825,1.4013,16.2767,0,1.05,-1
381970,케이카,2024-06-18,15700,15000,KOSPI,7328.0,-4.4586,0,236,14.5913,13.2428,2.2194,1.8424,3.0571,3,1.7579,8.9351,0.7943,61.987,0,-1.67,-1
089860,롯데렌탈,2024-06-18,29600,29050,KOSPI,12055.0,-1.8581,0,249,4.6847,4.6693,1.1574,1.3297,1.7458,4,0.7304,6.4013,0.7943,14.1454,1,10.15,1
126700,하이비젼시스템,2024-06-19,28100,27150,KOSDAQ,3153.0,-3.3808,0,83,10.3659,7.6155,1.67,1.0442,5.2355,4,3.1441,6.4355,1.7318,60.177,0,1.29,-1
003470,유안타증권,2024-06-19,2890,2750,KOSPI,9142.0,-4.8443,15,81,0.365,0.9439,1.0016,0.6959,1.5584,3,0.4116,-4.9943,2.6852,17.5214,1,14.18,1
305090,마이크로디지탈,2024-06-19,9940,9480,KOSDAQ,1649.0,-4.6278,1,32,12.8571,4.198,1.3537,0.9686,5.2969,3,12.1666,8.8866,1.7318,0.0,1,20.78,3
371950,풍원정밀,2024-06-19,11930,11590,KOSDAQ,3123.0,-2.85,0,249,15.4382,2.8536,1.2454,1.2262,7.9071,4,12.5347,19.6294,1.7318,102.6224,1,55.31,1
000400,롯데손해보험,2024-06-19,4035,3950,KOSPI,5508.0,-2.1066,1,35,9.4183,1.8795,1.0341,0.8181,3.9964,4,5.7684,13.1506,2.6852,155.6634,1,3.54,1
005830,DB손해보험,2024-06-20,114200,110700,KOSPI,119202.0,-3.0648,3,24,7.2674,1.0011,0.7292,0.7146,3.5424,4,1.8718,7.0587,3.0906,57.0213,1,9.03,6
078000,텔코웨어,2024-06-20,11410,10850,KOSPI,1455.0,-4.908,0,69,3.0389,4.6297,2.4025,1.0599,1.7972,4,-0.2973,0.9363,3.0906,33.2924,0,1.84,-1
105560,KB금융,2024-06-20,83400,80800,KOSPI,579782.0,-3.1175,12,22,-0.2469,0.7046,0.8873,0.7584,2.7935,4,3.8681,-0.9414,3.0906,75.0813,1,11.39,8
005940,NH투자증권,2024-06-20,13100,12590,KOSPI,101380.0,-3.8931,15,65,5.8873,1.4815,1.113,0.8192,2.0481,4,0.0235,-3.0906,3.0906,36.403,0,10.01,-1
011780,금호석유화학,2024-06-20,163900,156700,KOSPI,36184.0,-4.3929,1,82,6.0934,2.0106,1.1702,1.2486,4.2164,4,1.2255,-1.0059,3.0906,45.3618,0,6.57,-1
123860,아나패스,2024-06-20,28300,27800,KOSDAQ,2103.0,-1.7668,1,97,9.8814,2.0546,0.9275,1.4078,6.3207,3,-5.0937,33.5574,1.3941,44.7917,1,26.08,1
267250,HD현대,2024-06-21,75500,72400,KOSPI,193533.0,-4.106,1,188,5.3857,1.3205,0.9102,0.6595,2.4073,3,-0.0983,2.9381,2.2944,27.2408,0,13.95,-1
329180,HD현대중공업,2024-06-21,149700,146300,KOSPI,560493.0,-2.2712,2,225,10.3318,3.5804,1.4529,0.5431,3.0808,4,4.4482,7.8712,2.2944,44.1379,1,19.62,1
213500,한솔제지,2024-06-21,11590,11320,KOSPI,2068.0,-2.3296,22,20,-0.3521,0.6721,1.0104,1.2534,1.9435,4,2.0046,-4.2858,2.2944,17.9167,0,0.8,-1
001250,GS글로벌,2024-06-21,3285,3210,KOSPI,2034.0,-2.2831,0,246,32.3711,38.591,2.9281,2.2097,3.6827,2,-3.4003,29.8043,2.2944,46.2415,1,38.01,1
000810,삼성화재,2024-06-21,380000,369000,KOSPI,245700.0,-2.8947,4,24,10.8108,1.59,0.9826,0.7096,3.3875,4,3.5383,3.8926,2.2944,71.6279,1,6.64,5
099320,쎄트렉아이,2024-06-24,58000,55100,KOSDAQ,20479.0,-5.0,1,35,0.9158,1.4359,0.8054,0.5976,4.8613,4,14.2936,3.3201,0.2514,117.7866,1,6.17,5
214450,파마리서치,2024-06-24,158200,153600,KOSDAQ,34961.0,-2.9077,0,209,10.2656,3.4374,1.1737,1.0246,4.8363,3,12.9542,10.8919,0.2514,76.9585,0,2.47,-1
035000,HS애드,2024-06-24,6600,6290,KOSPI,1384.0,-4.697,52,20,-0.9449,0.6957,0.7552,0.6772,1.3514,2,0.4447,-5.8019,2.8698,11.5248,0,1.75,-1
034950,한국기업평가,2024-06-24,89800,88700,KOSDAQ,4441.0,-1.2249,33,20,-0.783,0.697,0.9296,0.6706,0.7892,4,2.9829,-0.9233,0.2514,24.0559,0,1.24,-1
092460,한라IMS,2024-06-24,7550,7190,KOSDAQ,2570.0,-4.7682,1,230,4.8105,1.8455,1.3453,1.1566,4.0433,4,4.4528,1.0162,0.2514,33.6431,1,6.68,5
005430,한국공항,2024-06-24,73300,70000,KOSPI,2204.0,-4.502,17,34,-0.4267,0.5397,0.6898,0.57,3.2143,4,7.7771,-1.7138,2.8698,99.4302,1,12.86,1
149950,아바텍,2024-06-25,16250,15700,KOSDAQ,1361.0,-3.3846,0,249,14.85,47.8973,3.2273,1.5546,3.6351,3,3.513,19.5569,-0.7076,36.4031,1,12.36,1
094800,맵스리얼티,2024-06-25,4400,4200,KOSPI,5440.0,-4.5455,57,225,-0.2375,0.7869,1.2748,0.6113,1.4371,2,0.3114,-4.4398,1.8876,9.2328,0,3.21,-1
095190,이엠코리아,2024-06-25,3410,3320,KOSDAQ,1553.0,-2.6393,0,208,19.2101,3.3202,1.2891,1.7141,4.7009,3,7.4686,7.2886,-0.7076,52.6437,1,18.07,1
192080,더블유게임즈,2024-06-25,49500,47200,KOSPI,11942.0,-4.6465,2,82,7.151,2.1021,1.5589,0.8391,2.3002,4,-0.0995,4.0607,1.8876,46.6795,0,2.22,-1
039440,에스티아이,2024-06-25,43250,41200,KOSDAQ,5544.0,-4.7399,1,69,10.9017,2.5823,1.7075,0.9257,5.2098,4,-0.5771,22.0625,-0.7076,163.2588,0,2.18,-1
021240,코웨이,2024-06-25,63200,62100,KOSPI,62777.0,-1.7405,2,27,12.5,1.8801,1.1316,1.2435,3.5542,3,1.0124,9.4027,1.8876,56.8182,1,8.7,1
138930,BNK금융지주,2024-06-25,8750,8350,KOSPI,61134.0,-4.5714,24,25,5.0314,1.2057,0.926,0.6876,1.9333,3,1.06,-2.1266,1.8876,30.2652,1,7.78,6
106190,하이텍팜,2024-06-26,16850,16030,KOSDAQ,1631.0,-4.8665,2,23,17.6946,0.5974,0.9862,1.0721,5.1511,4,16.0272,6.8532,-1.0446,103.4264,1,20.27,3
024720,콜마홀딩스,2024-06-26,10980,10500,KOSPI,3502.0,-4.3716,0,30,22.093,8.4043,3.0674,1.4921,6.0272,4,4.8122,9.5183,2.5415,74.4186,1,14.29,1
014820,동원시스템즈,2024-06-26,52200,50400,KOSPI,8407.0,-3.4483,0,64,4.2399,1.4055,1.0738,1.0004,4.7477,4,2.9159,23.9328,2.5415,82.6087,0,2.58,-1
000815,삼성화재우,2024-06-27,284000,271000,KOSPI,12429.0,-4.5775,7,26,1.8797,0.6958,0.9527,1.0218,2.359,4,2.6087,-1.7234,3.9876,60.8309,1,7.56,4
087010,펩트론,2024-06-27,45693,45064,KOSDAQ,59576.0,-1.3766,0,199,21.7288,5.0529,1.35,1.5179,8.095,3,16.9887,23.8124,0.0239,430.9142,1,89.03,1
054540,삼영엠텍,2024-06-27,4860,4630,KOSDAQ,1777.0,-4.7325,0,117,4.8698,0.4559,0.7016,0.8344,4.5665,4,3.1279,7.0282,0.0239,29.5105,0,16.63,-1
009680,모토닉,2024-06-27,9340,8890,KOSPI,2937.0,-4.818,0,199,2.3015,1.3547,1.3441,1.3339,1.4302,3,1.5257,1.9719,3.9876,12.1059,0,1.01,-1
192400,쿠쿠홀딩스,2024-06-28,22450,22200,KOSPI,10046.0,-1.1136,25,203,2.3041,0.5471,0.6989,0.7553,2.1718,4,6.8688,-2.1801,6.1614,53.2091,0,5.41,-1
051600,한전KPS,2024-06-28,39500,37950,KOSPI,26235.0,-3.9241,2,88,2.0161,1.398,1.0,0.7618,2.0139,4,-0.123,-2.1888,6.1614,21.44,0,25.03,-1
009150,삼성전기,2024-06-28,165000,158000,KOSPI,234165.0,-4.2424,11,220,5.7564,1.1974,0.8482,0.5645,2.0886,3,2.1532,-5.2674,6.1614,32.6616,1,11.71,5
000100,유한양행,2024-06-28,84605,80900,KOSPI,86179.0,-4.3792,1,180,4.2526,0.5704,0.54,0.4729,3.2933,4,1.1693,9.7412,6.1614,53.9691,1,24.1,5
067160,SOOP,2024-07-01,139600,137000,KOSDAQ,8058.0,-1.8625,0,82,17.395,2.8709,1.7827,1.41,5.0886,3,-2.493,22.3478,0.8536,122.0421,1,4.96,1
002840,미원상사,2024-07-01,216000,210500,KOSPI,7073.0,-2.5463,6,34,6.3131,2.5391,1.2759,0.6483,2.0122,4,4.4721,-1.8976,6.3641,35.4569,0,1.43,-1
005930,삼성전자,2024-07-01,86000,81800,KOSPI,9814760.0,-4.8837,10,55,1.4888,0.5986,0.7641,0.6277,1.9997,3,1.2222,4.9284,6.3641,24.3161,1,8.56,4
002960,한국쉘석유,2024-07-02,306000,298000,KOSPI,5870.0,-2.6144,31,30,-0.5008,0.3798,0.7987,0.5803,1.3902,4,5.9561,-3.4979,3.666,41.9048,1,13.42,1
069510,에스텍,2024-07-02,10230,9750,KOSDAQ,1636.0,-4.6921,25,20,1.7745,0.3815,0.4634,0.6202,1.9487,3,5.2958,-2.9388,-1.7532,40.0862,0,2.36,-1
078140,대봉엘에스,2024-07-02,14950,14210,KOSDAQ,1354.0,-4.9498,0,224,32.556,34.5272,3.5445,1.9191,6.6502,4,0.9771,32.8418,-1.7532,83.5917,0,44.62,-1
036200,유니셈,2024-07-02,12380,12070,KOSDAQ,3299.0,-2.504,1,23,17.5268,4.5882,2.131,0.7461,4.8231,4,5.6795,16.8152,-1.7532,75.1814,1,3.4,2
055550,신한지주,2024-07-02,51500,49500,KOSPI,475300.0,-3.8835,1,73,4.3203,2.4036,1.1204,0.7601,2.5469,4,-0.4902,1.6532,3.666,52.7778,1,29.7,1
175330,JB금융지주,2024-07-02,14890,14540,KOSPI,56586.0,-2.3506,11,20,-0.0687,0.8649,0.8233,0.8123,3.3356,4,1.9835,-2.2005,3.666,78.6241,1,11.07,1
086790,하나금융지주,2024-07-02,65300,62900,KOSPI,340114.0,-3.6753,9,34,3.9669,2.1314,1.0965,0.6273,2.2485,4,-0.3216,-3.347,3.666,69.086,1,7.79,1
072870,메가스터디,2024-07-02,11840,11320,KOSDAQ,1342.0,-4.3919,38,125,-0.1764,0.2362,3.1358,1.2844,1.1421,3,0.858,0.6179,-1.7532,15.1577,0,2.03,-1
037460,삼지전자,2024-07-03,9600,9400,KOSDAQ,3598.0,-2.0833,11,189,6.6969,22.7802,2.5689,1.6967,1.7553,3,1.6093,7.9697,-1.1515,32.3944,0,1.6,-1
016360,삼성증권,2024-07-03,42750,41300,KOSPI,85371.0,-3.3918,0,87,7.9739,1.2701,0.976,0.9965,2.2743,3,-2.4953,10.408,4.9551,20.7602,1,11.74,1
071055,한국금융지주우,2024-07-03,51100,48600,KOSPI,9315.0,-4.8924,4,81,4.0685,3.209,1.3294,0.9882,2.1752,4,-0.6941,0.0125,4.9551,34.2541,1,7.41,10
002380,KCC,2024-07-04,327500,319500,KOSPI,43499.0,-2.4427,4,31,5.9701,1.5266,1.0915,1.2751,3.767,4,2.1774,0.9343,5.0359,71.1302,1,7.98,1
005945,NH투자증권우,2024-07-04,12250,11650,KOSPI,4463.0,-4.898,0,74,3.6477,3.4841,1.5163,0.8513,1.2201,4,-0.3671,0.5852,5.0359,29.4444,0,3.26,-1
003540,대신증권,2024-07-04,18100,17250,KOSPI,18025.0,-4.6961,0,74,3.2316,2.1917,0.8311,0.7635,2.882,3,-0.8433,7.8568,5.0359,36.3636,0,1.74,-1
078000,텔코웨어,2024-07-04,11410,10960,KOSPI,1455.0,-3.9439,10,79,0.6428,0.5194,0.9003,0.8469,1.6684,4,0.2053,-1.542,5.0359,34.6437,0,0.36,-1
081660,미스토홀딩스,2024-07-04,41950,40450,KOSPI,28510.0,-3.5757,26,97,1.5056,0.8348,1.0155,1.1245,2.3662,2,0.346,-2.501,5.0359,17.5872,0,10.14,-1
047820,초록뱀미디어,2024-07-04,8520,8100,KOSDAQ,1154.0,-4.9296,60,249,0.0,1.0,1.0,1.0,100.0,0,0.0,1.1684,-1.1684,0.0,0,-100.0,-1
016610,DB증권,2024-07-04,4695,4480,KOSPI,5743.0,-4.5793,0,88,3.7037,1.6663,1.3637,0.8709,1.8575,3,-1.2772,3.0461,5.0359,22.7397,0,2.68,-1
071050,한국금융지주,2024-07-04,75200,72300,KOSPI,131235.0,-3.8564,0,82,7.4294,1.6057,1.1668,0.9692,3.1516,4,-0.6102,6.024,5.0359,56.833,1,7.47,9
316140,우리금융지주,2024-07-04,15500,14850,KOSPI,261331.0,-4.1935,3,74,2.7682,1.0548,1.1306,0.9575,1.9625,4,-0.6501,0.4329,5.0359,32.5893,0,14.21,-1
298380,에이비엘바이오,2024-07-04,30500,29700,KOSDAQ,102743.0,-2.623,0,76,34.0858,11.7667,2.7385,1.617,5.2549,3,-3.9907,21.9001,-1.1684,93.2336,1,8.92,1
009155,삼성전기우,2024-07-04,77600,74200,KOSPI,3637.0,-4.3814,23,58,3.0556,3.3025,1.4181,0.8518,1.6943,3,0.2834,-3.2526,5.0359,26.1905,1,7.68,8
005940,NH투자증권,2024-07-04,13100,13010,KOSPI,101380.0,-0.687,19,75,4.2468,3.9984,1.4601,1.0485,2.4706,4,0.0686,4.0169,5.0359,40.9534,1,10.68,1
039490,키움증권,2024-07-04,136600,136000,KOSPI,121734.0,-0.4392,22,74,11.8421,2.9751,1.3833,1.2108,3.3666,3,-0.4554,-0.9011,5.0359,80.6109,1,7.65,1
024090,디씨엠,2024-07-05,12850,12330,KOSPI,1361.0,-4.0467,0,236,9.4055,6.4748,2.013,1.7829,1.8016,2,-0.5318,6.4579,5.1259,17.4286,0,0.24,-1
267250,HD현대,2024-07-05,75500,72500,KOSPI,193533.0,-3.9735,10,198,-2.6846,1.067,0.9169,0.7086,2.5616,3,1.0566,1.3352,5.1259,27.4165,1,17.24,4
00088K,한화3우B,2024-07-05,16050,15300,KOSPI,8984.0,-4.6729,0,62,1.5262,6.8371,1.8167,0.8838,1.1345,4,-0.0603,-2.5102,5.1259,15.6463,0,5.95,-1
141080,리가켐바이오,2024-07-05,84000,80000,KOSDAQ,65349.0,-4.7619,0,79,12.3596,4.9044,1.3863,1.205,5.9196,4,-0.6959,18.0998,-2.1578,156.4103,1,17.38,2
001270,부국증권,2024-07-05,27350,26350,KOSPI,7611.0,-3.6563,0,80,3.9448,1.074,0.7473,0.7406,1.6942,3,-0.2683,-0.9757,5.1259,33.6885,0,2.47,-1
005935,삼성전자우,2024-07-05,70000,68000,KOSPI,932659.0,-2.8571,9,63,6.9182,2.4588,1.1415,0.8633,1.6282,3,-0.9255,3.1544,5.1259,28.3019,1,3.38,4
053030,바이넥스,2024-07-05,18480,18250,KOSDAQ,4952.0,-1.2446,0,74,22.8956,10.3496,2.2916,1.0533,7.0646,4,0.1417,16.0778,-2.1578,152.0718,1,24.66,1
012750,에스원,2024-07-05,64000,61900,KOSPI,34389.0,-3.2813,28,38,6.7241,1.1593,0.573,1.1121,2.2617,3,-0.3616,-5.2871,5.1259,28.4232,0,1.13,-1
011780,금호석유화학,2024-07-08,163900,157700,KOSPI,36184.0,-3.7828,2,94,7.2789,3.4516,1.1294,0.9469,3.8455,4,2.7609,4.7919,5.7971,46.2894,1,5.9,3
010140,삼성중공업,2024-07-08,10300,9800,KOSPI,245080.0,-4.8544,9,38,1.2397,1.0264,0.7898,0.8116,3.1851,3,1.9866,-0.6469,5.7971,50.5376,1,25.31,7
035000,HS애드,2024-07-08,6600,6340,KOSPI,1384.0,-3.9394,51,30,0.4754,1.5896,1.0754,0.6039,1.1717,3,0.0157,-6.4241,5.7971,12.4113,0,0.95,-1
044990,에이치엔에스하이텍,2024-07-08,30500,29400,KOSDAQ,1346.0,-3.6066,28,20,0.0,0.7479,1.0304,0.0931,3.2313,4,8.6288,4.8844,-0.6291,117.7778,0,2.55,-1
000105,유한양행우,2024-07-08,73400,70400,KOSPI,1109.0,-4.0872,0,180,2.029,3.1583,2.5411,1.2657,3.0134,4,1.0739,0.227,5.7971,32.58,1,11.22,4
034020,두산에너빌리티,2024-07-08,22000,21000,KOSPI,602768.0,-4.5455,5,28,5.2632,2.5012,0.8821,0.8443,3.932,3,5.0696,2.172,5.7971,57.3034,1,19.05,1
023910,대한약품,2024-07-08,29650,28250,KOSDAQ,1800.0,-4.7218,39,94,0.3552,0.5876,0.8199,0.9135,1.1884,2,-0.0908,-0.4217,-0.6291,10.7843,0,1.95,-1
187660,현대ADM,2024-07-09,1938,1845,KOSDAQ,2335.0,-4.7988,2,72,21.1425,11.4415,1.9786,1.0756,4.9477,3,-2.6441,27.3708,-0.9144,112.5576,0,1.03,-1
134380,미원화학,2024-07-09,81900,80200,KOSPI,2294.0,-2.0757,34,20,-0.4963,0.082,0.5027,0.7906,1.0064,4,4.521,-5.9904,5.9904,26.6983,1,2.87,9
006280,녹십자,2024-07-09,131100,124900,KOSPI,19762.0,-4.7292,0,135,5.8475,6.4396,1.7,1.3383,2.7679,3,-1.2915,-1.1206,5.9904,34.3011,0,17.77,-1
094800,맵스리얼티,2024-07-09,4400,4250,KOSPI,5440.0,-3.4091,56,235,1.7964,1.2657,1.1423,1.0006,1.2857,3,-0.5811,-6.3421,5.9904,10.5332,0,4.35,-1
281820,케이씨텍,2024-07-09,54100,52400,KOSPI,9766.0,-3.1423,0,82,22.4299,2.4103,0.8807,1.1982,6.0046,4,3.0692,20.2746,5.9904,182.9374,1,12.6,2
034950,한국기업평가,2024-07-09,89800,86100,KOSDAQ,4441.0,-4.1203,40,31,-3.4753,1.2536,1.6972,1.7877,1.1697,3,1.9066,-2.8845,-0.9144,20.4196,0,1.97,-1
069620,대웅제약,2024-07-10,127600,122600,KOSPI,20728.0,-3.9185,0,72,18.3398,2.9025,3.2044,1.1201,3.6122,2,-3.8992,12.4205,5.125,38.8448,1,9.14,10
064350,현대로템,2024-07-10,43450,41550,KOSPI,218285.0,-4.3728,3,59,10.3586,5.3458,1.1137,0.9991,3.6531,3,3.9654,5.675,5.125,80.2603,1,25.87,3
001450,현대해상,2024-07-10,36800,35000,KOSPI,29457.0,-4.8913,0,104,2.489,1.4841,0.9786,0.8301,2.7449,3,1.3466,1.9086,5.125,28.4404,0,5.0,-1
290550,디케이티,2024-07-11,12350,11780,KOSDAQ,2258.0,-4.6154,1,27,12.1905,2.4717,1.1952,1.1653,4.4506,4,4.9503,9.4562,-2.1702,61.3699,1,18.42,3
000150,두산,2024-07-11,244000,241500,KOSPI,142182.0,-1.0246,2,20,5.0,1.4456,1.2639,1.026,5.9095,4,14.2008,-1.7482,4.9534,234.9515,1,9.11,1
178320,서진시스템,2024-07-11,36250,34450,KOSDAQ,19681.0,-4.9655,0,32,5.0305,2.3727,1.9758,1.5262,6.9148,4,7.2452,18.9499,-2.1702,0.0,0,-1.02,-1
103590,일진전기,2024-07-11,30250,28850,KOSPI,32569.0,-4.6281,0,30,9.6958,2.2839,1.3179,0.7433,5.5831,4,9.9583,11.1432,4.9534,252.8189,0,4.68,-1
003300,한일홀딩스,2024-07-11,14000,13360,KOSPI,5017.0,-4.5714,26,25,0.6782,0.4053,0.5583,0.4572,1.4168,3,2.1986,-3.8179,4.9534,28.4615,0,4.34,-1
010130,고려아연,2024-07-11,564000,539000,KOSPI,355049.0,-4.4326,1,198,0.9363,1.0532,0.7841,0.7322,2.7564,3,4.0584,5.6107,4.9534,23.908,0,1.86,-1
051600,한전KPS,2024-07-12,39500,37650,KOSPI,26235.0,-4.6835,3,98,5.0209,1.8632,1.7263,1.2021,2.6466,4,1.0757,-1.1248,3.5738,20.48,1,26.03,1
000210,DL,2024-07-12,62000,59000,KOSPI,9703.0,-4.8387,8,27,4.6099,1.0853,0.8052,0.7278,3.1356,3,3.0985,2.9244,3.5738,64.5746,0,1.69,-1
310210,보로노이,2024-07-12,82312,80200,KOSDAQ,40190.0,-2.5658,0,205,29.9838,2.0341,1.424,1.1144,6.3057,3,19.1815,90.2991,-1.3709,182.8924,1,4.74,1
054540,삼영엠텍,2024-07-12,4860,4645,KOSDAQ,1777.0,-4.4239,5,128,3.2222,0.3343,0.5054,1.2847,3.706,4,4.8189,11.1818,-1.3709,29.9301,1,31.54,2
049430,코메론,2024-07-12,9840,9560,KOSDAQ,1358.0,-2.8455,0,116,4.4809,2.0966,1.0874,1.1257,2.3087,4,1.4103,5.7377,-1.3709,15.8788,1,7.85,1
192400,쿠쿠홀딩스,2024-07-12,22450,22000,KOSPI,10046.0,-2.0045,35,213,0.4566,0.4079,0.9592,0.9518,1.9156,4,6.1341,-2.6564,3.5738,49.5581,1,6.36,1
214450,파마리서치,2024-07-15,158200,150300,KOSDAQ,34961.0,-4.9937,3,224,1.7603,0.5774,0.6189,0.8094,4.7001,4,10.5559,8.6045,-0.7078,73.1567,0,19.23,-1
052690,한전기술,2024-07-15,81900,80200,KOSPI,55801.0,-2.0757,0,245,11.5438,9.9431,2.9785,1.494,4.2127,4,2.9774,11.9748,4.2571,54.2308,1,22.32,3
086450,동국제약,2024-07-15,19980,19260,KOSDAQ,8363.0,-3.6036,10,28,3.7716,0.8045,0.5737,1.1933,4.035,4,3.7209,6.0689,-0.7078,48.1538,1,6.96,2
001130,대한제분,2024-07-15,147800,141300,KOSPI,2450.0,-4.3978,21,20,-1.3957,0.3268,0.5369,0.8032,1.5165,4,2.5688,-7.3436,4.2571,17.2614,0,2.48,-1
006360,GS건설,2024-07-15,17400,17260,KOSPI,18314.0,-0.8046,0,156,13.4034,6.5854,2.2389,1.5263,2.5658,4,0.5311,13.962,4.2571,36.2273,1,18.19,1
002840,미원상사,2024-07-15,216000,211000,KOSPI,7073.0,-2.3148,13,44,3.1785,0.4624,0.6123,0.5816,2.4103,4,3.7289,0.718,4.2571,35.7786,0,0.47,-1
012630,HDC,2024-07-15,8890,8540,KOSPI,12367.0,-3.937,11,60,4.7853,3.7102,1.2403,1.1435,2.1412,3,-0.4181,-0.6164,4.2571,55.2727,1,19.44,2
294870,HDC현대산업개발,2024-07-15,20750,19750,KOSPI,15521.0,-4.8193,0,91,13.0509,4.2503,1.6964,1.4064,3.349,3,0.5892,11.3752,4.2571,102.1494,1,24.56,1
069510,에스텍,2024-07-16,10230,9720,KOSDAQ,1636.0,-4.9853,30,30,1.0395,0.3004,1.9294,1.1218,2.1384,3,4.9107,0.1368,-2.2516,39.6552,0,3.6,-1
017800,현대엘리베이터,2024-07-16,50400,47950,KOSPI,40695.0,-4.8611,0,218,13.4911,5.9866,1.5459,1.3368,3.6943,2,2.7852,6.2805,3.6966,27.6964,0,0.73,-1
011070,LG이노텍,2024-07-16,306500,302000,KOSPI,57629.0,-1.4682,1,250,9.8182,1.6659,1.3329,0.6559,2.9801,3,11.7243,10.9144,3.6966,68.2451,0,1.16,-1
072870,메가스터디,2024-07-16,11840,11490,KOSDAQ,1342.0,-2.9561,48,135,1.0554,0.2549,0.669,1.314,1.4795,4,0.9377,2.7765,-2.2516,16.8871,0,0.09,-1
251120,바이오에프디엔씨,2024-07-16,17300,16600,KOSDAQ,1407.0,-4.0462,0,241,10.8144,1.1352,1.2775,1.0946,3.3821,4,5.0752,19.153,-2.2516,48.2143,1,15.36,1
010120,LS ELECTRIC,2024-07-16,244000,234000,KOSPI,191100.0,-4.0984,0,33,9.8592,0.8667,0.999,0.7763,6.5659,4,20.1942,12.4325,3.6966,275.0,1,17.31,5
017670,SK텔레콤,2024-07-16,55200,52800,KOSPI,158300.0,-4.3478,2,83,2.924,1.5856,1.2447,1.1227,1.0417,3,-0.2322,-1.1723,3.6966,21.94,0,6.82,-1
024880,케이피에프,2024-07-17,6170,6020,KOSDAQ,1219.0,-2.4311,0,221,16.441,29.4349,2.6598,1.6315,3.5299,4,5.1782,18.5735,-3.688,39.6752,0,1.33,-1
207940,삼성바이오로직스,2024-07-17,1295135,1252454,KOSPI,791575.0,-3.2955,0,82,5.4523,2.086,1.0184,0.8234,2.7615,3,-1.3205,11.0722,1.643,27.3952,1,15.86,5
003220,대원제약,2024-07-17,19490,18630,KOSPI,2635.0,-4.4125,0,159,28.3942,17.288,3.937,2.0764,4.9306,2,0.1725,28.7279,1.643,37.694,0,-3.92,-1
003690,코리안리,2024-07-18,7255,7078,KOSPI,25015.0,-2.4397,5,79,4.9059,5.3346,1.4803,1.2597,1.6147,3,-0.1619,3.7844,0.5955,47.1518,0,4.55,-1
005945,NH투자증권우,2024-07-18,12250,11760,KOSPI,4463.0,-4.0,6,84,0.0851,1.1791,1.6358,1.24,1.5792,4,2.1874,4.124,0.5955,30.6667,0,2.3,-1
016610,DB증권,2024-07-18,4695,4515,KOSPI,5743.0,-3.8339,5,98,1.2332,0.9324,1.0283,1.1378,2.2544,3,1.6077,4.4045,0.5955,23.6986,0,0.44,-1
003470,유안타증권,2024-07-18,3140,2990,KOSPI,9142.0,-4.7771,5,20,-2.1277,0.4019,1.0728,1.1025,2.5561,4,3.4275,3.9499,0.5955,27.7778,0,2.68,-1
316140,우리금융지주,2024-07-18,15500,14900,KOSPI,261331.0,-3.871,11,84,0.1344,0.8371,0.6971,0.5223,1.7546,4,1.4208,3.1649,0.5955,33.0357,1,13.83,6
081660,미스토홀딩스,2024-07-18,41950,41150,KOSPI,28510.0,-1.907,34,107,2.875,1.9781,1.1454,0.991,2.2045,4,1.3842,2.5373,0.5955,19.6221,1,8.26,9
018120,진로발효,2024-07-19,16550,15770,KOSDAQ,1169.0,-4.713,3,204,2.3361,2.5179,1.1335,0.9329,1.2818,2,1.5049,2.4298,-2.8088,19.651,0,12.75,-1
00088K,한화3우B,2024-07-19,16050,15550,KOSPI,8984.0,-3.1153,10,72,-2.5078,0.465,0.793,1.6407,1.5802,4,1.078,3.1953,0.4023,17.5359,1,4.24,5
033780,KT&G,2024-07-22,96000,92900,KOSPI,202920.0,-3.2292,4,87,6.7816,2.7858,1.3431,1.0547,1.4455,2,-1.1915,8.1931,-0.0441,13.7087,0,12.27,-1
009450,경동나비엔,2024-07-22,61200,58200,KOSPI,8960.0,-4.902,5,58,10.6464,2.5128,1.7425,0.9602,3.0069,3,-1.3931,4.3452,-0.0441,41.2621,1,27.32,2
035000,HS애드,2024-07-22,6600,6320,KOSPI,1384.0,-4.2424,58,40,0.4769,0.5281,1.1944,0.9156,1.0398,3,0.11,0.5211,-0.0441,12.0567,0,0.95,-1
044990,에이치엔에스하이텍,2024-07-22,30500,29650,KOSDAQ,1346.0,-2.7869,38,30,0.3384,0.3925,1.3447,0.2183,2.4693,4,8.9845,4.6007,-3.7504,119.6296,0,7.59,-1
006280,녹십자,2024-07-23,131100,127300,KOSPI,19762.0,-2.8986,8,145,3.0769,1.1828,1.1088,0.8167,3.0075,4,1.914,10.8921,-0.0036,36.8817,1,31.19,5
082740,한화엔진,2024-07-23,16990,16900,KOSPI,45479.0,-0.5297,1,20,16.3111,3.3147,1.7861,1.2425,4.7041,4,12.1865,6.8304,-0.0036,123.545,1,1.54,1
018290,브이티,2024-07-23,40000,38000,KOSDAQ,7268.0,-5.0,2,24,22.7787,2.0718,1.9262,1.3652,6.344,4,15.7065,21.1946,-3.5475,375.5945,0,4.47,-1
034950,한국기업평가,2024-07-23,89800,85500,KOSDAQ,4441.0,-4.7884,50,41,-0.3497,0.4841,0.5383,0.8677,1.8797,2,1.064,-0.4929,-3.5475,19.5804,0,2.22,-1
259960,크래프톤,2024-07-23,299000,292000,KOSPI,116850.0,-2.3411,5,21,6.1818,2.1754,1.0922,0.8633,3.7304,4,3.9107,3.3664,-0.0036,100.1371,1,17.12,5
094800,맵스리얼티,2024-07-23,4400,4325,KOSPI,5440.0,-1.7045,58,245,2.0047,0.7377,1.3104,1.4543,1.569,3,-0.203,2.9798,-0.0036,12.4837,1,2.54,6
272210,한화시스템,2024-07-24,22450,22250,KOSPI,191375.0,-0.8909,1,26,13.0589,6.2739,1.5834,1.2154,4.687,4,3.0662,20.7535,-1.1941,92.9748,1,5.17,4
006620,동구바이오제약,2024-07-24,8740,8500,KOSDAQ,1623.0,-2.746,0,46,20.0565,79.0554,3.3637,1.5646,4.3445,4,3.5662,28.126,-3.3095,84.182,0,-0.47,-1
251970,펌텍코리아,2024-07-24,49150,47000,KOSDAQ,7552.0,-4.3744,3,25,9.0487,2.2442,1.1172,0.7941,6.2842,4,21.8596,7.9866,-3.3095,122.7488,1,8.3,4
272550,삼양패키징,2024-07-25,19300,18500,KOSPI,1899.0,-4.1451,12,21,1.4811,1.3657,0.8805,0.3613,1.8147,3,2.0732,0.1592,-2.6368,23.2512,1,6.49,6
003300,한일홀딩스,2024-07-25,14000,13440,KOSPI,5017.0,-4.0,36,35,-1.6825,0.9357,0.9883,0.8794,1.5838,3,2.8046,3.1604,-2.6368,29.2308,0,7.07,-1
004140,동방,2024-07-26,3835,3675,KOSPI,1245.0,-4.1721,0,24,23.5294,15.2276,2.7614,1.2955,6.1613,4,8.6839,6.908,-2.3561,105.3073,1,4.63,1
009070,KCTC,2024-07-26,5450,5330,KOSPI,2250.0,-2.2018,0,23,31.2808,74.8731,3.6575,2.191,4.8646,3,3.7503,11.9142,-2.3561,50.1408,1,31.89,1
014940,오리엔탈정공,2024-07-26,4315,4160,KOSDAQ,3578.0,-3.5921,2,250,7.3548,2.9467,1.0908,1.2496,4.6274,4,6.8134,16.93,-5.1021,64.7525,1,20.07,1
007390,네이처셀,2024-07-26,12790,12700,KOSDAQ,14691.0,-0.7037,1,47,24.5098,23.0273,2.6108,1.1828,5.2081,3,4.0985,40.641,-5.1021,84.593,1,1.73,1
063160,종근당바이오,2024-07-26,25850,25300,KOSPI,1174.0,-2.1277,1,87,15.0,35.0677,3.0839,2.1691,3.3456,2,-1.91,21.6957,-2.3561,32.8084,1,31.82,1
136540,윈스테크넷,2024-07-26,14950,14490,KOSDAQ,1363.0,-3.0769,9,20,5.0,1.308,1.5384,0.9195,1.8781,4,3.8596,3.8751,-5.1021,29.1444,0,0.9,-1
334970,프레스티지바이오로직스,2024-07-26,5550,5400,KOSDAQ,2325.0,-2.7027,0,129,7.5697,18.996,2.666,1.5652,6.0119,2,2.4089,40.4404,-5.1021,40.2597,1,34.81,1
344820,KCC글라스,2024-07-26,44200,42350,KOSPI,4504.0,-4.1855,4,248,-0.8197,1.3283,0.901,2.0397,1.889,3,0.7682,8.0989,-2.3561,9.715,0,0.94,-1
014790,HL D&I,2024-07-26,2660,2555,KOSPI,1206.0,-3.9474,3,26,0.5906,1.1253,1.2378,1.3367,5.3117,4,5.9927,13.6851,-2.3561,32.5207,1,12.72,1
004360,세방,2024-07-29,14370,14000,KOSPI,2923.0,-2.5748,8,114,9.0343,16.1702,2.9141,1.4468,3.2755,4,3.9172,3.5727,-1.3829,39.3035,0,3.14,-1
029780,삼성카드,2024-07-29,43300,41250,KOSPI,70210.0,-4.7344,0,32,3.5132,4.3954,1.282,0.6566,2.2338,4,2.2036,9.3672,-1.3829,46.5364,0,10.42,-1
013580,계룡건설,2024-07-29,16050,15260,KOSPI,2193.0,-4.9221,0,250,3.8095,1.1418,0.8838,1.981,2.9676,3,2.0123,13.424,-1.3829,22.4719,0,2.1,-1
001130,대한제분,2024-07-29,147800,141700,KOSPI,2450.0,-4.1272,28,30,-0.8397,0.2451,0.5865,1.153,1.6937,3,2.2292,2.1652,-1.3829,17.5934,0,0.92,-1
005720,넥센,2024-07-29,4900,4655,KOSPI,3721.0,-5.0,31,20,-0.7463,0.4994,0.3891,0.7921,1.9564,3,4.3692,-2.2403,-1.3829,25.641,0,4.19,-1
023910,대한약품,2024-07-29,29650,28250,KOSDAQ,1800.0,-4.7218,40,109,0.5338,0.5249,0.5937,0.7372,1.1252,1,0.0059,4.9778,-4.6226,10.7843,0,0.71,-1
001450,현대해상,2024-07-29,36800,35100,KOSPI,29457.0,-4.6196,2,117,3.6928,0.832,0.967,0.9144,2.8287,4,4.1697,5.0756,-1.3829,28.8073,0,4.7,-1
145020,휴젤,2024-07-29,262500,250500,KOSDAQ,31990.0,-4.5714,0,34,13.8636,1.1805,1.6572,1.2423,4.3484,4,3.7371,11.6738,-4.6226,146.798,1,17.96,7
002840,미원상사,2024-07-29,216000,208000,KOSPI,7073.0,-3.7037,22,54,0.0,0.6395,0.8421,0.4886,1.6655,3,3.2603,0.1952,-1.3829,33.8481,0,0.24,-1
069510,에스텍,2024-07-30,10230,9760,KOSDAQ,1636.0,-4.5943,35,40,0.4115,0.4026,0.5442,0.5265,2.0565,4,4.5901,3.2511,-3.1485,40.2299,0,18.85,-1
047810,한국항공우주,2024-07-30,59500,57100,KOSPI,157227.0,-4.0336,1,44,14.8893,7.0604,2.3263,1.2083,2.5832,3,-0.2616,18.6626,-1.5344,30.9633,0,3.68,-1
017670,SK텔레콤,2024-07-30,55200,54600,KOSPI,158300.0,-1.087,12,93,2.2472,1.0338,1.0646,0.977,1.596,4,1.1237,7.1437,-1.5344,23.9501,1,3.48,7
082800,비보존 제약,2024-07-30,3844,3749,KOSDAQ,2172.0,-2.4714,0,176,23.2818,16.2931,2.8013,1.3203,4.7727,3,3.122,17.1692,-3.1485,64.7188,1,20.41,2
072870,메가스터디,2024-07-30,11840,11270,KOSDAQ,1342.0,-4.8142,58,145,-1.1404,0.5322,0.7601,0.2791,1.5845,3,1.0045,2.7068,-3.1485,14.649,0,2.13,-1
001270,부국증권,2024-07-31,27350,26650,KOSPI,7611.0,-2.5594,6,98,4.7151,1.156,0.7499,1.8609,2.3854,3,2.7763,6.3792,-0.8346,35.2106,1,3.75,9
001720,신영증권,2024-07-31,76300,72900,KOSPI,30989.0,-4.4561,8,40,3.1117,1.5354,0.7692,0.7223,1.4501,4,2.7531,3.3663,-0.8346,32.7869,0,17.97,-1
097955,CJ제일제당 우,2024-07-31,162000,155000,KOSPI,1892.0,-4.321,18,26,2.1753,0.9517,1.1927,1.1465,2.1106,3,1.5932,6.7813,-0.8346,27.1534,0,0.0,-1
038500,삼표시멘트,2024-07-31,3715,3595,KOSDAQ,17396.0,-3.2301,0,39,16.9106,91.0777,3.7788,1.142,3.8645,3,2.8445,21.8098,-3.9409,27.7087,0,1.11,-1
086790,하나금융지주,2024-07-31,67800,64700,KOSPI,340114.0,-4.5723,3,20,5.0325,1.3821,1.5089,1.0299,3.323,4,3.5004,0.9894,-0.8346,73.9247,0,7.11,-1
000815,삼성화재우,2024-08-01,291500,278500,KOSPI,12429.0,-4.4597,15,20,6.0952,1.2333,1.194,0.929,2.4878,3,5.5663,0.7833,-1.673,63.3431,0,-0.9,-1
003690,코리안리,2024-08-01,7255,7103,KOSPI,25015.0,-2.0951,9,89,3.845,0.7673,1.1514,1.261,2.2174,3,0.6661,6.0368,-1.673,47.4569,1,7.53,9
000810,삼성화재,2024-08-01,393500,374500,KOSPI,245700.0,-4.8285,8,24,7.9251,0.814,0.8342,0.7151,3.5094,3,7.0272,1.5396,-1.673,62.1212,0,-2.4,-1
064820,케이프,2024-08-01,6500,6240,KOSDAQ,3356.0,-4.0,2,55,15.342,1.1857,2.0525,1.7223,4.842,4,2.0055,16.4931,-3.2445,64.2105,0,-1.44,-1
069080,웹젠,2024-08-01,18470,17680,KOSDAQ,5162.0,-4.2772,1,115,14.2857,4.1878,2.2447,1.136,3.0866,2,-0.4985,13.4689,-3.2445,46.4789,1,11.48,8
003470,유안타증권,2024-08-01,3140,3025,KOSPI,9142.0,-3.6624,8,30,3.7736,0.3544,0.7204,1.0869,2.2668,4,3.6203,3.8689,-1.673,29.2735,0,0.66,-1
005945,NH투자증권우,2024-08-01,12250,12000,KOSPI,4463.0,-2.0408,15,94,3.1814,0.9573,1.2698,1.011,1.3929,4,2.9638,4.6772,-1.673,33.3333,0,0.25,-1
003650,미창석유,2024-08-01,91000,87000,KOSPI,2157.0,-4.3956,0,42,6.0976,3.1069,1.4067,1.2113,1.6502,4,1.4828,12.6423,-1.673,34.8837,0,5.75,-1
000210,DL,2024-08-01,62000,59700,KOSPI,9703.0,-3.7097,9,41,10.7607,2.6653,1.0506,1.1414,3.7569,3,2.7104,7.712,-1.673,66.5272,0,-1.84,-1
024090,디씨엠,2024-08-02,12390,11930,KOSPI,1361.0,-3.7127,17,20,1.4456,1.7867,1.2596,0.881,1.5148,3,3.1025,3.2557,-6.4998,13.619,1,12.66,7
018120,진로발효,2024-08-02,16550,16170,KOSDAQ,1169.0,-2.2961,13,214,0.4348,0.2885,0.5168,1.4683,1.7272,3,3.0047,13.522,-8.0426,22.6859,1,9.96,10
025000,KPX케미칼,2024-08-02,47353,44994,KOSPI,2211.0,-4.9817,28,20,2.3591,0.8328,0.9759,1.1253,1.5569,3,2.1907,4.0457,-6.4998,12.7641,0,1.99,-1
299660,셀리드,2024-08-05,5835,5577,KOSDAQ,1055.0,-4.4216,0,239,30.0303,4.9709,2.8585,1.6472,12.7629,2,-3.3082,224.471,-19.5503,262.3782,1,175.67,1
044990,에이치엔에스하이텍,2024-08-06,30500,29000,KOSDAQ,1346.0,-4.918,48,41,-2.027,0.7164,1.1036,1.4178,2.069,3,7.8194,13.2961,-14.8242,114.8148,1,10.0,1
034950,한국기업평가,2024-08-06,89800,85600,KOSDAQ,4441.0,-4.6771,58,51,-1.0405,1.3069,1.4715,1.7577,1.6856,2,0.4835,14.2434,-14.8242,18.5596,0,3.15,-1
033780,KT&G,2024-08-07,96000,93400,KOSPI,202920.0,-2.7083,10,99,0.1072,1.4148,1.142,1.8783,2.6384,3,0.2807,18.9242,-10.4456,13.7637,1,21.52,2
003610,방림,2024-08-07,2840,2720,KOSPI,2392.0,-4.2254,2,27,5.8366,3.4713,2.1941,1.6511,4.5168,3,6.9706,15.6681,-10.4456,44.9121,1,12.87,8
007340,DN오토모티브,2024-08-08,19007,18326,KOSPI,17114.0,-3.5829,2,250,0.8808,0.998,1.4995,1.7398,3.9355,3,1.4398,22.0772,-11.5731,37.6032,1,3.83,1
251270,넷마블,2024-08-08,72400,69400,KOSPI,48564.0,-4.1436,0,62,9.6367,2.4942,1.5175,1.2187,5.3726,4,2.5473,24.7868,-11.5731,88.8435,0,3.89,-1
003300,한일홀딩스,2024-08-08,14000,13360,KOSPI,5017.0,-4.5714,43,45,-4.023,0.6075,1.7653,1.6821,2.6411,3,2.1361,11.5731,-11.5731,28.4615,1,9.06,10
089860,롯데렌탈,2024-08-12,32000,30500,KOSPI,12055.0,-4.6875,24,26,12.7542,0.4568,1.0028,1.8724,3.3607,3,3.7421,4.2419,-8.4805,19.6078,1,6.07,9
000640,동아쏘시오홀딩스,2024-08-12,117930,113948,KOSPI,7125.0,-3.3766,0,91,9.8315,2.7402,1.4094,1.5003,3.5014,3,0.014,17.3945,-8.4805,43.3994,1,9.55,3
013580,계룡건설,2024-08-12,15660,15300,KOSPI,2193.0,-2.2989,8,245,12.2524,0.497,0.5818,1.7296,3.3613,3,3.1797,16.1511,-8.4805,22.7929,0,1.83,-1
003460,유화증권,2024-08-12,2405,2290,KOSPI,1758.0,-4.7817,0,245,8.0189,2.3407,0.834,1.8563,2.1054,0,-0.7077,11.8665,-8.4805,11.165,0,0.22,-1
072870,메가스터디,2024-08-13,11840,11440,KOSDAQ,1342.0,-3.3784,53,155,3.4358,1.538,1.5163,2.04,2.2353,2,0.197,8.4678,-8.9029,13.1553,0,0.61,-1
005720,넥센,2024-08-13,4900,4660,KOSPI,3721.0,-4.898,34,31,2.9834,0.3304,0.3321,1.3552,1.939,2,3.127,5.9216,-8.5339,25.776,0,4.08,-1
001800,오리온홀딩스,2024-08-13,16290,15590,KOSPI,14189.0,-4.2971,3,192,5.9823,2.1279,1.5254,1.426,2.213,2,1.0747,11.6424,-8.5339,19.0985,0,2.18,-1
001450,현대해상,2024-08-13,36800,35650,KOSPI,29457.0,-3.125,6,128,10.0309,1.1218,0.9547,1.725,4.0573,4,2.9953,12.3185,-8.5339,29.1667,0,2.81,-1
016360,삼성증권,2024-08-14,46150,44300,KOSPI,85371.0,-4.0087,16,20,5.9809,1.0419,0.8653,1.7565,3.5795,3,5.0061,4.5686,-6.9915,26.2108,1,10.38,3
001720,신영증권,2024-08-14,76300,74900,KOSPI,30989.0,-1.8349,15,50,4.0278,0.4455,0.828,1.3677,2.4509,4,2.2239,11.6005,-6.9915,36.1818,1,14.82,2
016610,DB증권,2024-08-14,4695,4465,KOSPI,5743.0,-4.8988,8,117,5.0588,2.0805,0.8274,1.979,2.8955,2,0.9626,6.8797,-6.9915,19.2256,1,40.65,3
047810,한국항공우주,2024-08-14,59500,58600,KOSPI,157227.0,-1.5126,4,55,9.7378,1.8352,0.8433,1.4874,4.7782,4,-0.008,24.1915,-6.9915,34.4037,0,1.02,-1
071055,한국금융지주우,2024-08-14,52200,49850,KOSPI,9315.0,-4.5019,20,20,2.6777,0.4174,0.5183,1.9053,3.2598,4,1.86,3.7877,-6.9915,30.8399,1,5.12,7
000105,유한양행우,2024-08-14,78300,74800,KOSPI,1109.0,-4.47,11,20,4.0334,1.4791,0.9914,1.8926,4.2208,3,5.7938,6.0644,-6.9915,38.7755,1,176.74,1
000140,하이트진로홀딩스,2024-08-14,9680,9280,KOSPI,2216.0,-4.1322,5,129,4.9774,2.7618,1.2434,1.9051,1.5856,2,-0.1703,8.6345,-6.9915,11.5385,0,2.05,-1
003350,한국화장품제조,2024-08-16,72800,70400,KOSPI,2425.0,-3.2967,1,25,21.3793,12.0537,2.0463,1.4614,10.0548,4,23.1503,20.8645,-4.5009,243.4146,1,26.99,1
039200,오스코텍,2024-08-16,44900,42950,KOSDAQ,19359.0,-4.343,9,22,4.5012,2.2272,1.4144,1.1588,6.6855,3,9.8836,4.0472,-4.3952,138.6111,1,6.75,3
003650,미창석유,2024-08-16,91000,90000,KOSPI,2157.0,-1.0989,5,52,5.1402,1.9041,1.3087,1.8877,2.8254,4,2.116,14.1233,-4.5009,36.5706,1,2.22,1
005945,NH투자증권우,2024-08-16,12250,11840,KOSPI,4463.0,-3.3469,23,104,0.766,0.6027,0.4997,1.7612,1.8883,4,1.5452,5.1811,-4.5009,31.5556,0,1.6,-1
035890,서희건설,2024-08-16,1420,1377,KOSDAQ,3730.0,-3.0282,22,237,8.4252,2.5063,1.252,2.0737,2.5366,2,-1.5323,7.0033,-4.3952,15.7143,1,10.24,3
035000,HS애드,2024-08-16,6600,6270,KOSPI,1384.0,-5.0,47,58,0.8039,0.6779,0.4519,1.8274,1.4924,2,-0.9712,3.7097,-4.5009,7.5472,0,2.39,-1
009680,모토닉,2024-08-16,9340,8900,KOSPI,2937.0,-4.7109,2,234,4.5828,2.1588,1.1942,1.8585,2.175,3,1.0027,7.391,-4.5009,12.232,0,0.67,-1
377740,바이오노트,2024-08-16,5920,5670,KOSPI,5838.0,-4.223,0,248,18.4953,42.4182,2.9956,2.3347,5.48,3,1.6619,43.1317,-4.5009,49.2105,1,12.87,1
137310,에스디바이오센서,2024-08-16,13760,13080,KOSPI,11189.0,-4.9419,1,250,7.5658,1.5745,1.7507,1.8743,7.334,2,0.0764,47.7648,-4.5009,51.2139,1,17.28,1
253840,수젠텍,2024-08-19,11200,10760,KOSDAQ,1097.0,-3.9286,0,172,13.3825,2.7261,0.799,1.223,10.9931,2,11.8865,133.6684,-6.1842,128.9362,0,0.56,-1
029780,삼성카드,2024-08-19,43300,41450,KOSPI,70210.0,-4.2725,3,46,0.6068,0.4223,0.3826,0.6821,3.412,4,1.1446,9.1361,-4.332,43.4256,1,10.98,4
000100,유한양행,2024-08-19,100400,96400,KOSPI,86179.0,-3.9841,12,23,8.5586,1.6967,1.2989,1.288,5.4386,3,8.2843,5.3802,-4.332,83.4688,1,55.39,2
066620,국보디자인,2024-08-19,17390,16600,KOSDAQ,1680.0,-4.5428,0,241,8.8525,4.4939,1.7329,1.8595,2.5904,3,1.1119,8.0872,-6.1842,31.3291,0,3.01,-1
340570,티앤엘,2024-08-19,74100,73000,KOSDAQ,4503.0,-1.4845,2,39,22.4832,2.8416,1.941,1.2172,5.4599,3,-0.4395,22.7977,-6.1842,94.6667,1,5.48,1
070960,모나용평,2024-08-19,3995,3840,KOSPI,1624.0,-3.8798,0,48,11.9534,5.5422,2.0363,1.3851,5.385,4,6.1133,9.3936,-4.332,44.3609,1,36.72,1
025000,KPX케미칼,2024-08-19,47353,45089,KOSPI,2211.0,-4.7811,29,30,1.5953,2.1171,1.5746,1.1921,2.1969,2,1.3081,3.9168,-4.332,13.0022,0,1.78,-1
000370,한화손해보험,2024-08-19,6170,5900,KOSPI,8510.0,-4.376,0,127,1.2007,2.1359,1.2033,1.8812,6.0169,4,2.204,20.2456,-4.332,55.2632,1,5.59,1
000070,삼양홀딩스,2024-08-19,50381,48446,KOSPI,4829.0,-3.8407,3,131,5.9856,2.8183,1.3655,1.5407,2.1845,2,-0.0479,8.7933,-4.332,15.2379,0,4.55,-1
192080,더블유게임즈,2024-08-20,49500,47350,KOSPI,11942.0,-4.3434,1,121,5.3393,1.9246,1.7455,1.0098,3.7713,4,0.1627,4.9093,-2.4201,46.758,1,8.13,3
071050,한국금융지주,2024-08-20,77700,74100,KOSPI,131235.0,-4.6332,2,23,4.661,0.7032,0.8172,0.6382,3.904,4,1.309,4.627,-2.4201,54.0541,0,3.24,-1
019010,베뉴지,2024-08-20,2325,2225,KOSDAQ,2070.0,-4.3011,0,250,8.5366,5.3847,2.0192,0.9774,2.4526,2,-0.6105,12.3863,-2.7804,17.1053,1,12.58,3
086790,하나금융지주,2024-08-20,67800,64500,KOSPI,340114.0,-4.8673,5,33,6.6116,1.052,0.8008,0.5908,3.6213,4,0.584,3.8352,-2.4201,73.3871,1,7.44,4
001130,대한제분,2024-08-20,147800,140800,KOSPI,2450.0,-4.7361,31,45,0.6433,0.9238,0.6464,1.0772,2.5467,3,0.5145,0.9506,-2.4201,16.8465,0,1.56,-1
014620,성광벤드,2024-08-20,17210,16350,KOSDAQ,8605.0,-4.9971,0,250,6.8627,1.6329,0.729,0.8841,6.6142,3,8.1528,15.539,-2.7804,63.1737,0,1.41,-1
134380,미원화학,2024-08-20,82500,81800,KOSPI,2294.0,-0.8485,54,20,1.4888,1.8732,0.977,1.2524,2.052,4,2.4127,3.0351,-2.4201,29.2259,0,1.34,-1
183190,아세아시멘트,2024-08-21,12240,11720,KOSPI,5074.0,-4.2484,0,53,5.6808,1.4304,0.9606,0.7535,3.4678,4,2.5709,8.8927,-2.6371,23.3684,0,1.54,-1
005090,SGC에너지,2024-08-21,29750,28500,KOSPI,4445.0,-4.2017,1,174,6.1453,1.2753,0.7958,0.9114,3.7218,3,1.5852,8.9804,-2.6371,31.9444,0,1.4,-1
344820,KCC글라스,2024-08-21,43800,41750,KOSPI,4504.0,-4.6804,10,124,2.2032,0.479,0.5002,0.8434,2.2412,2,0.6752,2.8772,-2.6371,8.1606,0,0.12,-1
175330,JB금융지주,2024-08-21,16150,15400,KOSPI,56586.0,-4.644,1,32,8.2982,1.554,0.9822,0.4895,3.4879,4,2.5693,5.7851,-2.6371,81.1765,0,1.3,-1
236200,슈프리마,2024-08-21,29150,29100,KOSDAQ,3440.0,-0.1715,0,143,8.3799,6.9631,1.5519,1.2561,3.6205,4,0.201,18.3129,-3.9711,52.9968,1,2.92,2
034950,한국기업평가,2024-08-21,89800,86800,KOSDAQ,4441.0,-3.3408,54,61,1.9976,0.6232,0.6137,0.4602,1.7117,3,-0.2741,5.4916,-3.9711,18.9041,0,1.73,-1
013030,하이록코리아,2024-08-21,30250,28800,KOSDAQ,3901.0,-4.7934,2,55,6.8646,0.6991,0.8395,0.6767,4.9479,4,-0.4535,9.0806,-3.9711,25.4902,0,0.0,-1
039490,키움증권,2024-08-21,146400,139200,KOSPI,121734.0,-4.918,5,25,9.2622,0.6626,0.8156,0.6422,4.1513,3,-0.2642,8.1716,-2.6371,84.8606,0,2.3,-1
003470,유안타증권,2024-08-21,3140,2995,KOSPI,9142.0,-4.6178,9,43,2.7444,0.6708,0.7602,0.5401,2.9215,4,1.737,4.5078,-2.6371,27.9915,0,1.84,-1
036190,금화피에스시,2024-08-21,29900,29000,KOSDAQ,1971.0,-3.01,0,250,16.4659,4.0918,3.2703,1.3049,4.3842,2,-2.1202,18.1443,-3.9711,26.087,0,0.34,-1
140860,파크시스템스,2024-08-21,198900,195800,KOSDAQ,18156.0,-1.5586,11,236,7.8788,1.2014,0.7225,0.6116,5.1291,3,2.8351,25.813,-3.9711,40.8633,0,1.12,-1
049430,코메론,2024-08-22,10310,9850,KOSDAQ,1358.0,-4.4617,4,26,15.0701,4.4541,2.142,1.4033,3.9376,3,1.0794,9.021,-5.0083,22.2084,0,6.09,-1
021240,코웨이,2024-08-22,67500,64200,KOSPI,62777.0,-4.8889,7,27,6.6445,1.3652,0.8712,0.9253,4.773,3,0.8251,4.2425,-1.8501,59.3052,1,9.03,4
237690,에스티팜,2024-08-23,112700,108100,KOSDAQ,31619.0,-4.0816,1,52,13.7895,1.7752,2.4182,0.8009,5.8081,4,-0.7966,24.4746,-3.014,80.4674,1,11.75,1
010130,고려아연,2024-08-26,564000,542000,KOSPI,355049.0,-3.9007,3,229,3.0418,0.9704,0.6937,0.43,2.8071,3,0.3596,10.7355,-1.2405,24.5977,0,38.93,-1
004960,한신공영,2024-08-26,7810,7430,KOSPI,1469.0,-4.8656,0,137,4.3539,1.0864,0.706,0.6494,3.6531,3,1.551,10.1848,-1.2405,20.6169,0,0.67,-1
310210,보로노이,2024-08-26,84000,83500,KOSDAQ,40190.0,-0.5952,3,29,25.5639,3.3024,1.0275,1.2065,7.7074,3,25.0021,7.8431,-3.858,194.5326,1,17.37,1
003545,대신증권우,2024-08-26,16460,15660,KOSPI,6331.0,-4.8603,0,109,1.4906,0.8459,0.7606,0.6441,1.3684,4,1.2045,3.8618,-1.2405,21.0201,0,1.28,-1
005990,매일홀딩스,2024-08-26,8790,8390,KOSDAQ,1438.0,-4.5506,18,250,-0.2378,0.9438,1.0853,0.7451,1.8219,3,0.2318,5.309,-3.858,12.9206,0,0.72,-1
105560,KB금융,2024-08-27,92400,87800,KOSPI,579782.0,-4.9784,9,20,-2.3359,0.7219,0.7797,0.8943,3.0345,4,2.8412,-0.5457,-2.7582,79.5501,0,0.57,-1
000880,한화,2024-08-27,32200,30750,KOSPI,85828.0,-4.5031,5,138,2.1595,0.7026,0.4519,0.486,2.59,4,4.1687,1.0011,-2.7582,43.0233,0,0.16,-1
316140,우리금융지주,2024-08-27,16960,16280,KOSPI,261331.0,-4.0094,7,20,-1.3931,0.5512,0.5014,0.7438,2.5535,4,2.4474,2.4521,-2.7582,44.7111,0,1.04,-1
071320,지역난방공사,2024-08-27,53900,52400,KOSPI,11393.0,-2.7829,1,49,25.8103,4.184,1.519,1.1278,4.3825,3,-0.2348,11.0227,-2.7582,127.8261,0,0.57,-1
192400,쿠쿠홀딩스,2024-08-27,23400,22300,KOSPI,10046.0,-4.7009,8,28,0.6772,0.7839,0.5893,0.4796,1.8898,3,1.3421,4.1219,-2.7582,46.9038,1,14.13,2
072870,메가스터디,2024-08-28,11840,11270,KOSDAQ,1342.0,-4.8142,53,165,-0.7923,0.4644,1.1913,0.5364,1.4387,3,-0.2885,5.1357,-5.1357,11.144,0,0.71,-1
001800,오리온홀딩스,2024-08-28,16290,15850,KOSPI,14189.0,-2.701,9,202,1.4725,1.0247,0.7042,0.8783,2.082,3,0.9601,7.9994,-1.7661,21.0848,0,3.53,-1
001450,현대해상,2024-08-28,36800,35300,KOSPI,29457.0,-4.0761,13,138,-2.3513,0.7346,0.6842,0.8297,3.187,4,2.3552,0.232,-1.7661,27.4368,0,2.69,-1
064850,에프앤가이드,2024-08-28,9450,9340,KOSDAQ,1475.0,-1.164,0,228,13.2121,4.0297,1.8195,0.7343,2.7531,4,3.4426,29.6691,-5.1357,69.8182,1,311.67,1
005720,넥센,2024-08-28,4900,4710,KOSPI,3721.0,-3.8776,44,41,-2.4845,1.4149,1.4047,0.6497,1.8047,3,2.431,3.3843,-1.7661,27.1255,0,1.59,-1
005389,현대차3우B,2024-08-29,190900,183000,KOSPI,5679.0,-4.1383,2,43,11.2462,8.1312,1.8161,0.9939,2.178,3,1.6887,16.4589,-3.9127,85.7868,0,0.66,-1
005387,현대차2우B,2024-08-29,198800,189300,KOSPI,89333.0,-4.7787,0,43,11.8133,6.7406,1.6545,0.9954,2.8828,3,1.6685,17.5382,-3.9127,89.3,0,1.43,-1
005385,현대차우,2024-08-29,194000,186000,KOSPI,58819.0,-4.1237,1,43,11.3772,5.8878,1.6214,0.936,2.4539,3,1.7441,16.0961,-3.9127,87.1227,0,0.65,-1
00088K,한화3우B,2024-08-29,16210,15460,KOSPI,8984.0,-4.6268,30,20,0.3245,0.9649,0.8987,0.2819,1.5339,4,1.17,0.7799,-3.9127,16.8556,0,1.81,-1
000140,하이트진로홀딩스,2024-08-29,9680,9270,KOSPI,2216.0,-4.2355,14,139,0.6515,0.8395,0.9518,0.6756,1.5334,3,0.0714,5.3351,-3.9127,11.4183,0,2.16,-1
005945,NH투자증권우,2024-08-30,12250,12000,KOSPI,4463.0,-2.0408,33,114,0.1669,0.5483,0.7358,0.4138,0.8333,4,1.5583,3.7215,-3.7215,33.3333,0,0.25,-1
267250,HD현대,2024-08-30,85000,80900,KOSPI,193533.0,-4.8235,20,20,-1.221,1.1875,0.8004,0.6325,2.481,4,6.0918,0.6077,-3.7215,42.1793,0,2.84,-1
001530,DI동일,2024-08-30,29987,28529,KOSPI,4222.0,-4.8621,0,129,5.0366,1.2914,0.7879,0.4705,1.9401,3,6.1492,8.0589,-3.7215,59.8353,0,23.8,-1
081660,미스토홀딩스,2024-08-30,44550,42350,KOSPI,28510.0,-4.9383,10,20,3.0414,0.4812,0.7123,0.9235,3.0444,4,1.8838,-1.003,-3.7215,23.1105,0,6.14,-1
220100,퓨쳐켐,2024-08-30,25400,24400,KOSDAQ,5248.0,-3.937,1,30,20.197,1.8249,1.8103,1.0851,6.9145,4,12.5005,22.3848,-5.6384,217.2952,0,14.75,-1
035000,HS애드,2024-08-30,6600,6350,KOSPI,1384.0,-3.7879,47,68,-0.1572,0.2377,0.4987,0.8857,0.9336,2,-0.8924,5.4843,-3.7215,8.1772,0,0.94,-1
066575,LG전자우,2024-08-30,50500,48300,KOSPI,8662.0,-4.3564,26,31,4.6587,2.005,0.8668,0.743,2.0408,3,0.4341,3.3091,-3.7215,17.5182,0,5.8,-1
000815,삼성화재우,2024-09-02,291500,277500,KOSPI,12429.0,-4.8027,14,41,2.3985,0.8787,0.9751,0.8182,2.5611,3,0.2417,2.598,0.1797,55.2013,0,4.68,-1
025000,KPX케미칼,2024-09-02,47353,45183,KOSPI,2211.0,-4.5826,39,40,-0.1039,0.2749,0.4505,0.484,1.7301,3,1.0604,0.2403,0.1797,13.2378,0,1.25,-1
000070,삼양홀딩스,2024-09-02,50381,48246,KOSPI,4829.0,-4.2377,13,141,-1.3636,0.2685,0.6041,0.7071,2.3709,4,0.7795,4.9085,0.1797,14.7621,1,21.58,10
005940,NH투자증권,2024-09-02,14400,13790,KOSPI,101380.0,-4.2361,10,21,-1.5703,0.546,0.8349,0.6356,1.9424,4,2.8965,1.4415,0.1797,42.9016,0,4.06,-1
071050,한국금융지주,2024-09-03,77700,74600,KOSPI,131235.0,-3.9897,9,33,-0.2674,0.6047,0.8308,0.6642,2.6331,4,2.2189,7.9746,9.1368,55.0936,0,2.41,-1
00680K,미래에셋증권2우B,2024-09-03,4170,3965,KOSPI,23208.0,-4.9161,0,134,0.8906,1.5779,1.0198,0.519,1.5132,3,2.1454,4.6365,9.1368,14.9275,0,2.02,-1
002840,미원상사,2024-09-03,216000,212500,KOSPI,7073.0,-1.6204,20,79,4.1667,5.7145,1.581,0.8684,1.7983,3,0.3793,4.8042,9.1368,36.5681,0,0.24,-1
000810,삼성화재,2024-09-03,393500,377000,KOSPI,245700.0,-4.1931,8,46,8.8023,1.5994,1.1858,0.7966,3.7135,3,0.2756,5.8022,9.1368,63.2035,0,-0.53,-1
030200,KT,2024-09-05,42400,41200,KOSPI,152977.0,-2.8302,0,136,5.641,2.5132,1.5295,1.0535,1.9591,4,2.158,8.7187,0.276,34.4209,0,2.91,-1
035250,강원랜드,2024-09-05,18340,17730,KOSPI,39365.0,-3.3261,0,134,14.3871,25.039,2.9979,1.4882,2.6388,2,0.6408,26.006,0.276,33.0083,0,2.14,-1
015360,INVENI,2024-09-05,48000,45700,KOSPI,4480.0,-4.7917,5,66,2.6966,2.8212,1.4273,0.776,2.0084,4,0.2857,4.3006,0.276,42.5897,1,7.11,3
007340,DN오토모티브,2024-09-09,19027,18867,KOSPI,17114.0,-0.8409,11,20,6.8044,1.5782,1.3644,1.1829,2.8235,4,3.9151,2.5611,-2.0283,41.6654,1,10.83,5
161890,한국콜마,2024-09-09,75000,71800,KOSPI,17184.0,-4.2667,1,57,6.0561,0.7754,1.0256,0.6848,4.5464,4,3.6713,10.3239,-2.0283,66.3963,1,9.61,1
052330,코텍,2024-09-09,8130,7730,KOSDAQ,1812.0,-4.92,0,85,8.2633,3.404,1.7447,1.1516,2.6705,2,-1.1264,8.7856,-6.5369,27.9801,0,4.4,-1
214150,클래시스,2024-09-09,56900,54600,KOSDAQ,43561.0,-4.0422,2,57,8.5487,1.2611,1.2084,0.7557,4.3956,4,1.0706,15.7369,-6.5369,96.0503,1,12.64,1
241710,코스메카코리아,2024-09-09,92500,88300,KOSDAQ,10691.0,-4.5405,1,32,6.2575,1.0473,1.0091,0.8989,6.8516,4,11.339,26.0227,-6.5369,271.0084,1,11.55,1
064960,SNT모티브,2024-09-10,27714,26832,KOSPI,9236.0,-3.1825,11,50,6.6794,2.5903,1.4713,1.3387,3.2924,3,-0.9276,22.549,-3.6233,23.445,0,1.95,-1
084110,휴온스글로벌,2024-09-11,28150,26750,KOSDAQ,6596.0,-4.9734,0,62,12.1593,3.3806,1.4436,1.0986,4.5661,3,2.8002,18.7067,-7.2484,37.6737,1,44.67,3
010130,고려아연,2024-09-11,564000,548000,KOSPI,355049.0,-2.8369,10,241,2.4299,2.1486,1.0378,0.8373,2.8285,4,2.0073,11.5757,-4.1247,25.977,1,51.64,2
000140,하이트진로홀딩스,2024-09-12,9680,9300,KOSPI,2216.0,-3.9256,18,149,1.862,0.3717,0.9448,1.5209,1.8356,4,0.5265,2.9537,-2.7381,11.7788,0,1.72,-1
060980,HL홀딩스,2024-09-12,36750,35000,KOSPI,4188.0,-4.7619,0,149,0.8646,0.5342,0.9017,0.8985,1.9082,3,-0.1082,9.4455,-2.7381,11.6427,0,3.14,-1
005945,NH투자증권우,2024-09-13,12250,11960,KOSPI,4463.0,-2.3673,43,124,0.7582,1.592,0.9914,0.7595,1.1228,3,2.3451,5.53,-4.5165,32.8889,0,0.92,-1
00088K,한화3우B,2024-09-13,16210,15400,KOSPI,8984.0,-4.9969,33,31,1.3825,0.9218,0.8818,0.7273,1.4332,2,0.9241,4.1929,-4.5165,16.4021,0,2.21,-1
001530,DI동일,2024-09-13,29987,29759,KOSPI,4222.0,-0.7603,5,139,5.491,0.8577,1.0861,0.477,2.5265,3,7.1659,11.9187,-4.5165,54.7771,1,23.74,1
081660,미스토홀딩스,2024-09-13,44550,42700,KOSPI,28510.0,-4.1526,14,30,2.3981,1.3987,1.3938,0.9217,3.2452,4,2.1762,4.869,-4.5165,24.1279,1,5.27,5
035000,HS애드,2024-09-13,6600,6390,KOSPI,1384.0,-3.1818,47,78,0.7886,0.81,0.8884,0.9013,0.9501,2,-0.156,6.4304,-4.5165,8.8586,0,0.94,-1
175330,JB금융지주,2024-09-13,16150,15440,KOSPI,56586.0,-4.3963,5,49,7.1478,1.9662,1.3562,1.4345,3.7333,4,2.5083,11.9626,-4.5165,61.8449,0,11.46,-1
066575,LG전자우,2024-09-13,50500,48350,KOSPI,8662.0,-4.2574,32,41,-0.8205,0.6242,0.775,0.8262,2.674,3,0.9306,9.3972,-4.5165,17.6399,1,5.69,1
001800,오리온홀딩스,2024-09-13,16290,15500,KOSPI,14189.0,-4.8496,10,214,0.5188,1.0122,0.8579,1.1255,1.8065,3,0.942,5.6914,-4.5165,18.411,1,8.39,7
000815,삼성화재우,2024-09-19,291500,281000,KOSPI,12429.0,-3.6021,20,51,2.9304,0.4734,0.8668,1.1598,2.8851,4,1.5121,8.9393,-3.4984,57.1588,0,2.14,-1
112610,씨에스윈드,2024-09-19,71200,69000,KOSPI,18134.0,-3.0899,0,175,24.3243,1.5091,1.3608,1.0374,4.5652,3,8.6952,12.5031,-3.4984,62.7358,1,6.52,3
005990,매일홀딩스,2024-09-19,8690,8380,KOSDAQ,1438.0,-3.5673,38,198,1.8226,0.9365,1.1288,0.9549,2.4804,3,0.1309,4.5258,-4.8825,12.786,0,0.72,-1
018120,진로발효,2024-09-19,17780,17550,KOSDAQ,1169.0,-1.2936,20,20,2.2132,0.6718,0.7087,0.5703,1.3757,3,4.3466,7.5741,-4.8825,23.0715,0,2.79,-1
005940,NH투자증권,2024-09-19,14400,14080,KOSPI,101380.0,-2.2222,17,31,4.3736,0.989,1.1463,1.1473,2.5517,4,4.3513,6.8758,-3.4984,45.9067,0,1.49,-1
267250,HD현대,2024-09-19,85000,81400,KOSPI,193533.0,-4.2353,21,31,6.1278,1.5002,1.1215,1.1359,3.0362,3,4.8477,3.3757,-3.4984,43.058,0,2.21,-1
006800,미래에셋증권,2024-09-19,9200,8870,KOSPI,294317.0,-3.587,0,139,6.3549,1.0756,1.0523,0.9093,2.7057,3,5.4437,12.7349,-3.4984,48.5762,0,3.16,-1
003570,SNT다이내믹스,2024-09-20,26750,25750,KOSPI,16510.0,-3.7383,1,36,28.75,12.064,1.9862,1.4897,4.5659,3,2.6448,18.2737,-3.8292,138.4259,0,9.51,-1
00680K,미래에셋증권2우B,2024-09-20,4170,3985,KOSPI,23208.0,-4.4365,4,144,0.1256,0.4437,0.7645,1.1107,2.0882,3,3.3667,6.0087,-3.8292,15.5072,0,1.88,-1
377450,리파인,2024-09-20,13720,13040,KOSDAQ,2083.0,-4.9563,1,60,3.1646,0.843,0.6058,0.8858,4.1575,4,0.6267,19.5537,-4.9667,90.0875,1,18.17,1
066570,LG전자,2024-09-20,115400,110100,KOSPI,169402.0,-4.5927,16,43,7.7299,1.4089,1.296,1.1128,3.2698,3,-0.5824,16.8682,-3.8292,27.2832,0,3.27,-1
001250,GS글로벌,2024-09-20,4430,4310,KOSPI,2034.0,-2.7088,0,59,29.6241,3.5192,1.7207,1.4506,6.5462,4,13.0015,28.0367,-3.8292,96.3554,0,-0.12,-1
004800,효성,2024-09-20,53846,52200,KOSPI,25161.0,-3.0569,0,79,5.668,1.5832,2.3738,0.6018,2.9351,3,2.0612,22.4656,-3.8292,0.0,0,1.72,-1
018290,브이티,2024-09-20,40000,38000,KOSDAQ,7268.0,-5.0,1,63,11.9293,2.0323,1.0916,0.7043,5.5827,3,-2.1636,23.7167,-4.9667,226.1803,0,3.16,-1
003090,대웅,2024-09-20,27100,26150,KOSPI,15262.0,-3.5055,0,153,6.3008,0.9786,0.8375,0.6522,4.3431,3,14.21,11.8871,-3.8292,97.9561,0,7.46,-1
082270,젬백스,2024-09-20,15310,15180,KOSDAQ,16965.0,-0.8491,0,173,49.1159,25.2496,3.3448,2.1493,6.1124,1,-1.0794,54.5234,-4.9667,67.5497,1,54.81,1
002840,미원상사,2024-09-20,216000,209500,KOSPI,7073.0,-3.0093,28,89,0.9639,0.4558,1.2467,0.8401,2.5571,4,0.6858,7.0312,-3.8292,34.6401,0,1.67,-1
034950,한국기업평가,2024-09-23,89800,85400,KOSDAQ,4441.0,-4.8998,41,81,0.9456,0.8002,0.8707,0.4583,1.3717,1,-1.3458,1.5607,-3.1736,16.9863,0,1.29,-1
340570,티앤엘,2024-09-23,77000,74000,KOSDAQ,4503.0,-3.8961,3,20,12.6332,2.2624,1.1418,0.8849,4.0734,3,2.3797,2.5025,-3.1736,97.3333,0,5.41,-1
066620,국보디자인,2024-09-23,17100,16970,KOSDAQ,1680.0,-0.7602,23,20,5.6005,0.5786,1.3619,1.0681,2.1761,4,1.581,2.5296,-3.1736,34.2563,1,2.77,2
226400,오스테오닉,2024-09-23,6050,6030,KOSDAQ,1357.0,-0.3306,0,172,20.6,14.6684,2.3626,1.1708,4.8685,3,5.1211,12.0184,-3.1736,53.8265,1,8.29,4
049430,코메론,2024-09-24,10310,10300,KOSDAQ,1358.0,-0.097,5,46,7.628,4.0471,1.8522,0.9025,3.3495,4,1.334,5.3598,-0.7912,27.7916,1,10.39,1
314930,바이오다인,2024-09-24,17900,17200,KOSDAQ,4396.0,-3.9106,0,46,21.813,16.0039,2.1424,0.9539,4.9169,3,4.0905,16.6162,-0.7912,108.4848,1,40.7,2
030200,KT,2024-09-24,42400,41400,KOSPI,152977.0,-2.3585,10,146,-0.1206,0.5076,0.9613,0.4536,2.5362,4,3.4994,8.15,-2.8065,34.4156,0,7.0,-1
140860,파크시스템스,2024-09-24,198800,192200,KOSDAQ,18156.0,-3.3199,14,21,6.2465,1.7083,1.3845,0.6782,4.534,3,0.2333,0.0168,-0.7912,38.2734,1,14.2,4
072870,메가스터디,2024-09-24,11840,11260,KOSDAQ,1342.0,-4.8986,44,181,0.446,0.3099,0.7322,0.6267,0.9896,2,-0.3685,-0.3501,-0.7912,8.2692,0,0.44,-1
259960,크래프톤,2024-09-24,355000,348500,KOSPI,116850.0,-1.831,9,20,8.567,0.8383,0.9857,0.8673,3.5151,4,7.6842,3.529,-2.8065,138.8622,0,1.58,-1
025000,KPX케미칼,2024-09-25,47353,45042,KOSPI,2211.0,-4.8804,33,54,2.1407,0.3492,2.1947,0.5373,1.8326,2,-0.4063,2.456,-3.9002,12.8844,0,3.66,-1
009680,모토닉,2024-09-25,9190,8750,KOSPI,2937.0,-4.7878,19,249,2.1004,0.3996,0.6608,0.4746,1.1347,3,-0.0058,4.7066,-3.9002,10.3405,0,1.03,-1
068930,디지털대성,2024-09-25,7420,7050,KOSDAQ,2369.0,-4.9865,7,58,3.6765,1.5132,1.8421,0.56,1.773,2,-2.183,5.7876,-1.8053,28.6496,0,5.82,-1
052330,코텍,2024-09-26,8130,7800,KOSDAQ,1812.0,-4.059,4,95,3.4483,0.5271,0.9215,0.5743,2.7198,3,0.1449,2.8018,1.6158,29.1391,0,4.74,-1
071050,한국금융지주,2024-09-26,77700,75600,KOSPI,131235.0,-2.7027,11,47,0.1325,1.0713,1.1018,1.2873,3.4014,4,2.7646,0.98,-0.98,57.1726,1,5.69,9
086280,현대글로비스,2024-09-26,129500,124500,KOSPI,182625.0,-3.861,9,49,5.8673,1.7372,1.0201,0.8044,3.603,3,4.2993,8.7722,-0.98,52.8883,0,2.33,-1
005090,SGC에너지,2024-09-26,29750,28450,KOSPI,4445.0,-4.3697,6,197,4.0219,1.5972,1.0594,0.6801,2.5609,4,2.1133,2.7689,-0.98,31.713,0,6.33,-1
071055,한국금융지주우,2024-09-26,52400,51400,KOSPI,9315.0,-1.9084,40,20,0.3906,0.6337,1.0371,1.0516,2.5292,4,2.6974,-0.9284,-0.98,34.9081,1,5.06,9
071280,로체시스템즈,2024-09-27,18530,17710,KOSDAQ,1667.0,-4.4253,2,66,10.0684,0.6776,1.1374,0.916,4.7229,4,0.1555,20.2206,1.2471,229.7952,1,12.93,3
030610,교보증권,2024-09-27,5720,5500,KOSPI,14462.0,-3.8462,0,148,2.2305,1.6912,1.1135,0.6522,2.3636,3,2.2433,7.8507,-1.4677,17.0213,1,6.73,7
003800,에이스침대,2024-09-27,28700,27750,KOSDAQ,4076.0,-3.3101,0,88,2.3985,2.2719,0.7252,0.784,1.8275,3,0.456,3.8665,1.2471,18.5897,0,1.26,-1
003830,대한화섬,2024-09-27,125800,121300,KOSPI,1575.0,-3.5771,0,158,13.0475,1.4232,1.8541,1.323,2.1081,2,-2.2935,23.0108,-1.4677,28.2241,0,1.98,-1
018310,삼목에스폼,2024-09-27,27500,26300,KOSDAQ,3021.0,-4.3636,0,137,15.3509,1.141,1.0878,1.2062,4.5057,4,3.8186,23.6935,1.2471,81.6298,1,10.08,1
003650,미창석유,2024-09-27,92000,91500,KOSPI,2157.0,-0.5435,31,20,4.0956,0.3047,1.2551,0.679,1.4676,4,4.4676,2.5727,-1.4677,33.1878,1,14.21,1
003300,한일홀딩스,2024-09-27,14570,13930,KOSPI,5017.0,-4.3926,24,20,-2.3826,0.4389,1.243,0.8295,2.1229,3,1.7425,-2.0642,-1.4677,33.9423,0,4.52,-1
003460,유화증권,2024-09-27,2400,2335,KOSPI,1758.0,-2.7083,1,191,5.4176,5.8336,1.4001,1.3375,1.7742,2,0.034,5.4766,-1.4677,13.3495,0,-0.64,-1
009450,경동나비엔,2024-09-27,75700,72800,KOSPI,8960.0,-3.8309,2,24,3.8516,1.2987,0.8281,0.4957,4.8568,4,8.8058,3.4285,-1.4677,76.699,1,29.26,6
064960,SNT모티브,2024-09-27,27714,27163,KOSPI,9236.0,-1.9882,10,60,5.12,1.0526,0.8476,0.6971,3.1579,3,-0.4461,13.1347,-1.4677,24.9678,0,-0.21,-1
033780,KT&G,2024-09-30,113500,108900,KOSPI,202920.0,-4.0529,16,20,1.3023,0.8874,0.9145,0.9092,3.1615,3,8.1011,2.7701,-3.5898,30.4192,1,7.35,5
065710,서호전기,2024-09-30,22050,21000,KOSDAQ,2673.0,-4.7619,0,97,4.7382,1.5054,2.3565,1.2094,1.6599,3,-0.0818,8.3461,0.181,18.5771,0,3.81,-1
060980,HL홀딩스,2024-10-02,36750,35400,KOSPI,4188.0,-3.6735,10,159,-0.5618,0.5103,0.7967,0.9954,1.705,3,0.8625,5.211,-3.7783,12.9187,0,1.69,-1
000140,하이트진로홀딩스,2024-10-02,9680,9220,KOSPI,2216.0,-4.7521,28,159,-1.8104,0.7888,0.5554,0.6917,1.317,4,0.6527,3.239,-3.7783,10.8173,0,10.74,-1
175330,JB금융지주,2024-10-04,16150,15900,KOSPI,56586.0,-1.548,12,59,5.7884,0.9346,0.9226,1.1196,4.4834,4,2.0185,16.1994,-3.9113,66.6667,1,17.67,4
058630,엠게임,2024-10-04,7090,6970,KOSDAQ,1075.0,-1.6925,0,218,14.827,3.8706,2.1359,0.7847,3.7405,3,-0.4626,15.8014,0.172,43.7113,1,4.73,1
166480,코아스템켐온,2024-10-04,12483,11962,KOSDAQ,1732.0,-4.1737,0,73,10.5954,4.83,1.8169,1.3866,6.4132,3,-3.334,23.9667,0.172,166.533,1,11.57,6
012450,한화에어로스페이스,2024-10-04,336156,332338,KOSPI,590917.0,-1.1358,2,42,12.5002,7.7005,4.0,1.259,65.312,4,7.6219,16.4115,-3.9113,0.0,1,17.04,1
035000,HS애드,2024-10-04,6600,6380,KOSPI,1384.0,-3.3333,49,88,0.157,1.7045,1.4527,0.4911,0.7949,3,0.2754,4.3837,-3.9113,8.6882,0,1.88,-1
024060,흥구석유,2024-10-04,21900,21800,KOSDAQ,2192.0,-0.4566,0,32,15.4661,6.5552,2.075,1.1693,6.2156,4,3.0726,41.5706,0.172,272.0137,1,5.05,1
005945,NH투자증권우,2024-10-04,12250,11900,KOSPI,4463.0,-2.8571,53,134,0.5068,0.5427,0.5492,0.4558,1.0444,3,1.9413,3.078,-3.9113,32.2222,0,1.6,-1
003690,코리안리,2024-10-07,7638,7358,KOSPI,25015.0,-3.6659,14,25,1.9961,1.0575,1.0065,1.0722,2.4696,3,2.1218,0.8193,-2.6341,26.9496,0,10.15,-1
005990,매일홀딩스,2024-10-07,8690,8340,KOSDAQ,1438.0,-4.0276,44,208,-0.2392,0.3551,0.5814,0.4956,1.6187,3,-0.0321,-1.0521,1.534,12.2476,0,1.2,-1
005940,NH투자증권,2024-10-07,14400,13840,KOSPI,101380.0,-3.8889,22,41,1.3919,0.8265,0.7369,1.3327,2.9366,3,3.5889,2.9967,-2.6341,43.4197,0,1.01,-1
079550,LIG넥스원,2024-10-07,249000,245000,KOSPI,101420.0,-1.6064,2,52,13.4259,2.9891,1.1911,0.9032,4.3673,3,1.2731,30.1055,-2.6341,198.7805,1,8.16,3
014820,동원시스템즈,2024-10-08,52200,50600,KOSPI,8407.0,-3.0651,0,132,14.7392,3.692,2.444,1.1113,3.8608,2,-3.4434,18.8254,-2.6371,83.3333,1,7.11,1
018120,진로발효,2024-10-08,17780,16960,KOSDAQ,1169.0,-4.6119,29,31,-1.2231,0.3367,0.6867,0.5815,1.3351,3,3.5747,-4.7106,2.3502,18.9341,1,7.31,5
105560,KB금융,2024-10-08,92400,89400,KOSPI,579782.0,-3.2468,9,45,6.6826,1.0815,1.1309,1.2665,3.875,3,0.7089,5.3958,-2.6371,82.8221,1,16.22,3
001720,신영증권,2024-10-08,86000,82200,KOSPI,30989.0,-4.4186,11,28,4.0506,0.8914,0.4119,0.8225,3.1891,3,3.7216,2.7589,-2.6371,49.4545,0,3.89,-1
006800,미래에셋증권,2024-10-08,9200,8740,KOSPI,294317.0,-5.0,1,150,0.8074,1.0402,0.8005,0.7227,2.9013,3,5.7775,4.7399,-2.6371,46.3987,0,5.61,-1
003570,SNT다이내믹스,2024-10-08,26750,25450,KOSPI,16510.0,-4.8598,2,46,5.6017,0.7187,0.7493,0.8374,5.6834,4,3.4571,28.9399,-2.6371,135.6481,1,10.81,5
003090,대웅,2024-10-10,27100,26950,KOSPI,15262.0,-0.5535,3,164,14.6809,3.1576,1.5382,1.5119,4.5985,2,12.2767,9.0646,0.7114,92.0884,1,4.27,1
176750,듀켐바이오,2024-10-10,15300,14550,KOSDAQ,2954.0,-4.902,5,49,11.9231,1.8339,0.9955,0.8045,2.8081,3,6.6742,4.6703,5.9761,188.1188,1,34.5,1
069620,대웅제약,2024-10-10,152000,150400,KOSPI,20728.0,-1.0526,9,24,8.7491,1.8938,0.9816,0.805,4.1223,4,9.3967,6.2587,0.7114,54.4148,1,9.31,1
069510,에스텍,2024-10-11,11600,11020,KOSDAQ,1636.0,-5.0,3,28,0.7313,1.1381,1.294,0.3949,2.2232,4,3.1478,-0.8465,6.301,38.6164,0,3.63,-1
326030,SK바이오팜,2024-10-11,119500,117800,KOSPI,87398.0,-1.4226,2,25,14.258,2.2518,1.109,1.1845,4.1535,3,10.6987,12.4379,0.8313,62.259,1,10.36,1
00680K,미래에셋증권2우B,2024-10-11,4170,3980,KOSPI,23208.0,-4.5564,7,156,3.3766,0.962,0.5416,0.9409,1.8934,2,3.0013,1.746,0.8313,15.3623,0,3.14,-1
397030,에이프릴바이오,2024-10-11,25550,24300,KOSDAQ,12442.0,-4.8924,1,28,13.2867,2.5147,1.0434,0.756,5.3645,4,7.2678,12.2356,6.301,140.4988,1,6.58,2
034950,한국기업평가,2024-10-14,89800,85400,KOSDAQ,4441.0,-4.8998,36,93,2.3981,0.9858,1.1761,1.0566,1.2797,1,-1.4244,-8.3033,9.0109,16.9863,0,0.7,-1
068930,디지털대성,2024-10-14,7420,7380,KOSDAQ,2369.0,-0.5391,8,68,2.6426,2.9238,1.2672,0.758,1.8002,3,-0.8062,1.9666,9.0109,34.6715,1,4.34,8
025000,KPX케미칼,2024-10-14,47353,46598,KOSPI,2211.0,-1.5944,31,64,2.4898,0.6682,1.0693,1.0961,1.6987,3,-0.9293,3.2463,3.1054,16.784,0,0.2,-1
358570,지아이이노베이션,2024-10-14,13032,12913,KOSDAQ,9255.0,-0.9131,0,242,23.6877,5.1885,1.9726,0.9548,4.9358,2,6.0411,12.1583,9.0109,91.1055,1,5.34,1
316140,우리금융지주,2024-10-14,16960,16540,KOSPI,261331.0,-2.4764,10,48,6.0936,2.9299,1.1588,0.8644,2.6127,4,2.6814,0.4638,3.1054,42.5862,1,3.39,9
009680,모토닉,2024-10-14,9090,8780,KOSPI,2937.0,-3.4103,33,247,0.4577,1.4908,1.2092,0.4436,1.0495,4,-0.1213,0.1887,3.1054,10.7188,0,0.57,-1
009420,한올바이오파마,2024-10-14,46750,46650,KOSPI,28314.0,-0.2139,0,191,19.6154,3.8342,2.0953,0.9945,4.6011,3,5.9693,23.3174,3.1054,63.6842,1,11.47,1
084010,대한제강,2024-10-14,9575,9222,KOSPI,4644.0,-3.6867,2,212,4.3803,1.8494,1.1046,0.411,2.2113,2,2.2264,3.606,3.1054,33.4974,0,14.25,-1
030200,KT,2024-10-14,42400,40900,KOSPI,152977.0,-3.5377,17,157,0.2451,0.7501,0.7096,1.071,2.7244,3,3.8638,-3.8336,3.1054,27.2162,1,9.9,2
00088K,한화3우B,2024-10-14,16210,15410,KOSPI,8984.0,-4.9352,38,46,0.3255,1.1852,0.8594,0.8657,1.9839,2,0.4405,-1.6571,3.1054,16.4777,0,1.1,-1
347700,스피어,2024-10-14,4126,3975,KOSDAQ,17765.0,-3.6597,0,249,44.8087,10.2482,2.8988,1.1604,6.9991,4,14.3681,21.1037,9.0109,146.4352,1,14.72,1
267250,HD현대,2024-10-15,85000,81100,KOSPI,193533.0,-4.5882,26,46,5.599,1.1907,0.9256,1.2492,2.8096,2,2.6246,1.8911,3.8455,42.5308,0,2.1,-1
000815,삼성화재우,2024-10-15,291500,277500,KOSPI,12429.0,-4.8027,18,66,1.8349,0.6778,0.6982,0.6703,1.7246,3,0.5155,-2.1972,3.8455,55.2013,0,3.42,-1
005090,SGC에너지,2024-10-15,29750,28500,KOSPI,4445.0,-4.2017,11,207,-1.0417,0.479,0.6716,0.7334,2.6692,4,3.2216,-0.3973,3.8455,31.9444,1,6.14,1
259960,크래프톤,2024-10-15,355000,340500,KOSPI,116850.0,-4.0845,15,32,6.7398,0.8572,0.833,0.8153,3.304,3,5.9777,-0.0346,3.8455,133.379,0,3.52,-1
016360,삼성증권,2024-10-15,48900,46650,KOSPI,85371.0,-4.6012,17,30,4.4793,0.8837,0.825,0.6839,2.9398,4,3.8528,-3.1983,3.8455,32.906,0,3.86,-1
052330,코텍,2024-10-15,8130,7990,KOSDAQ,1812.0,-1.722,14,105,2.1739,1.0849,1.1502,0.2604,1.922,3,2.1443,-4.9435,8.307,32.2848,1,6.13,10
145020,휴젤,2024-10-15,295500,286000,KOSDAQ,31990.0,-3.2149,4,34,10.6383,3.224,2.1379,1.0361,5.5445,4,3.3724,7.0156,8.307,136.5591,1,13.99,1
005720,넥센,2024-10-15,4900,4700,KOSPI,3721.0,-4.0816,25,69,3.2967,1.4356,1.446,1.1565,2.0517,3,-2.0,0.9482,3.8455,26.8556,0,0.85,-1
030190,NICE평가정보,2024-10-15,11630,11120,KOSPI,10251.0,-4.3852,0,103,4.4131,1.655,0.8257,0.8922,2.6593,3,-1.3332,9.3928,3.8455,38.4807,0,7.64,-1
000640,동아쏘시오홀딩스,2024-10-15,124827,119680,KOSPI,7125.0,-4.1233,17,26,8.642,2.0509,0.8309,1.5853,3.6004,3,3.5811,-1.1785,3.8455,38.7401,0,3.0,-1
026960,동서,2024-10-15,21100,20050,KOSPI,27019.0,-4.9763,0,78,1.519,0.9964,1.0007,1.7932,2.9106,3,-1.0396,6.7447,3.8455,24.7666,1,47.63,5
138610,나이벡,2024-10-16,25750,25250,KOSDAQ,3745.0,-1.9417,0,188,43.8746,17.1888,3.7272,1.8608,5.5615,2,-1.028,53.6286,8.4381,70.9546,0,-0.59,-1
003460,유화증권,2024-10-16,2400,2285,KOSPI,1758.0,-4.7917,5,201,1.7817,0.741,0.8181,1.0028,2.4226,2,0.5368,0.893,3.4449,10.9223,0,0.0,-1
086280,현대글로비스,2024-10-16,129500,123900,KOSPI,182625.0,-4.3243,6,60,8.8752,2.1578,0.9811,1.1569,3.7473,3,0.036,8.0762,3.4449,52.1515,0,2.82,-1
003830,대한화섬,2024-10-16,125800,121000,KOSPI,1575.0,-3.8156,9,168,0.8333,1.4588,1.0426,0.7832,2.0661,2,2.2612,18.654,3.4449,27.907,0,0.83,-1
003540,대신증권,2024-10-16,18100,17200,KOSPI,18025.0,-4.9724,0,141,3.3654,0.9635,0.5987,0.6685,1.3787,3,-0.8489,0.4826,3.4449,24.7281,0,1.74,-1
003800,에이스침대,2024-10-16,28700,28000,KOSDAQ,4076.0,-2.439,10,98,1.4493,0.5137,0.4636,0.3061,1.773,4,1.544,-2.578,8.4381,19.6581,0,0.36,-1
015360,INVENI,2024-10-16,48950,47200,KOSPI,4480.0,-3.5751,4,20,2.9444,0.8535,1.1153,0.73,2.0127,4,1.0327,-2.5902,3.4449,45.9042,1,13.35,4
065710,서호전기,2024-10-17,22050,21300,KOSDAQ,2673.0,-3.4014,10,107,0.7092,0.3177,0.8695,0.7915,2.3877,4,1.6199,2.8638,7.843,20.271,0,2.35,-1
006280,녹십자,2024-10-17,177500,168700,KOSPI,19762.0,-4.9577,4,30,5.8344,2.6518,1.0684,0.8476,3.9207,4,9.1896,7.6835,3.8168,81.3978,1,7.77,2
340570,티앤엘,2024-10-17,77000,76900,KOSDAQ,4503.0,-0.1299,5,35,12.0991,2.2194,1.1227,0.9688,3.8362,4,1.5761,9.2042,7.843,105.0667,1,1.17,1
051600,한전KPS,2024-10-18,47450,45350,KOSPI,26235.0,-4.4257,0,59,5.711,1.4871,1.3607,0.6691,2.8115,4,4.9228,6.7471,0.8448,40.6202,0,2.32,-1
060980,HL홀딩스,2024-10-18,36750,35600,KOSPI,4188.0,-3.1293,19,169,1.2802,0.7849,0.8787,0.5027,1.6954,4,1.4524,0.8694,0.8448,13.5566,0,1.12,-1
003490,대한항공,2024-10-18,24300,23150,KOSPI,91871.0,-4.7325,0,184,6.682,1.3811,0.9832,1.224,2.3758,3,-0.1682,3.4344,0.8448,20.4475,1,5.83,8
187660,현대ADM,2024-10-18,1938,1888,KOSDAQ,2335.0,-2.58,0,138,20.4082,5.4546,2.8402,1.0626,4.7896,3,-0.3491,21.585,3.0354,117.5115,1,6.67,1
102460,이연제약,2024-10-18,17150,16780,KOSPI,2208.0,-2.1574,0,190,21.1552,5.617,2.3254,1.0666,3.5118,2,1.0915,28.9309,0.8448,50.2238,1,11.14,2
072870,메가스터디,2024-10-21,11840,11250,KOSDAQ,1342.0,-4.9831,31,197,0.1781,0.5197,0.675,0.232,0.654,2,-0.5168,-3.2916,3.6484,7.3473,0,0.27,-1
900290,GRT,2024-10-21,4300,4180,KOSDAQ,3044.0,-2.7907,3,34,16.2726,7.7985,1.7603,1.0995,6.6217,4,2.4342,2.3085,3.6484,71.3115,1,59.09,1
035000,HS애드,2024-10-21,6600,6390,KOSPI,1384.0,-3.1818,49,98,-0.1563,0.9103,0.7752,0.7128,0.7713,3,0.4474,-1.1458,1.1458,8.8586,0,2.5,-1
005945,NH투자증권우,2024-10-21,12250,12050,KOSPI,4463.0,-1.6327,57,144,0.5843,0.7261,0.9818,0.189,0.5394,4,1.2267,-0.3933,1.1458,33.8889,0,0.33,-1
047810,한국항공우주,2024-10-22,59500,56600,KOSPI,157227.0,-4.8739,7,97,8.2218,1.9552,1.3526,0.7911,2.8773,3,1.888,5.9884,-0.3914,29.8165,1,24.73,5
005940,NH투자증권,2024-10-22,14400,13910,KOSPI,101380.0,-3.4028,27,51,1.8302,0.659,0.6915,0.4943,1.7511,4,2.0097,-0.816,-0.3914,44.1451,0,0.5,-1
012750,에스원,2024-10-22,64000,61300,KOSPI,34389.0,-4.2188,0,108,4.0747,1.4849,1.0904,0.9445,2.7033,3,-0.0979,4.2897,-0.3914,15.6604,1,7.67,7
368770,파이버프로,2024-10-22,5350,5180,KOSDAQ,5188.0,-3.1776,0,92,21.028,16.7054,2.007,1.6342,5.8949,3,0.1728,35.938,-0.1582,83.3628,0,11.2,-1
003690,코리안리,2024-10-22,7638,7468,KOSPI,25015.0,-2.2257,16,35,3.8954,0.8449,1.1179,0.834,1.8823,4,1.8628,4.1568,-0.3914,28.8475,1,9.53,1
005990,매일홀딩스,2024-10-22,8690,8390,KOSDAQ,1438.0,-3.4522,44,218,-0.2378,0.8277,1.084,0.3012,1.1238,4,0.1811,0.2775,-0.1582,12.9206,0,1.07,-1
017670,SK텔레콤,2024-10-22,59000,57500,KOSPI,158300.0,-2.5424,24,20,2.6786,1.1466,1.0693,1.1445,2.3106,3,2.7002,-1.1497,-0.3914,18.9245,0,0.87,-1
006800,미래에셋증권,2024-10-23,9200,9020,KOSPI,294317.0,-1.9565,11,160,-0.3315,0.8935,1.027,0.4782,2.344,3,5.2054,4.5209,0.241,51.0888,1,3.1,2
192400,쿠쿠홀딩스,2024-10-23,25450,24750,KOSPI,10046.0,-2.7505,5,28,8.7912,3.2561,1.6282,0.8922,2.6551,4,1.6137,5.9822,0.241,61.8705,0,1.01,-1
000140,하이트진로홀딩스,2024-10-23,9680,9250,KOSPI,2216.0,-4.4421,36,172,0.4343,1.6419,1.1166,0.6478,1.4826,3,0.6033,-1.7319,0.241,11.1779,1,10.38,3
083650,비에이치아이,2024-10-24,12170,11600,KOSDAQ,22775.0,-4.6836,0,100,14.3984,6.4834,2.5799,1.5005,5.9729,3,-2.3755,52.2033,-2.7188,82.9653,1,64.66,2
001720,신영증권,2024-10-24,86000,82300,KOSPI,30989.0,-4.3023,21,39,-1.3189,0.7797,0.6001,0.5026,2.0743,4,4.3696,4.3283,-0.8063,48.2883,0,0.85,-1
003920,남양유업,2024-10-24,64500,63500,KOSPI,3066.0,-1.5504,0,194,9.6718,5.2544,1.761,0.851,1.8223,3,0.7847,12.9971,-0.8063,45.4754,1,13.39,1
012330,현대모비스,2024-10-25,270000,256500,KOSPI,396501.0,-5.0,0,147,4.908,4.2676,1.5003,1.2598,3.0493,2,-0.5186,15.5867,-1.8395,29.5455,0,2.73,-1
086790,하나금융지주,2024-10-25,69300,66500,KOSPI,340114.0,-4.0404,4,37,1.372,2.4701,0.999,0.7923,3.3405,4,-0.0134,13.4167,-1.8395,70.7317,0,1.5,-1
086980,쇼박스,2024-10-25,4545,4340,KOSDAQ,1685.0,-4.5105,0,159,7.8261,0.9806,0.9389,1.1075,3.4727,3,4.8937,22.5022,-5.2049,67.5676,1,16.36,6
138930,BNK금융지주,2024-10-25,10340,9910,KOSPI,61134.0,-4.1586,16,38,1.5369,2.611,0.9547,0.6469,2.7245,3,2.8524,4.6403,-1.8395,47.69,0,1.01,-1
003300,한일홀딩스,2024-10-25,14570,13980,KOSPI,5017.0,-4.0494,25,37,5.1128,6.1399,1.2503,0.9245,1.589,3,-0.0195,2.415,-1.8395,32.3864,0,4.15,-1
00680K,미래에셋증권2우B,2024-10-25,4170,4030,KOSPI,23208.0,-3.3573,17,166,-0.3708,1.9387,0.9347,0.3801,1.3648,3,2.5433,4.6456,-1.8395,16.8116,0,3.47,-1
007160,사조산업,2024-10-28,75600,72800,KOSPI,3200.0,-3.7037,1,47,17.0418,16.7943,2.0366,1.3311,4.2092,4,11.3225,16.4213,0.6205,106.8182,1,8.52,6
009680,모토닉,2024-10-28,8980,8650,KOSPI,2937.0,-3.6748,48,78,-0.1155,0.5317,0.7989,0.644,1.3625,3,0.0,-1.7634,0.6205,9.0794,0,1.16,-1
030190,NICE평가정보,2024-10-29,11630,11270,KOSPI,10251.0,-3.0954,10,113,1.0762,0.41,0.662,0.9038,3.0422,3,0.9924,10.5869,-2.0127,40.3487,1,6.21,5
017800,현대엘리베이터,2024-10-29,48900,46700,KOSPI,40695.0,-4.499,0,231,5.6561,2.6333,0.9892,0.9601,2.5772,4,0.7486,8.7555,-2.0127,24.3675,1,13.92,8
016360,삼성증권,2024-10-29,48900,47150,KOSPI,85371.0,-3.5787,27,40,-1.2565,0.6702,0.9033,0.2974,2.3027,4,1.7192,9.0501,-2.0127,34.3305,0,0.74,-1
052330,코텍,2024-10-29,8130,8120,KOSDAQ,1812.0,-0.123,24,115,3.3079,1.4484,0.9168,0.455,1.9792,4,3.038,8.5945,-4.4919,34.4371,1,4.43,1
259960,크래프톤,2024-10-29,355000,345000,KOSPI,116850.0,-2.8169,23,42,1.3216,0.6772,0.7595,0.6489,3.0538,4,6.2286,2.5958,-2.0127,128.6282,0,2.17,-1
003545,대신증권우,2024-10-29,16460,15670,KOSPI,6331.0,-4.7995,5,149,0.2559,0.9816,0.9948,0.1205,0.5424,4,0.9646,3.371,-2.0127,18.9825,0,0.19,-1
267250,HD현대,2024-10-29,85000,81300,KOSPI,193533.0,-4.3529,34,56,0.7435,0.6105,0.8526,0.7775,2.6094,3,1.0811,0.2011,-2.0127,42.8822,0,0.25,-1
035250,강원랜드,2024-10-30,18610,17700,KOSPI,39365.0,-4.8898,5,33,9.0573,2.3509,1.0953,0.95,2.1751,3,5.7017,5.6218,-2.113,32.7832,0,2.26,-1
003800,에이스침대,2024-10-30,28700,27350,KOSDAQ,4076.0,-4.7038,16,108,0.1832,1.3176,0.7338,0.7148,2.1416,3,1.8125,3.2455,-4.687,16.8803,0,2.74,-1
066620,국보디자인,2024-10-31,17440,16730,KOSDAQ,1680.0,-4.0711,33,22,2.638,1.6146,1.4795,1.033,2.3311,3,1.2073,2.0134,-2.7256,32.3576,1,4.9,5
003540,대신증권,2024-10-31,18100,17200,KOSPI,18025.0,-4.9724,1,152,2.0772,2.4912,1.4075,0.5533,1.7193,4,-0.2719,6.9529,-1.4314,24.7281,0,0.7,-1
065710,서호전기,2024-10-31,22050,21650,KOSDAQ,2673.0,-1.8141,20,117,-0.2304,0.8748,0.7113,0.3357,1.2867,4,3.1148,5.8208,-2.7256,22.2473,0,5.54,-1
000640,동아쏘시오홀딩스,2024-10-31,124827,120845,KOSPI,7125.0,-3.19,23,38,1.8002,1.2721,0.7268,0.6688,3.0432,3,3.0887,7.4842,-1.4314,40.0907,0,2.01,-1
032830,삼성생명,2024-11-01,108500,103800,KOSPI,395400.0,-4.3318,0,158,2.0649,1.0099,0.8271,0.6569,2.4016,4,2.3826,15.1978,-0.7546,73.0,0,6.94,-1
060980,HL홀딩스,2024-11-01,36750,35150,KOSPI,4188.0,-4.3537,27,179,-0.5658,1.415,0.8287,0.531,1.453,3,1.6028,0.0484,-0.7546,12.1212,0,2.28,-1
032640,LG유플러스,2024-11-01,10550,10040,KOSPI,68859.0,-4.8341,3,206,0.8032,0.5825,0.8128,0.5867,1.0102,2,-0.1709,4.2597,-0.7546,5.5731,0,19.62,-1
025540,한국단자,2024-11-01,81400,77900,KOSPI,7526.0,-4.2998,1,50,5.9864,2.6218,1.278,0.925,3.7411,4,5.0153,13.1644,-0.7546,45.6075,0,3.98,-1
244920,에이플러스에셋,2024-11-01,4530,4455,KOSPI,3136.0,-1.6556,3,49,8.5262,5.26,1.7924,0.6647,2.1405,4,1.5451,6.826,-0.7546,26.0255,1,7.74,1
094800,맵스리얼티,2024-11-01,4625,4530,KOSPI,5440.0,-2.0541,46,20,0.1105,1.17,1.2689,0.3382,1.0564,3,1.7963,-0.8741,-0.7546,17.8153,0,0.11,-1
034950,한국기업평가,2024-11-01,89800,85500,KOSDAQ,4441.0,-4.7884,25,107,-0.1168,0.4985,0.7641,0.503,1.2531,2,-0.5306,6.0052,-4.3405,17.1233,0,4.56,-1
005945,NH투자증권우,2024-11-04,12250,12000,KOSPI,4463.0,-2.0408,58,154,-0.2494,1.2056,0.8128,0.1024,0.7202,4,0.7744,0.0908,0.7495,33.3333,0,1.25,-1
035000,HS애드,2024-11-04,6600,6480,KOSPI,1384.0,-1.8182,50,108,1.25,0.6561,0.8246,0.7555,1.0362,3,0.5229,0.8179,0.7495,10.3918,0,1.08,-1
069510,에스텍,2024-11-04,11600,11190,KOSDAQ,1636.0,-3.5345,5,44,2.5665,2.4403,1.1019,0.3735,1.666,4,3.8578,5.5487,-1.9376,39.1791,0,2.06,-1
376300,디어유,2024-11-05,39500,39200,KOSDAQ,10172.0,-0.7595,0,168,24.4444,5.3156,1.3596,1.7304,6.2864,2,2.054,96.8422,-3.7387,122.2222,1,7.02,1
298040,효성중공업,2024-11-05,469000,450000,KOSPI,218847.0,-4.0512,0,107,11.1111,1.0103,1.1291,0.5689,4.127,3,5.3761,24.4024,-1.2833,188.2767,1,15.11,1
005990,매일홀딩스,2024-11-05,8690,8360,KOSDAQ,1438.0,-3.7975,43,228,-0.3576,0.5474,1.4896,1.1093,0.9997,3,0.2311,3.9786,-3.7387,12.5168,0,2.27,-1
179290,엠아이텍,2024-11-05,9270,8810,KOSDAQ,2402.0,-4.9622,0,116,4.5077,1.1396,0.8628,0.9043,4.6214,3,5.8818,13.4523,-3.7387,66.5406,0,2.04,-1
003350,한국화장품제조,2024-11-05,89400,85600,KOSPI,2425.0,-4.2506,0,39,14.7453,1.0831,1.0264,0.8045,5.7827,4,7.6775,6.5724,-1.2833,292.6606,0,-0.23,-1
017670,SK텔레콤,2024-11-05,59000,56500,KOSPI,158300.0,-4.2373,34,30,-1.2238,0.6423,0.8871,0.4676,1.8205,4,1.9762,1.1067,-1.2833,16.8563,0,9.56,-1
002960,한국쉘석유,2024-11-06,354500,338000,KOSPI,5870.0,-4.6544,4,62,4.644,1.742,1.4552,0.6176,1.3948,3,0.3838,7.6458,-1.1891,51.5695,0,4.59,-1
004800,효성,2024-11-06,53846,51300,KOSPI,25161.0,-4.7283,5,109,4.0568,0.8708,1.0327,0.5631,2.2139,4,3.1369,7.4003,-1.1891,0.0,0,2.92,-1
005940,NH투자증권,2024-11-06,14400,13750,KOSPI,101380.0,-4.5139,26,62,-0.8652,0.7928,1.0455,1.0611,2.0416,2,0.6006,0.9714,-1.1891,42.487,0,5.67,-1
005720,넥센,2024-11-07,4900,4660,KOSPI,3721.0,-4.898,17,86,2.3052,0.6651,1.1154,0.9135,2.4601,2,-0.5002,5.3464,-1.3285,21.5124,0,1.72,-1
003300,한일홀딩스,2024-11-08,14570,14120,KOSPI,5017.0,-3.0885,34,47,0.9292,0.2571,0.3967,1.0922,2.2258,3,0.6674,8.1042,-1.377,33.7121,0,4.82,-1
008060,대덕,2024-11-08,6770,6500,KOSPI,3762.0,-3.9882,0,152,4.8387,10.3868,2.047,1.8318,1.3297,2,-0.9871,6.2157,-1.377,8.5142,0,4.46,-1
103590,일진전기,2024-11-08,30250,28850,KOSPI,32569.0,-4.6281,0,109,14.7117,1.0501,1.4046,0.746,5.5707,3,0.0698,36.823,-1.377,180.3693,0,3.99,-1
042660,한화오션,2024-11-08,36400,36200,KOSPI,401095.0,-0.5495,0,131,35.0746,11.3557,2.8895,2.0338,4.6073,3,-0.3757,18.719,-1.377,71.9715,1,13.4,1
453340,현대그린푸드,2024-11-08,13580,13090,KOSPI,5202.0,-3.6082,0,97,10.371,3.4993,2.7816,1.6271,2.0736,2,-0.8872,12.592,-1.377,30.2488,0,7.56,-1
272210,한화시스템,2024-11-08,23400,23200,KOSPI,191375.0,-0.8547,0,66,32.7991,3.9461,1.9396,1.6976,4.4766,3,-1.1536,30.7691,-1.377,84.127,1,30.17,1
00680K,미래에셋증권2우B,2024-11-08,4170,4040,KOSPI,23208.0,-3.1175,27,176,1.2531,1.3804,1.2931,0.6955,1.2995,4,2.7056,2.8846,-1.377,17.1014,0,3.22,-1
267260,HD현대일렉트릭,2024-11-08,374500,363500,KOSPI,338483.0,-2.9372,0,70,12.7132,1.4593,1.2113,0.7432,5.4235,4,1.4763,19.3965,-1.377,393.8859,1,13.76,1
241590,화승엔터프라이즈,2024-11-08,10160,9720,KOSPI,3405.0,-4.3307,0,112,7.4033,2.3183,1.0754,1.2448,4.0564,3,5.0013,15.8647,-1.377,47.7204,0,0.1,-1
010140,삼성중공업,2024-11-11,12280,11820,KOSPI,245080.0,-3.7459,0,69,23.8994,5.4096,2.356,1.3831,3.3539,3,-2.695,23.1286,-3.4929,72.0524,1,3.98,10
082740,한화엔진,2024-11-11,17160,16390,KOSPI,45479.0,-4.4872,0,71,19.635,5.0913,1.7981,1.2846,5.051,2,1.3049,14.2362,-3.4929,115.6579,1,11.9,10
090850,현대이지웰,2024-11-11,6570,6450,KOSDAQ,1270.0,-1.8265,0,109,22.3909,10.7656,2.3579,1.5812,4.0144,1,-1.9043,33.3536,-5.3774,31.3646,0,0.47,-1
009680,모토닉,2024-11-11,8980,8660,KOSPI,2937.0,-3.5635,52,88,0.0,0.5744,0.6051,0.4666,0.9815,2,0.2891,2.1262,-3.4929,9.2055,0,1.04,-1
329180,HD현대중공업,2024-11-11,222500,212000,KOSPI,560493.0,-4.7191,2,59,21.1429,1.565,2.1126,1.7127,4.5283,4,0.6908,17.6556,-3.4929,107.4364,1,15.33,5
127120,제이에스링크,2024-11-12,4070,3905,KOSDAQ,9363.0,-4.0541,0,21,11.8911,2.1857,1.5635,0.9529,5.1765,4,3.4306,11.7599,-8.179,120.0,0,14.98,-1
00088K,한화3우B,2024-11-12,16210,15420,KOSPI,8984.0,-4.8735,24,67,3.006,3.8783,2.3379,0.9723,1.5333,3,-0.896,5.7294,-5.7294,16.202,0,3.44,-1
100790,미래에셋벤처투자,2024-11-13,7330,7000,KOSDAQ,12670.0,-4.502,0,179,53.1729,35.3503,3.9361,2.2029,5.9388,1,-2.4999,48.0097,-9.9427,58.7302,0,4.14,-1
051600,한전KPS,2024-11-14,47450,45100,KOSPI,26235.0,-4.9526,3,78,0.6696,0.8852,0.8795,1.1336,3.1359,3,4.66,9.3347,-7.2985,36.8741,1,8.87,5
105550,엣지파운드리,2024-11-14,3040,2975,KOSDAQ,1202.0,-2.1382,0,112,20.4453,6.872,2.1371,1.6556,6.6387,3,3.4438,38.8712,-10.9142,48.8244,1,34.29,1
064350,현대로템,2024-11-15,68000,64800,KOSPI,218285.0,-4.7059,4,20,2.6941,0.8407,1.0681,0.7425,4.4643,4,10.2757,6.5147,-6.8224,160.241,1,7.25,3
034950,한국기업평가,2024-11-15,89800,86000,KOSDAQ,4441.0,-4.2316,27,117,0.3501,1.8243,1.4378,0.6941,1.1213,2,-0.1171,10.1778,-9.0014,17.8082,0,3.95,-1
065710,서호전기,2024-11-15,22050,21050,KOSDAQ,2673.0,-4.5351,28,128,-0.4728,1.2518,1.3459,1.3139,1.6797,3,3.3089,7.8276,-9.0014,18.8594,1,9.98,6
032640,LG유플러스,2024-11-15,10550,10030,KOSPI,68859.0,-4.9289,6,216,0.804,0.87,1.1239,1.3063,1.2747,3,0.4454,7.9312,-6.8224,5.4679,1,19.74,3
005945,NH투자증권우,2024-11-18,12250,11920,KOSPI,4463.0,-2.6939,60,164,0.1681,0.8269,1.2508,1.3594,1.0127,3,0.5842,4.1363,-5.2151,32.4444,0,4.78,-1
012330,현대모비스,2024-11-18,270000,258500,KOSPI,396501.0,-4.2593,1,163,1.5717,0.9704,1.0706,1.1167,3.302,3,4.6699,11.1578,-5.2151,30.5556,0,0.97,-1
035000,HS애드,2024-11-18,6600,6420,KOSPI,1384.0,-2.7273,60,118,-1.5337,2.1679,1.6349,1.7234,1.5465,3,0.9568,5.6846,-5.2151,9.3697,0,0.62,-1
100840,SNT에너지,2024-11-18,16100,15710,KOSPI,9079.0,-2.4224,0,87,6.7255,5.6711,1.7555,1.5748,6.479,4,3.991,23.2467,-5.2151,118.1944,1,26.54,1
005990,매일홀딩스,2024-11-19,8690,8410,KOSDAQ,1438.0,-3.2221,51,238,0.2384,0.9712,1.2213,0.8692,1.4014,4,0.5683,7.311,-7.0726,13.1898,0,2.85,-1
204610,티쓰리,2024-11-19,1521,1459,KOSDAQ,1070.0,-4.0763,1,233,12.2308,2.8601,1.5298,1.458,3.9557,2,6.0177,11.2869,-7.0726,44.8858,1,9.66,9
092790,넥스틸,2024-11-19,12360,11810,KOSPI,2910.0,-4.4498,0,101,10.2708,2.1168,0.8432,1.4692,6.8223,3,5.0045,29.4797,-3.8414,83.3851,0,4.66,-1
003610,방림,2024-11-19,3680,3515,KOSPI,2392.0,-4.4837,2,30,3.9941,2.3485,0.9725,0.848,4.0236,4,8.1403,16.5016,-3.8414,84.5144,1,39.12,3
094800,맵스리얼티,2024-11-20,4625,4420,KOSPI,5440.0,-4.4324,51,33,3.5129,1.0593,0.8169,1.7914,2.012,2,0.7524,1.6562,-4.5134,13.3333,0,2.6,-1
002960,한국쉘석유,2024-11-20,354500,339500,KOSPI,5870.0,-4.2313,7,72,2.568,0.5556,0.9886,1.3043,2.5247,4,0.2639,10.4416,-4.5134,52.2422,0,3.68,-1
072870,메가스터디,2024-11-20,11840,11270,KOSDAQ,1342.0,-4.8142,17,219,2.0833,1.0164,1.4118,1.1368,0.9507,2,-0.3081,10.5335,-8.3576,7.5382,0,2.93,-1
014940,오리엔탈정공,2024-11-20,4995,4845,KOSDAQ,3578.0,-3.003,0,66,19.1882,3.7075,1.5916,1.5694,7.8653,2,-5.3783,42.1974,-8.3576,91.8812,1,26.32,2
000810,삼성화재,2024-11-20,393500,374000,KOSPI,245700.0,-4.9555,1,96,11.3095,0.9217,1.1125,1.4865,3.1513,2,-0.4005,6.8389,-4.5134,61.9048,1,16.31,5
000815,삼성화재우,2024-11-20,291500,278000,KOSPI,12429.0,-4.6312,21,92,5.104,0.9798,1.2765,1.3344,2.184,3,0.0762,2.5733,-4.5134,53.337,1,11.51,5
017670,SK텔레콤,2024-11-20,59000,56700,KOSPI,158300.0,-3.8983,42,41,0.354,1.0358,0.9643,0.9885,1.7889,3,1.5648,4.5134,-4.5134,16.1885,1,9.17,5
009540,HD한국조선해양,2024-11-20,213000,204000,KOSPI,270353.0,-4.2254,1,72,9.9138,0.9652,0.9967,1.0953,4.3592,4,-1.1449,8.1719,-4.5134,117.0213,1,7.35,3
377450,리파인,2024-11-21,15410,14700,KOSDAQ,2083.0,-4.6074,4,32,5.1502,0.9676,1.0063,0.6126,4.276,4,6.051,14.7963,-7.3401,88.4615,1,14.83,3
138930,BNK금융지주,2024-11-21,10340,9850,KOSPI,61134.0,-4.7389,17,57,5.3476,1.359,0.6626,0.69,2.7411,2,0.4994,7.1394,-3.8899,44.2167,1,20.81,5
453340,현대그린푸드,2024-11-22,13580,13130,KOSPI,5202.0,-3.3137,9,107,1.1556,0.7995,0.7844,1.0361,2.7255,3,0.7691,16.3651,-3.1754,30.6468,1,22.7,3
00680K,미래에셋증권2우B,2024-11-22,4170,4020,KOSPI,23208.0,-3.5971,35,186,0.6258,0.3147,0.4751,1.7604,2.3276,4,2.0968,2.9273,-3.1754,16.5217,0,3.73,-1
316140,우리금융지주,2024-11-22,17100,16760,KOSPI,261331.0,-1.9883,18,20,5.4751,0.8334,1.0918,0.5988,1.7729,4,1.5781,1.3019,-3.1754,35.3796,1,3.22,7
033500,동성화인텍,2024-11-22,14380,14190,KOSDAQ,8397.0,-1.3213,0,74,22.2222,4.3425,1.9398,1.7509,5.0438,2,-3.6814,38.806,-6.9287,33.1144,1,9.87,1
008060,대덕,2024-11-22,6770,6580,KOSPI,3762.0,-2.8065,7,162,2.6521,0.9425,0.7257,0.9165,1.6283,2,0.4881,9.4759,-3.1754,9.8497,1,3.19,4
101930,인화정공,2024-11-22,28000,27200,KOSDAQ,3822.0,-2.8571,0,101,20.6208,2.6774,1.5884,1.2575,4.6875,4,2.786,25.9659,-6.9287,164.0777,1,23.71,2
003480,한진중공업홀딩스,2024-11-25,3875,3745,KOSPI,1497.0,-3.3548,0,117,6.392,2.4978,1.6369,1.236,2.5272,3,0.1634,12.4921,-2.9892,21.1974,0,0.27,-1
097230,HJ중공업,2024-11-25,4500,4345,KOSPI,21310.0,-3.4444,0,220,37.9365,6.9888,2.3694,1.787,7.7182,2,-3.1803,95.6721,-2.9892,99.3119,1,65.48,1
071320,지역난방공사,2024-11-25,53900,53400,KOSPI,11393.0,-0.9276,1,107,5.9524,3.5464,1.3001,0.7842,4.6348,3,2.6342,16.2447,-2.9892,131.1688,1,13.11,1
009680,모토닉,2024-11-25,8980,8680,KOSPI,2937.0,-3.3408,51,98,0.0,0.7619,0.7806,1.4006,1.0862,2,-0.0193,3.336,-2.9892,9.4578,0,1.04,-1
010140,삼성중공업,2024-11-25,12280,11910,KOSPI,245080.0,-3.013,8,79,1.882,1.3489,0.955,0.8643,4.648,4,-0.3905,25.52,-2.9892,70.6304,0,2.27,-1
019010,베뉴지,2024-11-25,2505,2445,KOSDAQ,2070.0,-2.3952,1,60,13.7209,1.9405,2.0474,1.7445,5.6529,4,2.6257,19.8808,-5.8948,28.6842,0,0.2,-1
015760,한국전력,2024-11-26,25450,24400,KOSPI,390314.0,-4.1257,0,171,1.8789,1.7781,0.9006,1.0667,3.3519,3,5.2858,9.579,-3.7222,40.1493,0,0.41,-1
003545,대신증권우,2024-11-27,16460,15670,KOSPI,6331.0,-4.7995,9,170,2.1512,0.9635,0.8751,0.4674,1.0074,3,0.193,3.498,-3.498,16.9403,0,2.11,-1
015360,INVENI,2024-11-27,53500,51600,KOSPI,4480.0,-3.5514,9,21,2.994,1.552,1.098,1.2195,2.6786,4,4.721,5.6762,-3.498,58.7692,0,12.02,-1
003300,한일홀딩스,2024-11-27,14570,13880,KOSPI,5017.0,-4.7358,33,60,2.2845,1.1567,1.0532,0.6299,2.0379,3,0.5453,2.7117,-3.498,31.4394,1,15.56,5
086280,현대글로비스,2024-11-27,129500,126300,KOSPI,182625.0,-2.471,5,90,3.1863,1.2643,0.858,1.0247,2.9861,4,2.388,7.4486,-3.498,51.7445,0,0.4,-1
023160,태광,2024-11-27,17920,17060,KOSDAQ,7606.0,-4.7991,0,81,14.1137,1.5504,1.7382,1.2544,5.3425,3,-2.3733,44.9564,-6.2572,53.2794,0,9.32,-1
016360,삼성증권,2024-11-27,48900,46850,KOSPI,85371.0,-4.1922,26,61,1.8478,1.2406,0.8952,0.8408,2.3327,3,0.8354,5.0148,-3.498,33.4758,1,8.22,4
021240,코웨이,2024-11-27,71400,68000,KOSPI,62777.0,-4.7619,7,42,6.7504,1.1633,1.4686,1.106,3.8235,3,1.3739,12.298,-3.498,37.3737,1,9.71,4
035250,강원랜드,2024-11-27,18610,18060,KOSPI,39365.0,-2.9554,8,53,4.5139,1.5804,1.0215,0.5825,1.8035,3,5.7407,5.5319,-3.498,35.4839,0,2.27,-1
216080,제테마,2024-11-27,10431,10231,KOSDAQ,3594.0,-1.9174,2,28,14.249,3.4337,1.3657,1.0465,4.4165,4,5.1422,11.8294,-6.2572,50.3895,0,1.46,-1
00088K,한화3우B,2024-11-28,16210,15660,KOSPI,8984.0,-3.393,16,79,1.8205,1.2933,0.9852,0.7409,1.674,2,-0.3399,6.5534,-2.014,18.0106,0,1.85,-1
001800,오리온홀딩스,2024-11-28,17090,16320,KOSPI,14189.0,-4.5056,20,20,-0.5484,0.855,0.9251,0.8799,2.3109,4,2.0434,-0.901,-2.014,24.6753,0,0.0,-1
000140,하이트진로홀딩스,2024-11-28,10210,9750,KOSPI,2216.0,-4.5054,4,23,1.0363,0.4132,0.8523,0.84,2.2198,4,1.6531,1.4023,-2.014,17.1875,0,0.51,-1
089860,롯데렌탈,2024-11-29,32350,30900,KOSPI,12055.0,-4.4822,11,61,5.4608,2.4481,1.3256,0.9108,2.8086,2,-1.4762,11.2538,-3.4004,19.7674,1,16.34,4
034950,한국기업평가,2024-11-29,89800,88000,KOSDAQ,4441.0,-2.0045,28,127,-1.1236,1.2972,0.829,1.5413,1.3799,3,0.3341,9.9002,-6.9762,20.5479,0,1.59,-1
005945,NH투자증권우,2024-12-02,12250,12100,KOSPI,4463.0,-1.2245,60,174,0.9174,1.1215,1.0526,0.9016,0.9976,4,0.3681,6.0281,-5.1947,34.4444,1,3.22,1
005940,NH투자증권,2024-12-02,14400,13820,KOSPI,101380.0,-4.0278,21,80,3.2885,2.3758,1.2632,0.8394,2.0002,3,-0.1976,6.962,-5.1947,42.0349,1,5.14,1
035000,HS애드,2024-12-02,6600,6430,KOSPI,1384.0,-2.5758,60,128,0.312,0.54,1.1566,0.4305,1.122,4,0.8381,4.4231,-5.1947,9.54,0,0.47,-1
071050,한국금융지주,2024-12-02,79900,76500,KOSPI,131235.0,-4.2553,23,26,4.6512,0.854,0.7992,0.7296,2.6424,3,1.6096,3.6503,-5.1947,43.2584,1,5.75,1
084010,대한제강,2024-12-02,10536,10335,KOSPI,4644.0,-1.9077,6,20,1.9734,1.124,1.1904,0.306,2.1923,3,8.2709,8.5241,-5.1947,49.6091,1,8.0,3
005440,현대지에프홀딩스,2024-12-03,5470,5270,KOSPI,16635.0,-3.6563,0,199,7.8813,1.2065,1.725,0.7002,3.1919,4,3.1367,9.8761,-2.9796,57.7844,0,0.57,-1
105560,KB금융,2024-12-03,103900,101200,KOSPI,579782.0,-2.5987,1,27,5.4167,1.5444,0.9553,0.886,3.0068,4,3.8048,14.1884,-2.9796,106.953,0,-2.77,-1
003920,남양유업,2024-12-03,72000,70100,KOSPI,3066.0,-2.6389,14,20,5.2553,1.3395,1.0799,1.4368,31.7302,4,11.3596,2.5534,-2.9796,0.0,0,0.43,-1
086790,하나금융지주,2024-12-03,69300,66000,KOSPI,340114.0,-4.7619,1,64,6.2802,1.3257,1.0131,0.8229,2.5758,2,-0.3562,11.711,-2.9796,62.1622,0,-2.27,-1
005990,매일홀딩스,2024-12-03,8690,8540,KOSDAQ,1438.0,-1.7261,51,248,1.5458,1.0663,0.9663,0.666,1.0622,4,0.5272,10.2682,-8.1151,14.9394,0,2.58,-1
030610,교보증권,2024-12-03,5870,5680,KOSPI,14462.0,-3.2368,7,37,2.3423,1.552,0.9814,0.7264,2.1881,3,2.0715,7.3913,-2.9796,20.4666,0,1.41,-1
010130,고려아연,2024-12-03,1543000,1542000,KOSPI,355049.0,-0.0648,0,25,63.8682,1.5898,1.2273,0.9353,6.7862,4,26.8497,25.6526,-2.9796,254.4828,1,56.1,1
192080,더블유게임즈,2024-12-03,53800,51700,KOSPI,11942.0,-3.9033,11,21,4.7619,0.844,0.8194,0.6185,2.3487,3,1.727,3.1734,-2.9796,37.8152,1,7.93,5
002960,한국쉘석유,2024-12-04,354500,345000,KOSPI,5870.0,-2.6798,15,82,1.173,1.2038,1.0767,0.5794,1.7805,4,0.8467,5.9528,-3.8818,54.7085,0,2.03,-1
072870,메가스터디,2024-12-04,11840,11330,KOSDAQ,1342.0,-4.3074,18,229,-0.5268,1.5992,0.8646,1.165,1.0339,3,-0.0593,10.0614,-8.9007,8.1107,0,3.8,-1
060980,HL홀딩스,2024-12-05,36750,35000,KOSPI,4188.0,-4.7619,31,203,1.1561,0.9287,0.8022,0.7806,2.2449,3,0.4501,5.2179,-4.7874,11.6427,1,5.14,8
094800,맵스리얼티,2024-12-06,4625,4395,KOSPI,5440.0,-4.973,52,45,0.0,0.6626,1.0555,1.4882,2.3159,2,-0.169,3.0768,-5.1926,12.4041,0,0.68,-1
00680K,미래에셋증권2우B,2024-12-06,4170,3980,KOSPI,23208.0,-4.5564,44,196,-0.995,0.9719,1.0724,0.9632,1.5973,4,1.1703,3.7074,-5.1926,15.3623,0,2.51,-1
214450,파마리서치,2024-12-10,241500,240000,KOSDAQ,34961.0,-0.6211,7,29,9.3394,1.5688,1.1733,1.5286,5.6101,3,5.2674,19.036,-6.8865,176.4977,1,13.96,1
066620,국보디자인,2024-12-11,17550,17460,KOSDAQ,1680.0,-0.5128,36,20,3.805,2.5845,1.7241,0.7712,1.8123,4,0.5278,7.9375,-1.9909,34.3077,1,6.64,3
100250,진양홀딩스,2024-12-11,3282,3137,KOSPI,1811.0,-4.418,0,93,3.6682,4.3393,3.1464,2.403,2.5889,0,-0.1995,2.1048,1.0521,9.9544,0,1.85,-1
143240,사람인,2024-12-11,18630,18200,KOSDAQ,1656.0,-2.3081,0,99,23.0561,35.9552,2.9003,2.1663,3.6813,1,-4.0378,23.082,-1.9909,26.9177,1,2.69,2
012750,에스원,2024-12-11,66000,62700,KOSPI,34389.0,-5.0,15,23,3.2949,0.9696,1.1358,1.0072,2.5404,3,2.0463,-0.7321,1.0521,18.3019,0,3.83,-1
009680,모토닉,2024-12-11,8980,8610,KOSPI,2937.0,-4.1203,51,110,-0.2317,2.0137,1.488,1.6699,1.4352,1,-0.0654,0.3613,1.0521,8.575,0,2.21,-1
035890,서희건설,2024-12-11,1675,1624,KOSDAQ,3730.0,-3.0448,1,21,6.9829,1.9317,1.5169,1.4025,3.3955,3,0.8894,19.4168,-1.9909,36.4706,1,3.45,5
003230,삼양식품,2024-12-11,718000,683000,KOSPI,86479.0,-4.8747,0,118,14.214,1.273,1.1273,1.1696,4.7375,3,3.4919,24.9627,1.0521,303.1877,1,17.13,3
084110,휴온스글로벌,2024-12-12,44500,42600,KOSDAQ,6596.0,-4.2697,2,22,23.8372,1.008,1.2945,0.7213,5.6506,3,8.0932,31.2188,0.2626,110.8911,1,14.44,4
003545,대신증권우,2024-12-12,16460,15760,KOSPI,6331.0,-4.2527,10,181,1.0904,0.9859,1.3152,1.6515,1.3597,4,-0.0129,2.2417,2.6153,17.6119,0,1.52,-1
005720,넥센,2024-12-12,4900,4665,KOSPI,3721.0,-4.7959,7,111,2.0788,0.9855,1.3262,1.0216,1.7838,2,-0.6669,-2.2927,2.6153,21.6428,0,-0.11,-1
006800,미래에셋증권,2024-12-12,9300,8900,KOSPI,294317.0,-4.3011,22,25,4.2155,1.3441,0.8961,1.2526,3.4189,2,1.1738,-3.7264,2.6153,39.0625,0,-0.22,-1
259960,크래프톤,2024-12-13,355000,340500,KOSPI,116850.0,-4.0845,23,75,9.6618,2.3403,1.365,1.2433,3.6396,3,-1.5862,14.4058,3.2108,92.3729,0,2.79,-1
140860,파크시스템스,2024-12-13,224000,213000,KOSDAQ,18156.0,-4.9107,8,26,4.6683,1.1436,0.9061,0.7448,5.3588,3,2.3953,11.3074,1.2124,53.1272,0,16.67,-1
099430,바이오플러스,2024-12-13,7450,7160,KOSDAQ,3366.0,-3.8926,0,203,25.1748,1.4797,1.4148,1.6455,6.2799,2,0.2351,54.4398,1.2124,68.4706,1,11.87,1
034950,한국기업평가,2024-12-13,89800,89100,KOSDAQ,4441.0,-0.7795,36,137,1.4806,0.7625,1.2101,1.2544,1.4991,2,0.9611,2.3923,1.2124,22.0548,0,2.13,-1
015360,INVENI,2024-12-13,53500,51000,KOSPI,4480.0,-4.6729,10,33,4.0816,0.7626,0.9827,1.2032,2.7311,3,3.4222,2.5984,3.2108,56.9231,1,13.33,2
005250,녹십자홀딩스,2024-12-16,18490,17680,KOSPI,7341.0,-4.3807,0,79,19.2178,6.2221,2.0521,1.5366,3.5553,2,-1.6435,22.5716,0.806,36.6306,0,2.09,-1
035000,HS애드,2024-12-16,6600,6400,KOSPI,1384.0,-3.0303,59,138,3.8961,0.4813,0.6808,1.8843,1.4509,2,0.2063,-1.1175,0.806,9.029,0,1.09,-1
000150,두산,2024-12-16,263500,262500,KOSPI,142182.0,-0.3795,0,104,20.1373,1.0825,1.4337,1.2129,6.2476,4,12.8683,24.7921,0.806,235.249,1,16.0,1
068930,디지털대성,2024-12-16,7900,7580,KOSDAQ,2369.0,-4.0506,19,20,3.6936,0.6956,0.6696,1.6419,3.3076,3,3.7493,-3.2428,1.3023,35.5993,0,3.03,-1
071280,로체시스템즈,2024-12-16,20000,19190,KOSDAQ,1667.0,-4.05,6,38,31.7995,1.3411,1.3627,1.4221,4.9989,3,2.7131,39.0781,1.3023,249.5446,0,0.31,-1
005990,매일홀딩스,2024-12-17,8680,8620,KOSDAQ,1438.0,-0.6912,59,249,1.2926,0.9291,0.7834,1.8284,1.6987,4,0.7228,1.28,1.217,16.0162,1,2.32,3
004800,효성,2024-12-17,53846,52200,KOSPI,25161.0,-3.0569,7,138,14.2232,9.9235,2.2972,1.6704,4.1325,3,-1.1507,5.0125,-0.6125,0.0,0,1.15,-1
200670,휴메딕스,2024-12-17,39900,38800,KOSDAQ,4705.0,-2.7569,2,58,15.4762,4.4144,1.8396,1.0146,4.6208,3,-0.5572,27.0475,1.217,52.7559,1,19.72,1
007070,GS리테일,2024-12-17,20483,19800,KOSPI,18686.0,-3.3345,16,250,0.0,0.0,0.0,0.0,100.0,4,1.7155,11.3817,-0.6125,0.0,0,0.0,-1
030610,교보증권,2024-12-17,5870,5710,KOSPI,14462.0,-2.7257,12,47,4.9632,0.6102,0.7648,1.4511,2.2892,4,2.3078,7.9433,-0.6125,21.1029,0,0.88,-1
381970,케이카,2024-12-17,15000,14390,KOSPI,7328.0,-4.0667,0,123,15.7683,18.8941,2.6178,1.8128,3.5987,1,-1.1969,15.8246,-0.6125,42.4752,0,-1.81,-1
092460,한라IMS,2024-12-17,8240,7860,KOSDAQ,2570.0,-4.6117,0,90,5.5034,0.8864,0.6514,1.2578,3.6987,3,3.9933,9.1763,1.217,41.3669,1,13.74,4
042000,카페24,2024-12-17,42950,41050,KOSDAQ,8513.0,-4.4237,0,117,14.1864,1.1121,1.302,1.0144,6.1162,3,1.7809,38.8854,1.217,180.0136,0,2.8,-1
002960,한국쉘석유,2024-12-18,354500,338000,KOSPI,5870.0,-4.6544,20,92,-1.4577,0.7223,0.9566,1.5918,2.6099,3,1.3928,-0.528,0.0862,51.5695,0,4.14,-1
206560,덱스터,2024-12-18,10620,10140,KOSDAQ,1019.0,-4.5198,0,231,34.8404,2.733,2.2524,2.0898,7.5655,3,8.0718,23.1932,2.1467,108.2136,1,9.96,5
072870,메가스터디,2024-12-18,11840,11600,KOSDAQ,1342.0,-2.027,21,239,1.5762,0.9397,1.0353,1.579,1.6379,3,0.3581,0.7814,2.1467,10.687,0,1.38,-1
093050,LF,2024-12-18,16710,15950,KOSPI,6243.0,-4.5482,0,145,3.5714,1.709,1.0391,1.2646,2.8885,3,1.8306,1.3769,0.0862,28.7328,0,1.44,-1
003460,유화증권,2024-12-19,2400,2280,KOSPI,1758.0,-5.0,6,247,0.4405,0.8241,0.6959,0.7034,2.0363,3,0.6947,3.1353,-1.802,9.3525,0,1.32,-1
300720,한일시멘트,2024-12-20,16880,16420,KOSPI,13532.0,-2.7251,0,134,10.871,2.533,1.579,1.3924,3.0103,3,0.3668,22.695,-3.8817,47.0009,0,1.28,-1
267250,HD현대,2024-12-23,85000,81400,KOSPI,193533.0,-4.2353,11,95,3.2995,1.1187,1.1863,0.7124,2.9133,3,-0.4728,4.6357,-3.6432,37.037,1,6.76,5
192400,쿠쿠홀딩스,2024-12-23,25450,24300,KOSPI,10046.0,-4.5187,5,71,2.7484,1.102,0.9342,0.9954,3.0423,3,-0.3315,8.1593,-3.6432,58.9274,0,1.44,-1
000140,하이트진로홀딩스,2024-12-23,10210,9700,KOSPI,2216.0,-4.9951,5,40,2.537,0.9523,0.688,0.6886,1.8336,4,0.567,5.427,-3.6432,16.5865,0,1.03,-1
035510,신세계 I&C,2024-12-23,14150,14040,KOSPI,2525.0,-0.7774,0,218,59.9089,10.4401,3.9341,2.1595,6.0083,1,0.2898,57.9289,-3.6432,73.9777,1,29.34,1
052330,코텍,2024-12-23,8480,8080,KOSDAQ,1812.0,-4.717,9,32,4.1237,2.5007,1.4618,0.9323,2.6079,3,1.0392,6.514,-2.5243,27.2441,0,2.23,-1
071970,HD현대마린엔진,2024-12-23,24850,23650,KOSPI,28562.0,-4.829,0,96,9.4907,0.9789,1.1576,1.1539,5.3277,4,3.7347,17.0724,-3.6432,146.3542,1,24.52,2
00680K,미래에셋증권2우B,2024-12-23,4170,3970,KOSPI,23208.0,-4.7962,48,207,-1.8541,0.8757,1.0312,1.0917,2.0691,3,0.606,2.6457,-3.6432,15.0725,0,0.38,-1
00088K,한화3우B,2024-12-23,16210,15470,KOSPI,8984.0,-4.5651,13,96,0.9132,0.7074,0.6203,0.8304,2.3917,2,0.0218,3.9674,-3.6432,16.5787,0,2.84,-1
082740,한화엔진,2024-12-23,18340,17970,KOSPI,45479.0,-2.0174,1,20,8.3836,2.0463,1.1985,0.9294,4.9527,4,7.2144,6.4464,-3.6432,124.9061,1,46.08,2
065660,안트로젠,2024-12-24,19150,18290,KOSDAQ,3897.0,-4.4909,0,175,6.9591,21.0599,2.33,1.6784,6.2954,4,4.3991,21.9732,-1.8813,39.6183,1,28.49,1
006280,녹십자,2024-12-24,181800,174100,KOSPI,19762.0,-4.2354,2,46,2.2314,0.9641,0.7645,0.9511,4.5786,4,-0.015,26.3808,-3.1678,61.803,0,3.56,-1
019440,세아특수강,2024-12-24,14770,14110,KOSPI,1617.0,-4.4685,0,248,2.4691,3.976,1.8144,1.1893,1.7262,1,0.1228,4.7517,-3.1678,10.2344,0,1.28,-1
009680,모토닉,2024-12-26,8980,8800,KOSPI,2937.0,-2.0045,54,120,1.0333,2.8752,1.4552,1.1126,1.6802,3,0.1754,3.9653,-2.932,10.971,0,-2.84,-1
012750,에스원,2024-12-26,66000,62700,KOSPI,34389.0,-5.0,23,33,-1.5699,0.5688,0.9138,1.0344,2.7113,3,2.208,3.7359,-2.932,18.3019,0,-0.64,-1
003480,한진중공업홀딩스,2024-12-26,3875,3695,KOSPI,1497.0,-4.6452,9,139,1.6506,1.3496,1.1534,0.8459,2.948,3,1.6082,2.1266,-2.932,19.5793,0,1.49,-1
003545,대신증권우,2024-12-27,16460,15790,KOSPI,6331.0,-4.0705,19,191,0.7658,1.1434,0.9326,1.4514,1.8185,4,0.3905,4.6259,-3.9885,17.8358,0,1.2,-1
012630,HDC,2024-12-27,12300,12000,KOSPI,12367.0,-2.439,22,20,0.8403,0.7049,0.9522,0.4284,3.0536,4,2.3879,2.1882,-3.9885,89.2744,1,8.08,3
203650,드림시큐리티,2024-12-27,2049,1969,KOSDAQ,1650.0,-3.9043,0,235,6.0884,6.1115,1.3508,1.3576,8.2565,3,3.915,21.7153,-4.0928,72.4168,1,12.44,3
034950,한국기업평가,2024-12-30,89800,87400,KOSDAQ,4441.0,-2.6726,40,147,-1.4656,0.9297,1.0096,0.7129,1.2177,3,1.221,-0.6818,0.0,19.726,1,5.15,10
214390,경보제약,2024-12-30,6472,6220,KOSPI,1420.0,-3.8937,0,249,13.9194,1.0,4.0,2.4495,83.3946,4,0.232,16.2167,-2.2973,0.0,1,20.58,1
214370,케어젠,2024-12-30,29600,28800,KOSDAQ,63437.0,-2.7027,2,250,6.8646,1.078,1.2669,1.0155,5.7292,3,12.9669,21.0084,0.0,93.9394,1,17.36,1
226400,오스테오닉,2024-12-30,6770,6500,KOSDAQ,1357.0,-3.9882,0,37,7.084,1.012,0.9186,0.9919,5.1319,4,1.5433,33.1967,0.0,60.0985,1,33.69,1
267260,HD현대일렉트릭,2025-01-02,413500,407000,KOSPI,338483.0,-1.5719,0,34,6.1278,1.3391,0.8094,0.8974,4.3085,4,7.9735,23.7553,-2.2628,415.1899,1,10.57,5
082920,비츠로셀,2025-01-02,12011,11683,KOSDAQ,10020.0,-2.7308,0,141,9.9783,6.3237,1.7096,1.3824,3.2318,4,2.9309,14.6754,1.5965,45.6007,1,29.15,2
086820,바이오솔루션,2025-01-02,8096,7912,KOSDAQ,1973.0,-2.2727,0,250,16.9203,3.3303,1.3498,1.0847,5.8564,3,11.2707,43.8179,1.5965,100.7103,1,22.12,1
123330,제닉,2025-01-02,25500,25250,KOSDAQ,1960.0,-0.9804,0,50,9.7826,0.9683,0.8122,1.0003,7.5898,4,11.1265,71.4672,1.5965,0.0,1,15.64,4
103590,일진전기,2025-01-02,30250,29150,KOSPI,32569.0,-3.6364,1,145,7.7634,1.594,0.7472,0.8378,5.0968,4,7.8237,43.7677,-2.2628,183.2847,1,28.82,3
035000,HS애드,2025-01-02,6600,6320,KOSPI,1384.0,-4.2424,59,148,-1.7107,1.4938,1.4314,0.869,1.4127,2,0.0104,0.5521,-2.2628,7.6661,0,9.18,-1
079550,LIG넥스원,2025-01-03,271500,260000,KOSPI,101420.0,-4.2357,6,37,23.2227,1.0193,0.9489,1.4103,5.1621,3,-0.0197,30.0912,-2.3271,150.0,0,3.27,-1
030610,교보증권,2025-01-03,5870,5610,KOSPI,14462.0,-4.4293,20,57,-1.0582,0.3461,0.9886,0.5829,2.2027,3,1.8033,1.0947,-2.3271,18.982,0,0.18,-1
005690,파미셀,2025-01-03,8870,8510,KOSPI,8889.0,-4.0586,0,90,3.9072,0.5167,0.3602,0.6479,6.2364,3,11.9228,82.4329,-2.3271,97.907,1,13.75,1
018670,SK가스,2025-01-03,234000,227500,KOSPI,20709.0,-2.7778,0,24,10.9756,2.156,1.0092,1.4892,4.0345,4,6.3902,8.8845,-2.3271,57.0048,0,5.27,-1
005945,NH투자증권우,2025-01-03,12490,12220,KOSPI,4463.0,-2.1617,54,20,-1.7685,0.6054,0.8198,1.0246,1.5314,4,0.9296,0.1654,-2.3271,35.7778,0,5.48,-1
008060,대덕,2025-01-03,6790,6760,KOSPI,3762.0,-0.4418,32,20,0.5952,1.6748,1.0079,0.9397,1.2046,3,2.4962,2.0321,-2.3271,12.8548,1,1.92,1
319400,현대무벡스,2025-01-06,3755,3645,KOSDAQ,33858.0,-2.9294,0,238,9.6241,1.9986,1.0774,1.2027,3.4294,4,3.7646,25.3246,6.0267,48.7755,1,30.04,2
259960,크래프톤,2025-01-06,355000,346500,KOSPI,116850.0,-2.3944,16,88,12.8664,1.5377,0.9816,0.9856,3.6178,3,-1.2626,4.9633,1.0,95.7627,0,10.97,-1
230240,에치에프알,2025-01-06,19880,19030,KOSDAQ,2124.0,-4.2757,0,232,12.6702,0.781,1.0569,0.6056,6.0356,3,25.0283,52.2927,6.0267,164.3056,1,37.15,9
093050,LF,2025-01-06,16710,16000,KOSPI,6243.0,-4.249,1,155,2.3672,1.0235,0.7596,0.8241,1.9643,3,1.6594,2.3592,1.0,29.1364,0,2.81,-1
010140,삼성중공업,2025-01-07,12290,11830,KOSPI,245080.0,-3.7429,12,28,4.5977,1.7513,0.9196,0.725,3.2544,4,3.063,6.7738,2.0579,69.4842,1,17.16,3
214330,금호에이치티,2025-01-07,700,670,KOSPI,1156.0,-4.2857,0,55,5.3459,2.9522,1.3954,0.5089,3.177,3,1.4171,27.0365,2.0579,36.7347,1,7.61,2
052330,코텍,2025-01-09,8480,8100,KOSDAQ,1812.0,-4.4811,15,42,2.1438,0.5457,0.9047,0.8001,2.2928,4,0.804,-5.7845,15.3921,27.5591,0,6.05,-1
069510,에스텍,2025-01-10,11600,11030,KOSDAQ,1636.0,-4.9138,7,90,6.3645,1.5733,1.0298,1.5429,2.5385,3,-0.4422,-1.63,8.5098,37.1891,0,4.9,-1
012330,현대모비스,2025-01-10,270000,257500,KOSPI,396501.0,-4.6296,2,199,4.4625,1.1179,0.9632,1.0045,3.1068,2,3.6088,-0.429,4.0507,30.0505,0,4.27,-1
064820,케이프,2025-01-10,6500,6180,KOSDAQ,3356.0,-4.9231,0,161,13.3945,2.0715,1.0631,1.2544,4.8313,3,6.1048,5.9346,8.5098,54.3071,1,27.83,3
003690,코리안리,2025-01-10,8550,8240,KOSPI,25015.0,-3.6257,7,25,3.2581,1.0666,1.119,0.9453,2.1931,4,3.9527,-0.9218,4.0507,42.167,0,1.94,-1
077970,STX엔진,2025-01-10,24400,23600,KOSPI,13108.0,-3.2787,0,95,18.593,2.9274,1.7858,0.9868,5.4025,4,1.3085,38.4614,4.0507,106.1135,1,17.16,3
006060,화승인더,2025-01-10,4840,4615,KOSPI,1873.0,-4.6488,0,139,3.0134,0.7246,0.6598,0.8197,3.3431,4,5.3302,0.2431,4.0507,49.5948,1,5.42,8
340570,티앤엘,2025-01-13,78000,77200,KOSDAQ,4503.0,-1.0256,4,59,14.5401,8.5825,1.7564,1.439,3.9508,3,-2.1669,20.9557,4.7772,105.8667,1,10.88,4
143240,사람인,2025-01-14,18700,17870,KOSDAQ,1656.0,-4.4385,11,21,1.1319,0.5347,0.5647,0.5662,3.2577,2,2.8899,-5.5221,5.0765,24.6165,0,1.57,-1
021240,코웨이,2025-01-14,74600,73700,KOSPI,62777.0,-1.2064,3,24,4.8364,2.1357,1.3475,1.4747,3.741,4,0.8865,4.9718,0.6156,48.5887,1,16.69,1
122870,와이지엔터테인먼트,2025-01-14,51400,48950,KOSDAQ,13794.0,-4.7665,3,33,5.3821,1.6754,1.2256,0.9035,3.6334,3,8.2043,2.506,5.0765,63.4391,0,11.75,-1
017960,한국카본,2025-01-15,13350,12700,KOSPI,17571.0,-4.8689,0,97,4.0131,1.3424,0.9215,0.8169,3.4533,3,1.812,20.5136,0.0942,35.1064,1,17.64,2
138930,BNK금융지주,2025-01-15,11900,11590,KOSPI,61134.0,-2.605,2,28,11.1218,1.4471,1.0771,0.7348,2.6994,4,4.2975,4.8877,0.0942,69.6925,1,6.13,5
052020,에스티큐브,2025-01-15,10567,10080,KOSDAQ,5840.0,-4.6087,1,250,2.8571,0.5546,0.7476,0.5477,7.1216,4,18.8849,32.9065,2.5774,155.8376,0,2.28,-1
005940,NH투자증권,2025-01-16,14530,13810,KOSPI,101380.0,-4.9553,16,29,2.2963,1.1793,0.9746,0.793,1.9965,2,0.0171,-1.2571,1.5476,41.9322,0,10.43,-1
035000,HS애드,2025-01-16,6600,6370,KOSPI,1384.0,-3.4848,59,158,0.6319,4.1082,0.863,0.5786,1.2783,2,-0.2136,-2.0164,1.5476,8.5179,1,12.4,9
115180,큐리언트,2025-01-16,5860,5570,KOSDAQ,13928.0,-4.9488,2,60,17.2632,4.2867,2.2631,1.1847,4.9756,4,0.1112,20.0972,3.6806,74.0625,0,8.44,-1
084010,대한제강,2025-01-16,11162,10822,KOSPI,4644.0,-3.046,23,20,0.6136,0.8346,0.8627,0.8233,2.4388,3,6.9156,-3.8938,1.5476,56.6589,1,3.51,2
096770,SK이노베이션,2025-01-17,134200,128800,KOSPI,189001.0,-4.0238,2,250,3.2879,0.9872,0.8414,0.5404,3.211,4,0.8953,5.3372,2.7165,40.458,0,3.42,-1
014940,오리엔탈정공,2025-01-17,6120,5820,KOSDAQ,3578.0,-4.902,0,29,5.0542,0.7682,1.0231,0.6844,5.9033,4,12.6542,16.1454,4.3515,130.495,1,10.65,1
037460,삼지전자,2025-01-17,9550,9120,KOSDAQ,3598.0,-4.5026,0,128,3.8724,0.9752,0.815,0.6841,2.0128,3,0.4514,1.204,4.3515,19.8423,1,6.58,5
108490,로보티즈,2025-01-17,34570,34327,KOSDAQ,40433.0,-0.7029,0,247,10.1566,1.8655,1.0753,1.3647,8.6825,3,12.436,74.9486,4.3515,137.0649,1,27.66,1
005945,NH투자증권우,2025-01-17,12490,12320,KOSPI,4463.0,-1.3611,54,30,1.2325,1.0196,0.8691,0.2891,1.1364,4,0.844,-0.8983,2.7165,36.8889,1,8.85,1
064960,SNT모티브,2025-01-17,27714,27190,KOSPI,9236.0,-1.8907,0,134,19.3434,3.4847,2.7826,1.1677,2.8361,1,-3.2591,17.5028,2.7165,26.0605,1,8.41,1
007340,DN오토모티브,2025-01-17,20910,20050,KOSPI,17114.0,-4.1129,0,77,6.6489,1.6828,1.4716,0.8313,2.2123,4,-1.1092,2.4776,2.7165,0.0,1,9.98,5
000155,두산우,2025-01-20,135000,131600,KOSPI,18923.0,-2.5185,0,122,11.7148,2.9345,1.5027,1.1382,4.9555,4,10.4586,17.7692,1.4337,191.4729,1,24.62,1
259960,크래프톤,2025-01-20,355000,345000,KOSPI,116850.0,-2.8169,14,98,3.4483,0.9722,0.9406,0.9043,4.1408,4,-1.0642,3.9098,1.4337,87.0933,1,13.04,5
306200,세아제강,2025-01-20,145700,141000,KOSPI,3548.0,-3.2258,0,152,15.9539,10.0055,2.6345,1.5041,3.4498,3,1.8399,14.6157,1.4337,30.4348,1,15.96,1
003545,대신증권우,2025-01-21,16460,15670,KOSPI,6331.0,-4.7995,21,206,1.4239,1.4634,0.8889,0.4597,0.8478,3,0.1847,-3.3704,3.3704,16.5923,0,4.98,-1
035890,서희건설,2025-01-21,1680,1606,KOSDAQ,3730.0,-4.4048,22,21,-2.5485,1.4566,0.6536,0.6529,2.1704,3,2.2571,-6.0947,6.0947,34.958,0,-0.37,-1
013030,하이록코리아,2025-01-21,30250,29850,KOSDAQ,3901.0,-1.3223,0,155,11.7978,5.3178,1.9449,0.9697,3.3501,2,1.9223,9.1562,6.0947,33.2589,1,8.71,1
018670,SK가스,2025-01-21,234000,223500,KOSPI,20709.0,-4.4872,4,36,2.5229,0.9543,0.6393,0.7471,3.4676,4,7.2532,8.7721,3.3704,53.8197,1,12.3,7
332570,PS일렉트로닉스,2025-01-21,4320,4170,KOSDAQ,2824.0,-3.4722,0,227,41.5959,78.3095,3.6451,2.0636,5.5927,2,3.2534,61.7121,6.0947,107.4627,1,25.9,4
071050,한국금융지주,2025-01-21,80900,76900,KOSPI,131235.0,-4.9444,17,32,4.2005,0.9394,0.9307,0.8019,2.7122,3,-0.9744,-0.0102,3.3704,41.8819,1,7.8,9
071055,한국금융지주우,2025-01-21,57800,56000,KOSPI,9315.0,-3.1142,6,32,4.8689,1.0367,0.9094,0.8027,1.9133,3,1.2953,1.6953,3.3704,39.477,0,9.64,-1
065680,우주일렉트로,2025-01-21,22100,21200,KOSDAQ,3290.0,-4.0724,0,193,18.1058,2.2276,1.6543,1.1168,5.0708,2,6.4657,49.3305,6.0947,79.661,1,28.77,8
298040,효성중공업,2025-01-22,518000,506000,KOSPI,218847.0,-2.3166,2,48,12.4444,1.644,1.3026,1.0406,4.8137,3,4.2104,17.621,5.9443,224.1512,1,8.5,6
00088K,한화3우B,2025-01-22,16210,15840,KOSPI,8984.0,-2.2825,11,115,5.741,3.9267,1.339,1.1264,1.6098,2,-0.3953,-2.0755,5.9443,19.367,0,35.73,-1
034020,두산에너빌리티,2025-01-22,25000,23950,KOSPI,602768.0,-4.2,0,124,17.9803,4.7023,1.8803,0.9328,3.6982,3,0.8829,30.3676,5.9443,67.4825,1,29.02,2
214430,아이쓰리시스템,2025-01-22,51200,49000,KOSDAQ,8359.0,-4.2969,0,198,7.8108,1.2635,0.5029,0.7834,3.8192,3,11.3082,12.1627,9.5764,99.187,0,35.1,-1
093050,LF,2025-01-22,16710,16050,KOSPI,6243.0,-3.9497,4,167,2.8846,1.1498,1.0787,0.8948,1.9671,4,1.2915,-2.3959,5.9443,29.54,0,4.49,-1
025540,한국단자,2025-01-22,81400,78000,KOSPI,7526.0,-4.1769,3,105,13.0435,1.5063,2.1625,1.2239,3.2967,3,-1.3357,12.2375,5.9443,45.7944,1,10.51,7
000880,한화,2025-01-22,32200,31150,KOSPI,85828.0,-3.2609,0,235,8.5366,3.0162,1.3113,1.0493,2.4765,3,-0.1031,9.2128,5.9443,36.6228,1,66.93,10
052330,코텍,2025-01-23,8480,8080,KOSDAQ,1812.0,-4.717,25,52,-0.7371,0.5665,1.1709,0.2946,1.4321,4,0.8581,-6.5912,6.5912,27.2441,1,6.44,6
00680K,미래에셋증권2우B,2025-01-23,4170,3975,KOSPI,23208.0,-4.6763,39,227,0.8883,1.2268,0.9022,0.3257,0.9793,3,-0.421,-2.8831,3.009,15.2174,0,5.91,-1
051600,한전KPS,2025-01-23,49100,47000,KOSPI,26235.0,-4.277,13,34,9.3023,1.0477,1.2245,0.5274,2.6368,3,0.2742,-2.7958,3.009,42.6404,0,2.34,-1
069510,에스텍,2025-01-24,11600,11060,KOSDAQ,1636.0,-4.6552,10,100,0.8204,1.0075,0.7441,0.3753,2.7254,4,-0.1443,-4.7429,7.1503,37.5622,0,8.05,-1
012330,현대모비스,2025-01-24,270000,263500,KOSPI,396501.0,-2.4074,2,209,4.3564,3.3731,1.3827,1.1095,2.9547,4,2.2274,4.4912,3.9451,33.0808,0,2.09,-1
012450,한화에어로스페이스,2025-01-24,418499,405206,KOSPI,590917.0,-3.1764,4,50,7.5816,1.7648,0.9385,0.7874,4.0444,4,1.3267,23.0612,3.9451,0.0,1,70.35,6
030190,NICE평가정보,2025-01-24,13030,12600,KOSPI,10251.0,-3.3001,8,20,5.2632,0.601,0.7672,1.0521,3.2029,4,3.2325,-6.2706,3.9451,39.2265,0,4.76,-1
036890,진성티이씨,2025-01-24,10750,10380,KOSDAQ,3411.0,-3.4419,0,199,4.8485,2.949,1.8844,0.9023,3.5921,3,3.2309,7.0411,7.1503,40.2703,0,3.37,-1
207940,삼성바이오로직스,2025-01-24,1638051,1599786,KOSPI,791575.0,-2.336,0,65,7.0936,1.5849,1.1846,1.0401,3.2396,3,-1.2125,11.9398,3.9451,50.7629,1,11.22,6
003690,코리안리,2025-01-24,8550,8140,KOSPI,25015.0,-4.7953,11,35,-1.3333,0.5289,0.7057,1.1728,2.2289,3,3.2614,-5.0386,3.9451,39.4313,0,2.95,-1
030200,KT,2025-01-31,50000,48000,KOSPI,152977.0,-4.0,7,37,4.2345,1.844,1.147,0.6471,2.0833,4,2.1952,1.885,3.6095,45.6753,0,1.15,-1
271560,오리온,2025-01-31,106700,101400,KOSPI,50685.0,-4.9672,30,149,3.8934,1.3408,0.8514,0.9407,1.9019,2,0.6989,-6.8538,3.6095,23.9609,1,9.57,8
175330,JB금융지주,2025-01-31,20500,19770,KOSPI,56586.0,-3.561,4,36,8.4476,0.9484,0.9732,0.8842,2.8001,3,1.4715,15.5586,3.6095,87.5712,0,2.43,-1
024110,기업은행,2025-01-31,16010,15530,KOSPI,192578.0,-2.9981,0,211,4.9324,2.1843,1.1664,0.779,1.2188,4,0.8639,2.1806,3.6095,35.5148,0,1.22,-1
042000,카페24,2025-01-31,42950,41200,KOSDAQ,8513.0,-4.0745,1,143,8.9947,1.5216,1.0555,1.0341,6.1286,4,11.2825,11.801,7.7926,181.0368,1,69.17,1
003547,대신증권2우B,2025-01-31,16030,15260,KOSPI,2340.0,-4.8035,0,211,3.0385,1.6428,1.4192,0.5255,0.7723,2,-0.2777,-1.7404,3.6095,20.5371,0,3.28,-1
036530,SNT홀딩스,2025-02-03,27600,26400,KOSPI,9864.0,-4.3478,0,202,12.3404,3.1033,2.1557,1.5187,3.7744,4,0.2835,13.491,2.0451,53.3101,1,30.49,3
035420,NAVER,2025-02-03,222500,217000,KOSPI,398406.0,-2.4719,4,248,6.1125,2.1479,1.3968,1.0326,2.8144,4,5.915,7.7172,2.0451,43.6135,1,8.53,1
001530,DI동일,2025-02-03,48096,46953,KOSPI,4222.0,-2.3765,28,20,-1.0036,0.8789,0.7642,0.2435,1.5649,4,10.7069,-1.3308,2.0451,119.6837,0,0.81,-1
122870,와이지엔터테인먼트,2025-02-03,51400,50500,KOSDAQ,13794.0,-1.751,10,43,4.5549,0.9222,1.0413,0.4135,3.1754,4,6.7825,6.169,5.6804,68.6144,1,30.69,1
352820,하이브,2025-02-04,238500,233000,KOSPI,161655.0,-2.3061,0,188,5.9091,1.2102,1.0143,0.6054,3.1729,3,4.8752,17.05,3.4257,47.7489,1,12.88,2
347700,스피어,2025-02-04,5570,5440,KOSDAQ,17765.0,-2.3339,2,30,8.8,2.2375,1.6747,0.9332,8.8892,4,10.2595,31.3943,6.1531,237.2598,1,65.26,1
009680,모토닉,2025-02-04,8980,8850,KOSPI,2937.0,-1.4477,33,142,5.1069,16.6873,2.4029,1.5046,1.59,2,-0.9263,1.4321,3.4257,11.6015,1,4.86,1
005940,NH투자증권,2025-02-05,14530,14200,KOSPI,101380.0,-2.2712,23,39,-0.6298,0.8659,0.8481,0.6495,1.8008,4,0.4981,-3.098,4.5991,44.898,1,8.03,2
012510,더존비즈온,2025-02-05,78300,74800,KOSPI,25613.0,-4.47,0,138,13.6778,2.7234,1.4501,1.0343,4.2399,2,5.7198,14.6991,4.5991,80.8948,1,22.99,1
058610,에스피지,2025-02-05,34850,34350,KOSDAQ,29540.0,-1.4347,0,250,23.7838,2.9792,1.6763,1.0004,5.6561,3,10.1454,14.2791,6.4591,90.9394,0,-0.15,-1
058970,엠로,2025-02-06,84200,83000,KOSDAQ,4926.0,-1.4252,0,250,25.9484,2.0787,1.7046,0.9244,5.2238,3,11.6763,15.0453,4.8968,118.9974,0,-0.12,-1
326030,SK바이오팜,2025-02-06,130000,127000,KOSPI,87398.0,-2.3077,0,74,16.3004,10.1908,1.9026,1.6672,4.2407,2,-2.5149,12.4169,3.8834,74.9311,0,2.2,-1
267250,HD현대,2025-02-06,86900,86700,KOSPI,193533.0,-0.2301,16,20,2.7251,4.1878,1.3945,1.1718,2.8258,3,1.825,-0.9143,3.8834,45.9596,0,-0.12,-1
214450,파마리서치,2025-02-06,273500,270500,KOSDAQ,34961.0,-1.0969,6,21,11.0883,1.5013,0.8825,0.994,4.4098,4,3.9037,-1.0581,4.8968,211.6359,1,21.07,2
010100,한국무브넥스,2025-02-07,7890,7640,KOSPI,1666.0,-3.1686,0,243,27.5459,0.3273,0.6828,1.7466,7.3205,2,9.3205,134.1019,1.3373,182.963,1,11.39,1
232680,라온로보틱스,2025-02-07,10190,9730,KOSDAQ,2310.0,-4.5142,0,241,10.3175,0.7109,2.8465,2.0322,4.8157,2,3.7147,35.328,3.4737,71.3028,1,20.86,7
060980,HL홀딩스,2025-02-10,36800,35050,KOSPI,4188.0,-4.7554,14,32,1.8895,3.9566,1.3158,1.0014,2.1398,1,-0.7653,1.1653,1.1705,11.8022,0,9.13,-1
071055,한국금융지주우,2025-02-10,57800,55800,KOSPI,9315.0,-3.4602,16,42,-0.5348,1.6177,0.9766,0.7427,2.2785,4,1.5482,1.403,1.1705,38.4615,1,10.04,4
038390,레드캡투어,2025-02-10,9310,8970,KOSDAQ,2164.0,-3.652,18,37,2.7491,2.385,1.3288,0.4643,1.5846,3,3.0473,0.7896,4.3687,27.234,1,62.76,3
003545,대신증권우,2025-02-10,16460,16090,KOSPI,6331.0,-2.2479,26,216,1.5142,1.1622,1.2531,0.7689,1.0654,4,0.212,2.3688,1.1705,18.2219,0,2.24,-1
376300,디어유,2025-02-10,41950,41000,KOSDAQ,10172.0,-2.2646,1,48,13.4163,3.7627,1.4142,0.6461,4.73,3,6.386,23.3571,4.3687,132.4263,1,22.68,1
092130,이크레더블,2025-02-10,13690,13220,KOSDAQ,1903.0,-3.4332,22,242,3.362,3.9375,1.2924,0.7744,1.2211,2,0.4481,-3.6065,4.3687,15.0566,0,1.36,-1
00088K,한화3우B,2025-02-11,16210,16100,KOSPI,8984.0,-0.6786,19,125,4.0724,3.8434,1.328,1.5141,2.1961,4,0.4728,6.6193,0.714,21.0526,1,33.54,1
424960,스마트레이더시스템,2025-02-11,15470,14720,KOSDAQ,1301.0,-4.8481,1,250,21.6529,3.2328,1.7197,0.8571,5.6726,3,5.3156,9.242,4.1633,156.446,1,15.01,5
079550,LIG넥스원,2025-02-11,271500,267000,KOSPI,101420.0,-1.6575,4,60,7.8788,1.7008,1.0031,0.7972,4.3874,4,-2.8359,12.6618,0.714,156.7308,1,21.54,1
003920,남양유업,2025-02-11,72000,69000,KOSPI,3066.0,-4.1667,10,63,7.8125,4.9411,1.2406,1.3565,3.8406,3,0.3668,9.1586,0.714,0.0,1,14.35,5
214430,아이쓰리시스템,2025-02-11,51200,48750,KOSDAQ,8359.0,-4.7852,1,208,10.419,1.5278,1.3475,0.9212,4.3883,3,9.0527,-0.5501,4.1633,98.1707,1,35.79,1
093050,LF,2025-02-11,16710,16500,KOSPI,6243.0,-1.2567,14,177,2.2939,1.5031,1.1955,0.4905,2.0087,4,2.0029,1.7069,0.714,31.3694,1,1.64,4
003570,SNT다이내믹스,2025-02-11,28200,26900,KOSPI,16510.0,-4.6099,0,72,12.5523,1.9325,1.4154,0.9419,5.2841,3,-5.4032,33.1169,0.714,90.3751,1,40.52,1
358570,지아이이노베이션,2025-02-12,13603,13319,KOSDAQ,9255.0,-2.0878,0,78,39.7147,1.8117,2.049,0.898,6.0408,2,-9.0601,69.9579,2.9937,113.6167,1,24.84,1
316140,우리금융지주,2025-02-12,17300,16850,KOSPI,261331.0,-2.6012,11,44,7.0521,1.6323,1.6158,1.5101,2.0941,2,-0.9813,8.3652,1.0504,29.8151,1,3.86,1
00680K,미래에셋증권2우B,2025-02-12,4170,4075,KOSPI,23208.0,-2.2782,39,237,0.8663,0.5838,1.0641,0.6849,1.0955,4,-0.3461,3.4368,1.0504,18.1159,1,5.52,5
041440,현대에버다임,2025-02-13,11400,11280,KOSDAQ,1607.0,-1.0526,0,131,22.2102,6.0822,2.2454,1.3508,5.8257,4,3.5681,18.2362,4.3725,93.482,1,1.42,1
069510,에스텍,2025-02-13,11600,11200,KOSDAQ,1636.0,-3.4483,12,110,0.2686,1.4291,1.8151,0.9385,2.4745,3,0.293,-2.8313,4.3725,39.3035,1,6.7,2
045390,대아티아이,2025-02-13,3470,3335,KOSDAQ,3235.0,-3.8905,0,133,6.2102,2.6498,1.0388,1.1481,3.6625,3,6.3022,2.007,4.3725,38.9583,0,2.85,-1
010120,LS ELECTRIC,2025-02-13,274500,263000,KOSPI,191100.0,-4.1894,0,132,19.0045,2.7441,1.0096,1.2778,5.8392,3,14.0237,44.1666,2.6787,316.7987,1,15.4,3
036890,진성티이씨,2025-02-13,10750,10260,KOSDAQ,3411.0,-4.5581,1,209,8.0,4.2057,1.4321,1.2349,5.0821,3,3.5467,2.1695,4.3725,38.6486,0,5.26,-1
003690,코리안리,2025-02-14,8550,8160,KOSPI,25015.0,-4.5614,20,46,-0.2445,1.1753,0.9847,0.3874,1.7595,4,1.5044,-2.7102,4.0766,30.289,0,2.7,-1
139130,iM금융지주,2025-02-14,9980,9610,KOSPI,29732.0,-3.7074,0,248,3.556,1.6902,1.1104,0.6056,1.8285,4,3.7438,7.7976,4.0766,29.1667,0,2.19,-1
024110,기업은행,2025-02-14,16010,15350,KOSPI,192578.0,-4.1224,4,221,1.3201,0.7179,1.235,0.7874,1.4937,4,1.3222,0.4162,4.0766,28.0234,0,3.39,-1
218410,RFHIC,2025-02-14,18970,18500,KOSDAQ,12457.0,-2.4776,0,239,5.4732,1.2055,0.8466,0.7884,5.4131,3,7.7438,39.9158,6.7932,74.0357,1,7.08,1
016360,삼성증권,2025-02-14,50700,48250,KOSPI,85371.0,-4.8323,4,46,2.2246,1.5841,1.0589,0.6353,2.1466,2,-0.8246,6.8429,4.0766,36.4922,0,2.59,-1
256940,킵스파마,2025-02-14,8060,7940,KOSDAQ,1807.0,-1.4888,0,238,8.7671,1.7712,0.9001,1.4353,5.1457,3,7.1509,12.7851,6.7932,90.8654,1,24.31,1
127120,제이에스링크,2025-02-14,6550,6250,KOSDAQ,9363.0,-4.5802,2,24,14.0511,1.4124,1.1491,0.6945,6.0114,4,14.771,3.6308,6.7932,252.1127,1,7.68,7
300720,한일시멘트,2025-02-14,16880,16270,KOSPI,13532.0,-3.6137,4,167,7.2512,2.7412,1.2245,1.0324,3.0995,3,3.102,-0.115,4.0766,38.2328,0,4.18,-1
000720,현대건설,2025-02-14,36000,34600,KOSPI,124718.0,-3.8889,0,185,6.7901,1.2229,0.8949,0.8711,4.1495,2,1.4573,27.7329,4.0766,43.5685,1,8.53,2
017550,수산세보틱스,2025-02-14,2310,2205,KOSPI,1096.0,-4.5455,0,166,4.0094,1.2492,1.6679,0.6622,3.3819,3,5.7602,6.7831,4.0766,39.1167,0,0.91,-1
003547,대신증권2우B,2025-02-14,16030,15520,KOSPI,2340.0,-3.1815,9,221,0.4531,0.9567,0.8821,0.6231,0.9205,4,0.5282,1.8619,4.0766,17.0437,0,1.55,-1
179290,엠아이텍,2025-02-17,9270,9240,KOSDAQ,2402.0,-0.3236,0,183,8.0702,6.1838,1.638,1.3436,3.641,4,-1.4541,9.4949,7.0247,74.6692,1,1.62,1
102940,코오롱생명과학,2025-02-17,29500,28850,KOSDAQ,8211.0,-2.2034,0,246,25.1627,7.1705,2.0692,1.2505,4.1099,3,7.4639,11.213,7.0247,71.9309,0,36.57,-1
030190,NICE평가정보,2025-02-17,13030,12500,KOSPI,10251.0,-4.0675,10,32,4.0799,0.5911,0.8115,0.7323,2.6629,4,3.1583,-0.3588,4.5255,35.8696,1,8.08,7
310210,보로노이,2025-02-17,125900,121400,KOSDAQ,40190.0,-3.5743,0,63,2.6205,1.0581,0.9173,1.0719,6.8663,3,-6.3248,43.409,7.0247,328.2187,1,26.03,10
011760,현대코퍼레이션,2025-02-17,24500,23700,KOSPI,3294.0,-3.2653,0,179,20.3046,8.8986,2.7428,1.2706,4.12,3,0.9458,20.277,4.5255,46.9312,1,10.55,6
000810,삼성화재,2025-02-17,435000,425000,KOSPI,245700.0,-2.2989,1,47,16.1202,1.7782,1.3859,1.2648,4.0168,3,1.782,14.024,4.5255,60.3774,0,-2.71,-1
000815,삼성화재우,2025-02-17,310000,309000,KOSPI,12429.0,-0.3226,0,47,10.3571,3.4682,1.4695,1.1729,2.4965,3,0.7127,9.4966,4.5255,60.5195,0,-0.32,-1
016610,DB증권,2025-02-17,6280,5980,KOSPI,5743.0,-4.7771,0,103,7.554,1.3507,1.8577,0.77,2.2456,4,1.0687,9.8148,4.5255,52.7458,0,2.34,-1
099320,쎄트렉아이,2025-02-18,58500,58200,KOSDAQ,20479.0,-0.5128,0,152,19.8764,2.7534,1.9881,0.8895,4.3324,3,4.5143,22.9559,8.7183,94.0,0,3.95,-1
383220,F&F,2025-02-18,77400,73800,KOSPI,29688.0,-4.6512,0,212,9.0103,0.9251,1.3049,0.7218,3.4553,2,4.5456,13.4429,5.2066,56.5217,0,1.36,-1
065710,서호전기,2025-02-19,23150,22200,KOSDAQ,2673.0,-4.1037,21,49,9.3596,5.428,2.67,1.2955,1.9466,3,-1.5456,0.3068,7.4602,25.3529,0,8.11,-1
029780,삼성카드,2025-02-19,46000,44300,KOSPI,70210.0,-3.6957,0,111,5.2257,1.803,1.2594,0.8393,2.1525,3,1.443,4.5005,5.6985,31.0651,0,3.39,-1
375500,DL이앤씨,2025-02-19,40600,39550,KOSPI,19115.0,-2.5862,1,250,4.7682,1.0725,1.0154,1.5251,4.0636,3,3.8306,20.6593,5.6985,38.2867,1,18.71,4
006800,미래에셋증권,2025-02-19,9300,8840,KOSPI,294317.0,-4.9462,2,67,5.7416,1.9501,1.3484,0.7917,2.2301,2,-2.1404,2.3699,5.6985,33.9394,0,13.01,-1
041510,에스엠,2025-02-19,100700,96500,KOSDAQ,26192.0,-4.1708,0,177,3.0983,1.4706,1.0878,1.1133,4.3375,3,6.2232,17.7019,7.4602,75.1361,1,11.71,1
402340,SK스퀘어,2025-02-19,109000,104300,KOSPI,717233.0,-4.3119,0,145,9.9052,1.3366,0.9124,0.8472,4.7939,3,3.1598,5.0233,5.6985,77.9863,0,-0.48,-1
039830,오로라,2025-02-20,7470,7200,KOSDAQ,1647.0,-3.6145,0,245,7.946,1.5652,1.5825,0.7161,2.0734,3,5.0725,16.0203,6.0136,39.8058,0,2.08,-1
253450,스튜디오드래곤,2025-02-20,50400,49400,KOSDAQ,14473.0,-1.9841,5,51,20.4878,26.2328,2.5957,1.737,4.0414,2,-1.1418,18.5766,6.0136,49.697,1,6.07,5
030200,KT,2025-02-20,50000,47650,KOSPI,152977.0,-4.7,8,51,5.4204,1.7636,1.1687,0.9256,2.2935,4,2.381,-1.472,5.1717,44.3939,0,8.08,-1
012750,에스원,2025-02-20,66000,62900,KOSPI,34389.0,-4.697,10,67,5.8923,0.877,0.9123,0.8508,2.5097,3,-1.8498,0.0123,5.1717,18.6792,0,0.0,-1
003030,세아제강지주,2025-02-20,240500,230000,KOSPI,6043.0,-4.3659,0,217,7.9812,2.201,0.9508,0.7398,4.8416,3,8.0977,8.1288,5.1717,60.7268,1,27.17,1
017670,SK텔레콤,2025-02-20,61900,59100,KOSPI,158300.0,-4.5234,5,53,4.9734,1.4082,0.9479,1.0982,1.5833,3,-0.503,0.9324,5.1717,18.2,0,-0.17,-1
003540,대신증권,2025-02-20,18100,17220,KOSPI,18025.0,-4.8619,0,225,3.2374,1.0243,1.0274,0.5671,1.1656,3,-0.4145,1.3877,5.1717,19.6664,0,1.05,-1
005440,현대지에프홀딩스,2025-02-20,5470,5220,KOSPI,16635.0,-4.5704,1,249,4.8193,1.9611,1.0663,0.7368,2.7094,4,2.4648,4.2623,5.1717,35.4086,1,12.45,1
143240,사람인,2025-02-20,18700,17910,KOSDAQ,1656.0,-4.2246,13,44,5.9763,2.3341,1.0137,0.6593,2.4368,3,2.9232,-3.0826,6.0136,24.8954,0,2.68,-1
003545,대신증권우,2025-02-24,16460,16410,KOSPI,6331.0,-0.3038,36,226,1.2338,1.7458,1.1376,0.4233,1.4321,4,1.4599,-0.3308,5.0532,18.6551,0,-0.12,-1
006040,동원산업,2025-02-24,38554,36800,KOSPI,19425.0,-4.5495,1,244,8.8757,3.943,1.4789,0.9362,2.2904,3,3.5094,-0.8039,5.0532,38.8365,0,3.67,-1
011200,HMM,2025-02-24,20800,20000,KOSPI,199966.0,-3.8462,2,154,10.4972,17.0798,2.2833,1.0188,3.1857,4,2.1836,5.7502,5.0532,40.3509,1,13.25,1
092130,이크레더블,2025-02-24,13690,13320,KOSDAQ,1903.0,-2.7027,32,37,2.069,1.8363,1.2645,0.4943,1.3728,3,0.933,-3.2532,6.509,15.9269,0,5.11,-1
060980,HL홀딩스,2025-02-24,36800,36750,KOSPI,4188.0,-0.1359,23,42,3.8136,2.7383,1.1936,0.7444,1.7979,3,0.2971,0.2477,5.0532,17.2249,1,4.08,1
012330,현대모비스,2025-02-24,270000,256500,KOSPI,396501.0,-5.0,4,226,4.4807,0.4646,0.7959,0.8952,2.924,4,0.1683,-2.4532,5.0532,27.9302,0,12.67,-1
241770,메카로,2025-02-24,11360,10800,KOSDAQ,2553.0,-4.9296,0,207,14.2857,2.9457,0.9193,1.3348,5.5423,3,4.6099,23.1428,6.509,58.5903,0,1.76,-1
069960,현대백화점,2025-02-24,59400,57600,KOSPI,24484.0,-3.0303,1,250,9.7143,1.0293,1.2739,0.8044,3.1126,3,5.8568,12.4979,5.0532,38.7952,1,6.6,6
145020,휴젤,2025-02-25,326000,316500,KOSDAQ,31990.0,-2.9141,0,71,13.2379,0.9375,1.0496,1.2911,4.1413,3,-1.565,22.5521,5.0689,115.1598,1,9.32,1
017810,풀무원,2025-02-26,18410,18310,KOSPI,5051.0,-0.5432,0,169,24.0515,6.3686,1.6522,0.7936,5.2508,3,9.4095,73.9903,4.9931,92.7368,1,2.46,1
217270,넵튠,2025-02-26,7290,7100,KOSDAQ,2388.0,-2.6063,0,248,9.7372,2.4394,1.0038,1.0234,4.8491,3,5.0998,18.4531,6.5469,51.0638,1,11.55,1
003460,유화증권,2025-02-27,2390,2285,KOSPI,1758.0,-4.3933,4,233,4.1002,3.0039,1.2425,0.877,1.1879,2,-0.6429,1.4678,3.3487,9.5923,0,2.19,-1
168360,펨트론,2025-02-27,13190,12600,KOSDAQ,4019.0,-4.4731,0,236,13.4113,4.6932,1.1698,0.7886,8.7472,4,16.4313,54.3232,5.7785,310.4235,0,1.75,-1
023160,태광,2025-02-27,24250,23450,KOSDAQ,7606.0,-3.299,3,22,9.5794,3.8922,1.61,1.0811,6.5184,4,16.1388,-2.2465,5.7785,110.6918,1,15.14,2
003547,대신증권2우B,2025-02-28,16030,15320,KOSPI,2340.0,-4.4292,19,231,-2.4204,0.5909,0.7058,0.6141,0.8439,4,1.5349,-0.219,0.6121,13.5656,0,2.51,-1
024110,기업은행,2025-02-28,16010,15590,KOSPI,192578.0,-2.6234,14,231,0.5806,2.0535,1.0472,0.4773,1.1088,4,1.933,-0.2258,0.6121,24.6203,0,1.8,-1
047810,한국항공우주,2025-03-04,70600,67700,KOSPI,157227.0,-4.1076,0,70,13.0217,1.7328,1.1247,1.55,5.46,3,-3.3943,29.69,3.0551,41.0417,1,44.76,2
071200,인피니트헬스케어,2025-03-05,6264,6153,KOSDAQ,1617.0,-1.772,0,247,39.1767,2.6202,3.9162,2.2206,5.8102,3,1.7207,39.5384,3.7546,59.4868,0,0.98,-1
036890,진성티이씨,2025-03-05,10750,10400,KOSDAQ,3411.0,-3.2558,4,222,6.1224,1.8001,1.5514,1.3982,4.581,3,2.0636,9.0437,3.7546,40.5405,1,3.85,1
009540,HD한국조선해양,2025-03-05,251500,251000,KOSPI,270353.0,-0.1988,9,26,12.3043,2.4006,1.3272,1.6187,5.4781,4,4.4444,5.1095,3.0802,133.9236,0,0.0,-1
236200,슈프리마,2025-03-05,29950,28800,KOSDAQ,3440.0,-3.8397,0,124,9.5057,1.3972,1.5478,0.9447,2.6414,3,4.4456,13.0811,3.7546,33.6427,0,5.03,-1
003690,코리안리,2025-03-05,8550,8180,KOSPI,25015.0,-4.3275,27,58,0.2451,0.9184,1.0679,0.6993,1.7377,3,0.7099,-2.4652,3.0802,28.5355,0,1.22,-1
065710,서호전기,2025-03-06,23150,22350,KOSDAQ,2673.0,-3.4557,26,59,-0.6667,0.4478,0.418,1.1258,3.0042,4,-0.1402,10.3791,0.539,26.1999,1,7.61,7
300720,한일시멘트,2025-03-06,16880,16360,KOSPI,13532.0,-3.0806,6,180,2.1223,1.2171,1.1228,0.6268,3.1217,4,3.9971,6.839,2.6657,38.9975,1,4.52,4
006800,미래에셋증권,2025-03-06,9300,9120,KOSPI,294317.0,-1.9355,6,77,1.3333,2.9562,1.3635,1.3545,2.9135,3,-0.2237,6.1648,2.6657,38.1818,1,11.84,2
037710,광주신세계,2025-03-06,32000,30400,KOSPI,2773.0,-5.0,0,244,1.1647,1.1405,0.9954,1.0142,1.0456,2,0.6963,0.2108,2.6657,12.1771,0,0.33,-1
044450,KSS해운,2025-03-06,9770,9300,KOSPI,2380.0,-4.8106,0,103,3.2186,1.4239,1.2179,1.5142,2.957,3,-0.9394,7.9169,2.6657,20.3105,0,-0.54,-1
029780,삼성카드,2025-03-06,46000,44400,KOSPI,70210.0,-3.4783,10,121,-2.3102,0.7616,0.8367,0.7014,2.3407,4,2.2508,1.0726,2.6657,27.4032,0,0.23,-1
003240,태광산업,2025-03-07,841000,809000,KOSPI,10778.0,-3.805,0,248,9.9185,8.1774,2.2507,1.7753,4.035,4,4.1374,17.568,1.0537,58.6275,0,0.87,-1
039830,오로라,2025-03-07,7350,7070,KOSDAQ,1647.0,-3.8095,7,249,1.0,0.4602,0.7136,1.1241,3.0309,3,5.8504,9.6436,-1.7047,37.2816,0,2.12,-1
084010,대한제강,2025-03-07,11202,10816,KOSPI,4644.0,-3.4458,33,29,2.5991,1.369,0.9158,1.0952,2.3213,3,0.9879,2.8564,1.0537,56.5721,0,2.27,-1
030200,KT,2025-03-07,50000,48050,KOSPI,152977.0,-3.9,11,61,0.8395,0.502,0.8327,0.8005,1.8656,4,1.8532,3.2894,1.0537,45.6061,1,7.18,8
005720,넥센,2025-03-10,4900,4675,KOSPI,3721.0,-4.5918,1,165,2.5219,1.8718,1.1112,1.1053,2.1696,1,-1.1691,6.0457,1.9219,16.1491,0,2.46,-1
000300,DH오토넥스,2025-03-10,4267,4200,KOSPI,1740.0,-1.5702,60,250,0.0,1.0,1.0,1.0,0.0,0,0.0,-1.9219,1.9219,5.2632,0,0.0,-1
000815,삼성화재우,2025-03-10,310000,295000,KOSPI,12429.0,-4.8387,4,61,2.0761,0.9273,0.7653,0.6707,2.5666,4,1.3766,3.2474,1.9219,40.4762,0,1.86,-1
120030,조선선재,2025-03-10,106800,102200,KOSPI,1290.0,-4.3071,2,20,3.4413,1.7883,1.599,1.1248,2.2435,3,1.8454,2.3638,1.9219,16.9336,0,0.0,-1
016590,신대양제지,2025-03-11,6500,6220,KOSPI,6448.0,-4.3077,0,229,3.8397,1.3207,1.0475,0.9057,1.3206,3,1.8297,3.7147,0.6477,29.5833,1,16.56,3
003545,대신증권우,2025-03-11,16460,16110,KOSPI,6331.0,-2.1264,41,236,1.5123,0.9303,0.9333,0.9603,1.4099,3,1.6077,-0.5234,0.6477,16.4859,0,0.81,-1
092130,이크레더블,2025-03-11,13690,13200,KOSDAQ,1903.0,-3.5793,36,47,-0.3774,0.6225,0.9597,0.2845,1.0281,4,0.9626,3.6064,-3.7577,14.8825,1,9.85,9
002030,아세아,2025-03-12,279000,268000,KOSPI,5990.0,-3.9427,0,196,3.0769,1.1954,1.1157,0.6821,1.8923,2,1.5252,6.4383,1.4088,38.5729,0,0.56,-1
034950,한국기업평가,2025-03-12,94400,90700,KOSDAQ,4441.0,-3.9195,21,20,2.0247,0.2693,0.4629,0.9511,1.8113,3,0.248,3.5713,-2.6815,15.2478,0,0.88,-1
084110,휴온스글로벌,2025-03-12,48750,47050,KOSDAQ,6596.0,-3.4872,3,50,41.0795,8.8468,2.4927,1.3921,5.8221,3,2.183,29.16,-2.6815,132.9208,0,2.55,-1
002020,코오롱,2025-03-12,20300,19600,KOSPI,8209.0,-3.4483,0,234,9.681,1.9868,1.1248,0.6043,3.2143,3,8.8303,31.3825,1.4088,55.9268,1,58.16,1
003650,미창석유,2025-03-13,104500,102000,KOSPI,2157.0,-2.3923,0,103,12.5828,28.5829,2.7588,2.0845,3.2563,3,0.1801,10.6066,0.9908,38.587,1,2.94,1
006040,동원산업,2025-03-14,38000,36200,KOSPI,19425.0,-4.7368,9,47,-0.2755,1.6718,0.8016,0.6651,2.7723,4,3.7379,6.0365,-0.6508,36.5729,1,5.39,6
001045,CJ우,2025-03-14,66800,65900,KOSPI,2294.0,-1.3473,0,200,10.3853,17.5664,2.4438,1.9198,3.6744,3,2.5134,14.2714,-0.6508,22.4907,1,4.25,1
036170,에이치엠넥스,2025-03-14,1040,990,KOSDAQ,1062.0,-4.8077,0,136,4.3203,2.2576,1.075,0.6878,3.0159,3,3.3372,19.3032,-2.0046,30.9524,1,8.08,1
003460,유화증권,2025-03-14,2390,2330,KOSPI,1758.0,-2.5105,14,243,0.8658,1.8904,0.9168,0.6178,1.4255,3,0.2478,7.5315,-0.6508,11.7506,0,0.21,-1
012330,현대모비스,2025-03-17,270000,259500,KOSPI,396501.0,-3.8889,9,240,0.3868,0.9569,1.1928,0.9893,3.0829,3,0.8527,3.25,0.758,29.4264,1,11.37,2
003547,대신증권2우B,2025-03-17,16030,15430,KOSPI,2340.0,-3.743,28,241,-0.6439,1.818,1.0722,1.0725,1.2615,3,1.4234,-1.3379,0.758,14.381,0,1.78,-1
196170,알테오젠,2025-03-17,455500,439500,KOSDAQ,202252.0,-3.5126,0,82,18.1452,3.5301,1.4811,1.5171,5.4445,2,5.8103,13.242,-1.6937,181.37,1,4.55,1
121440,골프존홀딩스,2025-03-17,4235,4150,KOSDAQ,2135.0,-2.0071,0,102,15.4381,17.369,3.5417,2.1401,3.2444,2,0.7919,19.9273,-1.6937,34.9593,1,9.76,6
024110,기업은행,2025-03-17,16010,15800,KOSPI,192578.0,-1.3117,24,241,0.9585,1.0172,1.195,0.8759,1.4738,4,2.0852,2.1736,0.758,26.299,0,0.44,-1
009970,영원무역홀딩스,2025-03-17,101000,99900,KOSPI,30711.0,-1.0891,0,250,9.7802,1.6788,0.9698,1.4905,3.5107,3,2.7613,17.8881,0.758,31.4474,0,0.8,-1
044820,코스맥스비티아이,2025-03-18,10490,9970,KOSPI,1308.0,-4.9571,0,195,5.2798,3.1411,1.1503,1.3539,2.486,3,2.8212,15.1866,0.0736,20.8485,1,7.92,6
092460,한라IMS,2025-03-18,9920,9510,KOSDAQ,2570.0,-4.1331,1,23,8.3144,1.4593,0.9938,0.9901,3.9733,4,6.4128,8.4175,-2.9851,66.2587,0,1.16,-1
340570,티앤엘,2025-03-18,85600,84000,KOSDAQ,4503.0,-1.8692,10,26,8.2474,3.6155,1.1773,1.1941,3.9796,3,8.0436,5.8003,-2.9851,85.8407,0,0.24,-1
082920,비츠로셀,2025-03-18,15089,14458,KOSDAQ,10020.0,-4.1819,2,34,10.1898,3.047,1.2341,0.7925,5.0249,4,8.8056,11.0985,-2.9851,76.8563,0,0.7,-1
003540,대신증권,2025-03-18,18100,17310,KOSPI,18025.0,-4.3646,3,242,2.6082,2.3931,1.5368,1.0813,1.4566,3,0.7269,1.8099,0.0736,20.2919,0,0.58,-1
014940,오리엔탈정공,2025-03-18,6440,6190,KOSDAQ,3578.0,-3.882,0,36,17.2348,5.6418,1.3952,1.4012,5.8908,4,4.2112,22.4832,-2.9851,114.5581,0,1.62,-1
316140,우리금융지주,2025-03-20,17500,16730,KOSPI,261331.0,-4.4,13,20,4.3668,0.6803,0.7582,0.7445,1.7761,2,0.4103,-2.1738,-1.2884,27.2243,0,1.91,-1
029780,삼성카드,2025-03-20,46000,44250,KOSPI,70210.0,-3.8043,12,131,3.8732,0.9495,1.1671,1.0777,1.8765,3,2.008,1.1755,-1.2884,26.9727,0,0.56,-1
036930,주성엔지니어링,2025-03-20,41450,40300,KOSDAQ,23232.0,-2.7744,0,228,21.5686,3.0676,2.0407,0.9932,4.8298,3,6.9213,10.4244,-6.8254,82.7664,1,7.69,1
211050,인카금융서비스,2025-03-21,6750,6580,KOSDAQ,7005.0,-2.5185,0,73,9.8497,1.7826,1.3891,1.083,3.5497,4,-1.3336,23.2336,-6.3597,0.0,1,21.58,1
051500,CJ프레시웨이,2025-03-21,25150,24050,KOSDAQ,3977.0,-4.3738,0,232,19.6517,4.9777,2.2194,1.648,4.259,3,6.3891,20.8836,-6.3597,53.0872,0,3.12,-1
084010,대한제강,2025-03-21,11202,10802,KOSPI,4644.0,-3.5708,35,39,0.1855,0.8502,0.8644,0.9399,2.6007,3,0.1964,6.293,-0.4118,56.3694,0,1.11,-1
041510,에스엠,2025-03-24,107800,102700,KOSDAQ,26192.0,-4.731,0,21,9.9572,0.7986,0.9894,1.3351,4.9381,4,7.1656,10.2425,-7.0264,86.3884,1,15.38,3
003690,코리안리,2025-03-24,8550,8140,KOSPI,25015.0,-4.7953,24,71,0.7426,0.848,0.7409,0.2875,1.0881,3,0.3252,-0.1253,-0.848,27.907,0,1.72,-1
000815,삼성화재우,2025-03-24,310000,296500,KOSPI,12429.0,-4.3548,6,71,2.418,3.5722,1.5742,0.3815,1.9875,4,0.8611,2.3891,-0.848,41.1905,0,-4.05,-1
008060,대덕,2025-03-24,7260,7170,KOSPI,3762.0,-1.2397,29,20,0.2797,1.1684,1.3134,0.796,0.9663,4,2.3055,0.1554,-0.848,19.6995,1,11.58,6
002960,한국쉘석유,2025-03-25,354500,344500,KOSPI,5870.0,-2.8209,4,153,11.3086,5.6955,2.1846,1.3681,1.6587,2,-2.4493,8.9384,-1.1137,40.6122,0,0.44,-1
005720,넥센,2025-03-25,4900,4675,KOSPI,3721.0,-4.5918,1,176,4.2363,1.8633,1.2281,1.0215,2.3071,2,-0.14,6.7634,-1.1137,16.1491,0,2.46,-1
064960,SNT모티브,2025-03-25,29476,28100,KOSPI,9236.0,-4.6682,2,41,9.9804,7.1269,2.3276,1.1354,3.457,3,3.8158,8.3656,-1.1137,30.2796,0,3.2,-1
380540,옵티코어,2025-03-25,1600,1539,KOSDAQ,1649.0,-3.8125,0,152,14.8507,0.9778,0.6398,1.1047,7.231,4,1.538,16.483,-8.0263,80.0,1,27.36,1
000700,유수홀딩스,2025-03-26,5820,5590,KOSPI,1570.0,-3.9519,0,238,2.381,3.515,1.1829,0.8772,1.2395,3,1.5909,2.4276,0.519,12.8153,0,1.07,-1
046070,코다코,2025-03-26,10600,10280,KOSDAQ,1592.0,-3.0189,60,248,0.0,1.0,1.0,1.0,100.0,0,0.0,6.8817,-6.8817,0.0,0,-100.0,-1
060980,HL홀딩스,2025-03-26,38250,37150,KOSPI,4188.0,-2.8758,20,20,-0.1344,0.6134,1.1467,0.9373,1.7833,4,1.9439,-1.4523,0.519,18.5008,0,0.0,-1
037710,광주신세계,2025-03-26,31600,30100,KOSPI,2773.0,-4.7468,8,219,1.5177,1.6968,1.3192,0.7756,0.9848,2,0.7992,-1.179,0.519,11.0701,0,0.58,-1
012750,에스원,2025-03-26,66000,63600,KOSPI,34389.0,-3.6364,5,90,2.5806,0.7368,1.1517,1.0166,2.2237,3,-0.7167,4.0863,0.519,20.0,0,1.73,-1
002810,삼영무역,2025-03-27,14200,13600,KOSPI,3306.0,-4.2254,11,250,0.7407,0.6924,0.9911,0.4926,1.187,3,1.2837,2.4003,-1.2851,10.5691,0,0.74,-1
005990,매일홀딩스,2025-03-27,10150,9840,KOSDAQ,1438.0,-3.0542,7,20,3.3613,1.0789,0.7383,0.4342,1.989,4,4.0188,5.8084,-8.2861,26.6409,0,9.65,-1
005940,NH투자증권,2025-03-27,15340,14790,KOSPI,101380.0,-3.5854,27,20,-1.6622,0.8957,1.0419,1.2187,1.956,4,2.5264,-1.9217,-1.2851,36.9444,0,-2.7,-1
003460,유화증권,2025-03-28,2385,2330,KOSPI,1758.0,-2.3061,22,119,0.6479,0.6334,0.402,0.3054,1.2416,3,0.869,4.4017,-2.4323,11.7506,0,2.36,-1
003480,한진중공업홀딩스,2025-03-28,3875,3830,KOSPI,1497.0,-1.1613,5,198,8.0395,36.9547,2.774,1.7,3.0586,3,-0.5189,11.3939,-2.4323,21.3946,1,19.32,1
001530,DI동일,2025-03-28,48096,45905,KOSPI,4222.0,-4.5555,27,58,6.9922,2.0318,1.0102,1.4368,3.5189,2,1.1717,5.534,-2.4323,114.7803,0,-0.41,-1
000720,현대건설,2025-03-31,37550,35950,KOSPI,124718.0,-4.261,3,28,7.7961,2.0231,1.032,0.716,3.328,3,9.3125,9.3531,-2.0397,49.1701,1,15.86,8
182400,엔케이맥스,2025-03-31,3848,3685,KOSDAQ,2630.0,-4.236,60,250,0.0,1.0,1.0,1.0,100.0,0,0.0,9.5583,-9.5583,0.0,0,-100.0,-1
001800,오리온홀딩스,2025-04-01,17090,16350,KOSPI,14189.0,-4.33,0,100,0.9259,1.4597,0.9613,1.4745,2.2149,3,-0.2364,9.3705,-0.2978,19.3431,0,9.66,-1
041590,플래스크,2025-04-02,2463,2370,KOSDAQ,1161.0,-3.7759,60,247,0.0,1.0,1.0,1.0,100.0,0,0.0,8.3138,-8.3138,0.0,0,-100.0,-1
017800,현대엘리베이터,2025-04-02,60500,58100,KOSPI,40695.0,-3.9669,0,69,7.3937,2.0609,1.2302,1.1753,3.0182,4,0.4024,4.6935,-2.0433,54.727,1,28.23,7
236200,슈프리마,2025-04-02,29950,29150,KOSDAQ,3440.0,-2.6711,4,144,5.2347,6.3574,1.5849,1.6281,3.2468,2,5.0753,9.5291,-8.3138,35.2668,0,13.55,-1
263860,지니언스,2025-04-02,13310,12870,KOSDAQ,1697.0,-3.3058,0,245,11.913,12.0368,1.9862,1.5653,6.2771,4,4.7944,27.2602,-8.3138,54.8736,1,82.98,1
017960,한국카본,2025-04-03,16930,16550,KOSPI,17571.0,-2.2445,3,25,19.5809,2.8467,1.1149,1.2311,4.5706,3,11.2906,8.087,-3.4726,76.0638,1,24.77,1
316140,우리금융지주,2025-04-03,17500,16630,KOSPI,261331.0,-4.9714,22,30,-0.3595,1.3181,0.974,0.6536,1.7718,4,1.5702,6.0004,-3.4726,26.4639,0,7.1,-1
253450,스튜디오드래곤,2025-04-04,52400,50600,KOSDAQ,14473.0,-3.4351,4,24,1.6064,1.9909,1.0218,0.9414,3.8185,4,1.8089,7.865,-5.5394,53.3333,0,6.72,-1
045390,대아티아이,2025-04-04,3470,3385,KOSDAQ,3235.0,-2.4496,5,168,9.37,3.1285,1.5845,1.1872,3.5873,3,1.8069,13.1705,-5.5394,41.0417,1,23.34,4
192080,더블유게임즈,2025-04-04,55800,53100,KOSPI,11942.0,-4.8387,0,67,4.7337,1.0,1.1955,0.9913,2.2128,3,-2.0726,16.804,-3.8253,36.1538,0,8.1,-1
294570,쿠콘,2025-04-04,21250,20500,KOSDAQ,3391.0,-3.5294,0,244,20.944,12.5469,2.348,1.3686,5.9512,3,4.4448,21.3586,-5.5394,101.3752,1,32.68,1
259960,크래프톤,2025-04-04,390000,372000,KOSPI,116850.0,-4.6154,5,38,3.6212,1.7056,1.1366,1.1165,4.4163,4,2.6741,10.4155,-3.8253,65.3333,0,5.65,-1
069960,현대백화점,2025-04-04,61400,60400,KOSPI,24484.0,-1.6287,16,20,1.3423,0.9981,1.0396,1.2463,3.9972,4,7.2808,2.8417,-3.8253,45.5422,0,0.5,-1
00104K,CJ4우(전환),2025-04-04,104400,101500,KOSPI,7722.0,-2.7778,0,217,9.9675,2.5552,1.0976,1.4458,4.1098,3,6.3109,25.674,-3.8253,45.2074,0,2.56,-1
143240,사람인,2025-04-07,18700,18000,KOSDAQ,1656.0,-3.7433,9,75,21.1306,25.1583,3.2314,1.4798,3.7738,2,-2.8525,24.4078,-10.267,25.523,0,1.39,-1
131370,알서포트,2025-04-08,4010,3920,KOSDAQ,1273.0,-2.2444,0,250,21.9285,16.2933,2.9765,2.1769,6.1498,3,2.4794,47.0103,-8.7387,56.8,1,7.78,5
087010,펩트론,2025-04-10,132000,126700,KOSDAQ,59576.0,-4.0152,0,95,19.5283,1.4273,1.3062,1.532,5.7335,4,0.0818,48.8376,-5.6738,501.1007,1,54.62,1
035890,서희건설,2025-04-10,1680,1618,KOSDAQ,3730.0,-3.6905,8,73,8.2274,1.9307,1.6298,1.1146,2.2515,3,-2.0732,11.1496,-5.6738,35.9664,1,10.69,6
009680,모토닉,2025-04-10,9580,9170,KOSPI,2937.0,-4.2797,27,21,0.2186,1.1671,1.146,1.1459,2.1577,3,2.3289,2.4456,-4.996,14.4819,0,8.51,-1
002030,아세아,2025-04-10,279000,269000,KOSPI,5990.0,-3.5842,7,217,4.466,1.1097,0.9961,1.2175,2.4827,2,3.4106,5.5568,-4.996,22.8311,1,4.83,1
025980,아난티,2025-04-10,6560,6330,KOSDAQ,8106.0,-3.5061,2,250,8.2051,1.4365,2.2272,1.4727,4.6039,3,2.0453,19.7278,-5.6738,39.8895,1,15.64,2
241770,메카로,2025-04-11,11360,11100,KOSDAQ,2553.0,-2.2887,3,240,6.9364,1.7325,1.0159,1.0315,4.9099,4,8.2807,16.9365,-5.2665,62.9956,1,21.08,1
033500,동성화인텍,2025-04-11,26500,25450,KOSDAQ,8397.0,-3.9623,1,22,6.263,1.2383,1.1039,1.0832,5.7536,3,14.2352,8.0948,-5.2665,138.743,1,7.07,2
003460,유화증권,2025-04-11,2385,2315,KOSPI,1758.0,-2.935,29,129,-0.2155,0.5217,0.8565,1.5766,2.0056,3,1.1159,4.5636,-5.2074,11.0312,0,7.13,-1
041960,코미팜,2025-04-11,4755,4640,KOSDAQ,6170.0,-2.4185,1,249,8.2847,4.0452,2.1524,1.6823,3.7254,3,2.8393,17.3438,-5.2665,28.5319,1,47.41,1
005990,매일홀딩스,2025-04-14,10150,9690,KOSDAQ,1438.0,-4.532,9,32,2.9756,1.029,0.9568,1.1477,2.978,3,3.8531,8.0593,-4.6442,24.7104,1,11.35,3
052330,코텍,2025-04-14,9470,9020,KOSDAQ,1812.0,-4.7518,13,20,4.7619,0.217,0.6995,1.3396,3.1201,3,4.2701,2.0524,-4.6442,41.3793,1,20.29,8
003547,대신증권2우B,2025-04-14,15760,15010,KOSPI,2340.0,-4.7589,37,37,4.8917,1.1439,0.8772,1.2226,1.4133,2,0.1452,3.2075,-5.9295,11.2676,0,15.26,-1
003545,대신증권우,2025-04-14,16450,15670,KOSPI,6331.0,-4.7416,40,35,4.0505,0.8864,0.5309,1.1729,1.3265,2,-0.2307,3.3797,-5.9295,13.3044,0,15.44,-1
015760,한국전력,2025-04-14,24600,23550,KOSPI,390314.0,-4.2683,1,91,4.8998,0.9306,1.2325,0.6384,2.381,3,2.6848,12.25,-5.9295,29.4667,1,15.29,5
119850,지엔씨에너지,2025-04-14,18770,18580,KOSDAQ,6012.0,-1.0123,0,37,35.1273,1.8067,1.0688,0.9627,6.1664,4,18.1201,19.9047,-4.6442,283.4881,1,66.31,1
100840,SNT에너지,2025-04-14,38400,36500,KOSPI,9079.0,-4.9479,1,27,26.7361,1.3185,0.8121,1.0262,5.9491,4,12.2341,17.21,-5.9295,286.2434,1,9.59,9
329180,HD현대중공업,2025-04-15,371500,353500,KOSPI,560493.0,-4.8452,2,42,20.034,0.7681,1.4591,1.1484,4.6575,3,2.4684,16.8555,-5.1651,219.0433,1,22.07,3
007210,벽산,2025-04-15,2380,2300,KOSPI,1288.0,-3.3613,0,169,3.3708,2.3354,1.1182,1.4344,2.618,3,4.9412,9.7106,-5.1651,34.3458,1,10.65,4
064960,SNT모티브,2025-04-15,29476,28100,KOSPI,9236.0,-4.6682,3,56,13.0785,0.9829,0.4449,1.1896,4.423,2,5.0648,15.1455,-5.1651,30.2796,0,8.36,-1
001800,오리온홀딩스,2025-04-15,17090,16290,KOSPI,14189.0,-4.6811,5,110,0.7421,0.5039,0.7384,0.9145,2.5432,3,1.7733,11.7053,-5.1651,18.9051,1,21.55,5
008970,KBI동양철관,2025-04-15,3118,3093,KOSPI,1881.0,-0.8018,0,207,59.0231,1.9713,1.7156,1.3599,9.3044,3,24.6306,53.9385,-5.1651,187.1866,1,15.68,1
000970,한국주철관,2025-04-15,7500,7290,KOSPI,1573.0,-2.8,0,210,17.7706,252.0398,3.8036,2.1099,2.6651,2,-0.1744,21.433,-5.1651,21.5,1,14.95,6
000320,노루홀딩스,2025-04-15,14470,14330,KOSPI,3203.0,-0.9675,31,20,5.9911,0.8423,1.098,1.3709,2.6468,3,2.0392,6.1517,-5.1651,31.5886,1,9.21,5
065680,우주일렉트로,2025-04-15,29900,28550,KOSDAQ,3290.0,-4.5151,10,28,13.745,0.6059,0.7006,1.1319,6.0045,3,16.2333,7.5781,-4.5095,141.9492,1,12.96,4
217270,넵튠,2025-04-15,7920,7800,KOSDAQ,2388.0,-1.5152,2,22,17.1171,2.5769,1.631,1.6308,5.9158,4,9.0353,10.6319,-4.5095,65.9574,1,15.0,1
003230,삼양식품,2025-04-16,958000,932000,KOSPI,86479.0,-2.714,8,20,17.3804,1.3327,1.0536,1.2662,4.8437,4,4.8965,8.0873,-6.893,339.6226,1,32.3,2
084110,휴온스글로벌,2025-04-16,49450,47750,KOSDAQ,6596.0,-3.4378,2,25,28.8799,2.7315,1.4196,1.2394,7.0905,4,-1.3868,16.6199,-5.3146,136.3861,1,11.41,2
049630,재영솔루텍,2025-04-16,812,800,KOSDAQ,5050.0,-1.4778,0,214,20.8459,3.8357,1.8474,1.3814,4.7857,3,0.2263,21.5936,-5.3146,34.9073,1,19.88,1
012750,에스원,2025-04-16,66000,63100,KOSPI,34389.0,-4.3939,5,105,6.0504,0.6521,1.1589,1.1568,2.7621,3,0.5366,8.6672,-6.893,19.0566,0,7.61,-1
271560,오리온,2025-04-16,123500,120800,KOSPI,50685.0,-2.1862,11,20,8.7309,1.4536,1.1697,1.122,3.0511,3,4.7413,9.0062,-6.893,47.6773,1,5.38,9
453340,현대그린푸드,2025-04-16,16110,15350,KOSPI,5202.0,-4.7176,0,76,5.9351,0.7557,0.6404,1.5073,3.49,4,-0.0201,15.9903,-6.893,52.7363,0,12.25,-1
064350,현대로템,2025-04-17,116800,114900,KOSPI,218285.0,-1.6267,3,21,16.0606,1.426,0.877,1.0159,5.4644,4,23.5487,12.2196,-6.321,221.8487,1,11.05,1
030210,다올투자증권,2025-04-17,3675,3665,KOSPI,2500.0,-0.2721,0,72,26.5976,24.831,2.66,1.2125,5.0341,3,1.2972,34.0213,-6.321,56.29,1,7.37,1
033920,무학,2025-04-17,7370,7040,KOSPI,2679.0,-4.4776,0,201,4.918,1.0574,1.1017,1.5167,3.1149,4,1.3067,9.5468,-6.321,40.239,0,4.69,-1
030200,KT,2025-04-17,51500,49050,KOSPI,152977.0,-4.7573,13,20,1.7635,0.6654,0.7608,1.3544,2.6176,3,2.8398,3.0665,-6.321,48.6364,1,10.7,7
353810,이지바이오,2025-04-17,5720,5440,KOSDAQ,2461.0,-4.8951,0,27,2.2556,0.854,0.7614,1.0867,5.3703,4,4.7693,18.5861,-1.8479,66.1069,0,8.46,-1
098120,마이크로컨텍솔,2025-04-17,11130,10730,KOSDAQ,1829.0,-3.5939,0,234,15.8747,1.182,1.2868,1.0357,6.1144,4,19.6673,12.2388,-1.8479,152.768,1,63.09,2
052710,아모텍,2025-04-17,8570,8300,KOSDAQ,1339.0,-3.1505,0,230,17.7305,2.2202,1.0241,1.0911,6.4114,3,20.3298,19.7456,-1.8479,192.2535,0,4.94,-1
310200,애니플러스,2025-04-17,3530,3490,KOSDAQ,1601.0,-1.1331,0,250,13.6808,16.4972,2.5001,1.6452,5.4953,3,6.3024,19.7533,-1.8479,46.0251,1,13.18,1
192400,쿠쿠홀딩스,2025-04-18,25450,24250,KOSPI,10046.0,-4.7151,0,147,4.3011,0.5757,1.112,1.6525,2.7541,3,-0.5899,15.771,-6.0425,40.5797,0,23.92,-1
084010,대한제강,2025-04-18,11202,10789,KOSPI,4644.0,-3.6868,20,59,4.5243,1.1323,1.0541,1.556,2.6588,3,-1.7228,5.9221,-6.0425,56.1812,1,10.33,3
002960,한국쉘석유,2025-04-18,354500,337500,KOSPI,5870.0,-4.7955,6,171,1.3514,0.6669,1.155,0.9231,1.8836,2,1.1888,12.6775,-6.0425,33.3992,1,15.41,7
005945,NH투자증권우,2025-04-18,13520,12870,KOSPI,4463.0,-4.8077,34,30,5.0612,0.6268,0.3884,1.6678,1.7649,3,1.0099,2.8822,-6.0425,25.9295,1,15.31,7
259960,크래프톤,2025-04-18,390000,386000,KOSPI,116850.0,-1.0256,11,48,2.3873,0.4062,0.8084,0.8865,3.8675,4,3.3498,24.8117,-6.0425,71.5556,1,1.81,1
139130,iM금융지주,2025-04-18,9820,9460,KOSPI,29732.0,-3.666,12,42,7.5,0.8321,0.9194,1.6029,2.4539,3,2.1143,11.0369,-6.0425,27.1505,1,12.79,7
316140,우리금융지주,2025-04-18,17500,16780,KOSPI,261331.0,-4.1143,23,41,5.7341,0.5685,0.7585,1.4667,2.371,3,1.8585,5.9829,-6.0425,27.6046,1,8.16,8
192080,더블유게임즈,2025-04-18,55800,54300,KOSPI,11942.0,-2.6882,4,77,2.2599,0.9613,0.7564,1.296,2.8479,3,-0.2226,13.5672,-6.0425,39.2308,1,5.71,4
358570,지아이이노베이션,2025-04-18,16627,15980,KOSDAQ,9255.0,-3.8913,0,31,14.0614,1.5864,1.3936,1.3145,7.454,4,17.5851,16.1006,-0.228,156.2951,0,17.21,-1
003540,대신증권,2025-04-18,17760,16930,KOSPI,18025.0,-4.6734,22,191,4.5062,0.533,0.7484,1.2309,1.5821,2,0.4212,4.1874,-6.0425,17.6511,1,21.97,8
067280,멀티캠퍼스,2025-04-18,35650,35450,KOSDAQ,1742.0,-0.561,4,250,5.037,3.4853,1.5239,1.6351,2.6093,3,4.4055,9.9803,-0.228,26.6071,1,4.23,1
026150,특수건설,2025-04-18,8140,7940,KOSDAQ,1288.0,-2.457,0,172,5.305,1.5472,1.4592,1.2945,5.3436,4,2.5187,25.2673,-0.228,51.2381,1,7.81,1
002460,HS화성,2025-04-21,10250,9810,KOSPI,1309.0,-4.2927,6,55,3.8095,1.2226,1.1279,1.3074,3.0654,3,-1.0363,8.0727,-5.4577,17.9087,0,3.67,-1
389470,인벤티지랩,2025-04-21,25400,24700,KOSDAQ,9127.0,-2.7559,0,142,36.2383,4.4536,2.6456,1.7515,7.5853,2,-6.2146,70.5385,-0.6623,162.766,1,146.96,3
000700,유수홀딩스,2025-04-21,5790,5530,KOSPI,1570.0,-4.4905,6,230,2.4074,0.9328,0.6585,0.7388,1.7954,3,0.4277,6.1863,-5.4577,11.6044,0,2.71,-1
069510,에스텍,2025-04-21,11950,11520,KOSDAQ,1636.0,-3.5983,14,43,2.1277,1.1334,0.8732,1.0659,2.5732,3,0.7593,6.0603,-0.6623,43.2836,1,21.53,6
035000,HS애드,2025-04-21,7350,7010,KOSPI,1384.0,-4.6259,20,30,1.8895,0.6399,0.6955,0.969,1.7526,3,2.2012,10.8712,-5.4577,17.8151,0,4.14,-1
002810,삼영무역,2025-04-21,14100,13450,KOSPI,3306.0,-4.6099,21,225,2.2814,0.9394,0.6042,0.6675,1.5295,4,1.2387,4.7197,-5.4577,9.3496,0,9.81,-1
000157,두산2우B,2025-04-21,149300,148200,KOSPI,3653.0,-0.7368,0,186,25.3807,3.789,2.1163,0.8848,6.3524,3,3.3682,15.5617,-5.4577,117.6211,1,180.03,1
300720,한일시멘트,2025-04-21,17100,16700,KOSPI,13532.0,-2.3392,16,22,5.3628,1.3365,1.048,1.2278,3.2977,4,1.2137,5.8786,-5.4577,37.3355,1,13.17,1
032640,LG유플러스,2025-04-21,12010,11530,KOSPI,68859.0,-3.9967,0,95,6.9573,1.026,1.0525,1.1322,2.2922,3,0.426,13.1141,-5.4577,21.2408,1,13.96,6
124500,아이티센글로벌,2025-04-21,7300,6950,KOSDAQ,11556.0,-4.7945,1,35,7.9193,19.1557,2.435,1.069,6.4851,4,4.6138,7.9154,-0.6623,91.4601,0,53.38,-1
093190,빅솔론,2025-04-21,5540,5310,KOSDAQ,1503.0,-4.1516,0,177,2.1154,1.3804,0.5863,0.7188,2.2935,3,5.3541,2.3864,-0.6623,33.0827,0,3.01,-1
009270,신원,2025-04-21,1677,1613,KOSPI,1687.0,-3.8163,0,79,10.4795,0.9979,0.906,1.1623,3.9589,4,-2.6569,32.3656,-5.4577,40.0174,1,22.26,1
002200,한국수출포장,2025-04-22,2890,2750,KOSPI,1286.0,-4.8443,11,54,2.2305,0.2109,0.5601,1.0253,2.5844,2,-1.404,5.1202,-4.938,42.2659,0,4.36,-1
035810,이지홀딩스,2025-04-22,3400,3230,KOSDAQ,3510.0,-5.0,0,221,3.5256,1.2536,0.7879,1.3001,2.709,4,3.1234,6.2703,0.6833,30.5051,1,18.27,2
016610,DB증권,2025-04-22,6280,6020,KOSPI,5743.0,-4.1401,9,148,5.0611,0.7776,0.7332,0.712,2.5036,3,1.958,8.1971,-4.938,53.7676,1,9.63,6
019210,와이지-원,2025-04-22,5880,5840,KOSDAQ,3428.0,-0.6803,1,186,14.0625,90.0423,3.3796,1.7637,4.0056,2,0.8956,8.069,0.6833,21.1618,1,10.1,1
005720,넥센,2025-04-22,4900,4675,KOSPI,3721.0,-4.5918,4,196,2.8603,0.2728,0.553,0.8096,2.1543,1,0.787,4.938,-4.938,16.1491,1,22.78,9
023590,다우기술,2025-04-22,22300,21200,KOSPI,23420.0,-4.9327,15,24,3.9216,0.8121,0.5145,0.795,2.5674,4,3.4325,4.7028,-4.938,25.8907,1,14.15,9
347700,스피어,2025-04-22,8990,8690,KOSDAQ,17765.0,-3.337,0,46,11.9845,2.0579,1.6434,0.9643,7.8744,4,16.1944,15.961,0.6833,438.7477,1,30.72,1
051500,CJ프레시웨이,2025-04-22,24800,23850,KOSDAQ,3977.0,-3.8306,2,21,3.6957,1.5149,0.9703,1.0426,4.3276,4,6.8527,3.0124,0.6833,51.8141,1,8.39,10
402030,코난테크놀로지,2025-04-22,28736,27759,KOSDAQ,2904.0,-3.3999,1,54,2.8988,0.5718,0.6625,0.9452,8.0574,4,5.1042,39.9113,0.6833,129.793,1,6.86,1
079550,LIG넥스원,2025-04-22,324500,311500,KOSPI,101420.0,-4.0062,5,33,15.7993,1.862,1.1485,1.107,5.125,3,5.0943,25.6745,-4.938,107.8052,1,38.36,6
071055,한국금융지주우,2025-04-23,61400,58700,KOSPI,9315.0,-4.3974,8,42,7.1168,0.969,0.7835,0.7551,2.4702,3,0.5555,6.9207,-4.4774,34.9425,1,27.94,5
030190,NICE평가정보,2025-04-23,13510,12900,KOSPI,10251.0,-4.5152,6,37,8.8608,1.6763,1.4453,0.9616,3.0233,3,-0.2596,8.762,-4.4774,40.2174,0,13.1,-1
000155,두산우,2025-04-23,164500,160600,KOSPI,18923.0,-2.3708,6,39,14.8784,1.1977,1.6591,0.9356,6.1955,3,4.0846,14.9313,-4.4774,157.3718,1,98.01,2
009680,모토닉,2025-04-24,9580,9480,KOSPI,2937.0,-1.0438,37,31,1.4989,0.8614,0.8539,0.5125,1.7405,4,2.8259,5.5187,-3.2534,17.764,1,10.13,4
029530,신도리코,2025-04-24,42950,41400,KOSPI,5685.0,-3.6088,0,137,5.7471,2.0703,0.8922,1.2477,2.2774,2,0.4805,11.6303,-3.2534,20.3488,1,17.87,4
009540,HD한국조선해양,2025-04-24,253500,249500,KOSPI,270353.0,-1.5779,2,36,8.4783,2.9029,1.0803,0.7339,4.2084,3,-2.985,30.29,-3.2534,125.1805,1,19.94,1
00104K,CJ4우(전환),2025-04-24,104400,99500,KOSPI,7722.0,-4.6935,1,231,3.1088,1.0082,0.8546,1.0612,4.1493,3,6.2612,9.1044,-3.2534,42.3462,1,8.54,7
161890,한국콜마,2025-04-24,78700,75500,KOSPI,17184.0,-4.0661,0,137,2.861,2.6311,0.9211,1.0246,3.6424,3,6.5191,20.6717,-3.2534,57.4557,1,16.56,7
092460,한라IMS,2025-04-25,9920,9470,KOSDAQ,2570.0,-4.5363,3,51,6.5242,1.0836,1.4052,0.7522,4.0428,3,0.2507,6.6274,5.179,56.5289,1,6.55,7
005710,대원산업,2025-04-25,7870,7730,KOSDAQ,2707.0,-1.7789,3,35,5.0272,4.2387,1.3096,0.574,2.7167,4,6.5866,1.0023,5.179,40.2904,1,21.47,4
003460,유화증권,2025-04-25,2385,2370,KOSPI,1758.0,-0.6289,39,139,1.7167,0.083,1.491,1.0879,1.9138,4,1.9171,2.1733,-0.4566,13.6691,1,6.96,1
054540,삼영엠텍,2025-04-25,6110,5810,KOSDAQ,1777.0,-4.91,0,170,13.9216,14.2483,2.0639,1.0585,4.2906,4,0.4405,24.2196,5.179,62.5175,1,7.92,1
068930,디지털대성,2025-04-25,7900,7510,KOSDAQ,2369.0,-4.9367,0,106,0.9409,0.4355,0.5087,0.5401,1.6169,3,2.2674,0.8944,5.179,18.0818,0,3.6,-1
092230,KPX홀딩스,2025-04-25,61600,60000,KOSPI,3240.0,-2.5974,0,226,6.0071,1.0352,0.6493,0.8184,1.6667,3,2.3641,10.1458,-0.4566,16.5049,1,11.67,8
069960,현대백화점,2025-04-28,61400,59800,KOSPI,24484.0,-2.6059,18,36,3.6395,0.6959,0.7682,0.8217,3.0339,4,6.2324,-2.8972,2.7302,44.0964,1,19.57,5
00088K,한화3우B,2025-04-28,21500,20750,KOSPI,8984.0,-3.4884,2,47,8.1856,1.4968,1.1004,0.4419,2.5852,4,7.4044,17.2813,2.7302,44.5993,1,48.19,3
136410,아셈스,2025-04-28,9410,9010,KOSDAQ,1016.0,-4.2508,0,230,2.7366,1.3077,0.5924,0.7858,3.4406,4,5.5258,5.9874,6.9198,58.9065,1,4.77,10
010140,삼성중공업,2025-04-28,15840,15150,KOSPI,245080.0,-4.3561,3,28,8.2916,3.4657,1.3418,0.5805,3.7435,4,4.3654,9.6585,2.7302,74.9423,0,9.57,-1
060980,HL홀딩스,2025-04-28,38250,36350,KOSPI,4188.0,-4.9673,22,43,0.9722,0.9175,0.8393,0.7241,2.132,3,0.6526,2.4796,2.7302,15.949,1,11.97,9
004800,효성,2025-04-28,55100,53400,KOSPI,25161.0,-3.0853,0,86,6.8,3.5346,1.5168,0.7598,2.4211,4,2.3467,8.6358,2.7302,0.0,0,26.97,-1
122870,와이지엔터테인먼트,2025-04-28,67700,64400,KOSDAQ,13794.0,-4.8744,5,23,0.468,0.8608,0.7324,0.9604,4.248,4,8.8584,-4.5351,6.9198,115.025,1,32.45,2
272210,한화시스템,2025-04-28,43400,42300,KOSPI,191375.0,-2.5346,2,28,10.1562,2.8898,1.2393,0.3467,4.9899,4,13.0933,29.0455,2.7302,161.5955,1,15.48,4
082740,한화엔진,2025-04-28,28750,27900,KOSPI,45479.0,-2.9565,0,50,14.3443,2.2867,1.6647,0.6018,4.7107,4,3.1655,28.5639,2.7302,164.2045,1,13.44,6
037460,삼지전자,2025-04-28,10950,10610,KOSDAQ,3598.0,-3.105,0,39,9.0442,5.4629,1.4605,0.7542,2.3866,4,2.1602,8.6575,6.9198,39.4218,1,3.58,9
016360,삼성증권,2025-04-28,50700,48700,KOSPI,85371.0,-3.9448,5,96,5.8696,1.4514,1.0654,0.6569,1.9654,3,0.9013,4.8941,2.7302,37.7652,1,24.44,2
003545,대신증권우,2025-04-28,16450,16300,KOSPI,6331.0,-0.9119,46,45,1.5576,0.9588,0.9691,0.5041,1.0911,3,0.2749,3.1827,2.7302,16.8459,1,16.69,1
003547,대신증권2우B,2025-04-28,15760,15710,KOSPI,2340.0,-0.3173,46,47,1.4858,0.4665,0.7002,0.389,0.9912,3,0.5112,4.8725,2.7302,16.4566,1,13.37,1
071050,한국금융지주,2025-04-29,83100,80400,KOSPI,131235.0,-3.2491,15,44,8.9431,1.1115,0.9416,0.5541,2.6119,3,-1.0815,6.3183,1.7463,33.5548,1,36.57,1
005940,NH투자증권,2025-04-29,15340,14800,KOSPI,101380.0,-3.5202,28,43,6.0932,1.6973,0.9381,0.5434,2.1284,3,-0.9129,5.5001,1.7463,35.6554,1,21.55,1
034950,한국기업평가,2025-04-29,94400,89800,KOSDAQ,4441.0,-4.8729,15,54,1.2401,0.7405,0.9578,0.3596,1.6386,3,-0.4923,-3.9371,5.0633,9.3788,0,5.23,-1
253450,스튜디오드래곤,2025-04-29,52400,49850,KOSDAQ,14473.0,-4.8664,5,41,15.127,2.3455,1.0465,0.9583,3.5893,2,4.6032,-3.1205,5.0633,51.0606,1,8.32,2
001045,CJ우,2025-04-29,73700,70400,KOSPI,2294.0,-4.4776,0,32,11.3924,0.7673,0.7027,1.2973,3.6222,4,4.5426,4.1184,1.7463,30.855,1,13.35,3
010660,화천기계,2025-04-29,4500,4335,KOSPI,1186.0,-3.6667,3,143,1.6413,0.3136,0.5454,1.3923,5.7258,4,12.3298,30.4184,1.7463,75.1515,1,23.64,3
352820,하이브,2025-04-29,263000,253000,KOSPI,161655.0,-3.8023,9,47,9.7614,1.4922,0.967,0.9015,3.2185,3,2.5842,5.9133,1.7463,60.4312,1,15.61,1
001720,신영증권,2025-04-29,89000,85300,KOSPI,30989.0,-4.1573,10,50,7.8382,3.4828,1.5289,0.7788,2.1898,3,0.4043,13.8364,1.7463,36.262,1,34.23,1
003920,남양유업,2025-04-29,78900,78300,KOSPI,3066.0,-0.7605,11,44,7.2603,1.9798,1.091,0.8139,2.4813,3,3.9259,7.4588,1.7463,0.0,1,7.02,2
244920,에이플러스에셋,2025-04-29,4840,4635,KOSPI,3136.0,-4.2355,0,97,6.5517,5.4433,1.2273,1.5585,3.3749,3,0.1133,11.7176,1.7463,31.1174,1,31.61,1
032350,롯데관광개발,2025-04-29,10900,10750,KOSPI,20879.0,-1.3761,0,220,10.8247,3.3559,1.2938,1.2332,3.495,3,5.6928,29.0323,1.7463,52.2663,1,14.88,1
024110,기업은행,2025-04-29,15870,15200,KOSPI,192578.0,-4.2218,38,40,2.7027,1.3964,0.9451,0.4634,1.5602,3,-0.647,2.4347,1.7463,19.029,0,3.68,-1
064960,SNT모티브,2025-04-29,29476,28200,KOSPI,9236.0,-4.3289,3,66,1.4388,1.9715,1.0684,0.7216,4.0527,4,2.7975,5.0719,1.7463,30.7432,1,11.35,9
067830,세이브존I&C,2025-04-29,2445,2330,KOSPI,1385.0,-4.7035,0,232,2.6432,1.6319,1.7587,0.78,2.008,3,3.4972,3.4456,1.7463,27.8814,1,11.8,8
453340,현대그린푸드,2025-04-30,16110,15540,KOSPI,5202.0,-3.5382,5,86,2.9821,0.8826,1.0399,0.8515,2.6154,4,2.2985,3.761,2.0253,54.6269,1,14.93,8
080420,모다이노칩,2025-04-30,2485,2375,KOSDAQ,1567.0,-4.4266,2,234,5.3215,5.4194,1.3089,1.1675,4.3609,3,2.7589,0.359,4.7295,48.3448,0,1.05,-1
065660,안트로젠,2025-04-30,23500,22650,KOSDAQ,3897.0,-3.617,0,64,10.7579,4.9504,1.4016,1.42,5.1056,4,1.1322,12.2643,4.7295,72.9008,1,9.49,1
012750,에스원,2025-04-30,66000,63500,KOSPI,34389.0,-3.7879,15,115,0.7937,0.8099,0.7333,0.413,2.2103,3,1.3742,0.8921,2.0253,19.8113,1,7.09,7
030610,교보증권,2025-04-30,6860,6600,KOSPI,14462.0,-3.7901,20,39,3.6107,2.3982,1.1344,0.5583,1.8074,3,2.9076,9.8392,2.0253,38.3648,1,21.06,6
268280,미원에스씨,2025-04-30,165200,158800,KOSPI,7105.0,-3.8741,0,228,3.7231,1.1743,1.143,0.868,1.7317,4,2.796,3.9828,2.0253,23.869,0,5.73,-1
063170,서울옥션,2025-04-30,9300,8860,KOSDAQ,1495.0,-4.7312,0,230,25.1412,75.2629,3.2436,2.1626,4.3534,2,-0.8646,36.3533,4.7295,45.0082,1,5.87,4
021240,코웨이,2025-04-30,90800,87700,KOSPI,62777.0,-3.4141,7,29,11.5776,1.7135,1.0495,0.8348,3.38,3,1.2285,7.1902,2.0253,63.6194,1,19.61,5
095660,네오위즈,2025-05-02,24850,23750,KOSDAQ,5836.0,-4.4266,0,237,2.3707,1.3126,1.0158,0.5123,2.3609,3,6.629,-1.4472,5.6138,35.3276,1,10.74,7
034830,한국토지신탁,2025-05-02,1119,1071,KOSPI,3272.0,-4.2895,0,162,5.5172,1.2843,1.3453,1.2798,1.0471,2,0.3617,4.8072,2.9392,10.0719,0,14.94,-1
003690,코리안리,2025-05-02,8550,8150,KOSPI,25015.0,-4.6784,21,99,2.0025,1.2302,1.3701,0.4716,1.3146,2,-1.2397,1.5479,2.9392,25.8687,1,17.79,9
033920,무학,2025-05-02,7370,7290,KOSPI,2679.0,-1.0855,10,211,2.8209,0.9652,0.9355,0.8914,2.4397,4,3.4649,7.851,2.9392,44.9304,0,11.11,-1
018120,진로발효,2025-05-02,18590,17680,KOSDAQ,1169.0,-4.8951,0,116,2.6713,0.9932,0.7931,1.2041,1.1514,4,0.274,-2.8231,5.6138,23.9832,0,5.43,-1
058860,KTis,2025-05-02,3045,2895,KOSPI,1020.0,-4.9261,0,142,13.5294,156.9885,3.6758,1.9681,2.4796,2,-2.4125,15.224,2.9392,25.5965,0,3.11,-1
194700,노바렉스,2025-05-02,11770,11260,KOSDAQ,2905.0,-4.3331,0,203,15.0153,9.0226,1.8664,1.543,3.3494,3,9.2113,12.2919,5.6138,69.3233,1,64.12,2
108380,대양전기공업,2025-05-07,20900,20200,KOSDAQ,2679.0,-3.3493,0,40,4.3928,1.4307,0.9473,0.7791,3.4088,4,6.0798,22.8573,5.1528,87.907,1,15.1,1
375500,DL이앤씨,2025-05-07,46950,44950,KOSPI,19115.0,-4.2599,3,39,8.0529,2.3726,1.3905,1.2529,2.9954,3,8.148,4.1789,4.396,57.1678,1,13.68,10
027410,BGF,2025-05-07,3825,3635,KOSPI,3972.0,-4.9673,0,237,1.1127,0.9571,0.6781,0.7906,2.584,2,0.7108,1.2726,4.396,10.4863,0,23.66,-1
005440,현대지에프홀딩스,2025-05-07,5870,5590,KOSPI,16635.0,-4.77,5,47,3.3272,1.6857,1.4063,0.5926,2.1339,3,2.5372,3.7278,4.396,45.0065,1,49.19,3
009970,영원무역홀딩스,2025-05-07,100700,97200,KOSPI,30711.0,-3.4757,4,33,2.9661,1.5299,0.9593,0.7803,2.9101,4,4.0658,6.0585,4.396,27.8947,1,32.72,3
204620,글로벌텍스프리,2025-05-07,5851,5740,KOSDAQ,3697.0,-1.8971,3,250,6.2963,1.4225,0.8139,0.7977,4.0443,4,13.8117,8.0622,5.1528,110.9519,1,9.76,2
039490,키움증권,2025-05-07,146400,140700,KOSPI,121734.0,-3.8934,0,193,10.0078,1.4954,1.3781,0.5854,2.8226,2,0.2641,14.2381,4.396,31.4953,1,26.37,3
298040,효성중공업,2025-05-08,549000,537000,KOSPI,218847.0,-2.1858,0,61,10.8359,1.5123,1.2299,1.3032,4.5358,4,-0.0963,25.6747,10.7929,132.4675,1,25.33,3
042000,카페24,2025-05-08,69700,66600,KOSDAQ,8513.0,-4.4476,1,47,8.2927,2.4816,1.1952,0.5744,4.9442,4,9.6964,26.1537,12.0206,354.2974,0,-12.31,-1
001270,부국증권,2025-05-08,30500,30000,KOSPI,7611.0,-1.6393,0,119,10.0917,2.6316,0.9779,1.4252,2.4881,1,-0.9105,10.1749,10.7929,28.4797,1,55.0,2
214150,클래시스,2025-05-08,71500,70700,KOSDAQ,43561.0,-1.1189,1,47,11.5142,4.3844,1.429,0.5183,3.1623,4,6.0657,14.6819,12.0206,95.0345,1,5.23,2
376300,디어유,2025-05-08,50300,48500,KOSDAQ,10172.0,-3.5785,0,51,3.3014,0.7946,0.8916,0.6816,5.1804,4,6.4031,8.3268,12.0206,174.9433,1,21.03,6
214430,아이쓰리시스템,2025-05-08,66200,63800,KOSDAQ,8359.0,-3.6254,5,53,14.7482,3.2873,1.2362,0.5333,3.6666,3,4.7688,24.5961,12.0206,159.3496,1,35.89,4
032190,다우데이타,2025-05-08,12670,12600,KOSDAQ,10705.0,-0.5525,0,242,7.9692,3.7956,1.4599,0.9521,1.8764,3,4.3774,6.9596,12.0206,31.9372,1,43.33,1
002810,삼영무역,2025-05-08,14100,13750,KOSPI,3306.0,-2.4823,31,235,2.003,0.9729,1.1174,0.6639,1.226,4,2.1752,-2.5252,10.7929,11.7886,1,16.95,4
002460,HS화성,2025-05-08,10250,10030,KOSPI,1309.0,-2.1463,12,65,-0.496,0.3236,0.3708,1.0727,2.2646,4,0.2638,-3.6348,10.7929,20.5529,0,8.97,-1
003570,SNT다이내믹스,2025-05-08,37800,36300,KOSPI,16510.0,-3.9683,5,38,11.0092,2.3481,1.2739,0.7191,4.3979,4,13.1193,20.9675,10.7929,130.3299,1,37.19,8
035000,HS애드,2025-05-08,7350,7280,KOSPI,1384.0,-0.9524,30,40,2.391,0.517,0.8682,0.4465,1.511,3,2.615,-1.3192,10.7929,22.3529,0,5.22,-1
000700,유수홀딩스,2025-05-08,5790,5510,KOSPI,1570.0,-4.8359,14,240,-1.4311,0.3915,0.6084,1.0592,1.426,4,0.8432,-4.4222,10.7929,11.2008,0,16.88,-1
036530,SNT홀딩스,2025-05-08,35850,34500,KOSPI,9864.0,-3.7657,1,29,3.9157,2.3553,1.2385,0.6871,3.0745,4,9.4201,4.9789,10.7929,70.3704,1,78.26,3
002200,한국수출포장,2025-05-09,2890,2785,KOSPI,1286.0,-3.6332,13,64,0.5415,0.1608,0.8451,0.9443,1.7569,3,-0.8843,-5.3177,10.412,44.0766,0,8.8,-1
047810,한국항공우주,2025-05-09,98000,93100,KOSPI,157227.0,-5.0,1,35,12.1687,3.0803,1.4492,0.604,4.2658,4,14.5619,16.6003,10.412,93.9583,0,1.4,-1
003240,태광산업,2025-05-09,849000,825000,KOSPI,10778.0,-2.8269,1,42,8.41,2.914,1.2936,0.9411,3.3939,4,3.8282,17.297,10.412,61.7647,1,35.27,1
200670,휴메딕스,2025-05-09,46450,44300,KOSDAQ,4705.0,-4.6286,0,87,8.9791,2.4379,1.2921,0.8925,3.1764,4,2.3303,16.4804,9.7304,74.4094,1,28.89,7
053300,한국정보인증,2025-05-12,5510,5440,KOSDAQ,2907.0,-1.2704,0,81,24.2009,8.1084,2.7569,2.0336,5.7707,4,-1.0402,27.2792,12.7465,54.9858,1,76.47,1
003300,한일홀딩스,2025-05-12,16040,15340,KOSPI,5017.0,-4.3641,0,87,3.439,1.0506,0.8896,1.3984,2.2863,3,0.9895,-2.0287,13.6735,23.8095,1,28.36,2
030190,NICE평가정보,2025-05-12,13510,13060,KOSPI,10251.0,-3.3309,13,47,0.8494,0.9701,0.9821,0.8154,2.8768,4,1.0877,1.6975,13.6735,41.9565,1,16.31,2
004170,신세계,2025-05-12,181000,172700,KOSPI,36314.0,-4.5856,0,242,9.2347,4.8654,1.71,0.7069,2.9572,3,5.03,10.3926,13.6735,38.16,0,5.96,-1
003470,유안타증권,2025-05-12,3140,3005,KOSPI,9142.0,-4.2994,0,214,1.692,2.4985,1.3044,0.6593,2.5196,3,1.6149,6.5265,13.6735,21.9067,1,21.8,2
003200,일신방직,2025-05-12,9350,9140,KOSPI,3302.0,-2.246,0,215,5.5427,1.8478,1.4048,0.9595,2.0084,3,1.6095,4.2619,13.6735,32.8488,1,36.11,2
004690,삼천리,2025-05-12,97700,94200,KOSPI,6005.0,-3.5824,2,226,2.7263,5.3446,1.524,0.5301,1.1753,3,0.0019,-2.4575,13.6735,12.2765,1,50.32,4
004960,한신공영,2025-05-12,7970,7600,KOSPI,1469.0,-4.6424,0,118,5.5556,1.5138,0.7854,1.0393,3.6372,2,3.9732,8.513,13.6735,31.7158,1,23.03,9
003830,대한화섬,2025-05-12,123700,120700,KOSPI,1575.0,-2.4252,0,145,9.132,7.4644,1.9016,1.9304,2.4086,3,1.43,0.6257,13.6735,27.5899,1,23.45,9
003380,하림지주,2025-05-12,6650,6450,KOSDAQ,18134.0,-3.0075,0,241,7.8595,3.1295,1.1389,0.6658,2.4695,3,2.5367,11.5309,12.7465,29.2585,1,49.3,2
023760,한국캐피탈,2025-05-12,637,610,KOSDAQ,2822.0,-4.2386,0,236,5.1724,2.1627,1.549,1.2863,1.2646,3,2.33,0.2164,12.7465,16.8582,1,17.54,8
111770,영원무역,2025-05-13,53400,51000,KOSPI,43071.0,-4.4944,5,34,7.3684,2.3113,1.6212,1.1691,3.1232,3,3.1568,5.1609,6.6812,58.8785,1,23.33,4
034020,두산에너빌리티,2025-05-13,30900,29650,KOSPI,602768.0,-4.0453,2,55,7.0397,1.221,1.3926,0.6325,4.6133,4,5.3204,27.1788,6.6812,95.7096,1,89.88,1
227840,현대코퍼레이션홀딩스,2025-05-13,11810,11340,KOSPI,1165.0,-3.9797,0,244,3.1847,1.9005,0.9327,0.9724,1.8141,3,2.131,0.6035,6.6812,14.5455,0,18.08,-1
071320,지역난방공사,2025-05-13,60400,57400,KOSPI,11393.0,-4.9669,0,105,8.5066,5.0894,1.578,0.6207,3.2479,4,7.0135,16.627,6.6812,49.2848,1,50.52,1
090850,현대이지웰,2025-05-13,6680,6390,KOSDAQ,1270.0,-4.3413,0,120,15.5515,1.3525,2.7374,1.3094,3.4652,2,3.3634,16.2508,7.3468,32.7103,0,10.33,-1
009830,한화솔루션,2025-05-13,34550,33700,KOSPI,80102.0,-2.4602,0,231,11.2211,1.0518,0.8898,0.8923,6.3162,3,11.4602,60.1505,6.6812,126.7833,1,20.92,1
383800,LX홀딩스,2025-05-13,7350,7080,KOSPI,6675.0,-3.6735,0,237,8.2569,3.0546,1.546,1.1255,1.473,1,-1.473,8.6282,6.6812,19.5946,1,40.25,9
052710,아모텍,2025-05-13,8570,8550,KOSDAQ,1339.0,-0.2334,3,245,16.0109,3.3832,1.2737,1.0377,5.0961,4,17.8937,13.9298,7.3468,201.0563,1,12.28,1
000150,두산,2025-05-13,386000,374500,KOSPI,142182.0,-2.9793,2,50,12.2939,1.2389,1.2635,0.8405,4.835,3,1.7288,26.3561,6.6812,206.9672,1,62.08,1
068930,디지털대성,2025-05-14,7900,7650,KOSDAQ,2369.0,-3.1646,10,116,0.6579,2.4953,1.1712,0.6135,1.4753,4,2.1955,-2.0245,6.2479,20.283,0,1.7,-1
353810,이지바이오,2025-05-14,5720,5540,KOSDAQ,2461.0,-3.1469,3,43,3.7453,1.4051,0.8338,0.7856,3.6617,4,2.8686,-0.7241,6.2479,69.1603,1,6.5,1
085620,미래에셋생명,2025-05-14,6140,6010,KOSPI,14869.0,-2.1173,0,211,12.1269,4.2024,2.417,1.1605,4.2192,2,1.9036,16.4041,8.5439,41.4118,0,18.8,-1
023910,대한약품,2025-05-15,29350,28000,KOSDAQ,1800.0,-4.5997,0,237,3.321,1.8255,1.2337,1.453,1.7092,2,0.7862,6.1686,3.4204,17.8947,0,15.0,-1
381970,케이카,2025-05-15,15000,14320,KOSPI,7328.0,-4.5333,0,219,3.17,1.7615,1.531,0.6288,1.651,4,1.2808,-0.6636,6.7377,29.009,1,14.73,6
000880,한화,2025-05-15,54900,52800,KOSPI,85828.0,-3.8251,1,44,5.7057,0.7892,0.9646,0.7358,4.8363,4,13.0355,14.7813,6.7377,107.874,1,92.42,8
003100,선광,2025-05-15,18180,17660,KOSDAQ,1449.0,-2.8603,0,246,7.6829,6.2566,1.7077,1.0233,1.9778,3,1.775,10.3683,3.4204,24.6295,1,23.73,1
214370,케어젠,2025-05-15,35400,34300,KOSDAQ,63437.0,-3.1073,0,66,46.5812,1.9235,2.9708,1.9391,4.873,3,-4.6143,25.044,3.4204,130.9764,1,6.41,7
044450,KSS해운,2025-05-15,9770,9400,KOSPI,2380.0,-3.7871,1,150,3.8674,5.9027,1.912,0.6845,2.0973,3,2.2161,-1.5923,6.7377,21.447,1,9.15,5
140410,메지온,2025-05-15,42700,42450,KOSDAQ,46062.0,-0.5855,0,224,11.7105,2.7221,0.9634,1.0522,4.417,3,8.6599,16.1571,3.4204,66.7976,1,2.0,1
011200,HMM,2025-05-15,22650,22150,KOSPI,199966.0,-2.2075,2,45,22.3081,3.0996,1.8808,1.1379,2.9732,3,0.8183,8.5069,6.7377,45.4366,1,14.45,1
004800,효성,2025-05-15,55100,54500,KOSPI,25161.0,-1.0889,9,96,4.8077,0.8753,1.0659,1.0395,2.5229,4,4.1262,4.1474,6.7377,0.0,1,26.06,4
234080,JW생명과학,2025-05-15,12680,12070,KOSPI,2081.0,-4.8107,0,247,4.2314,1.5602,1.7342,0.7113,1.5919,3,2.9212,2.9896,6.7377,20.7,0,3.98,-1
086790,하나금융지주,2025-05-16,69300,66000,KOSPI,340114.0,-4.7619,0,171,3.4483,0.7725,0.9778,0.6673,2.0346,3,1.5268,9.1503,6.0329,28.1553,1,24.39,6
024110,기업은행,2025-05-16,15870,15460,KOSPI,192578.0,-2.5835,38,50,2.0462,0.5716,0.9327,0.4447,1.2983,3,-0.1322,1.6273,6.0329,20.8757,0,13.52,-1
009780,엠에스씨,2025-05-16,7960,7930,KOSDAQ,1417.0,-0.3769,0,221,21.2538,9.5745,1.7778,1.6939,3.8281,4,3.4441,28.3663,1.8471,63.5052,1,43.88,1
034950,한국기업평가,2025-05-16,94400,90100,KOSDAQ,4441.0,-4.5551,18,64,0.2225,1.9739,1.4008,0.2918,1.102,4,-0.1237,0.6557,1.8471,9.7442,1,19.76,10
136490,선진,2025-05-16,8290,8070,KOSPI,2996.0,-2.6538,0,222,37.0119,2.3115,3.6228,1.8282,4.1689,3,3.4349,34.8048,6.0329,58.5462,1,42.63,1
094800,맵스리얼티,2025-05-16,4625,4400,KOSPI,5440.0,-4.8649,0,149,3.5294,0.6246,0.8945,1.1887,1.6802,2,1.4242,-1.8909,6.0329,9.7257,0,1.82,-1
002030,아세아,2025-05-16,282000,268500,KOSPI,5990.0,-4.7872,11,20,1.8975,1.634,1.055,0.7465,1.942,4,1.9836,-4.7122,6.0329,19.3333,1,16.95,5
006120,SK디스커버리,2025-05-19,46000,44400,KOSPI,10477.0,-3.4783,0,231,5.0888,1.1233,1.0378,0.6288,2.3488,4,5.4112,5.3245,6.3736,36.4055,1,23.65,7
097520,엠씨넥스,2025-05-19,28300,27100,KOSPI,5186.0,-4.2403,0,249,2.0716,2.1614,1.2884,0.5741,2.6753,4,2.3964,7.2532,6.3736,62.0813,1,5.9,2
093190,빅솔론,2025-05-19,5540,5370,KOSDAQ,1503.0,-3.0686,4,194,3.4682,2.2668,0.9354,1.1934,2.514,3,3.7282,0.1916,2.0941,34.5865,1,16.76,7
004700,조광피혁,2025-05-20,57500,54700,KOSPI,4754.0,-4.8696,0,160,2.6266,2.1046,0.9022,1.4002,2.4811,2,-0.0924,0.6892,5.3186,14.6751,1,26.69,2
018120,진로발효,2025-05-20,18590,18370,KOSDAQ,1169.0,-1.1834,10,126,2.2259,1.0814,1.31,0.6411,1.1082,4,1.0874,6.1444,0.5339,28.5514,1,3.38,10
268280,미원에스씨,2025-05-20,165200,162600,KOSPI,7105.0,-1.5738,6,239,3.501,2.6152,1.1018,2.0706,3.3122,4,3.9248,3.5168,5.3186,26.8331,1,4.55,1
025860,남해화학,2025-05-20,7600,7220,KOSPI,3572.0,-5.0,0,197,4.7896,0.9308,1.6284,0.8847,2.3249,3,2.1255,5.9295,5.3186,24.9135,0,15.37,-1
445680,큐리옥스바이오시스템즈,2025-05-20,30257,29000,KOSDAQ,19739.0,-4.1544,0,250,11.3244,1.3221,1.2811,0.8072,5.468,3,12.7357,25.0072,0.5339,119.697,1,40.69,4
114090,GKL,2025-05-20,14150,13490,KOSPI,8245.0,-4.6643,0,250,6.472,2.1997,1.4408,0.9327,2.0968,4,2.2494,8.0428,5.3186,32.5147,1,18.24,5
297090,씨에스베어링,2025-05-20,8910,8690,KOSDAQ,1800.0,-2.4691,0,236,38.1558,23.1473,2.8301,1.9062,5.3592,3,-2.0564,61.896,0.5339,141.3889,1,6.56,1
034830,한국토지신탁,2025-05-20,1119,1094,KOSPI,3272.0,-2.2341,9,172,2.4345,0.5689,1.1268,1.0568,1.5866,3,1.8606,3.9722,5.3186,12.4358,1,23.77,2
079960,동양이엔피,2025-05-20,22400,21400,KOSDAQ,2562.0,-4.4643,0,226,3.8835,1.5088,2.2128,0.7591,2.2463,4,3.569,7.1662,0.5339,41.7219,1,16.59,8
018290,브이티,2025-05-20,44000,42150,KOSDAQ,7268.0,-4.2045,0,100,8.0769,1.088,1.2052,1.1533,4.9229,3,4.3098,14.7876,0.5339,102.6442,1,8.07,5
033920,무학,2025-05-20,7370,7270,KOSPI,2679.0,-1.3569,20,221,1.3947,0.6808,0.8977,0.4666,2.3777,4,4.7363,-2.0515,5.3186,41.4397,1,13.76,1
000500,가온전선,2025-05-20,74500,73200,KOSPI,14442.0,-1.745,0,246,18.2553,2.3506,0.9469,0.7952,4.9766,3,-0.2975,47.0228,5.3186,155.9441,1,14.48,1
009160,SIMPAC,2025-05-21,4615,4410,KOSPI,3439.0,-4.442,0,223,6.1372,0.7793,1.8704,0.5925,1.8303,3,2.4339,7.4977,5.7244,42.2581,1,15.65,3
005990,매일홀딩스,2025-05-21,10790,10320,KOSDAQ,1438.0,-4.3559,6,20,-1.1494,0.2603,0.4399,0.6721,2.0349,4,5.1159,5.6865,0.815,32.8185,1,11.87,6
036170,에이치엠넥스,2025-05-21,1070,1020,KOSDAQ,1062.0,-4.6729,2,43,2.0,3.042,1.3987,0.4833,2.8011,4,4.0722,7.3504,0.815,34.9206,0,2.94,-1
021320,KCC건설,2025-05-21,5000,4760,KOSDAQ,1305.0,-4.8,0,177,5.5432,0.4,1.0171,1.0093,3.4889,3,4.6809,4.1464,0.815,26.9333,1,15.97,6
375500,DL이앤씨,2025-05-21,46950,45750,KOSPI,19115.0,-2.5559,8,49,2.4636,2.0439,1.3201,1.2891,3.9032,4,7.2288,5.861,5.7244,59.965,1,22.84,2
082920,비츠로셀,2025-05-21,15089,14635,KOSDAQ,10020.0,-3.0088,1,77,8.4074,2.6486,1.5222,0.812,3.7806,3,-1.36,16.8297,0.815,77.9115,1,8.96,4
027410,BGF,2025-05-21,3825,3745,KOSPI,3972.0,-2.0915,6,247,3.0261,1.0275,1.3683,0.9993,1.8596,3,1.9834,2.6693,5.7244,13.8298,1,20.83,6
115310,인포바인,2025-05-21,38600,36700,KOSDAQ,2551.0,-4.9223,8,51,14.1524,1.2822,1.1422,0.8563,3.4741,3,0.6073,17.5721,0.815,101.9813,1,26.84,1
267250,HD현대,2025-05-21,88200,84200,KOSPI,193533.0,-4.5351,0,70,2.5579,1.1642,0.9706,0.5483,2.3159,2,-0.8577,11.8734,5.7244,32.3899,1,67.22,5
123330,제닉,2025-05-21,29200,28300,KOSDAQ,1960.0,-3.0822,0,85,8.6372,1.7987,1.2769,1.2678,7.2564,4,3.7058,28.4087,0.815,0.0,1,55.83,1
006805,미래에셋증권우,2025-05-21,5940,5800,KOSPI,2742.0,-2.3569,0,122,3.3868,1.9159,1.0783,1.1705,3.2266,4,6.3706,21.7482,5.7244,54.6667,1,59.31,2
035000,HS애드,2025-05-22,7350,7050,KOSPI,1384.0,-4.0816,36,50,-0.8439,1.112,1.354,0.687,1.7224,3,1.4842,-3.659,4.2296,18.4874,1,12.62,8
096530,씨젠,2025-05-22,35950,34450,KOSDAQ,14153.0,-4.1725,0,181,10.4167,9.525,2.2286,1.2784,5.4738,4,6.8783,35.5871,0.3103,76.6667,0,0.73,-1
000700,유수홀딩스,2025-05-22,5790,5670,KOSPI,1570.0,-2.0725,17,250,3.4672,2.5399,1.4003,0.7389,1.6566,4,1.2837,-1.6979,4.2296,14.4299,1,13.58,2
002460,HS화성,2025-05-22,10250,10040,KOSPI,1309.0,-2.0488,22,75,-0.7905,0.1368,0.7077,1.4666,2.0063,3,1.6382,-1.885,4.2296,20.6731,1,9.36,6
383220,F&F,2025-05-22,76400,73100,KOSPI,29688.0,-4.3194,5,203,5.1799,5.9952,1.4758,1.0498,3.7424,4,1.0368,1.8662,4.2296,55.0371,1,12.31,2
057050,현대홈쇼핑,2025-05-22,56000,53200,KOSPI,8040.0,-5.0,0,250,3.1008,2.802,1.1264,1.0015,2.4738,4,0.7763,5.5743,4.2296,24.2991,1,10.34,8
950170,JTC,2025-05-23,6350,6060,KOSDAQ,2748.0,-4.5669,0,228,3.0612,1.26,0.9159,1.0152,5.4455,4,5.2282,21.3409,-0.0195,72.404,1,11.06,3
002200,한국수출포장,2025-05-23,2890,2855,KOSPI,1286.0,-1.2111,23,74,1.9643,1.6876,1.2217,0.6837,1.5887,3,0.8758,-0.4225,4.2407,47.6979,1,7.53,2
035890,서희건설,2025-05-23,1791,1755,KOSDAQ,3730.0,-2.0101,12,20,5.4688,2.3331,1.2301,1.3418,3.0077,4,3.5043,2.5312,-0.0195,47.479,1,7.69,1
105560,KB금융,2025-05-23,103900,99000,KOSPI,579782.0,-4.7161,0,139,5.7692,0.8959,0.8646,0.5239,2.0418,2,2.9098,14.4644,4.2407,42.8571,1,15.96,5
011760,현대코퍼레이션,2025-05-23,26200,25200,KOSPI,3294.0,-3.8168,4,58,11.0132,1.6482,1.9644,0.8936,3.2029,4,3.5666,14.9083,4.2407,44.0,1,18.85,4
005810,풍산홀딩스,2025-05-26,34000,32450,KOSPI,5745.0,-4.5588,0,250,11.3208,1.2498,1.6684,0.9787,2.5864,4,2.9759,14.3771,4.7055,35.4906,1,65.79,6
010140,삼성중공업,2025-05-26,15840,15100,KOSPI,245080.0,-4.6717,4,45,5.5944,1.619,0.9457,0.9458,2.9092,3,3.2961,0.8889,4.7055,71.7861,1,22.85,1
004170,신세계,2025-05-26,177900,175300,KOSPI,36314.0,-1.4615,4,250,3.9123,0.8049,1.055,0.779,3.3249,3,6.3948,12.552,4.7055,40.24,1,7.64,3
028100,동아지질,2025-05-26,16500,15700,KOSPI,2449.0,-4.8485,0,127,5.7239,0.5991,0.9842,0.7521,2.3749,4,2.3313,2.2427,4.7055,35.9307,1,10.19,8
033780,KT&G,2025-05-26,126400,125000,KOSPI,202920.0,-1.1076,0,115,5.9322,0.9357,0.8089,1.0933,2.7714,3,3.0272,6.012,4.7055,49.7006,0,2.08,-1
006360,GS건설,2025-05-26,21750,20950,KOSPI,18314.0,-3.6782,0,177,9.001,2.1477,1.4808,1.2189,3.6209,2,1.1569,19.9227,4.7055,44.9827,1,18.62,2
017390,서울가스,2025-05-26,60000,57100,KOSPI,3275.0,-4.8333,0,236,6.3315,2.4906,2.1445,1.694,1.8014,3,2.628,9.6088,4.7055,20.2105,1,7.71,4
300720,한일시멘트,2025-05-26,18900,18600,KOSPI,13532.0,-1.5873,7,21,9.5406,1.9304,0.8879,1.399,3.7788,3,4.4499,4.8351,4.7055,48.2072,1,4.62,1
028260,삼성물산,2025-05-26,157600,152100,KOSPI,538826.0,-3.4898,0,195,24.2647,2.7692,2.7337,1.7584,3.3014,3,0.7199,24.6312,4.7055,40.7031,1,14.73,1
460930,현대힘스,2025-05-26,22350,22100,KOSDAQ,5827.0,-1.1186,0,82,32.494,19.5159,2.3964,1.451,3.8752,4,-3.0064,26.6866,-0.1116,130.6889,1,2.26,1
140860,파크시스템스,2025-05-26,250000,243000,KOSDAQ,18156.0,-2.8,0,80,4.5161,1.5878,0.9532,0.7203,3.9536,3,-0.5191,14.4645,-0.1116,62.5418,1,20.99,5
090850,현대이지웰,2025-05-27,6680,6380,KOSDAQ,1270.0,-4.491,8,130,-0.3125,0.2581,0.3677,0.4172,3.6722,3,6.7659,20.0088,0.1419,32.5026,1,10.5,6
377300,카카오페이,2025-05-27,36450,35950,KOSPI,84060.0,-1.3717,1,249,23.7522,6.4155,1.5522,1.182,3.4472,4,-0.6194,13.5075,4.5549,69.5755,1,217.11,1
001940,KISCO홀딩스,2025-05-28,23600,23000,KOSPI,3331.0,-2.5424,0,107,3.8375,2.2316,1.3559,1.7479,3.1056,4,4.5022,6.7866,4.8639,27.3533,1,21.3,1
093520,매커스,2025-05-28,12700,12290,KOSDAQ,3279.0,-3.2283,1,238,1.9071,1.2959,0.7238,0.7758,3.9405,4,6.23,15.5224,-0.1233,80.4699,1,39.14,2
002230,피에스텍,2025-05-28,4190,4045,KOSDAQ,2348.0,-3.4606,9,243,0.9988,0.7255,0.9924,0.7319,1.2008,3,0.3434,3.576,-0.1233,17.2464,1,9.15,9
068930,디지털대성,2025-05-28,7900,7710,KOSDAQ,2369.0,-2.4051,20,126,0.1299,1.0406,0.8734,0.5267,1.473,4,1.6158,2.7865,-0.1233,21.2264,0,0.78,-1
008060,대덕,2025-05-28,8100,7840,KOSPI,3762.0,-3.2099,19,20,3.5667,1.3513,0.9367,1.3487,2.141,3,3.5966,-7.3515,4.8639,30.8848,0,3.7,-1
004990,롯데지주,2025-05-28,27300,27250,KOSPI,34515.0,-0.1832,0,250,13.3056,4.3105,2.0388,1.1549,3.0931,3,3.6666,16.5169,4.8639,37.7654,1,18.53,1
005680,삼영전자,2025-05-28,11000,10730,KOSPI,2384.0,-2.4545,19,250,0.6567,0.9559,0.8897,0.7881,2.017,4,1.089,-2.0861,4.8639,30.8537,1,11.56,1
402340,SK스퀘어,2025-05-28,109000,108200,KOSPI,717233.0,-0.7339,0,211,7.3413,1.9554,1.0721,0.937,4.1557,4,0.4072,15.7604,4.8639,60.0592,1,84.66,1
005960,동부건설,2025-05-28,5160,4935,KOSPI,1540.0,-4.3605,0,250,9.1814,2.2122,1.6739,0.9855,3.4375,3,8.1182,15.9439,4.8639,46.2222,1,12.66,4
023910,대한약품,2025-05-29,29350,28350,KOSDAQ,1800.0,-3.4072,6,247,1.25,0.7155,0.9872,1.9769,2.7715,4,2.2362,5.6536,2.3464,19.3684,1,13.58,4
034310,NICE,2025-05-29,12310,12210,KOSPI,5069.0,-0.8123,0,250,7.3879,4.708,1.608,1.3766,2.1119,4,1.7965,3.5586,6.7395,22.7136,1,11.63,1
003530,한화투자증권,2025-05-29,4675,4520,KOSPI,13667.0,-3.3155,0,131,7.8759,3.3741,1.4004,1.6112,4.5243,3,3.2667,27.3851,6.7395,57.4913,1,61.5,1
084010,대한제강,2025-05-29,11903,11336,KOSPI,4644.0,-4.7635,3,20,1.6135,0.9161,0.5209,0.9646,3.0283,4,1.8902,-4.142,6.7395,64.0996,1,5.29,6
007860,서연,2025-05-29,10210,10070,KOSPI,2475.0,-1.3712,0,230,22.0606,29.2469,2.8309,1.6534,4.9085,3,4.5518,27.5272,6.7395,74.2215,1,10.23,3
004150,한솔홀딩스,2025-05-29,2835,2785,KOSPI,1342.0,-1.7637,0,248,8.3658,14.9231,2.2417,1.6473,2.2442,4,1.7295,5.7858,6.7395,37.1921,1,20.29,3
066620,국보디자인,2025-05-29,18700,18180,KOSDAQ,1680.0,-2.7807,0,89,5.0867,6.1342,1.9101,0.9013,1.7798,3,-0.0803,7.8355,2.3464,26.6017,1,12.76,3
002170,삼양통상,2025-05-29,52700,50200,KOSPI,1734.0,-4.7438,0,97,3.186,1.151,1.194,0.8832,1.9956,3,0.2691,-1.0553,6.7395,15.4023,1,12.55,1
093050,LF,2025-05-29,16770,16340,KOSPI,6243.0,-2.5641,4,69,5.3514,2.5617,1.3849,0.9761,1.7398,3,-2.5426,4.266,6.7395,24.8281,1,11.44,1
234080,JW생명과학,2025-05-29,12680,12160,KOSPI,2081.0,-4.1009,3,165,2.8765,0.8421,1.1905,1.1915,2.3966,3,4.0537,-0.3528,6.7395,21.6,0,3.12,-1
024090,디씨엠,2025-05-29,13440,12790,KOSPI,1361.0,-4.8363,0,189,1.8312,1.6213,1.1532,0.5433,2.044,3,3.3727,-4.5829,6.7395,22.7447,1,9.46,4
003120,일성아이에스,2025-05-29,20050,19490,KOSPI,3019.0,-2.793,0,239,4.6724,1.0856,1.0364,1.3087,2.4738,3,3.8665,16.459,6.7395,34.4138,1,26.73,1
029460,케이씨,2025-05-29,23100,22050,KOSPI,4307.0,-4.5455,0,250,1.3793,1.3031,1.04,1.5128,3.0353,3,3.8853,11.175,6.7395,42.0747,1,12.02,4
029780,삼성카드,2025-05-29,46000,43900,KOSPI,70210.0,-4.5652,7,178,3.1727,1.5243,1.2095,0.6282,1.4766,4,-0.9148,-0.5726,6.7395,19.2935,1,16.63,5
003555,LG우,2025-05-29,62000,59800,KOSPI,2144.0,-3.5484,0,175,4.7285,4.6189,1.3114,1.0897,1.4513,2,-0.0359,2.3846,6.7395,16.911,0,14.21,-1
