ticker,name,breakout_date,high_52w,breakout_price,market_type,market_cap,breakout_pct,volume_surge,close_strength,base_length,volatility_contraction,volume_dry_up,ma200_slope,pct_above_52w_low,rs_vs_market,market_return,ma20_deviation,liquidity,days_since_ath,atr_ratio,max_gain_20d,max_drawdown_20d,gain_at_day_20,label,market_regime,market_ma200_dist
51360,토비스,2022-01-05,9400,9500,KOSDAQ,2268,1.0638,5.7163,0.7927,147,0.8703,1.7974,0.009202,32.312,17.7452,1.3024,0.1532,5407283102.0,147,0.030602,24.21,-3.05,20.0,1,1,0.2753
300720,한일시멘트,2022-01-05,23800,26000,KOSPI,12488,9.2437,5.2117,0.9753,81,0.982,0.7133,0.060628,148.8038,25.0713,-1.2618,0.1849,28225574810.0,81,0.042445,-1.15,-29.62,-24.23,0,0,-5.2709
58610,에스피지,2022-01-05,13250,13600,KOSDAQ,33355,2.6415,5.0559,0.8696,1,0.6484,3.2074,0.021626,56.5017,29.4669,1.3024,0.193,37413343710.0,1,0.056197,1.84,-16.91,-6.25,0,1,0.2753
290670,대보마그네틱,2022-01-05,44600,50300,KOSDAQ,1041,12.7803,8.2096,0.7128,1,0.6147,2.0951,0.00893,76.4912,55.8851,1.3024,0.283,14286610560.0,1,0.054814,41.75,2.39,13.52,1,1,0.2753
93640,케이알엠,2022-01-05,5040,5900,KOSDAQ,1135,17.0635,33.5695,0.8017,1,0.7733,4.8446,0.029742,113.3816,41.9015,1.3024,0.3635,20261615262.0,1,0.054116,-9.15,-36.95,-34.32,0,1,0.2753
53800,안랩,2022-01-05,106400,120500,KOSDAQ,7010,13.2519,3.4852,0.6279,1,0.7854,3.5909,-0.012168,94.0419,78.0131,1.3024,0.5332,182503000000.0,1,0.053231,-1.0,-41.0,-34.36,0,1,0.2753
259630,엠플러스,2022-01-05,19300,21500,KOSDAQ,1621,11.399,8.7143,0.7424,1,0.7313,2.3335,0.017668,80.6723,38.7628,1.3024,0.3247,24450701670.0,1,0.047342,31.86,0.23,9.07,1,1,0.2753
2710,TCC스틸,2022-01-06,10900,11250,KOSPI,4270,3.211,3.8706,0.5217,2,0.5942,2.9623,0.064478,181.25,62.0558,-2.7074,0.2967,24594030652.0,2,0.054921,15.11,-18.22,-18.22,1,0,-6.3254
3100,선광,2022-01-06,58300,58500,KOSDAQ,1346,0.3431,1.2314,0.7,13,0.3143,0.7472,0.064129,109.6774,7.5855,-2.5585,0.0193,1321496120.0,13,0.016117,6.67,0.0,3.42,0,0,-2.6504
91120,이엠텍,2022-01-06,31102,32078,KOSDAQ,1347,3.1381,2.425,0.7242,5,0.3889,1.9873,0.050648,168.1659,39.4334,-2.5585,0.1701,12326528810.0,5,0.049576,17.2,-1.37,1.98,1,0,-2.6504
101930,인화정공,2022-01-06,14300,14800,KOSDAQ,3836,3.4965,1.6838,0.8571,2,0.5593,1.2238,0.063854,154.7332,25.3801,-2.5585,0.1178,834870610.0,2,0.042471,17.91,-11.49,-9.8,1,0,-2.6504
208370,셀바스헬스케어,2022-01-07,3442,3607,KOSDAQ,1357,4.7937,2.3232,1.0032,3,0.743,2.9801,0.02149,69.5816,30.255,-2.709,0.229,8430709772.0,3,0.053566,-3.49,-28.69,-10.73,0,0,-1.1942
56080,유진로봇,2022-01-07,6400,6870,KOSDAQ,12116,7.3438,9.5993,0.9097,3,0.428,2.8935,0.019689,129.0,117.7325,-2.709,0.3076,95865668552.0,3,0.100021,-4.66,-31.59,-24.45,0,0,-1.1942
140670,알에스오토메이션,2022-01-07,13643,14342,KOSDAQ,2831,5.1235,9.5463,0.8463,3,0.5453,2.4703,0.033558,81.8205,43.3583,-2.709,0.1856,13567841185.0,3,0.067021,-0.98,-25.97,-14.29,0,0,-1.1942
4430,송원산업,2022-01-07,22850,22900,KOSPI,2093,0.2188,1.4596,0.6452,177,0.6375,1.0679,0.016422,50.6579,19.6006,-2.465,0.0888,16140510690.0,177,0.043824,-1.97,-21.83,-9.39,0,0,-5.2111
93520,매커스,2022-01-07,9170,9360,KOSDAQ,3265,2.072,5.208,0.6474,33,0.7913,0.9876,0.039292,90.6314,18.5506,-2.709,0.1726,19144163590.0,33,0.044872,-5.34,-25.0,-10.04,0,0,-1.1942
33240,자화전자,2022-01-07,26850,26950,KOSPI,6919,0.3724,0.6751,0.7222,3,0.4024,1.2485,0.040547,85.2234,30.7984,-2.465,0.1191,18108771810.0,3,0.057911,-2.78,-22.45,-20.96,0,0,-5.2111
24880,케이피에프,2022-01-07,5500,5830,KOSDAQ,1169,6.0,5.7062,0.9636,3,0.6384,2.665,0.009165,44.4857,34.9086,-2.709,0.1984,14839877782.0,3,0.051152,-4.12,-17.24,-11.66,0,0,-1.1942
990,DB하이텍,2022-01-07,77800,77900,KOSPI,44984,0.1285,1.742,0.875,32,0.6436,0.8169,0.028717,56.7404,15.5274,-2.465,0.0824,105235000000.0,32,0.03466,8.99,-10.01,-8.99,0,0,-5.2111
102940,코오롱생명과학,2022-01-07,44900,45700,KOSDAQ,8885,1.7817,1.088,0.9394,4,0.3249,1.8353,0.073171,149.7268,26.3897,-2.709,0.142,6957425050.0,4,0.059628,-5.91,-20.79,-20.79,0,0,-1.1942
140410,메지온,2022-01-07,74569,75804,KOSDAQ,48248,1.6562,1.3499,0.814,3,0.2906,2.2766,0.021912,75.0953,25.6637,-2.709,0.1727,25390021144.0,3,0.039974,-8.81,-22.46,-17.08,0,0,-1.1942
16710,대성홀딩스,2022-01-07,47250,47400,KOSPI,1356,0.3175,0.8464,0.8182,4,0.3137,0.8942,0.052025,83.0116,4.9515,-2.465,0.0116,3876285340.0,4,0.014467,3.16,0.63,1.27,0,0,-5.2111
215100,로보로보,2022-01-07,8680,9170,KOSDAQ,2080,5.6452,6.1089,0.4862,3,0.6481,3.7074,0.008506,203.6424,166.9742,-2.709,0.6427,267305000000.0,3,0.109947,-8.4,-31.3,-8.4,0,0,-1.1942
10820,퍼스텍,2022-01-07,3035,3200,KOSPI,2265,5.4366,31.8476,1.0,138,0.6507,7.4097,0.0012,64.1026,55.2097,-2.465,0.3105,46116311837.0,138,0.065513,64.06,-4.69,51.41,1,0,-5.2111
95500,미래나노텍,2022-01-07,8630,9550,KOSDAQ,3672,10.6605,4.3164,0.7943,3,0.3947,1.8097,0.071432,179.6486,122.7551,-2.709,0.3674,35934752620.0,3,0.078459,-1.57,-30.89,-26.07,0,0,-1.1942
7810,코리아써키트,2022-01-07,31200,31450,KOSPI,15165,0.8013,0.8052,0.75,5,0.3348,0.8769,0.091959,162.0833,38.6122,-2.465,0.1657,25858986450.0,5,0.069612,0.32,-13.2,-10.49,0,0,-5.2111
272290,이녹스첨단소재,2022-01-07,47100,49300,KOSDAQ,6985,4.6709,3.9923,0.7624,21,0.6465,1.0264,0.060715,124.3458,16.6975,-2.709,0.1121,38520951250.0,21,0.040568,15.42,-5.88,-4.46,1,0,-1.1942
317830,에스피시스템스,2022-01-10,10700,10950,KOSDAQ,1386,2.3364,6.2882,0.5675,4,0.5343,1.7175,0.028681,114.7059,102.1742,-3.0833,0.2272,10840859686.0,4,0.122505,0.46,-29.32,-24.75,0,0,-2.6781
93190,빅솔론,2022-01-10,6970,7130,KOSDAQ,1160,2.2956,1.815,0.8824,4,0.4235,1.462,0.032608,62.2298,11.442,-3.0833,0.0655,2193133506.0,4,0.064917,0.98,-9.68,-1.54,0,0,-2.6781
316140,우리금융지주,2022-01-10,13600,13950,KOSPI,219489,2.5735,3.8453,1.0,46,0.8276,1.5146,0.029027,58.5227,10.0819,-2.7742,0.056,43502181870.0,46,0.022017,13.62,0.36,11.47,1,0,-6.103
99440,스맥,2022-01-10,1946,2039,KOSDAQ,4217,4.779,20.0025,0.27,104,0.8762,3.9175,0.013479,63.2506,46.8774,-3.0833,0.2081,14501011228.0,104,0.085266,-0.64,-29.82,-21.97,0,0,-2.6781
94360,칩스앤미디어,2022-01-11,12450,12625,KOSDAQ,3756,1.4056,3.2658,0.5192,10,0.6589,1.0678,0.040415,105.2846,16.8113,-3.5826,0.0829,39312179250.0,10,0.066755,0.59,-21.39,-21.39,0,0,-3.7242
80420,모다이노칩,2022-01-11,4550,4575,KOSDAQ,1516,0.5495,74.3756,1.0,238,0.828,11.1942,0.001451,44.3218,37.3546,-3.5826,0.3164,29359874745.0,238,0.053552,14.54,-12.46,0.33,1,0,-3.7242
78350,한양디지텍,2022-01-11,18150,18950,KOSDAQ,3971,4.4077,1.2468,1.0,6,0.5534,0.6635,0.144165,282.442,25.057,-3.5826,0.1405,4617813230.0,6,0.059178,0.79,-12.66,-10.55,0,0,-3.7242
46070,코다코,2022-01-11,68800,78000,KOSDAQ,1592,13.3721,9.0762,1.0,60,0.6,2.1491,0.020873,77.2727,45.4008,-3.5826,0.3191,1846678800.0,60,0.04359,-2.82,-21.28,-6.41,0,0,-3.7242
105560,KB금융,2022-01-11,59700,60000,KOSPI,508870,0.5025,2.8207,1.0,167,0.963,1.252,0.014686,48.8834,6.8225,-2.4746,0.0553,99477052800.0,167,0.020357,9.67,-4.83,9.67,0,0,-6.0714
98120,마이크로컨텍솔,2022-01-12,14100,14500,KOSDAQ,1633,2.8369,3.3121,1.0,8,0.8824,1.1494,0.097319,185.9961,13.5479,-1.1448,0.1041,3395772130.0,8,0.058867,4.83,-30.69,-30.69,0,0,-1.6167
54450,텔레칩스,2022-01-12,21300,21600,KOSDAQ,2247,1.4085,6.9508,1.0,225,0.887,3.1707,-0.002173,53.7367,36.1448,-1.1448,0.2215,117135000000.0,225,0.059193,0.0,-21.3,-21.3,0,0,-1.6167
195870,해성디에스,2022-01-12,51800,54200,KOSPI,10710,4.6332,3.6549,0.7045,37,0.8543,1.4953,0.041581,98.8991,16.7021,-0.5177,0.1065,30441286660.0,37,0.043819,5.35,-13.01,-13.01,0,0,-4.6189
41590,플래스크,2022-01-13,4385,4415,KOSDAQ,1161,0.6842,7.507,0.6474,28,0.7771,1.4859,0.037493,101.139,39.3877,-2.0199,0.2593,5324262393.0,28,0.057968,82.33,2.04,65.66,1,0,-2.4315
36930,주성엔지니어링,2022-01-13,21700,22200,KOSDAQ,19380,2.3041,0.6784,0.7083,11,0.7361,0.6031,0.077142,172.0588,16.4529,-2.0199,0.0739,23333285760.0,11,0.049389,6.31,-10.81,-10.81,0,0,-2.4315
79550,LIG넥스원,2022-01-13,70900,72000,KOSPI,99880,1.5515,1.2859,0.7674,7,0.6538,0.7589,0.061593,123.2558,17.0423,-0.9132,0.096,19834917880.0,7,0.041964,-0.69,-21.81,-19.17,0,0,-4.9402
215000,골프존,2022-01-13,185900,186000,KOSDAQ,3633,0.0538,0.3614,0.5227,36,0.4366,0.7208,0.078026,196.1783,10.4115,-2.0199,0.0703,9635447980.0,36,0.033487,0.11,-17.37,-17.37,0,0,-2.4315
85910,네오티스,2022-01-13,5700,5770,KOSDAQ,1676,1.2281,19.1784,0.5941,7,0.9551,5.3754,0.0263,60.2778,15.8266,-2.0199,0.0992,6744386564.0,7,0.060659,6.76,-13.52,-12.65,0,0,-2.4315
298380,에이비엘바이오,2022-01-14,28450,30400,KOSDAQ,109351,6.8541,14.6475,0.7528,250,1.0,4.022,0.003534,73.2194,32.4321,-3.6186,0.3611,166388000000.0,257,0.061678,8.72,-19.9,-14.64,0,0,-3.6166
7340,DN오토모티브,2022-01-14,15442,16404,KOSPI,14130,6.2298,3.1738,0.7186,8,0.4935,1.3617,0.085844,214.4336,46.5034,-2.8103,0.2117,4080133471.0,8,0.065755,1.34,-24.42,-21.86,0,0,-6.2122
13570,디와이,2022-01-14,7150,7200,KOSPI,1327,0.6993,1.5092,0.6786,36,0.7183,0.6169,0.01372,48.3007,21.6222,-2.8103,0.0966,5209355292.0,36,0.040179,65.28,-1.53,29.72,1,0,-6.2122
11070,LG이노텍,2022-01-14,370500,384500,KOSPI,56564,3.7787,3.4734,0.6364,9,0.9059,1.3696,0.061987,111.2637,18.6236,-2.8103,0.1054,287541000000.0,9,0.050251,-2.34,-18.47,-17.56,0,0,-6.2122
54210,이랜텍,2022-01-17,13350,13550,KOSDAQ,2585,1.4981,1.1569,0.8947,41,0.4384,1.1435,0.046118,102.5411,29.7935,-4.3305,0.1166,7740534510.0,41,0.057723,32.1,0.37,21.4,1,0,-4.9551
95340,ISC,2022-01-18,35750,36000,KOSDAQ,29188,0.6993,1.1859,0.7222,11,0.4125,0.7722,0.052082,99.446,31.6857,-4.7016,0.0838,14959492440.0,11,0.047718,-3.19,-19.58,-16.94,0,0,-6.3345
264850,이랜시스,2022-01-18,4200,4385,KOSDAQ,2581,4.4048,28.0086,1.0,133,0.7345,6.8998,0.032237,106.8396,52.5937,-4.7016,0.2924,17165768475.0,133,0.075419,0.68,-23.49,-20.87,0,0,-6.3345
111770,영원무역,2022-01-19,49150,49350,KOSPI,37399,0.4069,1.4528,0.5,167,0.4969,1.4499,0.014005,50.687,17.5206,-4.4621,0.0756,9789733280.0,167,0.043856,-1.01,-14.89,-14.89,0,0,-8.6773
51370,인터플렉스,2022-01-20,17000,17050,KOSDAQ,2762,0.2941,1.6476,0.8571,15,0.4615,1.525,0.033262,54.2986,32.8217,-4.1425,0.0546,10747986080.0,261,0.065982,5.57,-11.44,5.57,0,0,-4.8495
35000,HS애드,2022-01-21,7340,7380,KOSPI,1319,0.545,1.3609,0.9333,29,0.7843,0.6552,0.024287,41.3793,10.1469,-5.466,0.0281,444866938.0,29,0.022455,3.25,-14.77,-13.41,0,0,-8.8554
56090,시지메드텍,2022-01-24,2224,2360,KOSDAQ,1661,6.1151,11.5861,0.6964,129,0.6957,3.3179,0.012064,37.6896,35.0681,-9.1342,0.1588,38817810.0,129,0.051029,366.1,-11.02,334.75,1,0,-9.1108
49070,인탑스,2022-01-28,36500,39000,KOSDAQ,3526,6.8493,4.9413,0.8551,235,0.6633,1.5381,0.007478,83.0986,36.5118,-15.5815,0.1441,28258118990.0,235,0.049634,3.85,-21.15,-18.46,0,0,-13.1388
179290,엠아이텍,2022-01-28,6090,6660,KOSDAQ,2327,9.3596,15.6799,0.8182,114,1.0,3.1535,0.025207,58.5714,38.9149,-15.5815,0.178,14110978444.0,114,0.06317,9.46,-9.31,9.46,0,0,-13.1388
205470,휴마시스,2022-01-28,7158,7446,KOSDAQ,1305,4.0235,9.4432,1.0,187,0.8236,2.3978,0.066368,422.8933,85.6204,-15.5815,0.5787,449075000000.0,187,0.060224,21.49,-35.21,-29.4,1,0,-13.1388
3690,코리안리,2022-02-03,6307,6616,KOSPI,22443,4.8993,2.665,0.8486,72,0.956,1.8356,0.01301,43.7948,25.9611,-9.4002,0.1023,5069607707.0,72,0.032411,2.34,-12.52,-8.49,0,0,-12.5516
249420,일동제약,2022-02-03,37500,41900,KOSPI,11501,11.7333,2.4656,1.0,29,0.6639,1.6434,0.088423,232.5397,28.4343,-9.4002,0.3685,306065000000.0,29,0.09717,39.86,-21.0,14.92,1,0,-12.5516
4370,농심,2022-02-04,337500,341000,KOSPI,24574,1.037,3.4157,1.0,135,0.8082,1.727,0.011079,24.6801,17.465,-7.9947,0.0692,14753560200.0,135,0.028278,0.15,-15.25,-15.25,0,0,-11.119
17390,서울가스,2022-02-04,180000,180500,KOSPI,3205,0.2778,0.8309,0.8125,83,0.5224,1.2148,0.056691,106.9954,16.7296,-7.9947,0.0624,1061638800.0,83,0.04353,13.02,-1.11,7.48,1,0,-11.119
5090,SGC에너지,2022-02-07,55400,56200,KOSPI,3040,1.444,3.9687,0.619,129,0.775,2.0866,0.018656,55.6787,27.9324,-7.0722,0.15,8973799230.0,129,0.038892,1.78,-10.68,-4.45,0,0,-11.2226
2460,HS화성,2022-02-08,16400,16950,KOSPI,1196,3.3537,4.302,0.75,97,0.747,1.9051,0.014263,52.0179,36.3445,-5.9599,0.1895,3424074060.0,97,0.035398,41.59,7.67,12.68,1,0,-11.112
86790,하나금융지주,2022-02-09,47550,48000,KOSPI,285562,0.9464,1.4268,1.0,152,0.6389,1.0699,0.00967,41.3844,16.7678,-6.296,0.0522,55740073870.0,152,0.028869,9.17,-7.71,-3.02,0,0,-10.3253
3200,일신방직,2022-02-10,12850,13000,KOSPI,2973,1.1673,2.8391,0.7,96,0.8133,2.054,0.01049,58.5366,25.1045,-5.2889,0.2001,1964285600.0,96,0.034725,-4.62,-15.38,-11.54,0,0,-10.1603
91120,이엠텍,2022-02-10,37595,38279,KOSDAQ,1347,1.8194,2.4992,0.7715,16,0.8889,1.0578,0.075153,178.0086,29.6263,-8.6395,0.1113,13868503753.0,16,0.048286,7.4,-13.65,-13.65,0,0,-10.5457
194370,제이에스코퍼레이션,2022-02-10,13075,13200,KOSPI,3531,0.956,3.5144,0.8947,63,0.7119,1.886,0.020555,203.7975,34.7006,-5.2889,0.1574,7403340080.0,63,0.05086,3.03,-13.07,-13.07,0,0,-10.1603
105560,KB금융,2022-02-11,65500,65800,KOSPI,508870,0.458,1.4664,0.76,1,0.6214,1.1828,0.013647,52.6682,15.8042,-6.1376,0.078,111772000000.0,1,0.031589,-1.06,-19.15,-13.83,0,0,-10.884
16710,대성홀딩스,2022-02-11,48900,49100,KOSPI,1356,0.409,2.6846,0.8095,16,0.814,1.0906,0.046241,89.5753,8.4292,-6.1376,0.0186,3605154840.0,16,0.014111,4.68,-0.31,4.28,0,0,-10.884
8110,대동전자,2022-02-16,11200,12150,KOSPI,1578,8.4821,13.8291,1.0,63,0.8132,4.7331,0.008059,125.0,47.6942,-6.5792,0.3934,12414749830.0,63,0.082305,2.47,-20.16,-14.81,0,0,-11.2572
51500,CJ프레시웨이,2022-02-16,37250,39000,KOSDAQ,3366,4.698,4.4232,0.8333,110,0.4675,3.0221,0.025373,83.0986,45.9623,-9.5986,0.2181,8835267210.0,110,0.053388,4.87,-8.21,-8.21,0,0,-12.008
38540,상상인,2022-02-18,9740,9890,KOSDAQ,1016,1.54,2.0283,0.9077,92,0.6818,1.843,0.030292,59.7738,19.3634,-6.5926,0.0705,8051808298.0,92,0.064567,-2.33,-8.29,-4.85,0,0,-11.5346
222800,심텍,2022-02-18,47050,47350,KOSDAQ,22331,0.6376,1.4061,0.8442,31,0.8228,1.0244,0.07059,121.2617,10.773,-6.5926,0.0542,44255064220.0,31,0.056192,16.79,0.11,16.79,1,0,-11.5346
7660,이수페타시스,2022-02-18,7109,7420,KOSPI,81558,4.3747,1.8576,1.0,32,0.9249,0.9093,0.088074,167.2911,14.4488,-4.1798,0.1306,23254396766.0,32,0.058134,-1.58,-18.48,-3.02,0,0,-10.6428
5300,롯데칠성,2022-02-21,167500,168000,KOSPI,12434,0.2985,1.1548,0.8333,192,0.359,1.7436,0.012706,47.3684,23.8949,-3.4648,0.0907,9339674000.0,192,0.056335,-2.08,-11.31,-4.46,0,0,-10.6036
4690,삼천리,2022-02-22,102500,103000,KOSPI,5616,0.4878,3.4176,0.661,168,0.4859,1.7246,0.016011,32.0513,17.646,-5.4456,0.0585,1495139980.0,168,0.027531,3.88,-2.43,3.4,0,0,-11.7461
51370,인터플렉스,2022-02-22,17050,18000,KOSDAQ,2762,5.5718,5.4309,0.7955,20,0.8026,1.1369,0.025069,62.8959,15.0211,-9.4493,0.1173,12438954380.0,281,0.054762,11.11,-11.39,-3.61,1,0,-12.8021
1450,현대해상,2022-02-23,28650,28850,KOSPI,24540,0.6981,2.0258,0.75,85,0.5432,1.1933,0.012019,39.7094,13.1227,-4.049,0.0615,17313141820.0,85,0.03132,8.49,-6.24,8.49,0,0,-11.2717
117580,대성에너지,2022-02-23,12850,13750,KOSPI,2200,7.0039,7.5563,0.5747,89,0.8734,2.9696,0.050275,166.9903,70.1118,-4.049,0.456,212817000000.0,89,0.108519,29.82,-16.36,-11.27,1,0,-11.2717
24060,흥구석유,2022-02-24,9420,10750,KOSDAQ,2067,14.1189,8.4599,0.9598,194,0.876,2.4529,0.005632,71.1783,40.7147,-7.34,0.3631,82714153476.0,194,0.074884,-1.86,-24.37,-21.67,0,0,-14.7138
267290,경동도시가스,2022-02-24,26150,29750,KOSPI,1259,13.7667,54.7868,0.9643,101,0.8474,7.5514,0.003813,61.6848,42.5423,-5.1289,0.3262,14905020500.0,101,0.04934,-4.54,-24.2,-23.53,0,0,-13.509
215100,로보로보,2022-02-25,9170,10650,KOSDAQ,2080,16.1396,3.3519,1.0,32,0.6948,1.0118,0.057386,252.649,63.7047,-1.8506,0.3416,153234000000.0,32,0.080684,12.68,-7.04,7.98,1,0,-12.1804
36930,주성엔지니어링,2022-02-25,23600,24650,KOSDAQ,19380,4.4492,2.9549,0.7667,27,0.8246,1.0186,0.052169,157.8452,17.8506,-1.8506,0.1621,52882592140.0,27,0.052014,11.76,-8.52,11.56,1,0,-12.1804
7810,코리아써키트,2022-02-25,31550,32500,KOSPI,15165,3.0111,1.5873,0.7368,24,0.56,0.8909,0.08984,170.8333,12.7149,-1.6038,0.1336,24046957030.0,24,0.048571,5.38,-17.08,-2.62,0,0,-12.5244
36710,심텍홀딩스,2022-02-25,5890,5900,KOSDAQ,1352,0.1698,7.6806,0.5362,35,0.6389,1.4197,0.066563,137.9032,20.5629,-1.8506,0.1601,10492988412.0,35,0.058777,2.03,-16.53,-2.03,0,0,-12.1804
353200,대덕전자,2022-02-25,24900,25050,KOSPI,30095,0.6024,3.4164,0.9,37,0.7327,1.1003,0.039065,81.5217,13.9357,-1.6038,0.1319,51224295520.0,37,0.045338,16.57,-7.98,12.97,1,0,-12.5244
100790,미래에셋벤처투자,2022-02-28,10629,10650,KOSDAQ,9116,0.1976,2.1001,0.899,221,0.4072,1.2308,0.009775,85.2818,34.7553,-0.1156,0.1286,5114295848.0,221,0.05493,6.1,-14.93,-10.8,0,0,-11.3232
79550,LIG넥스원,2022-03-02,72000,72900,KOSPI,99880,1.25,2.9096,0.48,30,0.8299,1.1729,0.041807,106.8085,23.8199,3.4053,0.1787,41074460600.0,30,0.049285,8.09,-1.78,-1.37,0,0,-11.4989
18310,삼목에스폼,2022-03-02,17500,17550,KOSDAQ,2836,0.2857,2.2792,0.5789,185,0.3556,1.7723,0.003953,81.3017,24.0777,5.4426,0.1175,1808966740.0,185,0.045381,69.8,16.81,61.82,1,0,-9.8317
179290,엠아이텍,2022-03-03,7270,7290,KOSDAQ,2327,0.2751,1.14,0.9677,8,0.435,0.9218,0.04112,73.5714,4.9399,4.5196,0.0706,3012137008.0,8,0.062904,20.58,-12.76,15.23,1,0,-8.1023
183190,아세아시멘트,2022-03-03,15550,15850,KOSPI,4586,1.9293,2.4539,0.7586,116,0.6935,0.8865,0.017932,92.8224,10.8846,3.1442,0.1131,4538877500.0,116,0.048445,8.83,-5.36,8.83,0,0,-10.0048
215200,메가스터디교육,2022-03-03,86400,89900,KOSDAQ,4436,4.0509,3.0002,0.9844,42,0.7227,0.9905,0.033503,72.8846,4.0553,4.5196,0.0798,7138380220.0,42,0.036946,14.57,-5.9,13.46,1,0,-8.1023
84010,대한제강,2022-03-03,16970,17237,KOSPI,3619,1.5734,1.4969,0.4233,167,0.4827,1.4962,0.005221,100.3836,34.3558,3.1442,0.2346,9615736118.0,167,0.046971,-1.35,-21.08,-20.69,0,0,-10.0048
67990,도이치모터스,2022-03-03,8940,8980,KOSDAQ,1249,0.4474,5.1066,0.8333,177,0.4927,2.5063,9.1e-05,38.7944,23.0372,4.5196,0.1327,6735317664.0,177,0.043271,16.37,-5.68,11.36,1,0,-8.1023
3610,방림,2022-03-04,3075,3325,KOSPI,2167,8.1301,28.3752,0.6224,76,0.6981,5.1676,0.011725,63.7931,21.8112,0.2072,0.133,6748878520.0,76,0.046294,14.74,1.05,12.48,1,0,-11.0419
47810,한국항공우주,2022-03-04,37950,38600,KOSPI,156155,1.7128,2.2909,0.5897,223,0.9242,1.1992,0.006682,41.3919,11.032,0.2072,0.0815,60861422860.0,260,0.037472,16.71,-5.05,8.94,1,0,-11.0419
12450,한화에어로스페이스,2022-03-04,56128,57350,KOSPI,637324,2.1772,2.4034,0.8612,141,0.9191,1.4453,0.01952,52.5753,18.1965,0.2072,0.153,68185816711.0,141,0.041546,-1.42,-10.13,-6.39,0,0,-11.0419
6910,보성파워텍,2022-03-08,5620,5900,KOSDAQ,3665,4.9822,9.2769,0.6581,164,0.4247,3.711,0.029134,172.5173,53.5718,-3.2533,0.363,215488000000.0,164,0.080811,42.88,15.93,32.37,1,0,-12.2481
5800,신영와코루,2022-03-10,12850,13250,KOSPI,1422,3.1128,16.095,0.5806,190,0.84,2.469,0.007612,44.3355,14.6967,-2.4085,0.1051,376744100.0,190,0.032889,11.32,-1.89,7.92,1,0,-11.9172
11700,한신기계,2022-03-11,4800,5830,KOSPI,1280,21.4583,10.0396,1.0,92,0.6417,2.8954,0.049905,237.971,50.9216,-3.885,0.4455,76416870620.0,92,0.071612,104.12,7.72,104.12,1,0,-12.4693
155,두산우,2022-03-11,86500,87200,KOSPI,18384,0.8092,2.51,0.9623,76,0.3825,3.2447,0.041179,133.4672,27.5729,-3.885,0.1748,1168374380.0,76,0.057503,1.03,-6.88,-6.54,0,0,-12.4693
94820,일진파워,2022-03-11,21000,27200,KOSDAQ,2244,29.5238,12.2479,1.0,82,0.6364,3.8599,0.085532,415.1515,73.6758,-2.0669,0.542,182238000000.0,82,0.075762,1.47,-13.24,-13.24,0,0,-10.0044
5610,SPC삼립,2022-03-14,92300,93100,KOSPI,4340,0.8667,4.9441,0.7692,193,0.8862,2.9834,0.007983,38.7481,16.7243,-4.5557,0.1063,6088535600.0,193,0.047721,2.79,-4.73,1.07,0,0,-12.9094
105840,우진,2022-03-14,11550,11700,KOSPI,4908,1.2987,4.2741,0.4783,156,0.6394,3.1931,0.046843,187.8229,43.8414,-4.5557,0.286,83881055030.0,156,0.086813,0.85,-12.39,-12.39,0,0,-12.9094
3100,선광,2022-03-14,62400,62700,KOSDAQ,1346,0.4808,0.3804,0.75,28,0.9677,0.9193,0.046211,124.7312,6.9208,-2.5947,0.029,1903176460.0,28,0.014924,9.89,-0.64,9.73,0,0,-11.9053
2460,HS화성,2022-03-16,24000,24950,KOSPI,1196,3.9583,5.0024,0.7667,12,0.8642,1.8777,0.055931,123.7668,19.3618,-1.6731,0.1948,15731758040.0,12,0.089894,34.27,-19.04,-1.0,1,0,-12.3151
16710,대성홀딩스,2022-03-16,51400,52000,KOSPI,1356,1.1673,1.2309,0.5714,2,0.6988,0.8237,0.040917,92.9499,7.904,-1.6731,0.0287,2158677320.0,2,0.020398,11.35,2.12,9.23,1,0,-12.3151
53690,한미글로벌,2022-03-16,13350,13450,KOSPI,1999,0.7491,2.8004,0.7037,218,0.6545,0.6311,0.001328,36.5482,22.301,-1.6731,0.0935,3513741180.0,218,0.04222,5.2,-2.23,1.86,0,0,-12.3151
14280,금강공업,2022-03-17,9700,10100,KOSPI,1798,4.1237,5.5688,0.9,170,0.4025,3.483,0.023126,104.0404,28.982,0.6714,0.1561,4072496694.0,170,0.042786,-2.77,-9.7,-3.76,0,0,-11.0819
5860,한일사료,2022-03-21,2635,2795,KOSDAQ,1174,6.0721,14.5908,1.0,193,0.9795,2.1133,-0.001832,53.9945,28.3592,5.0536,0.231,35916106629.0,193,0.066701,117.53,5.72,117.53,1,0,-7.1249
490,대동,2022-03-21,14300,15000,KOSPI,2762,4.8951,5.8252,0.7105,148,0.8571,1.6583,0.002583,74.6217,35.4484,-2.1151,0.2422,23246388580.0,148,0.05119,8.67,-7.33,7.33,0,0,-11.2233
11070,LG이노텍,2022-03-21,384500,405000,KOSPI,56564,5.3316,1.2694,0.8723,41,0.7129,0.8525,0.058604,113.7203,26.7305,-2.1151,0.1802,184637000000.0,41,0.037743,1.6,-9.01,-2.96,0,0,-11.2233
16790,현대사료,2022-03-21,1352,1622,KOSDAQ,1873,19.9704,1.8498,0.5,216,0.8523,0.7643,-0.003916,88.3856,41.8666,5.0536,0.3676,139018030.0,216,0.06108,519.11,29.84,519.11,1,0,-7.1249
35900,JYP Ent.,2022-03-22,55400,56300,KOSDAQ,24908,1.6245,2.9817,0.875,83,0.4109,1.1721,0.036439,81.9063,21.2195,4.8724,0.1018,35920503080.0,83,0.041487,14.92,1.24,7.64,1,0,-6.4659
53800,안랩,2022-03-22,120500,135300,KOSDAQ,7010,12.2822,4.9001,0.8286,49,0.7526,2.7166,0.019405,117.8744,88.1376,4.8724,0.6721,264566000000.0,49,0.07354,29.93,-28.38,-28.38,1,0,-6.4659
27710,팜스토리,2022-03-22,3040,3055,KOSDAQ,1240,0.4934,3.7657,0.4536,116,0.8639,0.9232,0.020809,55.8673,24.5768,4.8724,0.1288,88031147744.0,116,0.075988,6.06,-13.58,6.06,0,0,-6.4659
2220,한일철강,2022-03-22,3800,3850,KOSPI,1256,1.3158,1.6899,0.8,212,0.6694,1.2885,0.008894,70.7317,13.5027,-1.2578,0.1002,1048917023.0,212,0.033395,13.12,2.6,9.87,1,0,-10.3608
222800,심텍,2022-03-22,53200,55300,KOSDAQ,22331,3.9474,1.1473,0.9375,14,0.7065,0.7973,0.088208,155.4273,11.9175,4.8724,0.0836,44516311940.0,14,0.038427,3.8,-6.51,-2.17,0,0,-6.4659
93520,매커스,2022-03-23,9360,11350,KOSDAQ,3265,21.2607,9.1104,0.9035,48,0.8707,1.2505,0.031132,116.6031,25.6729,5.2383,0.3428,15382816354.0,48,0.043801,9.25,-11.89,-6.17,0,0,-5.8447
5830,DB손해보험,2022-03-23,66800,67200,KOSPI,97346,0.5988,1.2515,0.8929,103,0.7833,0.9785,0.016511,51.0112,12.3189,-0.3189,0.1212,13589815900.0,103,0.031888,7.59,-1.19,-1.19,0,0,-9.462
90460,비에이치,2022-03-24,23300,23600,KOSPI,5967,1.2876,1.2884,0.8333,59,0.5534,1.4638,0.018252,46.13,23.3656,0.8449,0.1596,27751213820.0,285,0.03859,20.13,0.0,20.13,1,0,-9.5668
5300,롯데칠성,2022-03-24,168000,169000,KOSPI,12434,0.5952,1.4371,0.8182,21,0.4808,0.7647,0.000791,39.6694,1.8907,0.8449,0.0601,4640518400.0,21,0.038039,11.83,-2.07,11.83,1,0,-9.5668
14710,사조씨푸드,2022-03-24,7260,7350,KOSPI,1412,1.2397,33.7903,0.6646,234,0.7835,4.2545,-0.002676,50.0,36.282,0.8449,0.2053,32366606924.0,234,0.05413,0.14,-17.01,-7.21,0,0,-9.5668
194370,제이에스코퍼레이션,2022-03-24,13600,13950,KOSPI,3531,2.5735,1.8762,0.9583,16,0.6214,0.8668,0.021519,67.5676,19.4137,0.8449,0.1022,4561069010.0,16,0.048382,-0.36,-12.01,-9.5,0,0,-9.5668
317830,에스피시스템스,2022-03-24,11000,12300,KOSDAQ,1386,11.8182,3.9747,1.0,47,0.8347,2.2132,0.020571,141.1765,49.357,7.3309,0.3829,19038615094.0,47,0.069338,15.85,-17.48,-15.04,1,0,-5.7001
368770,파이버프로,2022-03-24,3360,3495,KOSDAQ,6012,4.0179,18.8938,0.3533,82,0.8148,2.2324,0.028516,62.5581,8.3976,7.3309,0.1349,5182196477.0,82,0.056101,-11.02,-18.6,-12.73,0,0,-5.7001
4690,삼천리,2022-03-25,107000,107500,KOSPI,5616,0.4673,2.3034,0.5,5,0.4505,1.7024,0.017138,37.8205,5.0079,0.3843,0.0192,2850416700.0,5,0.029236,2.79,-3.26,2.79,0,0,-9.482
56080,유진로봇,2022-03-25,6870,7100,KOSDAQ,12116,3.3479,8.3123,0.5303,50,0.5476,2.5753,0.035534,135.4892,45.9861,6.538,0.3111,61261725960.0,50,0.065292,7.75,-6.48,-2.25,0,0,-5.3803
140670,알에스오토메이션,2022-03-25,14342,17601,KOSDAQ,2831,22.7235,10.2272,1.0,50,0.7705,1.6687,0.041314,123.1364,33.4636,6.538,0.3277,26340664847.0,50,0.047424,9.79,-9.26,-6.35,0,0,-5.3803
225570,넥슨게임즈,2022-03-25,24350,28700,KOSDAQ,8292,17.8645,11.3357,0.951,54,0.6,2.1023,0.067686,180.0,61.2982,6.538,0.3506,104703000000.0,54,0.065207,-3.83,-24.22,-18.47,0,0,-5.3803
249420,일동제약,2022-03-25,58600,69800,KOSPI,11501,19.1126,2.9007,1.0,17,0.727,0.8894,0.182566,453.9683,57.8924,0.3843,0.3598,387440000000.0,17,0.096551,8.17,-35.24,-7.16,0,0,-9.482
1450,현대해상,2022-03-25,31000,31300,KOSPI,24540,0.9677,0.6373,0.6875,1,0.5213,0.7531,0.018567,36.3834,8.1079,0.3843,0.0791,13136847950.0,1,0.03115,7.19,-1.44,7.19,0,0,-9.482
90710,휴림로봇,2022-03-25,3300,3925,KOSDAQ,17285,18.9394,16.889,0.7463,218,0.6834,4.3952,-0.012665,132.6615,52.3689,6.538,0.4664,193301000000.0,299,0.075505,37.25,12.41,37.25,1,0,-5.3803
30200,KT,2022-03-25,34900,35000,KOSPI,139368,0.2865,1.3819,0.625,164,0.6234,0.8871,0.002802,32.0755,8.8201,0.3843,0.0697,34630357820.0,164,0.018571,6.0,-1.71,3.43,0,0,-9.482
230,일동홀딩스,2022-03-28,17300,20800,KOSPI,1353,20.2312,18.9089,1.0,67,0.9337,3.525,-0.005508,85.7143,72.4785,3.0489,0.5607,33296514480.0,67,0.06044,149.52,-1.92,149.52,1,0,-9.4182
91120,이엠텍,2022-03-28,41111,41648,KOSDAQ,1347,1.3062,1.7186,0.7275,23,0.6468,0.8553,0.076944,146.54,0.9042,9.3019,0.1267,13732330475.0,23,0.04028,0.7,-7.97,-7.97,0,0,-6.1177
35600,KG이니시스,2022-03-28,22900,22950,KOSDAQ,3163,0.2183,16.2671,0.625,195,0.8841,3.7962,-0.013809,42.5466,24.5173,9.3019,0.257,46315364330.0,195,0.036726,3.05,-23.09,-23.09,0,0,-6.1177
58610,에스피지,2022-03-28,13850,14050,KOSDAQ,33355,1.444,2.7153,0.5789,52,0.403,1.7641,0.008802,57.8652,13.4055,9.3019,0.1379,12653233530.0,52,0.04423,11.03,-3.2,9.61,1,0,-6.1177
214370,케어젠,2022-03-29,15960,19440,KOSDAQ,57287,21.8045,23.8205,0.7991,130,0.8307,5.8806,-0.004899,86.9231,56.4837,7.4286,0.5596,25984865960.0,299,0.077671,29.63,-1.75,29.53,1,0,-5.0082
50,경방,2022-03-31,15650,15950,KOSPI,2599,1.9169,3.8904,0.9,210,0.7838,1.8753,-0.001855,25.098,6.5012,2.0022,0.0852,418141460.0,210,0.024631,6.58,-1.57,-1.57,0,0,-8.2585
230240,에치에프알,2022-03-31,35450,39000,KOSDAQ,1831,10.0141,8.1206,1.0,77,0.6897,2.052,0.037807,118.4874,26.0535,5.481,0.2658,17741058970.0,77,0.04304,1.92,-16.41,-16.41,0,0,-4.2867
41510,에스엠,2022-04-01,84000,85900,KOSDAQ,24291,2.2619,3.9812,0.5773,91,0.8686,1.4851,0.056203,191.6808,11.4368,3.0965,0.1081,103356000000.0,91,0.051139,-4.31,-21.42,-20.61,0,0,-4.6696
336570,원텍,2022-04-01,3525,4580,KOSDAQ,8268,29.9291,0.0,1.0,116,1.0,1.0,0.022513,66.6667,26.8326,3.0965,0.2801,9548720172.0,116,0.731129,9.61,-6.66,2.18,0,0,-4.6696
54210,이랜텍,2022-04-01,17900,18250,KOSDAQ,2585,1.9553,1.2957,0.8,33,0.3423,0.6882,0.083288,172.7952,9.9066,3.0965,0.1765,11444591660.0,33,0.044814,35.34,1.1,25.21,1,0,-4.6696
18310,삼목에스폼,2022-04-01,29800,30100,KOSDAQ,2836,1.0067,2.5001,0.5075,7,0.4842,0.8871,0.065318,139.8406,43.7328,3.0965,0.1328,6149206530.0,7,0.076768,0.5,-14.78,-11.79,0,0,-4.6696
4430,송원산업,2022-04-04,22900,23150,KOSPI,2093,1.0917,0.8942,0.7857,56,0.4468,1.2827,0.004541,38.6228,12.4005,1.6389,0.1278,7928979860.0,56,0.029466,20.52,3.02,20.52,1,0,-8.106
208370,셀바스헬스케어,2022-04-04,3607,3795,KOSDAQ,1357,5.2121,6.0435,0.9836,56,0.6771,1.0409,0.017567,78.4203,16.9194,5.1456,0.1781,2872997318.0,56,0.0508,0.0,-22.03,-20.76,0,0,-3.9657
105630,한세실업,2022-04-04,27550,27900,KOSPI,5740,1.2704,1.0511,0.7241,218,0.2792,1.0835,-0.002707,43.0769,20.7295,1.6389,0.1354,10603197330.0,218,0.041091,5.73,-11.65,-4.3,0,0,-8.106
1080,만호제강,2022-04-04,25291,26150,KOSPI,2087,3.3965,24.9043,0.4932,221,0.6045,4.3606,0.00978,39.7947,17.2356,1.6389,0.1011,1364752846.0,221,0.031939,4.2,-2.92,0.18,0,0,-8.106
111770,영원무역,2022-04-04,49350,49900,KOSPI,37399,1.1145,1.5866,0.8113,48,0.3114,1.1091,-0.003303,29.9479,17.4542,1.6389,0.1047,7536900820.0,48,0.034641,5.01,-6.81,-3.81,0,0,-8.106
25820,이구산업,2022-04-04,5120,5150,KOSPI,1813,0.5859,1.7118,0.9091,224,0.6714,0.6901,0.011018,85.2518,3.8939,1.6389,0.1194,25675343063.0,224,0.049307,-1.36,-12.91,-12.04,0,0,-8.106
9970,영원무역홀딩스,2022-04-04,54800,55800,KOSPI,27133,1.8248,3.4841,0.9259,220,0.3504,2.6335,-0.004879,33.1742,16.9584,1.6389,0.15,2333096020.0,220,0.028162,3.76,-9.14,-6.09,0,0,-8.106
3230,삼양식품,2022-04-04,98500,101000,KOSPI,82938,2.5381,5.0528,0.2708,56,0.5311,1.3028,0.000792,30.491,14.3198,1.6389,0.1181,12626125340.0,305,0.034512,7.43,-2.77,-2.77,0,0,-8.106
253590,네오셈,2022-04-05,3840,4230,KOSDAQ,6532,10.1562,31.7949,0.5485,236,0.6647,6.4778,0.008537,62.38,28.1857,8.0461,0.2357,32137787599.0,305,0.063745,4.73,-8.87,-0.47,0,0,-3.4247
119610,인터로조,2022-04-05,23066,23132,KOSDAQ,2044,0.2861,3.1024,0.9094,112,0.5852,1.0593,0.019613,45.183,4.4308,8.0461,0.0733,3272099158.0,112,0.036384,8.13,-2.03,2.34,0,0,-3.4247
7340,DN오토모티브,2022-04-05,16624,16704,KOSPI,14130,0.4812,1.7339,0.9778,48,0.7335,0.9686,0.060605,179.4246,12.0839,4.0693,0.1866,3164837375.0,48,0.03881,0.24,-8.39,-8.39,0,0,-7.9876
6730,서부T&D,2022-04-05,9498,9544,KOSDAQ,11349,0.4843,1.6216,0.8211,139,0.5061,1.2943,0.013361,40.0235,11.3434,8.0461,0.0875,7422620217.0,139,0.035961,5.18,-3.75,-0.93,0,0,-3.4247
67290,JW신약,2022-04-06,4397,4479,KOSDAQ,1091,1.8649,20.1793,0.735,59,0.8649,3.0597,-0.007512,67.9415,21.2874,8.3883,0.2304,45520208172.0,308,0.046359,-4.6,-19.85,-18.58,0,0,-4.3454
38540,상상인,2022-04-06,9890,9950,KOSDAQ,1016,0.6067,0.9049,0.6,31,0.8421,0.5437,0.01916,53.7867,-0.8207,8.3883,0.0484,1836578996.0,31,0.02491,20.6,-1.61,7.54,1,0,-4.3454
10130,고려아연,2022-04-06,607000,631000,KOSPI,345656,3.9539,2.4844,0.8929,116,0.6512,0.9397,0.026882,55.9951,10.0167,4.2949,0.0774,34054173400.0,116,0.024225,4.12,-10.62,-10.62,0,0,-8.7149
290650,엘앤씨바이오,2022-04-07,39700,40200,KOSDAQ,22060,1.2594,5.8673,0.283,134,0.5795,2.5978,0.012937,36.7347,16.895,4.3719,0.1474,14063757030.0,134,0.03607,4.35,-4.48,-4.48,0,0,-5.8519
24880,케이피에프,2022-04-07,5830,6060,KOSDAQ,1169,3.9451,35.378,0.7132,59,0.8191,6.0764,0.002734,50.1859,26.7969,4.3719,0.1864,15435130841.0,59,0.054338,19.64,-6.6,5.94,1,0,-5.8519
5870,휴니드,2022-04-08,9650,9830,KOSPI,1155,1.8653,6.3179,0.7404,68,0.772,1.1973,0.002142,49.3921,19.1439,1.4696,0.1288,10838523252.0,68,0.03902,9.87,-12.61,9.87,0,0,-9.6991
11700,한신기계,2022-04-08,11300,11900,KOSPI,1280,5.3097,2.2729,0.2083,1,0.6296,1.5324,0.161201,440.9091,102.647,1.4696,0.3956,315665000000.0,1,0.090516,18.07,-28.57,5.46,1,0,-9.6991
179290,엠아이텍,2022-04-08,8790,11000,KOSDAQ,2327,25.1422,16.1472,1.0,9,0.5669,2.3906,0.049848,154.3353,61.8422,4.8244,0.3822,38662810150.0,9,0.066948,-2.27,-14.64,-14.64,0,0,-5.1333
67990,도이치모터스,2022-04-08,10450,11150,KOSDAQ,1249,6.6986,1.5831,0.85,8,0.4655,1.6251,0.016028,72.3338,17.4343,4.8244,0.1705,16721209190.0,8,0.054773,8.97,-5.38,-4.04,0,0,-5.1333
7660,이수페타시스,2022-04-08,7420,7478,KOSPI,81558,0.7817,1.2195,0.8482,33,0.3651,0.9197,0.083425,169.3804,20.6003,1.4696,0.068,12788092610.0,33,0.045037,11.45,-5.84,-5.84,1,0,-9.6991
3610,방림,2022-04-08,3815,3945,KOSPI,2167,3.4076,0.5997,0.8529,9,0.5122,0.4638,0.039395,80.137,9.1896,1.4696,0.0557,1658991613.0,9,0.029875,5.83,-6.59,-6.59,0,0,-9.6991
1250,GS글로벌,2022-04-11,3240,3555,KOSPI,1861,9.7222,52.8931,1.0,208,0.7433,7.3712,-0.015197,73.8386,48.8421,1.7935,0.3722,65039632240.0,208,0.050332,30.8,-7.45,14.63,1,0,-9.8567
225190,LK삼양,2022-04-11,2279,2333,KOSDAQ,1012,2.3695,2.2674,0.4444,138,0.6087,1.0886,0.013044,31.4366,10.4663,5.6611,0.085,668806174.0,138,0.025902,8.49,-0.77,3.47,0,0,-6.4037
1390,KG케미칼,2022-04-12,8540,8960,KOSPI,3819,4.918,16.272,0.5028,108,0.8828,6.02,0.00742,76.7258,57.9895,1.7253,0.3656,337260000000.0,108,0.078683,14.73,-15.51,-14.06,1,0,-10.6484
3100,선광,2022-04-12,68900,69300,KOSDAQ,1346,0.5806,1.1546,0.8667,2,0.3158,0.8048,0.050954,129.4702,6.3463,4.8897,0.0393,1453791780.0,2,0.019068,5.48,-0.14,4.33,0,0,-7.1688
79810,디이엔티,2022-04-12,7685,7964,KOSDAQ,1145,3.6304,1.1662,1.0,244,0.7303,1.0307,0.021834,160.6021,9.437,4.8897,0.086,2245632465.0,299,0.047105,5.52,-11.51,-11.51,0,0,-7.1688
306200,세아제강,2022-04-13,134500,137500,KOSPI,3313,2.2305,2.837,0.5909,228,0.7467,1.1676,0.008555,54.4944,26.3514,2.1533,0.147,4319452300.0,228,0.049351,33.09,7.64,22.18,1,0,-8.9022
195870,해성디에스,2022-04-14,57100,57700,KOSPI,10710,1.0508,0.9229,0.5789,56,0.841,1.1669,0.039407,80.5947,15.9777,0.8239,0.0998,20200121940.0,56,0.035157,27.73,9.71,20.28,1,0,-8.8111
33240,자화전자,2022-04-14,26950,30500,KOSPI,6919,13.1725,33.0644,0.8132,64,0.8263,4.002,0.016226,94.2675,35.6414,0.8239,0.2746,53638297310.0,64,0.047424,13.61,-5.25,-2.46,1,0,-8.8111
3030,세아제강지주,2022-04-14,144000,146500,KOSPI,5426,1.7361,3.6481,0.8889,148,0.9231,1.0125,0.053219,153.4602,27.1237,0.8239,0.1592,6204175400.0,148,0.043393,8.53,-5.46,-3.75,0,0,-8.8111
17960,한국카본,2022-04-14,13000,13150,KOSPI,16663,1.1538,4.4068,0.7778,115,1.0,1.2732,-0.003445,40.9432,18.1806,0.8239,0.1189,20806573730.0,315,0.036393,6.84,-2.28,-1.52,0,0,-8.8111
5010,휴스틸,2022-04-14,3768,4141,KOSPI,2281,9.8992,28.2499,0.6755,229,0.9654,3.269,0.026374,90.3908,26.9847,0.8239,0.2343,24786523195.0,229,0.045676,14.51,-0.87,5.72,1,0,-8.8111
25860,남해화학,2022-04-15,15400,16150,KOSPI,3299,4.8701,3.4925,0.8,110,0.7615,2.2673,0.018127,87.5726,61.1014,-0.4049,0.3227,131394000000.0,110,0.063246,1.86,-21.36,-12.69,0,0,-9.4161
58650,세아홀딩스,2022-04-15,119500,120000,KOSPI,6368,0.4184,1.2317,0.875,230,0.4167,0.6923,0.011017,36.5188,10.4966,-0.4049,0.041,53185500.0,230,0.025595,2.08,-12.5,-10.83,0,0,-9.4161
1120,LX인터내셔널,2022-04-15,36900,37000,KOSPI,14651,0.271,1.356,0.1429,131,0.5069,0.9572,0.013974,63.7168,20.5347,-0.4049,0.0721,26072948350.0,131,0.039479,8.24,-0.54,3.51,0,0,-9.4161
353200,대덕전자,2022-04-15,29200,30100,KOSPI,30095,3.0822,2.4422,0.8182,15,0.7416,0.8548,0.067334,111.9718,14.6364,-0.4049,0.0604,33943712870.0,15,0.03963,5.65,-4.98,0.83,0,0,-9.4161
49070,인탑스,2022-04-15,40500,41400,KOSDAQ,3526,2.2222,2.7638,0.4545,49,0.5767,0.8556,0.027694,94.3662,17.9566,0.1604,0.1085,20310825980.0,49,0.040977,4.71,-10.14,-3.38,0,0,-5.9662
400,롯데손해보험,2022-04-15,2140,2290,KOSPI,5105,7.0093,17.9582,0.7302,211,0.6822,3.9116,-0.007319,57.931,32.0141,-0.4049,0.1825,5653326949.0,211,0.039613,0.44,-20.31,-17.47,0,0,-9.4161
51500,CJ프레시웨이,2022-04-18,40900,42400,KOSDAQ,3366,3.6675,3.112,0.8923,32,0.8046,1.0463,0.009071,81.1966,17.3076,-0.0185,0.155,7996997620.0,32,0.037736,0.94,-8.14,-7.67,0,0,-6.553
16710,대성홀딩스,2022-04-18,57900,58200,KOSPI,1356,0.5181,1.0602,0.8462,18,0.3137,1.0414,0.049478,87.7419,4.4097,0.2666,0.0192,3431774000.0,18,0.022091,3.44,-0.17,3.44,0,0,-9.4216
5860,한일사료,2022-04-18,4680,6080,KOSDAQ,1174,29.9145,1.6095,1.0,1,1.0,1.3215,0.05477,234.9862,117.5498,-0.0185,0.6479,131357000000.0,1,0.07742,119.57,25.66,30.76,1,0,-6.553
8040,사조동아원,2022-04-18,1635,1870,KOSPI,1496,14.3731,11.3646,1.0,169,0.8279,1.748,-0.003777,82.439,38.7669,0.2666,0.3487,45382089239.0,169,0.055577,23.8,-7.22,14.97,1,0,-9.4216
16790,현대사료,2022-04-18,8386,10042,KOSDAQ,1873,19.7472,3.5492,0.8044,1,0.4923,1.9962,0.419858,1066.3182,519.1307,-0.0185,0.7364,8154987673.0,1,0.177234,4.05,-20.54,-10.9,0,0,-6.553
35810,이지홀딩스,2022-04-19,5530,5620,KOSDAQ,3271,1.6275,67.3018,0.8201,207,0.9749,7.3862,-0.0188,63.6099,29.047,0.7451,0.2898,62862157187.0,315,0.038955,6.58,-22.24,-18.77,0,0,-5.1575
14280,금강공업,2022-04-19,10100,10200,KOSPI,1798,0.9901,1.3955,0.5,23,0.813,0.8177,0.018192,66.3948,9.9422,0.328,0.0543,2088207032.0,23,0.030812,2.45,-14.71,-9.12,0,0,-8.4681
3310,대주산업,2022-04-19,3135,3300,KOSDAQ,1878,5.2632,29.9949,0.5152,202,0.9843,4.9192,-0.026172,104.9689,43.9917,0.7451,0.468,86651552574.0,202,0.052922,32.58,-2.88,24.55,1,0,-5.1575
1790,대한제당,2022-04-19,4370,4715,KOSPI,2431,7.8947,75.5273,0.6359,247,0.9955,11.1601,-0.011115,76.5918,60.8685,0.328,0.5472,121459000000.0,247,0.044008,13.68,-13.68,-4.24,1,0,-8.4681
10660,화천기계,2022-04-19,3005,3060,KOSPI,1234,1.8303,3.5138,0.7755,206,0.5556,2.2001,-0.006763,34.8018,25.3393,0.328,0.1253,749267364.0,206,0.056723,19.28,2.94,6.37,1,0,-8.4681
27710,팜스토리,2022-04-19,3055,3240,KOSDAQ,1240,6.0556,3.315,0.5139,20,0.7366,0.8191,0.027253,65.3061,5.3105,0.7451,0.14,122631000000.0,20,0.059634,64.2,-7.56,26.08,1,0,-5.1575
35150,백산,2022-04-20,11700,11900,KOSPI,2632,1.7094,1.1753,0.9231,180,0.6667,1.0396,0.012271,67.6056,13.3944,-0.5982,0.1001,5767664790.0,180,0.042617,10.08,-5.46,-5.46,1,0,-8.3849
316140,우리금융지주,2022-04-20,15850,16000,KOSPI,219489,0.9464,1.122,0.8571,48,0.8,0.6068,0.029943,57.6355,6.5584,-0.5982,0.0449,29774884410.0,48,0.019196,1.25,-11.25,-11.25,0,0,-8.3849
16380,KG스틸,2022-04-20,24050,24350,KOSPI,5410,1.2474,7.3007,1.0,232,0.5651,5.4403,-0.03841,160.4278,107.8322,-0.5982,0.665,334833000000.0,232,0.082722,1.23,-31.42,-31.42,0,0,-8.3849
9780,엠에스씨,2022-04-20,7210,7390,KOSDAQ,1378,2.4965,2.4548,0.6667,147,0.4918,1.2218,0.019582,45.7594,17.1066,-0.1762,0.0587,439558764.0,147,0.0318,-0.41,-11.77,-10.15,0,0,-5.3824
166090,하나머티리얼즈,2022-04-20,63600,64000,KOSDAQ,11965,0.6289,2.286,0.6316,75,0.3907,1.7252,0.023915,56.8627,25.1762,-0.1762,0.1151,7632387660.0,75,0.040402,3.44,-7.34,-2.97,0,0,-5.3824
2220,한일철강,2022-04-20,4355,4865,KOSPI,1256,11.7107,33.1763,0.5504,20,0.8293,3.9292,0.031191,91.9132,12.3088,-0.5982,0.1832,7740465632.0,20,0.048231,25.59,-6.99,2.16,1,0,-8.3849
333430,일승,2022-04-20,4205,4225,KOSDAQ,1751,0.4756,2.497,0.825,236,0.6962,3.8565,-0.01556,87.3614,45.8659,-0.1762,0.3158,32910326419.0,236,0.080304,2.72,-13.96,-13.96,0,0,-5.3824
32560,황금에스티,2022-04-21,10407,10650,KOSPI,1012,2.335,5.4434,0.726,234,0.8468,1.0739,0.004332,46.674,13.5926,-0.0531,0.1609,14106389868.0,234,0.032931,-3.76,-16.24,-14.18,0,0,-7.9775
5300,롯데칠성,2022-04-21,188000,189000,KOSPI,12434,0.5319,0.6807,0.1667,2,0.4426,0.7486,0.018798,48.2353,11.8874,-0.0531,0.0462,6673910100.0,2,0.037226,5.82,-3.7,-3.44,0,0,-7.9775
5070,코스모신소재,2022-04-21,51367,57491,KOSPI,16353,11.9221,10.0119,0.8126,147,0.6136,3.4038,0.039953,158.0965,66.5779,-0.0531,0.3841,105114000000.0,147,0.050808,0.69,-16.32,-7.56,0,0,-7.9775
4250,NPC,2022-04-21,11150,11900,KOSPI,1370,6.7265,14.674,0.8524,72,0.9017,2.6305,0.070769,186.0577,30.8224,-0.0531,0.2857,98675550318.0,72,0.051321,-1.26,-17.56,-12.18,0,0,-7.9775
4690,삼천리,2022-04-22,109500,110500,KOSPI,5616,0.9132,1.041,0.5714,5,0.5,1.0975,0.011784,34.9206,3.7163,-0.9256,0.0293,2222197100.0,5,0.024564,41.18,-1.81,41.18,1,0,-8.679
121600,나노신소재,2022-04-22,72700,73100,KOSDAQ,8206,0.5502,1.5413,0.7826,88,0.6286,1.6148,0.073162,166.3024,28.1839,-1.2742,0.1303,22540222820.0,88,0.048173,21.89,-10.67,20.52,1,0,-5.913
95340,ISC,2022-04-22,36000,37300,KOSDAQ,29188,3.6111,2.4111,0.6825,63,0.5071,1.9937,0.034566,83.2924,26.442,-1.2742,0.1691,12249030080.0,63,0.043278,3.22,-5.36,-0.54,0,0,-5.913
24110,기업은행,2022-04-22,11500,11600,KOSPI,173241,0.8696,1.0025,1.0,123,0.7778,0.9433,0.003923,26.9147,7.3477,-0.9256,0.0469,13911393000.0,123,0.018473,-0.43,-6.03,-4.74,0,0,-8.679
1130,대한제분,2022-04-22,193500,194000,KOSPI,2388,0.2584,3.9887,0.8966,233,0.8431,2.1691,0.000578,35.6643,10.8407,-0.9256,0.079,8326731500.0,233,0.039028,-1.03,-15.46,-12.63,0,0,-8.679
370,한화손해보험,2022-04-22,5310,5380,KOSPI,6853,1.3183,1.3224,0.8214,233,0.6457,0.9643,0.008728,55.267,9.2842,-0.9256,0.0596,5351837351.0,233,0.041622,-2.23,-19.7,-19.42,0,0,-8.679
1450,현대해상,2022-04-22,32950,33550,KOSPI,24540,1.8209,1.2819,0.725,12,0.7465,0.8152,0.029793,46.1874,8.1141,-0.9256,0.0418,11933195280.0,12,0.03119,0.45,-11.18,-8.64,0,0,-8.679
5610,SPC삼립,2022-04-22,95700,95900,KOSPI,4340,0.209,0.6716,0.6452,13,0.5824,0.5334,0.006006,42.921,6.6588,-0.9256,0.031,2102877460.0,13,0.032549,-0.63,-19.4,-18.35,0,0,-8.679
36010,아비코전자,2022-04-22,12450,12650,KOSDAQ,1115,1.6064,1.3701,0.6667,74,0.4808,2.0261,0.034951,81.7529,22.3269,-1.2742,0.1121,4351700540.0,74,0.047995,15.81,-6.32,3.95,1,0,-5.913
90710,휴림로봇,2022-04-22,4875,5387,KOSDAQ,17285,10.5026,3.6436,0.1615,8,0.8222,0.9284,0.086829,219.3242,38.5226,-1.2742,0.153,103115000000.0,8,0.066456,90.03,4.64,75.42,1,0,-5.913
2710,TCC스틸,2022-04-22,12950,13950,KOSPI,4270,7.722,4.2094,0.9394,65,0.5641,1.831,0.084675,212.43,33.7828,-0.9256,0.2016,26033741260.0,65,0.054275,-7.53,-17.2,-17.2,0,0,-8.679
7540,샘표,2022-04-25,59300,72100,KOSPI,1385,21.5852,9.7493,1.0,217,0.6421,3.4387,-0.011621,88.0052,58.3771,-2.6535,0.3662,31251071460.0,217,0.091143,29.96,-23.16,-23.16,1,0,-10.1907
14710,사조씨푸드,2022-04-25,7360,7840,KOSPI,1412,6.5217,9.5978,0.5823,3,0.7412,2.0733,0.000616,60.0,17.4412,-2.6535,0.1947,41657220130.0,3,0.064504,-0.77,-26.28,-21.94,0,0,-10.1907
3960,사조대림,2022-04-25,33600,38200,KOSPI,3235,13.6905,29.8513,0.2809,154,0.766,4.6882,0.015429,104.2781,36.22,-2.6535,0.2549,18767425240.0,154,0.047868,-2.75,-21.73,-21.2,0,0,-10.1907
230,일동홀딩스,2022-04-25,51600,51900,KOSPI,1353,0.5814,1.189,0.4848,2,0.5694,3.1828,0.125616,363.3929,152.1728,-2.6535,0.6477,307754000000.0,2,0.132879,-4.43,-29.58,-29.58,0,0,-10.1907
368770,파이버프로,2022-04-26,3495,3795,KOSDAQ,6012,8.5837,33.4289,1.0,23,0.885,3.7002,0.025671,74.0028,36.2357,-2.8438,0.2671,10862259350.0,23,0.039996,61.53,23.72,44.93,1,0,-6.9731
107640,한중엔시에스,2022-04-26,14500,14950,KOSDAQ,4220,3.1034,0.048,0.0,140,0.75,0.641,0.065321,199.0,17.8438,-2.8438,0.1124,3974550.0,140,0.080506,-6.69,-19.73,-19.73,0,0,-6.9731
58610,에스피지,2022-04-26,15600,15700,KOSDAQ,33355,0.641,0.934,0.5,3,0.5373,0.889,0.025609,66.1376,18.285,-2.8438,0.0539,11303076900.0,3,0.046633,21.97,-5.73,21.97,1,0,-6.9731
1020,페이퍼코리아,2022-04-26,2720,3025,KOSPI,1071,11.2132,53.4402,1.0,150,0.8143,7.06,-0.01526,117.6259,53.9044,-2.6544,0.4578,17130702388.0,310,0.045455,0.0,-34.05,-30.91,0,0,-9.7192
131290,티에스이,2022-04-26,80300,82500,KOSDAQ,8539,2.7397,2.812,0.7333,174,0.4181,1.1474,0.021993,54.4944,33.1756,-2.8438,0.1292,6813165820.0,174,0.038528,3.03,-6.67,0.61,0,0,-6.9731
36580,팜스코,2022-04-26,8780,8960,KOSPI,1071,2.0501,8.2956,1.0,235,0.6952,4.0928,-0.005883,68.4211,50.5092,-2.6544,0.3204,47304192194.0,297,0.051339,-13.84,-30.92,-26.0,0,0,-9.7192
73560,우리손에프앤지,2022-04-26,2750,3385,KOSDAQ,1115,23.0909,49.087,1.0,192,0.8122,7.5634,-0.005871,70.9596,50.9838,-2.8438,0.3896,41100732755.0,192,0.045896,-13.44,-31.17,-23.49,0,0,-6.9731
79550,LIG넥스원,2022-04-27,78800,82400,KOSPI,99880,4.5685,4.1368,0.7532,22,0.6623,1.1231,0.056798,113.1953,17.2628,-3.9203,0.115,48434004840.0,22,0.039615,5.34,-11.17,-4.49,0,0,-10.6099
44490,태웅,2022-04-27,11000,12300,KOSDAQ,5772,11.8182,0.0,0.5571,250,1.0,1.0,0.000591,11.8182,16.3855,-4.5673,0.1116,5029563480.0,324,0.855343,4.07,-29.67,-23.82,0,0,-8.4319
214370,케어젠,2022-04-27,25200,25340,KOSDAQ,57287,0.5556,0.8938,0.7522,10,0.4395,0.7395,0.065858,143.6538,37.2374,-4.5673,0.1332,8112463720.0,10,0.077633,2.6,-28.26,-15.23,0,0,-8.4319
1060,JW중외제약,2022-04-28,28842,28910,KOSPI,7009,0.2358,1.9381,0.7212,199,0.6666,0.5871,-0.001227,64.0563,14.2356,-3.2695,0.0705,7143290742.0,325,0.047784,1.82,-20.43,-14.5,0,0,-9.5493
93190,빅솔론,2022-04-29,7200,7210,KOSDAQ,1160,0.1389,2.4552,0.75,55,0.4948,1.8112,0.010654,38.6538,14.053,-3.8083,0.0608,710849922.0,55,0.029919,1.39,-11.65,-4.58,0,0,-7.4166
41440,현대에버다임,2022-04-29,7640,7720,KOSDAQ,1471,1.0471,101.134,0.6135,193,0.9148,12.5105,-0.026317,67.8261,45.2003,-3.8083,0.3838,50047068580.0,193,0.052646,31.48,-4.4,14.9,1,0,-7.4166
4430,송원산업,2022-05-02,27200,27900,KOSPI,2093,2.5735,1.7804,0.85,1,0.9479,1.6732,0.02765,67.0659,23.0728,-2.5545,0.1134,23708561350.0,1,0.048899,-5.38,-13.98,-9.5,0,0,-8.6936
47810,한국항공우주,2022-05-02,45050,46450,KOSPI,156155,3.1077,2.7591,0.6667,25,0.6783,0.7938,0.028574,70.1465,13.0182,-2.5545,0.0745,52192937610.0,25,0.033907,13.02,-0.65,13.02,1,0,-8.6936
117580,대성에너지,2022-05-02,17850,17900,KOSPI,2200,0.2801,1.5691,0.1875,45,0.9844,1.4014,0.059185,217.3759,63.8157,-2.5545,0.458,296000000000.0,45,0.079808,0.0,-24.58,-20.11,0,0,-8.6936
104830,원익머트리얼즈,2022-05-03,38400,39000,KOSDAQ,4766,1.5625,2.5154,0.7949,250,0.7184,0.6642,0.005436,28.0788,13.9578,-4.7141,0.0594,5356437540.0,256,0.025733,5.26,-2.56,-2.56,0,0,-7.0071
8830,대동기어,2022-05-03,11950,12550,KOSDAQ,1594,5.0209,10.0276,1.0,228,0.8101,2.2872,-0.000403,161.731,61.9822,-4.7141,0.3453,36272182574.0,228,0.092544,-10.36,-27.41,-24.78,0,0,-7.0071
74600,원익QnC,2022-05-03,31650,33400,KOSDAQ,7058,5.5292,7.6227,0.7857,183,0.5266,2.4182,0.000875,53.211,29.8077,-4.7141,0.1557,23516944590.0,183,0.037639,4.04,-3.14,-0.6,0,0,-7.0071
15230,대창단조,2022-05-03,5125,5210,KOSPI,1883,1.6585,14.321,0.4459,244,0.7948,1.911,0.004169,46.1431,16.1146,-2.8537,0.116,8882978529.0,244,0.043118,27.64,1.73,18.81,1,0,-8.8478
30000,제일기획,2022-05-03,25900,26250,KOSPI,24216,1.3514,1.6583,0.6667,229,1.0,1.1975,0.000975,25.8993,9.3446,-2.8537,0.0478,8164938550.0,229,0.027075,-0.95,-5.9,-4.19,0,0,-8.8478
2900,TYM,2022-05-03,9030,11110,KOSPI,2848,23.0343,7.2696,1.0004,179,0.9909,1.484,0.025704,127.3378,38.325,-2.8537,0.307,74299173800.0,179,0.064569,10.05,-10.81,-3.96,1,0,-8.8478
490,대동,2022-05-03,16300,18150,KOSPI,2762,11.3497,9.8835,0.7317,12,0.9358,1.6756,0.033413,101.891,30.2221,-2.8537,0.1843,42724904660.0,12,0.061787,-6.06,-24.24,-18.46,0,0,-8.8478
12450,한화에어로스페이스,2022-05-04,57350,58063,KOSPI,637324,1.2432,1.1416,0.7148,42,0.7865,0.7127,0.008186,53.0229,11.9293,-2.1009,0.0781,30370049805.0,42,0.028329,0.0,-10.88,-1.58,0,0,-8.858
12610,경인양행,2022-05-06,7380,7420,KOSPI,1971,0.542,2.7224,0.3913,131,0.4651,2.0853,-0.002818,31.5603,17.8423,-1.9048,0.068,6159689252.0,325,0.035425,-3.77,-9.3,-3.77,0,0,-9.8871
105840,우진,2022-05-06,11800,13150,KOSPI,4908,11.4407,3.3383,1.0,37,0.9808,1.3408,0.019037,161.9522,28.9579,-1.9048,0.2633,94759978658.0,37,0.058935,14.45,-6.84,-3.42,1,0,-9.8871
10955,S-Oil우,2022-05-06,65200,65500,KOSPI,2228,0.4601,3.4309,0.9429,141,0.5795,1.3207,-0.00109,31.7907,16.2154,-1.9048,0.0749,1581186640.0,141,0.025409,5.34,-6.26,5.34,0,0,-9.8871
215000,골프존,2022-05-06,186200,186300,KOSDAQ,3633,0.0537,3.3328,0.7983,74,0.9322,1.3429,0.023236,98.1915,12.7125,-4.7125,0.1021,15269146860.0,74,0.032359,-2.79,-11.33,-11.33,0,0,-9.2631
278650,HLB바이오스텝,2022-05-09,4432,5461,KOSDAQ,1207,23.2175,66.7873,0.8393,88,0.8332,7.4131,0.033446,116.2772,48.9796,-7.905,0.3309,82827815161.0,88,0.043569,421.88,-2.55,421.88,1,0,-11.5788
5870,휴니드,2022-05-09,10600,10800,KOSPI,1155,1.8868,3.3289,0.25,1,0.8846,2.0565,0.012949,64.1337,13.1851,-3.3173,0.1516,28691218120.0,1,0.055754,-2.31,-19.44,-6.94,0,0,-10.9362
2150,도화엔지니어링,2022-05-10,10100,11650,KOSPI,2047,15.3465,91.4849,1.0,246,0.8504,13.4863,-0.010695,62.7095,54.4915,-3.5847,0.3941,45035470818.0,246,0.060454,3.0,-13.3,-12.88,0,0,-11.318
124560,태웅로직스,2022-05-11,5271,6365,KOSDAQ,1011,20.7551,16.3462,1.0,243,1.0,2.05,0.003474,88.5367,36.0821,-5.1958,0.2805,29553571226.0,243,0.047559,27.73,-1.65,13.75,1,0,-10.8381
282330,BGF리테일,2022-05-12,192000,195000,KOSPI,20793,1.5625,2.0371,0.7143,230,0.6744,1.2018,0.006771,41.8182,14.4593,-6.1259,0.0601,13744212300.0,230,0.032967,4.1,-9.74,-9.74,0,0,-12.7
290650,엘앤씨바이오,2022-05-13,41950,42700,KOSDAQ,22060,1.7878,2.4545,0.7538,19,1.0,1.0716,0.017597,45.2381,13.1173,-8.0743,0.0647,9565262510.0,19,0.043576,1.76,-18.85,-18.85,0,0,-12.0187
30200,KT,2022-05-13,37100,37550,KOSPI,139368,1.2129,1.6257,0.95,26,0.7742,0.9773,0.010577,27.5042,10.3634,-4.1399,0.0468,54475332000.0,26,0.018927,1.33,-4.39,-2.0,0,0,-10.7498
179900,유티아이,2022-05-16,18100,18200,KOSDAQ,4671,0.5525,3.4769,0.5833,250,0.693,2.1674,0.002774,64.7059,35.9983,-7.3764,0.1837,2916355790.0,279,0.056711,2.2,-13.19,-13.19,0,0,-11.607
3030,세아제강지주,2022-05-17,159000,160000,KOSPI,5426,0.6289,1.6759,0.6522,9,0.95,1.1567,0.063949,134.9486,8.3125,-2.702,0.0769,7506967200.0,9,0.066964,2.81,-11.25,-8.12,0,0,-10.002
128820,대성산업,2022-05-17,6105,7081,KOSPI,3795,15.9869,28.6614,1.0006,244,0.9924,4.0183,-0.001832,76.232,40.6525,-2.702,0.3127,49805712303.0,244,0.072861,3.33,-19.01,-19.01,0,0,-10.002
306200,세아제강,2022-05-17,183000,187500,KOSPI,3313,2.459,1.9936,0.7143,9,0.72,1.6159,0.056328,110.6742,29.3912,-2.702,0.1196,14241815600.0,9,0.07981,-1.6,-16.53,-16.53,0,0,-10.002
118990,모트렉스,2022-05-17,12065,12922,KOSDAQ,2340,7.1032,20.8936,0.7409,184,0.2284,3.7001,0.006031,46.4747,34.9361,-5.6903,0.2123,18943122277.0,325,0.160601,57.87,-8.68,22.27,1,0,-10.5175
16710,대성홀딩스,2022-05-17,59900,60200,KOSPI,1356,0.5008,1.5658,0.3333,1,0.7692,1.0636,0.047916,81.3253,6.1384,-2.702,0.0191,2963361100.0,1,0.017323,15.12,0.17,15.12,1,0,-10.002
353200,대덕전자,2022-05-18,31800,33050,KOSPI,30095,3.9308,3.507,0.8125,10,0.6261,1.1093,0.072808,131.9298,14.3232,-3.4172,0.0719,49858230670.0,10,0.045926,1.36,-13.77,-13.77,0,0,-9.7143
8040,사조동아원,2022-05-18,2315,2450,KOSPI,1496,5.8315,9.6858,0.6195,11,0.95,2.0197,0.048906,139.0244,37.6638,-3.4172,0.1959,197125000000.0,11,0.116472,3.67,-28.57,-26.73,0,0,-9.7143
95570,AJ네트웍스,2022-05-18,6790,6820,KOSPI,2335,0.4418,1.2335,0.6207,201,0.9213,0.9007,0.006922,41.4938,8.0184,-3.4172,0.0392,1066258692.0,201,0.042731,5.72,-1.03,-1.03,0,0,-9.7143
253590,네오셈,2022-05-19,4430,4450,KOSDAQ,6532,0.4515,1.2152,0.7692,19,0.9118,0.4927,0.027075,70.8253,10.9833,-7.0113,0.0702,4753823100.0,19,0.041573,2.58,-25.62,-25.62,0,0,-10.5728
93370,후성,2022-05-19,24806,25001,KOSPI,8709,0.7861,8.798,0.5665,118,0.9627,2.7767,0.042891,160.6986,28.9193,-4.6475,0.2755,250592000000.0,118,0.052866,4.1,-22.26,-22.26,0,0,-10.7739
66970,엘앤에프,2022-05-19,249300,269100,KOSPI,49696,7.9422,5.2502,0.8357,123,0.9122,1.3761,0.071194,220.8652,16.3072,-4.6475,0.1737,300758000000.0,123,0.047805,2.79,-12.0,-6.32,0,0,-10.7739
3310,대주산업,2022-05-20,4375,5620,KOSDAQ,1878,28.4571,4.2828,1.0,12,0.9401,2.6112,0.050863,249.0683,75.9181,-5.3567,0.4399,246870000000.0,12,0.130084,-5.52,-25.98,-25.98,0,0,-8.8295
85910,네오티스,2022-05-20,6160,6170,KOSDAQ,1676,0.1623,3.8993,0.7,83,0.64,1.7873,0.005734,53.8653,14.7538,-5.3567,0.1115,3991612634.0,83,0.053022,2.27,-16.21,-13.94,0,0,-8.8295
3100,선광,2022-05-20,73100,73300,KOSDAQ,1346,0.2736,1.6177,0.6,9,0.8966,1.1078,0.04967,91.634,7.3038,-5.3567,0.0118,2054240280.0,9,0.014422,21.42,0.68,16.78,1,0,-8.8295
4380,삼익THK,2022-05-20,14300,14650,KOSPI,2062,2.4476,27.8825,0.4688,248,1.0,3.3278,0.001211,35.6481,10.5853,-3.2593,0.0796,6558112530.0,260,0.04315,6.83,-11.95,-11.95,0,0,-9.0651
90460,비에이치,2022-05-23,28350,28500,KOSPI,5967,0.5291,0.4877,0.3478,23,0.8493,0.5698,0.032432,75.3846,3.363,-2.1196,0.0516,20189830540.0,23,0.038095,1.05,-18.07,-18.07,0,0,-8.6936
306620,지아이에스,2022-05-23,5300,5730,KOSDAQ,1123,8.1132,9.0941,0.88,130,0.8228,1.8069,0.031418,133.8776,41.822,-4.2469,0.2707,65786002262.0,130,0.069559,7.16,-24.52,-24.52,0,0,-8.3728
4690,삼천리,2022-05-23,155500,156000,KOSPI,5616,0.3215,1.5715,0.1176,1,0.5909,1.2546,0.03514,88.1785,43.2961,-2.1196,0.2458,4106928500.0,1,0.038462,5.13,-3.53,1.6,0,0,-8.6936
137400,피엔티,2022-05-24,54200,55100,KOSDAQ,12201,1.6605,2.8731,0.5,125,0.8401,1.1046,0.057844,170.7617,17.2385,-3.864,0.1462,21550553980.0,125,0.039085,13.07,-9.26,-9.26,1,0,-10.21
95340,ISC,2022-05-25,38500,38600,KOSDAQ,29188,0.2597,1.8095,0.7917,15,0.8598,0.885,0.041297,89.6806,5.2692,-4.2221,0.0565,11186027320.0,15,0.045614,6.87,-19.56,-13.99,0,0,-9.3445
58610,에스피지,2022-05-25,17350,19150,KOSDAQ,33355,10.3746,5.4657,0.8684,1,0.7959,1.1548,0.038169,102.0042,26.1966,-4.2221,0.1794,22407437750.0,1,0.046438,-3.92,-28.2,-22.98,0,0,-9.3445
290740,액트로,2022-05-25,9280,9400,KOSDAQ,2380,1.2931,65.6619,0.4492,87,0.7616,11.2142,-0.008581,27.3713,28.2326,-4.2221,0.1506,28483333692.0,344,0.065578,7.98,-31.49,-27.23,0,0,-9.3445
11560,세보엠이씨,2022-05-26,8660,8860,KOSDAQ,1527,2.3095,1.5757,1.0,240,0.3867,2.0572,0.005379,51.7123,29.8779,-2.7617,0.1263,1405530124.0,240,0.061593,25.28,-15.69,-8.24,1,0,-9.3971
131290,티에스이,2022-05-26,85000,86800,KOSDAQ,8539,2.1176,2.4439,0.6812,7,0.5806,1.0606,0.019819,62.5468,9.6583,-2.7617,0.0651,6551629480.0,7,0.046577,0.81,-27.42,-24.31,0,0,-9.3971
14620,성광벤드,2022-05-26,10350,10500,KOSDAQ,8326,1.4493,0.9741,0.875,210,0.7212,0.8177,-0.000679,39.4422,9.1447,-2.7617,0.0524,2994730570.0,260,0.039456,3.33,-11.24,3.33,0,0,-9.3971
71280,로체시스템즈,2022-05-26,6310,6380,KOSDAQ,1527,1.1094,4.6704,0.6207,96,0.3577,3.0967,-0.001848,33.3333,18.1324,-2.7617,0.1005,1841894498.0,329,0.038849,8.15,-7.52,0.0,0,0,-9.3971
322000,HD현대에너지솔루션,2022-05-27,32900,34000,KOSPI,5667,3.3435,6.9746,0.6286,245,0.75,4.3649,-0.023377,81.8182,55.2987,-1.1037,0.348,29824055350.0,342,0.056197,6.18,-8.53,5.29,0,0,-8.6323
55550,신한지주,2022-05-30,43000,43200,KOSPI,399562,0.4651,0.8058,0.5455,246,0.4706,0.9415,0.00841,24.6753,3.4332,-0.9421,0.0299,48002148830.0,246,0.021247,-0.35,-12.62,-12.38,0,0,-7.4396
121600,나노신소재,2022-05-30,89100,92800,KOSDAQ,8206,4.1526,1.7613,0.8841,7,0.3426,1.7097,0.081245,235.0181,32.178,-2.0238,0.1922,29936724140.0,7,0.058113,4.74,-19.18,-15.84,0,0,-7.6812
39440,에스티아이,2022-05-30,21450,21500,KOSDAQ,5334,0.2331,3.93,0.7576,99,0.8438,1.2193,0.01799,49.3056,7.6749,-2.0238,0.0644,10190175920.0,99,0.046346,0.7,-30.93,-26.51,0,0,-7.6812
17390,서울가스,2022-05-30,204000,206000,KOSPI,3205,0.9804,1.1729,0.6,64,0.5294,2.215,0.031801,62.2047,12.2934,-0.9421,0.0752,2275741900.0,64,0.024792,17.72,0.97,17.72,1,0,-7.4396
9970,영원무역홀딩스,2022-05-30,57900,59000,KOSPI,27133,1.8998,1.0728,1.0,38,0.5138,0.8499,0.012145,33.6353,15.9518,-0.9421,0.1092,824429120.0,38,0.033596,-2.2,-21.86,-21.02,0,0,-7.4396
179290,엠아이텍,2022-05-31,11000,11850,KOSDAQ,2327,7.7273,2.0169,0.7857,36,0.6029,0.414,0.079004,173.9884,13.7952,-0.9381,0.1441,12605799270.0,36,0.050934,-3.8,-27.76,-15.61,0,0,-6.8799
10950,S-Oil,2022-05-31,115000,116000,KOSPI,113934,0.8696,1.2685,1.0,166,0.8621,0.8339,0.009997,45.1815,9.4916,-0.0577,0.0679,35677522700.0,166,0.035406,4.74,-12.5,-10.34,0,0,-6.7811
47810,한국항공우주,2022-05-31,51800,52500,KOSPI,156155,1.3514,0.6436,1.0,1,0.5278,0.8165,0.04327,92.3077,13.0824,-0.0577,0.0798,55114113560.0,1,0.027687,10.67,-4.0,2.48,1,0,-6.7811
90710,휴림로봇,2022-06-02,10237,12300,KOSDAQ,17285,20.1524,2.8609,0.991,19,0.7469,0.7754,0.237916,629.1049,30.1091,-1.8103,0.3388,295188000000.0,19,0.075627,-8.54,-38.21,-34.76,0,0,-7.0296
101170,우림피티에스,2022-06-02,6950,8220,KOSDAQ,2392,18.2734,12.8759,1.0,210,0.7572,3.7671,-0.001208,135.868,43.2905,-1.8103,0.4154,46489450076.0,210,0.069691,35.04,1.09,28.95,1,0,-7.0296
99440,스맥,2022-06-03,2039,2043,KOSDAQ,4217,0.1962,3.6588,0.95,97,0.7651,2.2636,-0.001397,63.5709,15.6608,-0.9499,0.1515,8437943324.0,97,0.051919,34.7,2.5,9.3,1,0,-6.9092
10820,퍼스텍,2022-06-07,5250,5570,KOSPI,2265,6.0952,12.2426,0.7568,82,0.8644,2.265,0.058647,185.641,22.3028,-0.6871,0.2593,102517000000.0,82,0.056104,0.36,-41.11,-39.14,0,0,-8.5598
1120,LX인터내셔널,2022-06-07,40050,40300,KOSPI,14651,0.6242,1.4287,0.7436,20,0.6703,0.607,0.027154,78.3186,1.3113,-0.6871,0.0539,12296666530.0,20,0.027473,2.11,-21.46,-20.84,0,0,-8.5598
10955,S-Oil우,2022-06-07,66500,69000,KOSPI,2228,3.7594,2.4658,0.8108,1,0.513,0.9082,0.011966,38.833,6.0306,-0.6871,0.083,1509420540.0,1,0.028571,11.59,-11.74,-10.14,1,0,-8.5598
278650,HLB바이오스텝,2022-06-08,21950,28500,KOSDAQ,1207,29.8405,0.5751,1.0,1,0.7906,1.4428,0.225172,1028.7129,420.2433,1.6391,1.7027,74213708780.0,1,0.080346,30.0,-75.44,-75.44,1,0,-8.4686
3650,미창석유,2022-06-08,90000,91000,KOSPI,2093,1.1111,3.0884,0.7436,249,0.8056,1.4685,-0.001063,24.8285,12.1758,0.5876,0.1149,398570720.0,249,0.01978,-1.1,-13.41,-13.41,0,0,-8.4717
12450,한화에어로스페이스,2022-06-08,58063,58267,KOSPI,637324,0.3513,1.0761,0.7621,22,0.5999,1.0376,0.00271,41.411,1.3741,0.5876,0.0738,26090463480.0,22,0.027097,3.5,-22.99,-22.99,0,0,-8.4717
17960,한국카본,2022-06-09,14050,14150,KOSPI,16663,0.7117,1.4406,0.2143,22,0.5741,0.8213,0.011791,51.6613,0.3215,1.1122,0.0847,11463130030.0,352,0.038617,3.18,-11.31,-8.83,0,0,-8.4034
211050,인카금융서비스,2022-06-10,2031,2045,KOSDAQ,7188,0.6893,17.5065,0.661,173,0.8819,4.7746,0.019334,110.1747,14.1595,0.4063,0.2193,22103628100.0,173,0.063884,-4.4,-24.11,-22.25,0,0,-8.8352
120030,조선선재,2022-06-16,136000,150000,KOSPI,1274,10.2941,56.7035,0.85,241,1.0,9.3711,-0.006208,59.2357,40.9796,-6.4504,0.3501,23414192700.0,275,0.051762,10.67,-32.67,-11.33,1,0,-14.004
16710,대성홀딩스,2022-06-16,67000,69300,KOSPI,1356,3.4328,1.6595,0.878,3,0.59,1.3385,0.052353,93.0362,21.5667,-6.4504,0.097,6244200880.0,3,0.024634,15.58,-1.88,13.71,1,0,-14.004
5070,코스모신소재,2022-06-17,57886,58084,KOSPI,16353,0.3421,1.4819,0.9212,37,1.0,0.7857,0.01801,132.4104,20.3417,-7.0469,0.1059,81972131673.0,37,0.041849,1.53,-23.13,-12.41,0,0,-14.274
114190,강원에너지,2022-06-21,5000,5050,KOSDAQ,4255,1.0,0.5479,0.9245,250,0.1126,1.0122,-0.010775,26.8844,12.5448,-11.5448,0.132,3862758058.0,361,0.055304,36.44,3.37,11.49,1,0,-17.8219
16790,현대사료,2022-06-22,10449,11722,KOSDAQ,1873,12.183,6.6246,1.0,42,1.0,0.6625,0.318689,1261.4402,54.795,-15.4631,0.297,4339904048.0,42,0.640078,28.88,-16.22,15.79,1,0,-21.017
49720,고려신용정보,2022-06-24,10750,11100,KOSDAQ,1413,3.2558,15.9137,0.5714,250,0.8987,5.7511,-0.002093,45.6693,42.7948,-14.0245,0.2115,43896660746.0,250,0.061647,17.12,-5.86,-2.25,1,0,-20.4153
4690,삼천리,2022-06-27,164000,169500,KOSPI,5616,3.3537,1.0704,1.0,18,0.8378,0.9705,0.072665,104.4632,16.3654,-8.0587,0.0627,3464713900.0,18,0.029288,9.73,4.42,6.78,0,0,-14.9473
14620,성광벤드,2022-06-27,10800,10850,KOSDAQ,8326,0.463,0.848,0.7143,4,0.603,1.1788,0.013483,44.0903,14.904,-11.5706,0.0486,7079692670.0,280,0.04944,11.98,-7.37,-2.3,1,0,-18.1458
83650,비에이치아이,2022-06-28,6600,7390,KOSDAQ,21568,11.9697,17.6755,0.7086,57,1.0,2.7675,0.019437,103.3012,53.5232,-11.9524,0.2963,20830594377.0,261,0.083801,4.33,-14.48,-1.35,0,0,-18.1414
297090,씨에스베어링,2022-06-29,13181,13650,KOSDAQ,1546,3.5582,13.854,0.5714,224,0.9452,3.3457,-0.020927,153.529,98.9831,-13.9987,0.4315,60317509764.0,362,0.12046,-6.96,-39.05,-32.38,0,0,-18.78
23160,태광,2022-06-29,13250,13900,KOSDAQ,6970,4.9057,3.8768,0.7778,231,0.8627,1.3558,0.003996,46.0084,27.4681,-13.9987,0.0949,5082775070.0,231,0.053186,-0.72,-16.19,-9.35,0,0,-18.78
17390,서울가스,2022-06-29,241500,242500,KOSPI,3205,0.4141,0.8184,0.6,1,0.618,1.3461,0.045796,77.6557,28.6438,-10.9254,0.0871,2368647400.0,1,0.035493,0.62,-3.3,-1.86,0,0,-15.558
33100,제룡전기,2022-07-04,7120,7250,KOSDAQ,7003,1.8258,8.9115,0.3913,250,0.6235,1.989,0.000713,64.5857,32.5683,-18.9319,0.1494,11153668858.0,256,0.069754,5.52,-10.34,0.0,0,0,-22.6038
3100,선광,2022-07-05,89000,91800,KOSDAQ,1346,3.1461,3.2045,0.94,13,0.4179,1.7493,0.05854,113.2404,29.3839,-14.0573,0.0702,5658015740.0,13,0.029023,3.81,-2.29,3.81,0,0,-19.4583
115310,인포바인,2022-07-06,29650,32300,KOSDAQ,2685,8.9376,25.1683,1.0,226,1.0,3.3629,0.002599,46.8182,38.8869,-14.8946,0.2412,5490421320.0,226,0.081048,31.42,-6.35,21.83,1,0,-20.0118
54950,제이브이엠,2022-07-14,19000,19750,KOSDAQ,3029,3.9474,5.2853,1.0,49,0.759,1.7196,0.002026,53.1008,19.9937,-4.4967,0.1438,3951962980.0,305,0.042495,9.87,-2.28,9.87,0,0,-16.9678
52020,에스티큐브,2022-07-15,8256,9758,KOSDAQ,5160,18.1928,13.8922,0.9577,205,0.5927,2.7499,-0.02768,135.473,96.9345,-4.5449,0.6342,13312361663.0,335,0.058487,90.1,-5.19,88.21,1,0,-17.245
179900,유티아이,2022-07-19,18600,18650,KOSDAQ,4671,0.2688,1.4684,0.8,42,0.3019,0.6902,0.025506,68.7783,22.1796,0.5178,0.0903,1222632330.0,323,0.038108,37.8,0.27,31.9,1,0,-14.8435
200880,서연이화,2022-07-19,8900,8970,KOSPI,4068,0.7865,1.6443,0.5714,31,0.5213,0.9679,0.005742,41.9304,18.0693,-1.5758,0.1013,7668628898.0,320,0.046663,4.91,-4.57,2.45,0,0,-14.0619
5420,코스모화학,2022-07-19,17340,17366,KOSPI,6130,0.1499,7.2082,1.0,219,0.926,1.4996,-0.010465,68.8807,12.932,-1.5758,0.1679,16372534534.0,219,0.057473,25.78,-4.81,20.4,1,0,-14.0619
120030,조선선재,2022-07-20,166000,167500,KOSPI,1274,0.9036,4.9851,0.3725,12,0.7143,1.7867,0.021957,77.8132,49.0211,1.8798,0.2131,37829995900.0,299,0.132409,0.6,-16.12,-9.25,0,0,-13.3746
69620,대웅제약,2022-07-20,185000,188500,KOSPI,18793,1.8919,2.6796,0.85,233,0.3444,1.5452,0.010264,48.4252,23.3694,1.8798,0.0822,12421834300.0,381,0.033914,2.12,-8.22,-8.22,0,0,-13.3746
30960,양지사,2022-07-21,13900,14700,KOSDAQ,1293,5.7554,24.5884,0.7,248,0.9575,5.5852,-0.038127,114.2857,102.9794,11.3063,0.7869,26448988868.0,348,0.080175,6.8,-25.51,-9.52,0,0,-13.246
2710,TCC스틸,2022-07-25,13950,14800,KOSPI,4270,6.0932,3.0803,0.8846,63,0.75,1.0784,0.035754,141.0423,13.7725,0.0737,0.1816,17779431710.0,63,0.040299,-3.04,-17.57,-17.57,0,0,-12.4549
1570,금양,2022-07-25,6130,7170,KOSPI,6333,16.9657,21.3953,1.0,127,0.7656,2.8976,-0.001281,66.3573,36.4977,0.0737,0.3923,42794095994.0,369,0.046424,54.11,10.04,44.35,1,0,-12.4549
16710,대성홀딩스,2022-07-26,80100,80700,KOSPI,1356,0.7491,1.6568,0.8235,9,0.3854,1.3019,0.07321,117.2275,10.4724,-0.3769,0.0433,9066801060.0,9,0.023101,12.89,0.87,12.89,1,0,-12.0293
99190,아이센스,2022-07-26,18065,18090,KOSDAQ,4757,0.1384,2.1246,0.6901,218,0.6061,1.9403,-0.005171,37.9757,21.7874,2.6536,0.1401,5104451075.0,218,0.04247,7.74,-8.3,2.77,0,0,-13.5455
214370,케어젠,2022-07-27,26000,27480,KOSDAQ,57287,5.6923,4.5496,0.8531,60,0.6345,1.7709,0.039365,164.2308,39.6505,4.3746,0.3234,19966418600.0,60,0.051414,6.48,-9.32,-9.32,0,0,-12.8536
95570,AJ네트웍스,2022-07-27,7210,7240,KOSPI,2335,0.4161,0.3453,0.52,33,0.4182,0.2508,0.014428,50.2075,11.901,1.5786,0.0674,321424680.0,33,0.025552,15.88,4.01,4.01,1,0,-11.8564
83650,비에이치아이,2022-07-28,7710,7730,KOSDAQ,21568,0.2594,0.6153,1.0,15,0.5902,0.6827,0.051235,112.6547,2.2414,7.0938,0.0774,8987608036.0,15,0.057013,23.67,-7.76,23.67,1,0,-12.4923
322000,HD현대에너지솔루션,2022-07-28,36100,40800,KOSPI,5667,13.0194,4.3461,0.8974,39,0.7732,0.8863,0.028423,118.1818,9.0912,4.3997,0.2634,22755926670.0,384,0.053309,62.5,23.77,59.07,1,0,-11.051
90460,비에이치,2022-07-28,28800,29400,KOSPI,5967,2.0833,3.679,0.5,39,0.6439,1.4929,0.029613,68.0,16.0921,4.3997,0.1287,29060848120.0,39,0.04276,1.36,-7.14,-1.87,0,0,-11.051
12450,한화에어로스페이스,2022-07-29,60304,65601,KOSPI,637324,8.7838,19.5642,0.8347,36,0.6628,3.1248,-0.006232,59.2103,21.4437,6.3364,0.3619,170959000000.0,36,0.048301,23.6,-4.04,23.6,1,0,-10.3756
100130,동국S&C,2022-07-29,6650,6950,KOSDAQ,1058,4.5113,14.7891,0.6742,131,0.7602,1.9687,-0.002208,52.0788,0.1541,10.1634,0.2063,35244256332.0,388,0.039466,6.04,-2.45,5.47,0,0,-11.8391
79550,LIG넥스원,2022-07-29,86800,88000,KOSPI,99880,1.3825,2.4446,0.9167,60,0.4549,1.1189,0.036168,105.6075,9.7586,6.3364,0.1864,25122988040.0,60,0.037744,19.89,-1.48,19.32,1,0,-10.3756
30200,KT,2022-08-01,38050,38350,KOSPI,139368,0.7884,0.758,0.9333,44,0.5476,0.7839,0.014966,29.1246,-3.3737,6.6038,0.0306,22374537690.0,44,0.015087,2.09,-2.35,-1.17,0,0,-10.2721
4690,삼천리,2022-08-01,186000,187500,KOSPI,5616,0.8065,1.4352,0.6364,12,0.75,1.1458,0.081457,126.1761,-3.8641,6.6038,0.0215,5433627400.0,12,0.030476,13.07,0.8,11.2,1,0,-10.2721
17960,한국카본,2022-08-02,14600,14750,KOSPI,16663,1.0274,1.9677,0.8125,23,0.5614,0.8465,0.013207,58.0922,3.0947,4.178,0.1176,13905328810.0,23,0.034867,8.81,-5.08,-1.69,0,0,-10.6517
24880,케이피에프,2022-08-02,7250,7260,KOSDAQ,1169,0.1379,2.6546,0.62,66,0.6013,0.9327,0.040847,79.9257,10.3661,7.1097,0.0942,12167455202.0,66,0.04575,39.12,6.06,18.6,1,0,-11.6236
56190,에스에프에이,2022-08-02,43150,43600,KOSDAQ,11491,1.0429,4.7044,0.7692,47,0.384,1.2016,0.00776,32.5228,2.9913,7.1097,0.0779,7000466430.0,361,0.023673,-0.46,-7.91,-5.73,0,0,-11.6236
47810,한국항공우주,2022-08-02,58100,58200,KOSPI,156155,0.1721,0.9336,0.3,37,0.5969,1.2342,0.050429,113.1868,9.2723,4.178,0.1281,103914000000.0,37,0.043692,5.15,-6.36,4.81,0,0,-10.6517
277810,레인보우로보틱스,2022-08-02,28200,29300,KOSDAQ,140067,3.9007,9.336,0.5273,143,0.6796,2.3342,0.018942,64.1457,15.9996,7.1097,0.2075,32383287970.0,366,0.042418,11.09,-5.8,5.12,1,0,-11.6236
17390,서울가스,2022-08-02,244000,245000,KOSPI,3205,0.4098,1.189,0.6667,16,0.6176,1.6194,0.038215,79.4872,-1.4527,4.178,0.0199,4172181300.0,16,0.019388,7.14,0.61,4.9,0,0,-10.6517
3100,선광,2022-08-02,94300,95300,KOSDAQ,1346,1.0604,0.4518,0.7143,2,1.0,1.1535,0.062235,97.9232,-3.297,7.1097,0.0262,4188246300.0,2,0.019712,5.25,2.52,4.41,0,0,-11.6236
100090,SK오션플랜트,2022-08-03,24750,25100,KOSPI,10827,1.4141,1.2314,0.75,177,0.6115,1.0218,0.000125,59.8726,25.7639,7.3926,0.2004,26084696420.0,177,0.034434,19.52,-1.0,2.79,1,0,-9.7651
1450,현대해상,2022-08-03,33700,33950,KOSPI,24540,0.7418,1.8261,0.8571,69,0.4607,0.9324,0.021264,47.9303,5.963,7.3926,0.0574,11494340490.0,69,0.027456,1.77,-8.98,-8.98,0,0,-9.7651
267260,HD현대일렉트릭,2022-08-08,27800,28500,KOSPI,301715,2.518,1.5043,1.0,211,0.3551,1.3031,-0.004386,79.2453,14.4887,6.5304,0.1475,12082522920.0,211,0.050627,19.82,-2.46,14.04,1,0,-8.337
3230,삼양식품,2022-08-08,108500,114000,KOSPI,82938,5.0691,2.1765,1.0,75,0.8214,0.9724,0.024882,47.2868,3.6145,6.5304,0.087,9967310800.0,75,0.033208,3.07,-5.26,-1.75,0,0,-8.337
13030,하이록코리아,2022-08-09,19350,20150,KOSDAQ,3778,4.1344,18.0328,0.8367,74,0.8824,2.6507,0.003508,38.0137,3.4508,11.0379,0.1157,4507670240.0,309,0.028713,27.79,6.95,23.33,1,0,-7.9795
145720,덴티움,2022-08-09,90400,94300,KOSPI,5103,4.3142,6.5125,0.4118,224,0.5777,1.084,0.010002,75.9328,18.3955,8.012,0.1461,16390218420.0,224,0.035601,9.76,-16.33,-4.45,0,0,-7.8698
14620,성광벤드,2022-08-09,12150,12350,KOSDAQ,8326,1.6461,2.6854,0.7273,29,0.5472,1.1086,0.02942,64.0106,3.314,11.0379,0.1149,7396221070.0,29,0.042799,41.7,13.36,38.87,1,0,-7.9795
8110,대동전자,2022-08-09,12450,14650,KOSPI,1578,17.6707,6.9211,1.0,117,0.5946,3.7109,0.0207,155.6719,128.66,8.012,0.6267,40703953580.0,117,0.102048,27.99,-7.17,-2.05,1,0,-7.8698
86670,비엠티,2022-08-09,14400,15100,KOSDAQ,1187,4.8611,19.9077,0.4872,250,0.6522,3.6397,0.013779,46.6019,14.7955,11.0379,0.1569,6532523170.0,291,0.033822,20.86,3.97,10.6,1,0,-7.9795
25770,한국정보통신,2022-08-09,9900,10300,KOSDAQ,2932,4.0404,104.3034,0.2632,247,1.0,14.8451,-0.008783,38.0697,22.2092,11.0379,0.3017,29646335556.0,266,0.040291,37.38,-16.99,37.38,1,0,-7.9795
82740,한화엔진,2022-08-10,8511,8710,KOSPI,44561,2.3382,2.5939,0.8077,78,0.5561,1.0119,0.021288,57.7041,20.0413,6.5391,0.1601,6330547286.0,313,0.035124,5.63,-5.05,-5.05,0,0,-8.6122
5070,코스모신소재,2022-08-10,58973,62035,KOSPI,16353,5.1922,3.3911,0.5873,37,0.6774,1.0726,0.015961,96.5559,19.0607,6.5391,0.1479,77234951800.0,37,0.041059,8.92,-7.8,8.92,0,0,-8.6122
4990,롯데지주,2022-08-10,38400,39100,KOSPI,31578,1.8229,1.7569,0.8947,250,0.3378,0.8428,0.008582,50.9653,11.5878,6.5391,0.0815,6497034150.0,291,0.01836,6.01,-0.51,4.6,0,0,-8.6122
23160,태광,2022-08-10,13900,16350,KOSDAQ,6970,17.6259,21.0052,0.8333,30,0.7523,3.0963,0.017704,71.7437,27.6434,7.4805,0.2529,21470757540.0,30,0.045216,19.88,0.92,11.62,1,0,-9.3696
9830,한화솔루션,2022-08-11,56516,58013,KOSPI,45637,2.6488,2.0724,0.6099,203,0.3192,1.8566,-0.011501,54.7426,32.4484,8.6749,0.1825,150114000000.0,386,0.049,16.77,-2.36,12.69,1,0,-6.9493
3030,세아제강지주,2022-08-11,164500,170000,KOSPI,5426,3.3435,1.5235,0.9167,53,0.631,1.3108,0.010724,119.9224,17.251,8.6749,0.1644,6698249400.0,53,0.05042,15.59,-6.47,-5.59,1,0,-6.9493
54950,제이브이엠,2022-08-11,21600,21700,KOSDAQ,3029,0.463,0.8775,0.4444,1,0.6984,1.1568,0.030442,68.2171,1.249,8.6244,0.062,2204157760.0,1,0.044602,-1.84,-15.21,-5.76,0,0,-7.9742
306200,세아제강,2022-08-12,187500,193000,KOSPI,3313,2.9333,1.8562,1.0,61,0.6957,1.4095,0.041237,116.8539,20.6473,8.4497,0.2079,7332129000.0,61,0.048113,0.52,-15.03,-13.47,0,0,-6.7112
8730,율촌화학,2022-08-12,27450,27850,KOSPI,6473,1.4572,3.7662,0.907,151,0.485,1.3352,-0.000978,60.9827,30.8003,8.4497,0.2,3872575480.0,370,0.035778,14.9,-7.72,13.29,1,0,-6.7112
5010,휴스틸,2022-08-12,4742,5316,KOSPI,2281,12.1046,4.5493,1.0008,67,0.8751,1.639,0.024204,120.398,44.6609,8.4497,0.4149,2915580151.0,67,0.045899,46.56,0.85,39.71,1,0,-6.7112
323990,박셀바이오,2022-08-16,64130,73985,KOSDAQ,2309,15.3672,7.5129,0.8478,233,0.8425,2.7681,-0.001543,196.5568,67.0683,7.4699,0.4648,326132000000.0,397,0.067954,2.11,-50.37,-50.37,0,0,-7.5141
52020,에스티큐브,2022-08-16,18550,22002,KOSDAQ,5160,18.6092,3.8401,0.724,4,0.3412,1.8721,0.117935,430.9363,130.3382,7.4699,0.4917,34548168112.0,4,0.208309,1.25,-49.79,-23.22,0,0,-7.5141
5850,에스엘,2022-08-17,34900,35600,KOSPI,24618,2.0057,13.3757,0.8105,201,0.958,2.0348,0.000827,59.6413,6.1661,6.1367,0.1297,19887107700.0,282,0.034711,12.36,-3.23,9.41,1,0,-6.9586
75580,세진중공업,2022-08-18,7550,7650,KOSPI,10597,1.3245,3.2972,0.9231,114,0.352,2.0454,0.011538,45.9924,26.8187,5.0778,0.1216,5027845346.0,294,0.045565,12.68,-9.28,-9.28,1,0,-7.1838
179290,엠아이텍,2022-08-18,11850,12650,KOSDAQ,2327,6.7511,4.0159,0.6286,54,0.7641,1.0786,0.080671,192.4855,26.2125,4.4693,0.1746,29580763860.0,54,0.063185,3.95,-9.49,-4.74,0,0,-8.2951
54540,삼영엠텍,2022-08-19,5880,5960,KOSDAQ,1806,1.3605,1.8816,0.5532,79,0.4846,1.0632,0.010682,56.8421,11.7842,2.392,0.0863,8368433468.0,266,0.053811,-1.51,-23.15,-20.47,0,0,-9.5256
47050,포스코인터내셔널,2022-08-19,25400,26750,KOSPI,108017,5.315,3.1329,0.8421,226,0.537,2.2117,-0.005023,52.8571,32.6651,3.4672,0.2322,78734850720.0,263,0.039386,3.74,-10.28,-9.35,0,0,-7.6706
33500,동성화인텍,2022-08-19,12700,13000,KOSDAQ,7992,2.3622,6.8621,0.4,202,0.6607,1.5528,-0.000466,33.6074,14.7251,2.392,0.0966,10798983900.0,319,0.041758,5.38,-12.69,-11.92,0,0,-9.5256
93190,빅솔론,2022-08-19,7310,7420,KOSDAQ,1160,1.5048,98.2428,0.1921,75,0.7418,11.7605,0.01494,36.3971,15.9493,2.392,0.101,7401890768.0,75,0.049576,13.21,-4.72,10.38,1,0,-9.5256
73010,케이에스피,2022-08-19,2275,2280,KOSDAQ,1716,0.2198,5.2759,0.3158,226,0.8016,3.1242,0.007374,41.6149,11.665,2.392,0.09,5740359914.0,315,0.062719,21.18,-7.11,-5.83,1,0,-9.5256
333430,일승,2022-08-19,4340,4670,KOSDAQ,1751,7.6037,15.117,0.6387,77,0.7143,3.3106,0.026611,107.0953,37.4284,2.392,0.2508,29284533790.0,77,0.072117,34.48,-6.96,-3.64,1,0,-9.5256
44490,태웅,2022-08-19,12800,13050,KOSDAQ,5772,1.9531,8.3267,0.7333,77,0.6697,1.611,-0.003479,50.8671,32.7012,2.392,0.2278,3712969830.0,402,0.054187,6.51,-19.16,-14.94,0,0,-9.5256
64350,현대로템,2022-08-23,26600,26800,KOSPI,230836,0.7519,1.6149,0.6087,240,0.6406,0.9768,0.011179,50.5618,5.6693,1.3167,0.0519,121491000000.0,255,0.03838,17.16,3.36,8.4,1,0,-9.6116
77970,STX엔진,2022-08-23,16100,16300,KOSPI,13008,1.2422,4.3011,0.871,85,0.5,1.4487,0.037845,91.3146,21.2397,1.3167,0.0856,3230323550.0,323,0.049737,11.66,-11.35,-7.67,1,0,-9.6116
95500,미래나노텍,2022-08-23,9550,9720,KOSDAQ,3672,1.7801,4.375,0.9327,153,0.3409,2.8955,0.067572,153.455,54.8352,-0.794,0.1462,65665107582.0,153,0.0643,75.41,3.4,58.95,1,0,-12.7348
16710,대성홀딩스,2022-08-24,89700,91100,KOSPI,1356,1.5608,0.6054,0.9091,1,0.3661,0.7084,0.079779,137.2396,11.4579,1.4294,0.0521,6713657700.0,1,0.019053,-0.99,-3.84,-2.52,0,0,-9.073
179900,유티아이,2022-08-24,25700,27600,KOSDAQ,4671,7.393,2.075,0.9464,18,0.6015,0.8948,0.083731,149.7738,28.8676,0.4064,0.1385,3052345010.0,18,0.055124,9.6,-4.17,-4.17,0,0,-11.5477
3570,SNT다이내믹스,2022-08-24,10500,10800,KOSPI,16493,2.8571,5.8763,0.6842,241,0.623,1.4416,-0.001195,64.1337,34.0788,1.4294,0.1962,6161568864.0,300,0.060185,12.5,-12.69,-12.69,1,0,-9.073
3610,방림,2022-08-24,4175,4240,KOSPI,2167,1.5569,1.4883,0.8571,89,0.2717,1.7959,0.03485,93.6073,22.3663,1.4294,0.1201,715619115.0,89,0.03344,17.92,4.25,17.92,1,0,-9.073
126340,비나텍,2022-08-24,46990,47809,KOSDAQ,6653,1.7429,4.1858,0.7356,231,0.3282,3.4428,-0.009416,54.2276,47.7651,0.4064,0.1961,6988477450.0,403,0.047832,0.0,-13.78,-12.55,0,0,-11.5477
94170,동운아나텍,2022-08-25,9018,9529,KOSDAQ,6440,5.6664,1.5584,1.0,155,0.6276,0.7478,0.040603,104.0908,12.7352,1.4666,0.1855,4296205681.0,407,0.032427,6.22,-31.77,-31.77,0,0,-9.8633
5420,코스모화학,2022-08-25,21843,22631,KOSPI,6130,3.6076,4.2187,0.4617,9,0.5833,1.5327,0.038285,120.0817,25.5783,2.5555,0.1541,56093176566.0,9,0.060858,31.96,-2.17,6.3,1,0,-7.8789
101670,하이드로리튬,2022-08-25,2290,2330,KOSDAQ,1367,1.7467,1.8387,0.44,21,1.0,1.0802,0.028731,79.2308,4.4425,1.4666,0.0446,717216423.0,294,0.047823,494.42,5.15,296.57,1,0,-9.8633
5950,이수화학,2022-08-25,8925,9675,KOSPI,2369,8.4034,6.8131,0.8049,223,0.6214,2.1072,0.006406,68.2609,28.6309,2.5555,0.1866,22031411030.0,223,0.044666,74.42,0.78,23.0,1,0,-7.8789
299030,하나기술,2022-08-25,67700,72200,KOSDAQ,2414,6.647,36.719,1.0,151,0.8977,5.128,0.002603,52.0,30.7678,1.4666,0.2778,16167616800.0,405,0.043233,10.39,-7.34,2.91,1,0,-9.8633
33100,제룡전기,2022-08-25,7650,7900,KOSDAQ,7003,3.268,1.0033,0.7941,20,0.9818,0.6605,0.016519,79.3417,1.8013,1.4666,0.0704,2863325288.0,20,0.044033,27.85,1.65,5.57,1,0,-9.8633
53690,한미글로벌,2022-08-26,14150,17900,KOSPI,1999,26.5018,17.6422,1.0,102,0.7721,3.3755,0.016712,87.8279,51.769,1.8791,0.4153,48774290040.0,102,0.054469,47.49,-1.96,15.92,1,0,-7.6549
281740,레이크머티리얼즈,2022-08-26,5470,5480,KOSDAQ,17419,0.1828,11.0417,0.6885,162,0.9953,3.2013,0.010517,45.5511,8.429,0.5173,0.1185,16399594748.0,162,0.041515,26.28,-4.74,4.2,1,0,-10.313
99190,아이센스,2022-08-26,19491,19591,KOSDAQ,4757,0.5131,0.8897,0.8184,9,0.4426,0.6067,0.016498,49.4241,13.1261,0.5173,0.0688,991804986.0,9,0.038042,0.51,-14.17,-13.79,0,0,-10.313
1120,LX인터내셔널,2022-08-26,41150,42250,KOSPI,14651,2.6731,1.2011,1.0,54,0.5411,1.2859,0.022293,86.9469,31.4017,1.8791,0.1927,22121570110.0,54,0.031615,15.03,-7.1,-6.51,1,0,-7.6549
1080,만호제강,2022-08-26,27248,27391,KOSPI,2087,0.5248,0.9029,0.9015,89,0.4312,0.5977,0.023584,43.1461,17.4561,1.8791,0.0642,202256422.0,89,0.037082,3.14,-15.86,-15.68,0,0,-7.6549
1570,금양,2022-08-26,11050,11200,KOSPI,6333,1.3575,0.2516,0.7778,9,0.4589,0.4908,0.095207,159.8608,26.1209,1.8791,0.1357,26456399590.0,9,0.079911,85.71,4.02,63.39,1,0,-7.6549
19440,세아특수강,2022-08-26,17850,19650,KOSPI,1617,10.084,34.0763,1.0,234,0.8824,7.8104,-0.008374,47.7444,41.5516,1.8791,0.329,8654332980.0,321,0.052345,16.54,-12.98,-11.96,1,0,-7.6549
12450,한화에어로스페이스,2022-08-29,79862,81084,KOSPI,637324,1.5301,1.6536,0.7935,1,0.4873,1.277,0.047121,96.7867,24.6056,-1.0039,0.1367,168862000000.0,1,0.044235,7.29,-21.36,-21.36,0,0,-9.5803
95660,네오위즈,2022-08-29,36850,38750,KOSDAQ,6153,5.156,19.1659,0.566,159,0.9065,3.6736,0.017834,103.9474,43.6062,-2.9529,0.286,96529681160.0,253,0.064977,3.23,-11.1,-7.23,0,0,-12.7258
7390,네이처셀,2022-08-30,26300,27250,KOSDAQ,15787,3.6122,5.6146,0.7407,26,0.9478,1.4845,0.02171,88.5813,18.2641,-1.3113,0.1575,50161989170.0,272,0.057667,-2.94,-40.73,-37.43,0,0,-10.7031
322000,HD현대에너지솔루션,2022-08-30,66300,66800,KOSPI,5667,0.7541,1.1315,0.8333,4,0.6925,1.3517,0.13564,257.2193,32.3311,-0.0538,0.1725,83557470660.0,4,0.066938,26.5,-10.48,-10.48,1,0,-8.5975
83650,비에이치아이,2022-08-30,9560,9730,KOSDAQ,21568,1.7782,0.6288,0.7966,3,0.6156,1.0868,0.065087,167.6754,29.845,-1.3113,0.1644,21337949120.0,3,0.076053,16.14,-31.14,-28.88,1,0,-10.7031
174900,앱클론,2022-08-30,21000,21700,KOSDAQ,12244,3.3333,17.3607,1.0,242,0.6495,3.9117,-0.0153,117.4349,92.5007,-1.3113,0.4986,17898183750.0,409,0.067149,5.3,-23.96,-22.12,0,0,-10.7031
10690,화신,2022-08-30,10500,10750,KOSPI,3143,2.381,3.2131,0.9107,218,0.9138,1.1202,0.003469,79.4658,11.4528,-0.0538,0.0758,8804457996.0,287,0.04299,10.23,-19.81,-19.81,1,0,-8.5975
90460,비에이치,2022-08-30,29800,30400,KOSPI,5967,2.0134,2.3769,1.0,19,0.8767,0.8826,0.043719,73.7143,3.1047,-0.0538,0.0629,17081680280.0,19,0.035949,8.06,-11.51,-11.51,0,0,-8.5975
236200,슈프리마,2022-08-30,26800,26950,KOSDAQ,3055,0.5597,5.2823,0.963,109,0.9625,1.8871,-0.002694,37.5,16.7288,-1.3113,0.1123,1615624740.0,402,0.03207,-0.56,-19.29,-19.29,0,0,-10.7031
355150,코스텍시스,2022-08-31,10320,10750,KOSDAQ,1082,4.1667,23.7931,1.0,66,0.6468,3.4922,0.005876,14.6055,6.8428,0.3357,0.067,115843010.0,311,0.020339,0.0,0.0,0.0,0,0,-9.4889
121600,나노신소재,2022-08-31,97200,97300,KOSDAQ,8206,0.1029,0.6986,0.7241,62,0.8895,1.1096,0.063499,182.8488,15.3599,0.3357,0.0958,37696304500.0,62,0.047864,0.92,-17.88,-17.88,0,0,-9.4889
10130,고려아연,2022-08-31,657000,672000,KOSPI,345656,2.2831,5.5497,0.7963,92,0.5472,1.7608,0.0054,49.3333,38.8167,1.3293,0.1679,81484900000.0,92,0.03986,-4.17,-15.33,-11.46,0,0,-7.7311
79550,LIG넥스원,2022-08-31,105500,106000,KOSPI,99880,0.4739,1.0368,0.8462,3,0.4558,1.3817,0.069186,128.9417,20.9314,1.3293,0.1238,33019249800.0,3,0.044811,2.83,-15.19,-14.81,0,0,-7.7311
30960,양지사,2022-09-01,15700,17150,KOSDAQ,1293,9.2357,6.9061,0.6212,14,0.6974,1.5912,0.028029,150.0,48.0421,-3.3163,0.2631,26985042300.0,377,0.091004,174.64,7.87,92.13,1,0,-11.487
3100,선광,2022-09-02,100300,101700,KOSDAQ,1346,1.3958,0.3916,1.0,13,0.8684,0.7283,0.06507,102.1869,6.9713,-4.7603,0.0211,2010841500.0,13,0.013345,0.98,-0.88,-0.29,0,0,-11.6502
127120,제이에스링크,2022-09-02,5020,5110,KOSDAQ,7125,1.7928,7.402,0.9817,165,0.3894,3.8003,0.02141,80.885,47.6974,-4.7603,0.2028,3663111635.0,411,0.068633,-2.15,-25.24,-25.24,0,0,-11.6502
3120,일성아이에스,2022-09-02,17322,17422,KOSPI,3199,0.5773,71.0724,0.7142,87,0.8937,9.0356,0.002687,26.2647,14.3986,-2.5757,0.0953,1105054814.0,323,0.02669,44.83,6.21,33.91,1,0,-9.8894
900290,GRT,2022-09-02,1500,1505,KOSDAQ,2805,0.3333,16.5773,0.8,250,1.0,2.1385,-0.013589,25.9414,20.9765,-4.7603,0.1369,840854792.0,413,0.02729,95.02,-1.0,82.06,1,0,-11.6502
48410,현대바이오,2022-09-02,17197,18564,KOSDAQ,10190,7.9491,10.9026,0.7986,126,0.6484,3.5965,0.023165,97.9949,40.86,-4.7603,0.3232,173741000000.0,376,0.063537,4.31,-46.7,-44.04,0,0,-11.6502
47810,한국항공우주,2022-09-05,61200,61800,KOSPI,156155,0.9804,0.8546,0.8,19,0.5532,1.1286,0.066982,126.3736,11.5396,-3.4977,0.0653,91605512480.0,19,0.041724,0.32,-24.19,-17.8,0,0,-10.0034
4360,세방,2022-09-05,14050,14500,KOSPI,2672,3.2028,3.7514,0.7692,243,0.5833,1.9891,0.007967,46.6127,20.9066,-3.4977,0.0915,2003622770.0,384,0.027586,7.59,-0.69,7.59,0,0,-10.0034
4690,삼천리,2022-09-05,212000,212500,KOSPI,5616,0.2358,0.4319,0.875,7,0.6346,0.9359,0.09397,154.1866,15.3398,-3.4977,0.0311,5783461700.0,7,0.023529,37.65,1.88,37.65,1,0,-10.0034
17390,서울가스,2022-09-06,262500,265500,KOSPI,3205,1.1429,0.9992,0.7333,14,0.9459,2.1851,0.048586,74.6711,9.7452,-3.3324,0.0283,5809073700.0,14,0.01816,12.62,-0.94,12.62,1,0,-9.6667
320,노루홀딩스,2022-09-06,13700,15250,KOSPI,2711,11.3139,65.0525,0.617,250,0.9082,11.1011,-0.004286,55.4536,35.367,-3.3324,0.2653,32938597610.0,330,0.052693,-2.3,-29.51,-25.25,0,0,-9.6667
85670,뉴프렉스,2022-09-06,7790,9050,KOSDAQ,1577,16.1746,16.4917,0.8276,168,0.8221,4.3468,0.016939,227.3056,81.574,-6.1864,0.6186,45179284814.0,168,0.054933,5.3,-29.72,-22.76,0,0,-12.1182
25770,한국정보통신,2022-09-07,11050,14150,KOSDAQ,2932,28.0543,9.0673,1.0,2,0.7677,3.3753,0.00886,89.6783,45.2309,-7.8522,0.4239,51484050720.0,286,0.07057,12.72,-19.79,-3.89,1,0,-13.2603
214370,케어젠,2022-09-08,29260,30380,KOSDAQ,57287,3.8278,1.4352,0.9504,22,0.8121,1.1028,0.075775,192.1154,13.3672,-5.1763,0.1498,15920921220.0,22,0.053369,5.27,-30.88,-27.98,0,0,-12.0474
114190,강원에너지,2022-09-08,6890,7390,KOSDAQ,4255,7.2569,3.8897,0.8276,50,0.6228,2.6249,0.01478,85.6784,49.7947,-5.1763,0.2852,10143865070.0,50,0.055335,27.2,-12.18,-9.61,1,0,-12.0474
79810,디이엔티,2022-09-08,8404,9033,KOSDAQ,1145,7.4845,43.1383,0.7557,100,0.7885,6.4012,0.055928,195.5825,31.1069,-5.1763,0.2478,10296327513.0,402,0.053898,14.93,-9.25,1.49,1,0,-12.0474
5070,코스모신소재,2022-09-08,63912,67567,KOSPI,16353,5.7188,2.4681,0.896,6,0.9123,1.0446,0.038247,114.0838,12.8113,-3.8938,0.1104,60639392369.0,6,0.046574,1.02,-26.17,-19.88,0,0,-10.4387
10580,에스엠벡셀,2022-09-08,2295,2700,KOSPI,2492,17.6471,0.0,0.5912,250,1.0,1.0,0.000882,17.6471,21.5408,-3.8938,0.1662,6397483680.0,417,0.807407,-3.15,-37.04,-35.74,0,0,-10.4387
277810,레인보우로보틱스,2022-09-13,32550,34350,KOSDAQ,140067,5.53,3.5127,1.0,16,1.0,1.1099,0.04825,92.437,26.2741,-4.2492,0.1333,23803098600.0,393,0.057496,9.32,-11.64,-9.32,0,0,-9.7762
15890,태경산업,2022-09-13,7570,7590,KOSPI,1349,0.2642,3.6231,0.5758,185,0.848,1.374,0.00351,32.6923,15.3861,-2.9416,0.1117,3163754622.0,359,0.033409,4.87,-15.02,-15.02,0,0,-7.8971
3670,포스코퓨처엠,2022-09-13,173022,173992,KOSPI,193458,0.5606,1.8479,0.9445,233,0.6415,1.0364,0.015259,85.8194,14.7796,-2.9416,0.0885,112086000000.0,233,0.037803,3.34,-17.83,-11.7,0,0,-7.8971
6220,제주은행,2022-09-14,7190,7210,KOSPI,6581,0.2782,4.7438,0.1124,177,0.738,2.3014,-0.002349,74.3652,37.881,-4.6093,0.2035,37708156148.0,377,0.079948,40.78,-1.11,21.22,1,0,-9.2277
5160,동국산업,2022-09-14,4090,5100,KOSDAQ,1484,24.6944,51.3952,1.0,226,0.6724,6.18,-0.004337,88.5397,68.5354,-5.856,0.3937,26536705718.0,332,0.055952,15.1,-16.76,-13.33,1,0,-11.2203
219130,타이거일렉,2022-09-14,22700,23100,KOSDAQ,2295,1.7621,0.8406,0.6667,175,0.4138,1.7018,0.017694,78.3784,49.3342,-5.856,0.2787,2007962940.0,175,0.073593,0.87,-26.62,-15.15,0,0,-11.2203
8730,율촌화학,2022-09-15,32000,32500,KOSPI,6473,1.5625,1.2006,0.6875,8,0.4247,1.4638,0.039249,87.8613,31.6571,-5.1979,0.0702,2960433310.0,8,0.043407,18.31,-17.85,-12.0,1,0,-9.4872
29530,신도리코,2022-09-15,33650,34900,KOSPI,5373,3.7147,2.6835,1.0,90,0.7966,1.101,-0.000208,13.6808,12.0892,-5.1979,0.0614,400630170.0,316,0.015759,1.0,-9.89,-8.74,0,0,-9.4872
9830,한화솔루션,2022-09-15,67744,68119,KOSPI,45637,0.5536,1.6218,0.6488,5,0.537,1.2497,0.036931,81.6991,19.3058,-5.1979,0.0772,201534000000.0,408,0.046375,-6.23,-16.85,-10.99,0,0,-9.4872
357550,석경에이티,2022-09-15,22900,24000,KOSDAQ,2957,4.8035,3.4794,0.8039,245,0.5956,1.7215,0.00037,80.4511,30.4234,-6.3924,0.2045,5078834270.0,419,0.047024,3.54,-15.42,-6.46,0,0,-11.2791
54950,제이브이엠,2022-09-15,21700,22400,KOSDAQ,3029,3.2258,2.7726,0.9706,22,0.6977,0.7935,0.029427,73.6434,11.5567,-6.3924,0.1329,2327028700.0,22,0.04544,-4.91,-24.33,-19.87,0,0,-11.2791
58610,에스피지,2022-09-15,19150,20550,KOSDAQ,33355,7.3107,8.8018,0.7867,76,0.9609,1.7181,0.048982,116.7722,25.8692,-6.3924,0.2353,41480069100.0,76,0.048662,7.54,-17.03,-8.52,0,0,-11.2791
71280,로체시스템즈,2022-09-15,6900,7200,KOSDAQ,1527,4.3478,5.8141,0.8226,68,1.0,2.1365,0.020695,49.8439,15.3183,-6.3924,0.1309,4508457856.0,404,0.049504,1.39,-16.67,-0.42,0,0,-11.2791
24880,케이피에프,2022-09-16,10100,10200,KOSDAQ,1169,0.9901,1.994,0.4271,23,0.6378,0.9984,0.064841,152.7881,20.1424,-6.9348,0.181,36619594382.0,23,0.060084,-10.59,-38.43,-35.78,0,0,-12.4424
40300,YTN,2022-09-16,3790,3950,KOSDAQ,1693,4.2216,521.9052,0.2857,16,0.9479,53.374,0.011726,36.6782,12.6912,-6.9348,0.0642,7703512244.0,407,0.034087,91.39,13.42,37.47,1,0,-12.4424
7330,푸른저축은행,2022-09-16,14850,15300,KOSDAQ,1584,3.0303,7.2923,0.2812,222,0.6423,3.6758,-0.014161,82.5776,56.2031,-6.9348,0.2818,42033775510.0,363,0.095938,24.84,-13.4,-0.98,1,0,-12.4424
10660,화천기계,2022-09-19,3650,4040,KOSPI,1234,10.6849,13.61,1.0,85,0.912,1.5519,0.027327,79.5556,31.737,-6.076,0.2187,9310350003.0,85,0.054809,73.76,1.73,2.72,1,0,-11.0199
213500,한솔제지,2022-09-19,16950,17250,KOSPI,1959,1.7699,3.4292,0.5714,3,0.5167,1.8832,0.013257,48.7069,19.5629,-6.076,0.0892,5234992730.0,259,0.03706,-1.74,-14.2,-14.2,0,0,-11.0199
52020,에스티큐브,2022-09-20,22278,22969,KOSDAQ,5160,3.1017,2.709,0.6867,22,0.7866,1.7766,0.147771,454.2712,21.3235,-6.6104,0.2749,55498872819.0,22,0.131979,7.21,-18.24,-18.24,0,0,-13.2932
123410,코리아에프티,2022-09-21,3980,4055,KOSDAQ,2099,1.8844,3.9655,1.0,4,0.4746,5.0794,-0.008058,75.9219,53.6839,-5.1491,0.2459,37641983546.0,320,0.083847,4.07,-38.96,-37.36,0,0,-13.7991
39340,한국경제TV,2022-09-21,7530,8550,KOSDAQ,1215,13.5458,62.7924,0.8121,188,0.9824,10.9916,-0.013744,52.6786,43.4986,-5.1491,0.3428,47423489426.0,313,0.049708,-16.73,-40.94,-39.77,0,0,-13.7991
5500,삼진제약,2022-09-22,26800,27200,KOSPI,2527,1.4925,13.9056,0.7288,181,0.9189,3.3082,-0.002802,15.2542,14.3521,-4.2306,0.0902,16308069350.0,300,0.030068,0.18,-15.26,-11.76,0,0,-11.6286
3610,방림,2022-09-23,4995,5000,KOSPI,2167,0.1001,0.407,0.4194,1,0.3526,0.608,0.059096,102.4291,24.3578,-6.4332,0.0553,1061447758.0,1,0.044143,36.0,-9.2,36.0,1,0,-13.1314
670,영풍,2022-09-23,69731,70484,KOSPI,10539,1.0799,13.3639,0.3783,232,0.6961,2.4736,0.000165,48.7098,32.9981,-6.4332,0.121,4899026227.0,339,0.039534,-3.88,-18.85,-18.72,0,0,-13.1314
34590,인천도시가스,2022-09-26,29600,29800,KOSPI,1126,0.6757,2.5605,0.3333,234,0.9318,0.5312,0.000805,21.8814,15.0921,-10.3469,0.0493,746445280.0,234,0.03895,0.67,-15.27,-9.9,0,0,-15.6352
131400,이브이첨단소재,2022-09-26,3878,3930,KOSDAQ,1135,1.3409,18.3938,0.5845,60,0.9151,4.4108,0.013061,67.877,37.8676,-14.2438,0.2493,41151150209.0,307,0.077463,-0.66,-28.12,-28.12,0,0,-20.5996
33780,KT&G,2022-09-28,86600,86800,KOSPI,182274,0.2309,2.2129,1.0,220,0.4694,1.6524,-0.000134,12.5811,16.5973,-10.6144,0.0302,37282933760.0,220,0.013002,8.41,-0.92,8.41,0,0,-17.3541
93190,빅솔론,2022-09-28,8400,8610,KOSDAQ,1160,2.5,2.7971,0.6,9,0.6878,0.7525,0.025606,58.2721,35.3764,-13.5942,0.0785,1813220936.0,9,0.051601,1.86,-15.8,-11.5,0,0,-22.4462
49720,고려신용정보,2022-09-29,13000,13700,KOSDAQ,1413,5.3846,6.6784,0.9091,54,0.8333,2.7868,0.033222,79.79,30.9126,-15.3007,0.1476,48316991720.0,54,0.072471,-0.36,-11.31,-11.31,0,0,-22.164
280360,롯데웰푸드,2022-09-29,133000,135500,KOSPI,11119,1.8797,1.9646,0.8,2,0.8214,1.6092,0.008124,23.1818,21.5868,-11.4242,0.053,3216644200.0,342,0.026621,2.21,-9.23,-4.06,0,0,-17.1621
67080,대화제약,2022-09-29,11100,11900,KOSDAQ,2914,7.2072,5.7266,1.0,8,0.5528,4.4176,-0.006203,98.3333,81.5019,-15.3007,0.3703,15502900254.0,428,0.128812,2.52,-16.81,-14.71,0,0,-22.164
101670,하이드로리튬,2022-09-30,13850,14900,KOSDAQ,1367,7.5812,2.2131,1.0,8,0.4295,2.513,0.471173,1046.1538,458.4704,-16.6522,0.5138,68759256734.0,8,0.159923,17.45,-30.87,1.68,1,0,-22.2937
179290,엠아이텍,2022-09-30,13150,13400,KOSDAQ,2327,1.9011,4.5227,0.5,11,1.0,1.1676,0.085374,209.8266,24.7167,-16.6522,0.0997,20382815470.0,11,0.067431,2.61,-12.31,-4.85,0,0,-22.2937
83420,그린케미칼,2022-10-05,11550,11800,KOSPI,1423,2.1645,16.1435,0.3898,233,0.9866,3.7606,-0.007849,83.8006,53.3798,-8.0596,0.3859,79047903400.0,422,0.084443,5.08,-17.37,-10.59,0,0,-15.0733
83930,아바코,2022-10-06,12800,13150,KOSDAQ,2221,2.7344,8.4886,0.8929,250,0.9309,1.889,0.001619,31.6316,21.8424,-8.4804,0.1427,2682107810.0,419,0.052309,32.32,-3.42,32.32,1,0,-17.9888
53690,한미글로벌,2022-10-06,26400,27700,KOSPI,1999,4.9242,2.6803,0.5397,14,0.975,1.5774,0.095172,190.6611,25.2747,-6.8986,0.1835,118606000000.0,14,0.095926,64.26,-4.69,60.83,1,0,-14.0795
267260,HD현대일렉트릭,2022-10-06,34150,34950,KOSPI,301715,2.3426,0.8598,0.9643,25,0.7985,0.8748,0.036492,119.8113,18.9178,-6.8986,0.0969,15252592960.0,25,0.053239,9.87,-12.16,9.87,0,0,-14.0795
4360,세방,2022-10-06,15400,15600,KOSPI,2672,1.2987,1.1306,0.6667,1,0.6047,1.2863,0.027418,57.7351,14.4848,-6.8986,0.0502,1761409600.0,404,0.029533,13.46,-4.49,12.82,1,0,-14.0795
4690,삼천리,2022-10-06,282000,292500,KOSPI,5616,3.7234,1.5451,0.9615,1,0.5875,1.5541,0.118447,249.8804,44.5456,-6.8986,0.2074,9235935600.0,1,0.043468,-0.85,-7.86,-1.54,0,0,-14.0795
3100,선광,2022-10-07,102700,103700,KOSDAQ,1346,0.9737,1.086,1.0,18,0.8485,0.7197,0.063495,93.8318,11.7565,-10.388,0.0186,2262510580.0,18,0.010676,12.44,0.1,9.93,1,0,-18.7186
30960,양지사,2022-10-07,47100,51200,KOSDAQ,1293,8.7049,2.735,1.0,12,0.5037,1.0064,0.230532,646.3557,172.2805,-10.388,0.5693,87162601530.0,12,0.157645,14.26,-20.7,-17.29,1,0,-18.7186
17390,서울가스,2022-10-07,297500,299000,KOSPI,3205,0.5042,0.4367,1.0,3,0.7185,0.5775,0.057558,89.8413,19.9695,-7.3518,0.0848,2812509500.0,3,0.037267,11.04,-0.33,8.86,1,0,-14.1478
16710,대성홀딩스,2022-10-11,91100,91400,KOSPI,1356,0.3293,0.6754,0.8108,30,0.98,0.7596,0.071241,119.7115,12.0969,-7.759,0.0264,6078674940.0,30,0.018443,11.05,0.77,9.19,1,0,-15.586
215600,신라젠,2022-10-13,7757,10043,KOSDAQ,5933,29.4702,0.0,1.0,250,1.0,1.0,0.001474,29.4702,47.6933,-18.2231,0.2759,65620978069.0,438,0.733475,33.65,-8.84,-8.84,1,0,-23.7236
900290,GRT,2022-10-14,2935,2970,KOSDAQ,2805,1.1925,0.5194,0.8571,13,0.2082,0.5302,0.099018,148.5356,85.0479,-13.3716,0.1307,588013254.0,13,0.084536,5.89,-15.15,-8.92,0,0,-20.4586
102940,코오롱생명과학,2022-10-17,45700,47500,KOSDAQ,8885,3.9387,5.1029,0.9615,188,0.8333,2.0652,0.017028,65.7941,23.5703,-12.7185,0.1243,8575511480.0,188,0.05812,1.68,-29.58,-29.58,0,0,-19.8698
25770,한국정보통신,2022-10-17,15950,17350,KOSDAQ,2932,8.7774,2.9507,1.0,20,0.7953,0.9198,0.048781,132.5737,21.496,-12.7185,0.3107,39670181490.0,20,0.08028,3.17,-24.78,-17.87,0,0,-19.8698
3670,포스코퓨처엠,2022-10-19,179808,183685,KOSPI,193458,2.1562,2.527,0.5218,23,0.8021,1.2097,0.013969,96.1713,11.7793,-5.0186,0.1411,217016000000.0,23,0.051073,24.54,-1.32,19.0,1,0,-13.0588
1080,만호제강,2022-10-21,28250,30683,KOSPI,2087,8.6124,17.1297,0.6925,34,0.7476,2.369,0.018173,60.3501,21.778,-5.7127,0.2132,1049401510.0,34,0.052214,39.19,-4.66,12.76,1,0,-13.7389
89600,KT나스미디어,2022-10-21,30495,31498,KOSDAQ,1414,3.2891,1.824,0.8501,199,0.4969,2.1933,0.000641,59.5886,29.9941,-10.6519,0.103,9932927927.0,327,0.063777,0.58,-19.39,-18.52,0,0,-20.1531
12320,경동인베스트,2022-10-21,38250,48800,KOSPI,1412,27.5817,71.2778,1.0,249,0.9879,9.5902,-0.008875,73.0496,45.7414,-5.7127,0.5426,11325223080.0,357,0.045155,154.1,29.92,121.31,1,0,-13.7389
3610,방림,2022-10-25,6690,6800,KOSPI,2167,1.6442,0.4656,0.6,2,0.2432,1.3717,0.08524,169.8413,38.3987,-2.3987,0.2291,2622105632.0,2,0.04396,15.88,-1.47,15.44,1,0,-12.6207
36560,KZ정밀,2022-10-25,11150,11200,KOSDAQ,2129,0.4484,1.3181,0.8182,31,0.4327,0.7484,0.016122,39.3035,12.7312,-5.5542,0.049,3760480730.0,309,0.051339,17.41,-2.23,15.62,1,0,-18.1233
950160,코오롱티슈진,2022-10-25,16050,20850,KOSDAQ,85468,29.9065,0.0,1.0,250,1.0,1.0,0.001495,29.9065,35.4607,-5.5542,0.2799,8055814500.0,446,0.731244,-9.59,-46.52,-43.41,0,0,-18.1233
71280,로체시스템즈,2022-10-26,7300,7710,KOSDAQ,1527,5.6164,3.1929,0.8033,21,0.5217,1.0038,0.020918,58.3162,11.4716,-1.3288,0.1197,2749617442.0,21,0.055031,6.36,-6.23,6.36,0,0,-18.6287
1570,금양,2022-10-28,20800,24500,KOSPI,6333,17.7885,3.1911,0.9068,29,0.6215,0.9291,0.202511,468.4455,34.2414,4.5688,0.3497,146015000000.0,29,0.08207,63.67,12.24,25.1,1,0,-10.9436
33780,KT&G,2022-10-28,93600,94100,KOSPI,182274,0.5342,1.8777,0.2069,1,0.8396,1.2571,0.005424,22.0493,3.8414,4.5688,0.0655,49572913760.0,1,0.014195,2.55,-1.81,2.55,0,0,-10.9436
32190,다우데이타,2022-10-31,15500,15550,KOSDAQ,9690,0.3226,1.0606,1.0,234,0.4694,1.2293,-0.002275,58.0285,8.8693,3.0012,0.0853,1903016630.0,334,0.03537,63.34,2.57,62.38,1,0,-16.6837
700,유수홀딩스,2022-10-31,6860,6900,KOSPI,1503,0.5831,1.6121,0.4,205,0.6748,1.6543,-0.00065,34.5029,1.8256,5.651,0.0622,1173592128.0,371,0.032298,8.84,-2.32,2.75,0,0,-9.837
19440,세아특수강,2022-11-01,22900,24200,KOSPI,1617,5.6769,5.2449,0.7353,35,0.8011,1.0685,0.020084,81.9549,29.9475,8.3382,0.263,20415706700.0,35,0.073347,5.37,-13.84,-13.22,0,0,-8.0955
5070,코스모신소재,2022-11-01,68258,68357,KOSPI,16353,0.145,0.8507,1.0,33,0.402,1.0021,0.031567,116.5869,28.6909,8.3382,0.1547,48202017567.0,33,0.045004,-0.29,-17.34,-5.92,0,0,-8.0955
6260,LS,2022-11-01,68700,69500,KOSPI,62386,1.1645,1.5985,1.0,99,0.629,0.9363,0.014436,46.1619,14.2367,8.3382,0.1194,7306533820.0,447,0.037205,7.48,-2.73,6.76,0,0,-8.0955
95500,미래나노텍,2022-11-03,17050,19950,KOSDAQ,3672,17.0088,4.1425,1.0,33,0.8921,0.8912,0.097546,406.9886,40.2068,1.2826,0.3131,180726000000.0,33,0.070354,26.32,-1.25,1.25,1,0,-16.3945
267270,HD건설기계,2022-11-03,46800,47300,KOSPI,51572,1.0684,1.864,0.95,203,0.5552,1.7584,-0.01266,54.0717,30.7756,5.144,0.2964,18153856030.0,366,0.052552,32.14,2.75,24.95,1,0,-8.1138
236200,슈프리마,2022-11-03,26950,27300,KOSDAQ,3055,1.2987,8.4619,0.9688,43,0.7753,1.4866,0.002967,39.2857,11.9954,1.2826,0.0723,1879854510.0,445,0.03977,2.56,-10.44,-8.97,0,0,-16.3945
15230,대창단조,2022-11-03,6650,6840,KOSPI,1883,2.8571,1.512,0.8627,114,0.392,1.5287,0.038521,88.4298,27.1578,5.144,0.175,5300830946.0,114,0.039891,31.58,-5.99,28.22,1,0,-8.1138
83930,아바코,2022-11-04,17100,17400,KOSDAQ,2221,1.7544,1.8413,1.0,4,0.6552,3.225,0.019833,74.1742,34.0361,-1.7167,0.1932,31724365980.0,439,0.069581,-0.29,-11.49,-11.49,0,0,-16.2843
33100,제룡전기,2022-11-04,10100,10350,KOSDAQ,7003,2.4752,1.4198,0.5652,37,0.8413,0.5265,0.070769,134.9603,4.7018,-1.7167,0.0947,7241787322.0,37,0.051553,15.94,-5.6,9.66,1,0,-16.2843
267260,HD현대일렉트릭,2022-11-04,38150,38400,KOSPI,301715,0.6553,1.017,0.2258,1,0.6436,1.0656,0.055732,141.5094,4.9304,4.9409,0.1379,17038214070.0,1,0.049386,13.41,-0.78,-0.52,1,0,-7.2481
4360,세방,2022-11-07,17700,17900,KOSPI,2672,1.1299,0.6347,1.0,3,0.5082,0.9967,0.035853,80.9909,7.0681,6.223,0.1058,2407259740.0,3,0.027733,76.26,-0.28,76.26,1,0,-6.2143
53690,한미글로벌,2022-11-07,45500,46950,KOSPI,1999,3.1868,0.8927,0.5806,2,0.4114,1.1567,0.161829,392.6548,35.6199,6.223,0.3688,256079000000.0,2,0.084056,-0.11,-26.94,-26.09,0,0,-6.2143
78930,GS,2022-11-07,48450,48800,KOSPI,59930,0.7224,1.9231,0.9556,123,0.6273,0.8196,0.013846,31.7139,3.5633,6.223,0.0582,7561108070.0,368,0.02481,-0.41,-5.43,-4.61,0,0,-6.2143
41440,현대에버다임,2022-11-08,10150,10200,KOSDAQ,1471,0.4926,1.6714,0.5946,117,0.643,1.5599,0.042054,121.7391,56.1327,6.5467,0.2646,58610141210.0,117,0.073529,2.94,-15.1,-15.1,0,0,-13.6468
4690,삼천리,2022-11-09,292500,298500,KOSPI,5616,2.0513,1.0636,0.7368,23,0.6316,0.9182,0.128075,257.0574,-1.9247,10.0769,0.0595,6598188500.0,23,0.026681,30.49,1.34,29.31,1,0,-3.9321
40300,YTN,2022-11-09,7560,7790,KOSDAQ,1693,3.0423,4.352,0.7386,33,0.7573,0.9345,0.071362,169.5502,33.4648,6.3915,0.3358,41380064858.0,33,0.068403,0.0,-22.85,-22.72,0,0,-13.3584
101670,하이드로리튬,2022-11-10,17500,18150,KOSDAQ,1367,3.7143,2.6768,0.9296,25,0.4572,0.9222,0.414282,1296.1538,6.9816,8.6235,0.2633,58373236930.0,25,0.116175,61.43,12.4,18.18,1,0,-14.055
114190,강원에너지,2022-11-10,9400,9420,KOSDAQ,4255,0.2128,3.8209,0.7976,37,0.6093,0.9948,0.049475,136.6834,27.8982,8.6235,0.2243,18965372392.0,37,0.058538,22.61,-2.34,-2.34,1,0,-14.055
2200,한국수출포장,2022-11-10,2675,2780,KOSPI,1264,3.9252,2.4757,1.0,129,0.5529,2.3413,0.001562,32.381,4.0471,11.0668,0.0792,655859120.0,324,0.021326,14.21,0.72,14.21,1,0,-4.7189
16710,대성홀딩스,2022-11-10,101500,103000,KOSPI,1356,1.4778,0.5385,0.7115,17,0.4859,0.6832,0.078042,133.5601,0.7682,11.0668,0.0427,4041226500.0,17,0.024757,12.62,2.43,7.77,1,0,-4.7189
112610,씨에스윈드,2022-11-11,70700,70800,KOSPI,16510,0.1414,2.4946,0.7667,50,0.8378,1.2259,-0.001634,55.6044,-0.0278,12.2307,0.1393,36626477140.0,433,0.046005,11.72,-3.25,-3.25,1,0,-1.4344
114090,GKL,2022-11-11,16400,16650,KOSPI,7893,1.5244,3.9302,1.0,36,0.5455,1.5414,0.012683,42.3077,-3.0504,12.2307,0.1083,7068935000.0,357,0.03668,9.31,-1.8,9.01,0,0,-1.4344
17390,서울가스,2022-11-14,332000,349000,KOSPI,3205,5.1205,0.8179,1.0,14,0.4455,1.7499,0.074065,121.5873,3.8866,11.4853,0.0698,5865515000.0,14,0.021081,20.06,1.43,16.48,1,0,-1.7005
91580,상신이디피,2022-11-14,19050,19550,KOSDAQ,1973,2.6247,13.4319,0.9333,62,0.6435,1.9337,0.002114,50.3846,31.6818,6.9707,0.2049,12607810690.0,307,0.039642,3.07,-14.58,-13.81,0,0,-11.1878
15750,성우하이텍,2022-11-14,6080,6470,KOSDAQ,6144,6.4145,12.1794,0.6966,211,0.7824,2.1335,-0.005699,63.7975,19.1502,6.9707,0.1817,91089088356.0,445,0.049238,-1.85,-14.84,-14.84,0,0,-11.1878
670,영풍,2022-11-14,70484,76327,KOSPI,10539,8.2898,8.7699,0.6552,34,0.9373,3.3262,-0.003191,61.0376,17.0871,11.4853,0.2597,27465702190.0,373,0.047355,6.05,-14.94,-14.94,0,0,-1.7005
3100,선광,2022-11-15,116600,116800,KOSDAQ,1346,0.1715,0.793,0.92,15,0.3821,0.8427,0.069006,115.1013,2.2918,6.8671,0.029,3040262640.0,15,0.018652,10.87,2.23,8.73,1,0,-9.1924
11810,STX,2022-11-15,4861,5348,KOSPI,1095,10.0185,1.6115,1.0,144,0.7392,0.6305,-0.005384,70.3185,11.889,10.2393,0.2896,8538022908.0,379,0.069505,54.28,10.47,10.47,1,0,-1.4
94170,동운아나텍,2022-11-16,10122,10441,KOSDAQ,6440,3.1516,1.0413,0.7783,45,0.6166,1.156,0.013093,115.234,31.0136,7.6083,0.1453,14925997132.0,462,0.059525,0.44,-19.39,-14.5,0,0,-9.3088
357550,석경에이티,2022-11-16,24850,25650,KOSDAQ,2957,3.2193,3.1376,0.8605,37,0.5051,0.94,0.032543,92.8571,1.3089,7.6083,0.1044,2755130980.0,461,0.044834,5.26,-5.65,-1.56,0,0,-9.3088
28260,삼성물산,2022-11-16,124000,124500,KOSPI,492082,0.4032,1.2531,1.0,64,0.2286,1.0417,0.002657,22.6601,4.0196,10.727,0.0517,36160206500.0,453,0.020367,-1.61,-6.83,-2.81,0,0,-1.4446
271560,오리온,2022-11-17,110500,112000,KOSPI,46574,1.3575,1.5821,1.0,249,0.7419,1.3381,-0.002228,38.1011,2.0892,10.1353,0.1,16608618300.0,433,0.025446,6.25,-2.23,6.25,0,0,-2.7515
36890,진성티이씨,2022-11-17,12950,13100,KOSDAQ,3111,1.1583,1.4743,1.0,132,0.3882,2.0152,0.004934,60.7362,36.0406,8.3916,0.1994,10638976710.0,385,0.052617,20.23,3.82,9.54,1,0,-9.8895
23910,대한약품,2022-11-18,30000,30250,KOSDAQ,1728,0.8333,2.0465,0.7059,249,0.5735,1.0651,0.000545,21.9758,3.3138,8.5162,0.0631,521013500.0,387,0.016057,3.47,-3.97,2.15,0,0,-10.49
79370,제우스,2022-11-18,10566,10716,KOSDAQ,5751,1.4196,1.8421,0.9182,162,0.3807,1.2835,0.014723,71.0182,30.9606,8.5162,0.1911,4003542399.0,392,0.045206,2.33,-10.57,-10.57,0,0,-10.49
49520,유아이엘,2022-11-18,2237,2264,KOSDAQ,1158,1.207,2.697,0.5975,55,0.8322,1.7012,0.016658,82.5806,4.289,8.5162,0.1165,160744940.0,330,0.041204,1.06,-7.02,0.57,0,0,-10.49
109610,에스와이,2022-11-18,4260,4600,KOSDAQ,1343,7.9812,25.3453,0.7718,225,0.7054,5.3681,-0.004981,65.1706,36.5942,8.5162,0.3197,80724642294.0,335,0.063043,11.09,-11.85,-9.46,1,0,-10.49
298040,효성중공업,2022-11-21,76000,77000,KOSPI,213159,1.3158,2.4276,0.7568,56,0.3019,1.4751,0.016582,69.9779,37.9112,8.1989,0.2047,10504040020.0,438,0.051763,16.62,0.26,6.36,1,0,-3.5744
14580,태경비케이,2022-11-23,6200,6360,KOSPI,1247,2.5806,2.6782,0.8723,44,0.6972,1.2582,0.022597,62.8681,16.7306,7.4881,0.1109,22362578316.0,324,0.055256,15.72,-12.42,-12.42,1,0,-3.5465
71280,로체시스템즈,2022-11-23,8080,8200,KOSDAQ,1527,1.4851,1.3574,1.0,4,0.75,0.9363,0.029385,68.3778,0.1461,6.2093,0.085,2935736868.0,4,0.055836,10.12,-1.95,-1.46,1,0,-11.0205
36560,KZ정밀,2022-11-23,13150,13700,KOSDAQ,2129,4.1825,6.615,0.5897,6,0.5417,1.9019,0.035193,70.398,18.9049,6.2093,0.1209,9559246890.0,6,0.059176,16.42,-8.76,-8.76,1,0,-11.0205
290670,대보마그네틱,2022-11-24,71300,75700,KOSDAQ,1041,6.1711,24.1418,1.0,207,0.9855,3.2651,0.000125,152.7546,24.7639,6.205,0.2641,36051619880.0,207,0.045008,14.0,-9.78,-8.98,1,0,-9.3865
190510,나무가,2022-11-24,13900,14350,KOSDAQ,3385,3.2374,2.7716,0.9167,219,0.5873,1.3557,-0.001168,61.236,15.4052,6.205,0.1554,10572688860.0,219,0.043803,22.3,3.83,4.88,1,0,-9.3865
83420,그린케미칼,2022-11-24,12400,12900,KOSPI,1423,4.0323,3.6661,0.75,29,0.6974,1.238,0.021135,100.9346,25.507,6.6651,0.1589,51813042600.0,457,0.076689,4.26,-21.32,-20.16,0,0,-2.5644
95660,네오위즈,2022-11-24,40000,41450,KOSDAQ,6153,3.625,2.1451,0.875,49,0.6853,1.2922,0.024287,118.1579,8.9339,6.205,0.0989,19659009810.0,312,0.050405,0.0,-15.92,-12.67,0,0,-9.3865
3610,방림,2022-11-24,7880,8260,KOSPI,2167,4.8223,1.1788,0.92,8,0.4596,1.0452,0.13011,227.7778,15.1638,6.6651,0.0937,1939673842.0,8,0.040384,1.69,-40.68,-40.13,0,0,-2.5644
282330,BGF리테일,2022-11-25,203000,205500,KOSPI,20793,1.2315,1.0747,0.9231,132,0.4746,1.02,0.022226,49.4545,4.2143,7.4705,0.0859,9563922900.0,132,0.034411,3.65,-5.11,0.49,0,0,-2.6422
33780,KT&G,2022-11-25,96200,96500,KOSPI,182274,0.3119,0.883,1.0,15,0.4808,0.8345,0.019582,25.1621,-4.92,7.4705,0.0192,27400986640.0,15,0.01695,3.52,-0.83,-0.1,0,0,-2.6422
3070,코오롱글로벌,2022-11-25,23572,27445,KOSPI,2225,16.4305,10.275,0.731,250,0.6107,2.4297,-0.005334,120.7787,110.78,7.4705,0.3973,90398213796.0,287,0.087596,0.7,-32.23,-32.23,0,0,-2.6422
9520,포스코엠텍,2022-11-28,8310,9230,KOSDAQ,8270,11.071,17.0437,0.835,232,0.9683,2.0445,-0.000834,76.8199,20.9802,3.2459,0.2266,90065069064.0,382,0.043027,22.43,-9.53,-8.88,1,0,-11.6906
12320,경동인베스트,2022-11-29,124000,134500,KOSPI,1412,8.4677,4.2663,0.9302,9,0.7061,1.8757,0.176935,376.9504,73.7062,4.2039,0.3545,77798224820.0,9,0.123101,-7.06,-24.54,-21.19,0,0,-2.6945
32830,삼성생명,2022-11-29,69800,70700,KOSPI,356600,1.2894,0.8252,1.0,125,0.7708,0.7348,0.005345,24.0351,0.3819,4.2039,0.0412,13610595460.0,387,0.016973,5.66,-4.1,2.12,0,0,-2.6945
6220,제주은행,2022-11-30,10150,11050,KOSPI,6581,8.867,1.9437,0.6855,42,0.9392,0.5619,0.029865,167.231,33.8914,5.8052,0.3089,50230075768.0,42,0.051067,25.34,-23.98,2.71,1,0,-1.0708
32190,다우데이타,2022-11-30,25400,28100,KOSDAQ,9690,10.6299,3.1741,0.8966,3,0.4582,2.5471,0.058604,185.5691,68.31,4.613,0.3182,14051400630.0,3,0.06609,16.55,-2.85,16.55,1,0,-10.0658
6260,LS,2022-11-30,74700,75200,KOSPI,62386,0.6693,1.4618,0.5312,3,0.5686,1.4187,0.030174,58.1493,5.2731,5.8052,0.0703,12047254100.0,468,0.035999,-1.73,-10.64,-4.26,0,0,-1.0708
22100,포스코DX,2022-11-30,6730,7020,KOSPI,57393,4.3091,35.3077,0.5344,223,0.8144,4.1922,0.004727,40.5405,15.2293,5.8052,0.1016,24694136992.0,457,0.037241,0.57,-10.26,-7.55,0,0,-1.0708
64350,현대로템,2022-11-30,31400,31850,KOSPI,230836,1.4331,1.2533,0.875,66,0.3774,2.3142,0.032693,78.9326,22.6222,5.8052,0.1619,127672000000.0,66,0.042723,0.47,-15.38,-11.77,0,0,-1.0708
250,삼천당제약,2022-12-01,47000,47400,KOSDAQ,109312,0.8511,13.8581,0.6042,236,0.7758,4.392,-0.003006,70.1975,45.2284,6.6947,0.3364,91020794610.0,473,0.054551,3.59,-7.59,-7.59,0,0,-8.615
9970,영원무역홀딩스,2022-12-01,59000,59100,KOSPI,27133,0.1695,2.6019,0.9048,126,0.6667,1.1312,0.011502,33.1081,3.587,6.4688,0.0639,1087375020.0,126,0.029248,8.29,-1.52,3.89,0,0,-0.7203
101360,에코앤드림,2022-12-01,25377,25695,KOSDAQ,3806,1.2531,5.4284,0.6158,123,0.7411,1.6852,0.007625,57.2906,5.4175,6.6947,0.1209,12227820766.0,469,0.043983,0.31,-25.46,-25.46,0,0,-8.615
200880,서연이화,2022-12-05,9410,9590,KOSPI,4068,1.9129,3.1183,0.3387,82,0.5154,1.2541,0.02331,54.9273,28.1181,2.004,0.1031,4184667348.0,414,0.034634,0.1,-18.04,-17.31,0,0,-3.027
4360,세방,2022-12-05,28550,31550,KOSPI,2672,10.5079,2.9194,0.931,1,0.4912,1.5874,0.096343,219.0091,74.253,2.004,0.3437,10064469870.0,1,0.057392,4.75,-15.53,4.75,0,0,-3.027
352480,씨앤씨인터내셔널,2022-12-05,26100,27500,KOSDAQ,4859,5.364,5.0563,1.0,157,0.8786,1.6953,0.02493,77.9935,13.5914,4.6882,0.2044,3220215010.0,373,0.045714,11.64,-4.55,3.27,1,0,-9.3657
34230,파라다이스,2022-12-05,17700,18050,KOSPI,16226,1.9774,2.9479,0.75,166,0.6197,1.2731,0.006279,46.1538,19.137,2.004,0.0958,25105060460.0,372,0.034032,0.28,-5.82,-2.49,0,0,-3.027
5500,삼진제약,2022-12-07,27250,27650,KOSPI,2527,1.4679,2.5819,0.881,47,0.6667,0.7153,0.00341,19.9566,12.3159,-1.7159,0.0694,6168030110.0,352,0.028416,1.63,-11.57,-11.03,0,0,-4.3696
2200,한국수출포장,2022-12-08,3040,3175,KOSPI,1264,4.4408,8.5781,0.6034,1,0.8214,2.2187,0.021696,51.1905,15.5053,-1.2967,0.0964,1476253430.0,344,0.034106,3.78,-15.12,-6.77,0,0,-4.7691
700,유수홀딩스,2022-12-09,7510,7900,KOSPI,1503,5.1931,4.8023,0.9038,19,0.5882,1.0668,0.029278,53.9961,12.158,-3.7903,0.0906,1142272578.0,400,0.028391,0.38,-22.66,-17.47,0,0,-3.9792
6040,동원산업,2022-12-09,48193,48830,KOSPI,17836,1.3218,9.1507,0.8894,168,0.1753,5.5101,0.007133,28.7779,25.8348,-3.7903,0.1146,3938016671.0,392,0.226124,-0.93,-10.71,-10.34,0,0,-3.9792
35900,JYP Ent.,2022-12-09,64700,65000,KOSDAQ,24908,0.4637,0.9948,0.5556,167,0.3393,0.9431,0.033531,69.4915,16.0408,-1.6042,0.0567,19156448420.0,167,0.033956,4.92,-2.92,0.92,0,0,-10.7417
6110,삼아알미늄,2022-12-12,33000,34650,KOSPI,4458,5.0,1.7828,0.9302,27,0.7312,0.5998,0.020972,114.5511,9.1068,-4.1068,0.0793,5068629550.0,309,0.037003,21.07,-1.15,13.85,1,0,-4.552
18470,조일알미늄,2022-12-12,2630,2700,KOSPI,1635,2.6616,17.5503,0.9528,158,0.7843,1.9728,-0.002295,79.402,24.6426,-4.1068,0.2755,54822272966.0,309,0.032407,1.48,-18.33,-17.41,0,0,-4.552
267270,HD건설기계,2022-12-13,62500,63300,KOSPI,51572,1.28,2.2467,0.413,11,0.5266,1.014,0.053792,106.1889,31.9724,-4.3514,0.0811,18762335380.0,394,0.04965,2.05,-11.85,-7.11,0,0,-4.5127
3230,삼양식품,2022-12-13,117500,119500,KOSPI,82938,1.7021,0.7585,0.875,75,0.4103,0.6435,0.020315,46.2668,20.9368,-4.3514,0.0793,4853017600.0,75,0.023013,7.95,-3.35,-1.26,0,0,-4.5127
34590,인천도시가스,2022-12-13,30000,30250,KOSPI,1126,0.8333,2.1479,0.7273,51,0.4094,3.0835,0.005637,23.7219,15.7695,-4.3514,0.0799,399199140.0,51,0.0451,0.5,-11.57,-7.11,0,0,-4.5127
267250,HD현대,2022-12-14,65200,65400,KOSPI,176155,0.3067,1.4156,0.8889,128,0.7,1.1112,0.02648,42.1739,8.3012,-3.1565,0.0192,10488599560.0,395,0.017038,-0.46,-16.51,-12.39,0,0,-3.3697
293580,나우IB,2022-12-14,1065,1150,KOSDAQ,1744,7.9812,39.9433,0.7024,173,0.9002,8.405,-0.013047,77.4691,41.9705,-1.8975,0.344,10769679940.0,415,0.06205,20.0,-10.0,12.61,1,0,-9.2973
71970,HD현대마린엔진,2022-12-15,5630,5760,KOSPI,28664,2.3091,3.2558,1.0,164,0.8856,0.9513,0.010862,65.043,26.4307,-3.3538,0.1812,1373093404.0,401,0.040985,29.69,7.64,27.43,1,0,-4.8563
10170,대한광통신,2022-12-15,2784,2844,KOSDAQ,4210,2.1552,5.661,0.8549,86,0.5252,1.2583,0.03518,72.8875,27.6332,-2.0148,0.1432,6127325063.0,475,0.045007,3.41,-20.39,-20.39,0,0,-10.0133
271560,오리온,2022-12-15,118500,119000,KOSPI,46574,0.4219,1.4874,0.4,1,0.3846,0.9028,0.015775,46.7324,9.6038,-3.3538,0.0361,11635451700.0,453,0.029412,7.56,-0.84,0.84,0,0,-4.8563
3100,선광,2022-12-15,129500,129800,KOSDAQ,1346,0.2317,1.3056,0.931,14,0.4298,0.7271,0.07628,131.7857,10.725,-2.0148,0.0284,3062577480.0,14,0.015849,9.94,-1.23,8.09,0,0,-10.0133
4690,삼천리,2022-12-16,389500,392000,KOSPI,5616,0.6418,0.6361,0.8519,15,0.25,0.9503,0.157377,351.6129,21.5274,-3.4551,0.0434,7762091900.0,15,0.02551,16.58,-3.32,16.33,1,0,-4.8339
16710,대성홀딩스,2022-12-16,116000,117500,KOSPI,1356,1.2931,0.5981,1.0,15,0.6667,0.9107,0.088479,153.7797,10.7611,-3.4551,0.035,5681989900.0,15,0.025836,0.43,-8.09,-3.4,0,0,-4.8339
114090,GKL,2022-12-19,18200,18400,KOSPI,7893,1.0989,0.9894,0.7692,7,0.451,1.4807,0.021169,48.9879,12.9624,-2.7828,0.0528,6120708840.0,383,0.032803,5.43,-2.99,5.43,0,0,-5.084
33100,제룡전기,2022-12-19,12000,12100,KOSDAQ,7003,0.8333,0.6379,0.7273,16,0.6176,0.6106,0.102609,174.6879,11.197,-0.1879,0.034,3570815960.0,16,0.046635,-2.07,-20.17,-15.7,0,0,-10.5153
49520,유아이엘,2022-12-19,2288,2298,KOSDAQ,1158,0.4371,1.1481,1.0,17,0.7711,1.4395,0.049444,85.3226,1.2433,-0.1879,0.0418,160011298.0,351,0.034036,6.44,-2.83,2.48,0,0,-10.5153
207760,미스터블루,2022-12-20,3404,3585,KOSDAQ,1017,5.3173,5.529,0.0,246,0.7828,2.7346,-0.011407,190.9903,101.6731,-1.2818,0.4297,49793844417.0,418,0.099123,33.61,-11.72,-0.14,1,0,-12.1678
4370,농심,2022-12-20,341500,344000,KOSPI,24574,0.7321,1.7447,0.7778,216,0.5238,1.1925,0.00074,30.0567,9.3295,-2.9926,0.0394,5683940500.0,216,0.02066,3.78,-2.33,-0.29,0,0,-5.7755
200670,휴메딕스,2022-12-21,25950,26650,KOSDAQ,4711,2.6975,3.8647,0.9608,250,0.6106,1.5251,0.011492,45.2316,22.5165,-2.7412,0.1309,2226815430.0,408,0.048378,7.13,-0.56,3.94,0,0,-11.7329
18250,애경산업,2022-12-22,20400,20450,KOSPI,3285,0.2451,0.666,0.92,168,0.2623,0.4447,0.004661,90.2326,27.7814,-3.4653,0.0817,2140095120.0,386,0.054314,3.91,-9.78,-2.69,0,0,-4.6798
430,대원강업,2022-12-26,3760,3800,KOSPI,2620,1.0638,0.3897,0.6552,247,0.561,0.2247,0.011015,53.5354,12.3555,-3.784,0.0913,1285704572.0,466,0.029699,-2.37,-19.08,-14.74,0,0,-6.159
190510,나무가,2022-12-26,17550,18150,KOSDAQ,3385,3.4188,8.4079,0.7237,16,0.9897,1.6167,0.0416,103.9326,15.9674,-3.2344,0.1422,31422822050.0,16,0.057654,-1.38,-18.46,-13.83,0,0,-12.8104
3920,남양유업,2022-12-27,47023,48912,KOSPI,2835,4.0172,4.441,0.8215,68,0.8344,2.0668,0.012015,38.5923,20.3092,-4.1342,0.1164,1917692168.0,368,0.034914,0.51,-12.2,-0.51,0,0,-5.4587
355150,코스텍시스,2022-12-27,10750,11000,KOSDAQ,1082,2.3256,17.3481,0.4615,80,1.0,6.7348,0.012058,16.7109,5.535,-3.2094,0.0243,528808530.0,391,0.782792,20.45,-2.05,20.45,1,0,-11.5141
32190,다우데이타,2022-12-28,31050,32750,KOSDAQ,9690,5.475,2.1448,0.8491,17,0.8686,1.4799,0.115677,232.8252,21.643,-5.095,0.1211,27604702500.0,17,0.050927,42.9,-5.5,42.9,1,0,-12.8903
267260,HD현대일렉트릭,2022-12-28,43550,43750,KOSPI,301715,0.4592,0.7509,0.8529,25,0.5443,0.8055,0.079072,175.1572,11.8114,-7.7686,0.0728,10576223590.0,25,0.043592,-2.86,-17.26,-12.34,0,0,-7.5085
17390,서울가스,2022-12-28,419000,429500,KOSPI,3205,2.506,0.9232,0.5672,23,1.0,1.3352,0.091296,161.8902,12.9093,-7.7686,0.0396,15697424100.0,23,0.019458,12.22,-1.05,9.9,1,0,-7.5085
277810,레인보우로보틱스,2023-01-03,37550,41550,KOSDAQ,140067,10.6525,33.9023,0.8797,67,0.8771,4.1575,0.039872,109.8485,30.5261,-7.9597,0.2549,115262000000.0,67,0.047275,109.87,12.88,97.35,1,0,-14.755
4360,세방,2023-01-03,32250,33050,KOSPI,2672,2.4806,1.568,0.913,1,0.8954,1.2716,0.126811,234.1759,13.0476,-8.2932,0.1508,14446612330.0,1,0.048628,50.68,6.51,47.66,1,0,-9.7859
8770,호텔신라,2023-01-09,85100,85500,KOSPI,18133,0.47,0.872,0.4815,189,0.6531,1.1494,0.000743,36.3636,9.0382,-1.6262,0.0537,36697037320.0,399,0.031913,-2.11,-7.37,-4.91,0,0,-4.1195
8730,율촌화학,2023-01-10,38450,38950,KOSPI,6473,1.3004,0.7291,0.6538,72,0.5188,1.2872,0.047992,125.1445,4.3677,-0.9149,0.0723,6760365840.0,72,0.043096,21.31,-4.75,21.31,1,0,-3.9987
86960,MDS테크,2023-01-10,2435,2715,KOSDAQ,1445,11.499,1.9399,0.2667,197,0.9882,1.5053,0.01014,153.7383,42.7732,-2.6803,0.3785,26786025781.0,282,0.09216,9.39,-39.19,-2.03,0,0,-11.4409
304100,솔트룩스,2023-01-11,17800,18050,KOSDAQ,3596,1.4045,3.1015,0.8485,241,0.6294,2.8042,-0.00494,194.4535,115.8907,-0.7537,0.3514,72670673080.0,498,0.0926,67.31,-5.26,26.32,1,0,-9.5676
93640,케이알엠,2023-01-11,5800,5870,KOSDAQ,1135,1.2069,1.6937,0.6552,1,0.7608,1.3181,0.018802,72.3935,10.0647,-0.7537,0.1931,2864984888.0,251,0.059686,102.9,-10.22,75.47,1,0,-9.5676
175330,JB금융지주,2023-01-12,9010,9220,KOSPI,48231,2.3307,2.2831,0.7273,180,0.5414,1.5472,0.003519,32.4713,11.7104,-1.4234,0.0951,8745628816.0,307,0.026728,17.68,1.41,7.48,1,0,-3.2905
93320,케이아이엔엑스,2023-01-12,59800,60600,KOSDAQ,6373,1.3378,2.5385,0.7647,221,0.8427,1.7797,-0.002352,30.3226,15.5535,-2.4938,0.1001,2072735560.0,473,0.030292,9.74,-5.78,9.74,0,0,-9.3044
82920,비츠로셀,2023-01-13,7872,7898,KOSDAQ,9181,0.3303,3.7684,0.8649,245,0.7778,1.9812,-0.001464,52.7069,19.1726,-1.5027,0.1476,2517243909.0,308,0.036257,8.94,-1.86,0.89,0,0,-9.0519
55550,신한지주,2023-01-16,43200,43800,KOSPI,399562,1.3889,3.2944,0.96,157,0.4513,1.7174,-0.00058,31.1377,15.2678,1.6881,0.1429,85184525300.0,157,0.034736,2.51,-13.13,-13.13,0,0,-1.7316
81660,미스토홀딩스,2023-01-16,35500,35800,KOSPI,24290,0.8451,1.1771,0.9615,217,0.6944,1.0476,0.002253,32.5926,4.8595,1.6881,0.0531,6895251980.0,383,0.026137,11.03,-1.82,10.06,1,0,-1.7316
5490,POSCO홀딩스,2023-01-16,306500,311000,KOSPI,275577,1.4682,1.2923,0.8095,248,0.5368,0.899,-0.000898,47.3934,9.7814,1.6881,0.0833,135281000000.0,417,0.024345,4.66,-4.18,4.66,0,0,-1.7316
86790,하나금융지주,2023-01-16,52400,52600,KOSPI,285562,0.3817,2.234,0.9677,226,0.4246,1.5448,-0.003933,55.3914,15.8538,1.6881,0.1477,94257345240.0,226,0.039517,0.95,-15.78,-15.78,0,0,-1.7316
86900,메디톡스,2023-01-16,133900,137000,KOSDAQ,9379,2.3152,2.4343,0.7778,12,0.9474,1.1707,0.007932,41.0394,8.0324,-0.0725,0.0629,7104258280.0,379,0.035534,36.5,-6.57,36.5,1,0,-8.2747
4690,삼천리,2023-01-17,457000,458000,KOSPI,5616,0.2188,0.7764,0.7273,5,0.3427,0.9183,0.151201,401.6429,16.2787,1.1572,0.0998,13986605800.0,5,0.03665,6.88,0.87,3.82,0,0,-2.4965
114090,GKL,2023-01-17,19300,19400,KOSPI,7893,0.5181,0.8046,0.7857,4,0.9474,1.2745,0.027156,56.4516,4.2776,1.1572,0.037,11965928920.0,4,0.041605,8.25,1.08,8.25,0,0,-2.4965
58850,KTcs,2023-01-18,2510,2630,KOSPI,1155,4.7809,305.4566,0.6316,250,0.8171,30.9455,-0.002981,46.9274,12.5985,1.5013,0.1729,10942176553.0,379,0.036801,66.73,-3.23,51.33,1,0,-2.8726
36030,케이티알파,2023-01-18,7640,7770,KOSDAQ,2255,1.7016,52.3902,1.0,250,0.881,9.1225,-0.012732,68.913,24.2991,1.2259,0.357,18679389638.0,476,0.050009,15.57,-7.21,-7.21,1,0,-8.6623
108860,셀바스AI,2023-01-19,10774,10967,KOSDAQ,3399,1.7913,5.5831,0.7408,250,0.6935,4.1702,-0.025833,127.2012,62.9859,1.0188,0.4836,96402523144.0,258,0.073669,79.74,4.85,79.74,1,0,-8.3822
145720,덴티움,2023-01-19,103500,108500,KOSPI,5103,4.8309,3.3465,0.85,109,0.6333,1.5971,0.028453,102.4254,19.4302,2.2066,0.1415,13204156560.0,109,0.04944,20.28,1.01,19.17,1,0,-2.3077
3350,한국화장품제조,2023-01-19,33650,34300,KOSPI,2237,1.9316,10.8644,0.5289,180,0.6026,2.6778,0.001472,90.5556,46.6004,2.2066,0.1933,24960400090.0,405,0.065389,-0.29,-10.5,-9.77,0,0,-2.3077
352480,씨앤씨인터내셔널,2023-01-19,30700,31800,KOSDAQ,4859,3.5831,2.59,0.9818,15,0.7692,1.0382,0.033238,105.8252,11.9474,1.0188,0.0927,2211330160.0,405,0.055705,2.99,-10.38,-9.43,0,0,-8.3822
108230,톱텍,2023-01-20,8770,8880,KOSDAQ,1829,1.2543,74.7303,0.2787,250,0.6405,8.2016,-0.013865,58.8551,27.3572,0.4126,0.22,19720022084.0,477,0.043275,22.41,-0.68,17.34,1,0,-7.5931
34230,파라다이스,2023-01-20,18100,18200,KOSPI,16226,0.5525,1.0962,0.9167,16,0.6757,0.9885,0.006219,47.3684,1.7742,1.6349,0.037,15360552100.0,405,0.032378,0.66,-6.59,-6.59,0,0,-1.6221
90360,로보스타,2023-01-20,27400,27600,KOSDAQ,8063,0.7299,17.6329,0.39,206,0.7704,5.357,-0.023511,66.7674,44.09,0.4126,0.3244,73423431180.0,443,0.063535,19.75,-0.36,5.07,1,0,-7.5931
200670,휴메딕스,2023-01-20,28550,29100,KOSDAQ,4711,1.9264,1.4197,0.9556,12,0.8955,0.9922,0.028584,58.5831,6.3764,0.4126,0.0648,1899280270.0,429,0.044305,-0.34,-14.95,-13.23,0,0,-7.5931
6220,제주은행,2023-01-25,13850,15620,KOSPI,6581,12.7798,2.3038,0.8548,22,0.6065,0.9503,0.075641,277.7509,57.068,4.9652,0.3414,95071006076.0,22,0.078517,52.05,3.07,41.81,1,0,-0.1862
95660,네오위즈,2023-01-25,41450,45000,KOSDAQ,6153,8.5645,3.4618,0.9663,41,0.6215,1.3596,0.041487,136.8421,22.8096,5.9458,0.2005,21985268280.0,41,0.040079,4.67,-8.22,3.78,0,0,-5.6086
1940,KISCO홀딩스,2023-01-26,18550,19140,KOSPI,3246,3.1806,2.4675,0.8163,181,0.561,1.132,-0.00406,58.1818,14.9851,6.5387,0.1602,515838934.0,339,0.035752,10.76,-11.39,8.93,1,1,1.5166
35900,JYP Ent.,2023-01-26,68200,68600,KOSDAQ,24908,0.5865,1.172,0.6429,19,0.7838,1.0264,0.015719,78.8787,-4.4396,6.3713,0.041,27357446320.0,19,0.031445,11.22,2.77,11.22,1,0,-4.6338
3830,대한화섬,2023-01-27,134000,138500,KOSPI,1501,3.3582,5.2247,0.7451,223,0.727,2.0274,-0.006229,44.2708,11.3895,6.4828,0.1662,294547360.0,388,0.02656,-2.53,-6.5,-5.85,0,1,2.1932
16710,대성홀딩스,2023-01-27,118000,118100,KOSPI,1356,0.0847,0.3329,0.9583,10,0.3429,0.6755,0.071629,147.5891,-0.5635,6.4828,0.037,5463060660.0,10,0.027821,10.16,-2.03,8.13,1,1,2.1932
3100,선광,2023-01-27,142700,142900,KOSDAQ,1346,0.1402,1.3008,0.7419,11,0.2737,0.8187,0.077006,137.7704,5.2554,5.2628,0.0308,3896710520.0,11,0.020094,3.43,-0.7,3.43,0,0,-4.2202
103140,풍산,2023-01-27,35500,35900,KOSPI,32957,1.1268,1.5124,0.8261,222,0.4078,1.1999,0.002055,52.4416,-0.4267,6.4828,0.0685,6890009160.0,424,0.031138,3.48,-6.13,-0.42,0,1,2.1932
355150,코스텍시스,2023-01-27,12275,13250,KOSDAQ,1082,7.943,6.9692,0.8261,1,0.9123,3.3415,0.017738,40.2116,15.1918,5.2628,0.1628,1381074795.0,1,0.048787,38.49,-3.96,18.87,1,0,-4.2202
71970,HD현대마린엔진,2023-01-30,7470,7540,KOSPI,28664,0.9371,1.101,0.75,20,0.7317,0.4511,0.045737,116.0458,-6.5185,7.4555,0.0669,4571378670.0,430,0.043956,0.93,-18.17,-11.8,0,1,0.8648
293580,나우IB,2023-01-30,1380,1411,KOSDAQ,1744,2.2464,0.2888,0.9706,16,0.7071,0.374,0.035694,117.7469,3.9867,6.68,0.0727,1533522272.0,445,0.058064,3.33,-13.54,-11.62,0,0,-4.439
32190,다우데이타,2023-01-30,44250,46800,KOSDAQ,9690,5.7627,0.7698,0.8644,1,0.3899,0.738,0.164299,375.6098,36.2208,6.68,0.1927,14742102750.0,1,0.052198,13.68,-1.07,7.26,1,0,-4.439
35610,솔본,2023-01-30,5790,6020,KOSDAQ,1013,3.9724,20.3927,0.907,208,0.8045,3.3033,-0.033049,104.7619,53.0017,6.68,0.4571,26905164264.0,445,0.06075,1.33,-19.68,-13.12,0,0,-4.439
42520,한스바이오메드,2023-01-30,12750,12980,KOSDAQ,6060,1.8039,8.0274,0.5579,240,0.5108,3.2213,-0.009395,42.1687,25.2306,6.68,0.1965,1401635658.0,362,0.04661,7.09,-6.01,-1.46,0,0,-4.439
49520,유아이엘,2023-01-30,2446,2460,KOSDAQ,1158,0.5724,5.5115,0.9811,22,0.8896,1.4845,0.052802,98.3871,-1.6415,6.68,0.0585,312795786.0,378,0.039808,41.5,2.89,34.19,1,0,-4.439
54800,아이디스홀딩스,2023-01-30,13450,13480,KOSDAQ,1238,0.223,1.4146,0.9655,124,0.5324,1.2177,0.003342,25.9813,1.16,6.68,0.0528,81370236.0,402,0.018652,3.12,-1.63,-1.63,0,0,-4.439
108490,로보티즈,2023-01-31,29506,30626,KOSDAQ,45022,3.7958,7.593,0.4999,213,0.5948,3.1457,-0.009017,85.5447,30.7651,9.0094,0.2326,88890957834.0,264,0.072112,27.19,-13.03,25.28,1,0,-4.0845
41510,에스엠,2023-01-31,85900,88000,KOSDAQ,24291,2.4447,1.4476,0.8704,206,0.5412,1.4284,-0.000521,57.1429,5.7233,9.0094,0.1318,60578851760.0,206,0.039529,49.89,-1.48,45.0,1,0,-4.0845
17370,우신시스템,2023-01-31,3600,3615,KOSPI,1181,0.4167,1.1942,0.85,2,0.2985,0.9371,0.004905,82.1159,4.532,8.4368,0.06,389593309.0,323,0.033491,6.78,-1.8,2.49,0,0,-0.1252
3920,남양유업,2023-01-31,49161,50006,KOSPI,2835,1.7188,3.3504,0.7778,11,0.3495,1.32,0.015952,41.6922,-5.5734,8.4368,0.0778,1883654466.0,390,0.031525,23.86,2.78,12.33,1,0,-0.1252
23590,다우기술,2023-02-01,22900,23850,KOSPI,21469,4.1485,4.7607,0.5862,217,0.4961,1.4528,-0.003262,40.708,18.5012,10.0702,0.1088,5397827000.0,397,0.036388,0.0,-9.43,-7.97,0,1,0.9379
53300,한국정보인증,2023-02-01,6890,7020,KOSDAQ,2729,1.8868,12.3775,1.0,195,0.4855,5.9465,-0.020932,62.877,34.8769,11.8315,0.325,12889247256.0,484,0.056115,-3.56,-16.81,-13.39,0,0,-2.6257
310200,애니플러스,2023-02-01,4935,5000,KOSDAQ,1534,1.3171,5.1541,0.6344,228,0.8587,1.0587,0.005389,111.8644,-8.2046,11.8315,0.1275,19977828633.0,285,0.069143,1.0,-18.9,-6.8,0,0,-2.6257
250,삼천당제약,2023-02-01,49100,49600,KOSDAQ,109312,1.0183,1.1542,0.6721,23,0.6089,0.4573,0.026095,78.0969,3.9211,11.8315,0.0906,16199484890.0,514,0.039026,9.88,-3.12,9.88,0,0,-2.6257
60280,큐렉소,2023-02-01,8360,8480,KOSDAQ,8156,1.4354,10.8646,0.5227,207,0.5098,4.0869,-0.006146,33.5433,14.547,11.8315,0.131,2633128098.0,439,0.038157,19.69,-8.37,19.69,1,0,-2.6257
214370,케어젠,2023-02-01,31980,36000,KOSDAQ,57287,12.5704,6.4571,0.8552,95,0.8338,1.5166,0.045434,246.1538,19.9401,11.8315,0.3154,28047819920.0,95,0.050794,8.22,-3.89,-2.78,0,0,-2.6257
1510,SK증권,2023-02-02,912,988,KOSPI,4130,8.3333,52.4861,0.6224,207,0.6595,9.4286,-0.024733,63.8474,52.5705,11.277,0.3873,49788221409.0,451,0.058921,-10.12,-23.99,-21.66,0,1,1.776
327260,RF머트리얼즈,2023-02-02,14350,14480,KOSDAQ,2812,0.9059,0.658,0.8269,167,0.3545,0.5605,0.001733,49.2784,7.3812,13.2854,0.105,615229566.0,494,0.032755,12.85,-6.84,1.52,1,0,-0.7497
24850,HLB이노베이션,2023-02-02,1420,1652,KOSDAQ,3775,16.338,1.5384,0.5,246,0.9645,3.8254,-0.015456,81.3392,56.1505,13.2854,0.6358,2249297729.0,427,0.051972,101.57,29.84,101.57,1,0,-0.7497
145020,휴젤,2023-02-03,152400,154600,KOSDAQ,32790,1.4436,1.3438,0.9762,244,0.5171,1.0892,0.010829,51.272,7.9664,12.1579,0.0908,9456084680.0,382,0.033959,5.76,-17.34,-16.43,0,0,-0.3638
11330,유니켐,2023-02-03,1380,1400,KOSPI,1097,1.4493,4.027,0.8841,195,0.8597,2.1611,-0.011721,36.5854,10.7419,9.9478,0.1687,1738318074.0,402,0.034796,-0.71,-14.29,-7.0,0,1,2.3007
190510,나무가,2023-02-03,18150,18630,KOSDAQ,3385,2.6446,7.0994,0.5288,26,0.9213,1.5324,0.026595,109.3258,3.9169,12.1579,0.1853,58404967938.0,26,0.053332,3.33,-10.31,3.33,0,0,-0.3638
79810,디이엔티,2023-02-03,10382,10454,KOSDAQ,1145,0.6935,0.8691,0.9822,97,0.7687,1.0688,0.023152,113.827,8.1136,12.1579,0.132,6518696365.0,501,0.035509,34.65,0.6,34.65,1,0,-0.3638
51980,중앙첨단소재,2023-02-06,1740,1904,KOSDAQ,2755,9.4253,1.8789,0.7987,248,0.8549,0.3503,0.036787,385.7143,33.37,11.9735,0.2984,4834451964.0,516,0.067865,12.92,-8.72,-7.51,1,0,-0.9683
86520,에코프로,2023-02-06,28415,28685,KOSDAQ,219414,0.9502,2.782,0.7409,75,0.7391,1.3119,0.029059,130.8652,20.5759,11.9735,0.2152,116189000000.0,305,0.040997,111.7,13.47,99.72,1,0,-0.9683
377480,마음AI,2023-02-06,28250,29150,KOSDAQ,1286,3.1858,5.8136,0.9368,217,0.4983,3.0782,-0.022167,176.3033,83.0098,11.9735,0.3433,125766000000.0,297,0.103161,-2.06,-24.19,-17.5,0,0,-0.9683
71280,로체시스템즈,2023-02-07,9030,9330,KOSDAQ,1527,3.3223,2.5936,0.8481,44,0.582,1.1165,0.040672,85.119,9.6307,12.1709,0.1332,1625434384.0,44,0.035523,3.54,-7.18,-5.68,0,1,0.6175
4360,세방,2023-02-07,49800,51800,KOSPI,2672,4.0161,1.0509,1.0,4,0.3957,0.9472,0.196378,423.7614,31.2548,7.063,0.2067,19830051560.0,4,0.049228,-3.86,-19.31,-16.99,0,1,1.2217
357550,석경에이티,2023-02-07,27000,27950,KOSDAQ,2957,3.5185,2.9128,0.8462,50,0.7067,1.2653,0.05022,110.1504,-1.4778,12.1709,0.0863,970025580.0,517,0.032839,2.15,-4.11,0.36,0,1,0.6175
140860,파크시스템스,2023-02-07,131600,133000,KOSDAQ,19240,1.0638,3.6623,0.8364,216,0.5353,1.4935,-0.006927,48.9362,7.1116,12.1709,0.1414,5510279680.0,273,0.031203,7.97,-2.41,-2.41,0,1,0.6175
6110,삼아알미늄,2023-02-07,41950,43800,KOSPI,4458,4.41,3.4437,0.9481,23,0.9773,1.4018,0.048857,171.2074,6.4085,7.063,0.1297,49461785940.0,23,0.059932,-0.68,-11.07,-11.07,0,1,1.2217
204620,글로벌텍스프리,2023-02-08,3165,3186,KOSDAQ,3300,0.6635,1.6181,0.9615,227,0.5824,1.5346,-0.00425,58.6653,1.8656,11.2334,0.1078,4262965146.0,412,0.04114,-0.25,-15.82,-15.54,0,1,1.654
7070,GS리테일,2023-02-08,25487,26171,KOSPI,18603,2.6837,8.5617,0.9735,47,0.894,1.8705,-0.001371,29.3865,4.9907,5.6783,0.0798,12257353158.0,419,0.02779,0.82,-7.02,-4.9,0,1,2.5898
9970,영원무역홀딩스,2023-02-08,64000,64100,KOSPI,27133,0.1562,0.7208,1.0,30,0.8361,0.6504,0.013585,44.3694,3.3353,5.6783,0.0586,735289640.0,30,0.022955,13.73,-0.62,13.73,1,1,2.5898
204270,제이앤티씨,2023-02-08,6900,6950,KOSDAQ,13132,0.7246,2.4827,0.7778,250,0.4967,2.6573,-0.010014,55.8296,3.0758,11.2334,0.155,1838544142.0,511,0.045838,13.81,-4.75,5.47,1,1,1.654
274090,켄코아에어로스페이스,2023-02-08,16450,16490,KOSDAQ,3688,0.2432,1.7722,0.6232,186,0.4271,3.5221,0.006146,62.4631,17.0934,11.2334,0.1833,16467831590.0,392,0.050983,6.37,-7.03,-4.31,0,1,1.654
82800,비보존 제약,2023-02-08,5820,7008,KOSDAQ,2362,20.4124,2.2402,0.5,207,0.8704,2.3547,-0.031889,254.6559,77.8653,11.2334,0.7053,9549836900.0,505,0.06992,4.41,-29.62,-29.62,0,1,1.654
82270,젬백스,2023-02-08,15950,16190,KOSDAQ,16389,1.5047,1.2325,0.7963,240,0.3065,1.4899,-0.005363,43.2743,24.817,11.2334,0.1707,3830950686.0,517,0.038251,1.61,-6.92,-5.19,0,1,1.654
8730,율촌화학,2023-02-09,45700,47250,KOSPI,6473,3.3917,0.8074,0.881,1,0.6776,0.8127,0.061988,173.1214,15.7716,5.5378,0.1624,10214524590.0,1,0.039153,5.5,-8.04,-8.04,0,1,2.5524
121600,나노신소재,2023-02-09,98200,109200,KOSDAQ,8206,11.2016,10.4106,0.9119,102,0.6918,2.0615,0.028161,123.7705,19.9664,12.7189,0.269,59364068260.0,102,0.039181,40.38,3.11,27.29,1,1,2.3498
3670,포스코퓨처엠,2023-02-09,228758,235059,KOSPI,193458,2.7544,2.8094,1.0,59,0.3571,1.8976,0.053955,151.0375,23.1101,5.5378,0.1599,271138000000.0,59,0.045831,8.45,-11.13,1.86,0,1,2.5524
2200,한국수출포장,2023-02-10,3295,3375,KOSPI,1264,2.4279,1.447,0.8649,42,0.537,0.5766,0.020606,60.7143,9.7364,4.6704,0.1086,513996390.0,42,0.02455,9.78,-1.19,3.41,0,1,2.1197
12450,한화에어로스페이스,2023-02-10,86992,89540,KOSPI,637324,2.929,1.6241,0.7927,106,0.6493,1.0985,0.044633,111.0449,14.7608,4.6704,0.097,71619055238.0,106,0.03608,10.69,-1.48,8.76,1,1,2.1197
106190,하이텍팜,2023-02-10,8772,9306,KOSDAQ,1275,6.0876,21.3071,0.6252,231,0.6916,2.6934,0.0014,59.4312,16.2847,8.8296,0.1396,1185621246.0,513,0.031923,3.01,-8.18,-6.81,0,1,0.8695
51360,토비스,2023-02-10,11280,11410,KOSDAQ,2268,1.1525,4.6406,0.4177,1,0.7581,1.6585,0.001633,44.2478,5.7286,8.8296,0.0938,2778388906.0,252,0.036246,4.56,-4.82,-2.63,0,1,0.8695
5070,코스모신소재,2023-02-10,68357,68752,KOSPI,16353,0.5778,2.0703,0.4119,70,0.485,1.6116,0.033752,117.8385,18.9531,4.6704,0.1456,61633919135.0,70,0.036224,48.42,-0.57,35.78,1,1,2.1197
272110,케이엔제이,2023-02-10,14650,14720,KOSDAQ,2079,0.4778,1.5862,0.7949,191,0.5878,0.9417,0.005971,42.9126,-1.7751,8.8296,0.0368,559303498.0,441,0.029455,16.58,0.2,14.74,1,1,0.8695
58970,엠로,2023-02-10,19900,19960,KOSDAQ,4858,0.3015,0.5683,0.9423,209,0.241,1.8594,-0.006632,61.6194,12.1401,8.8296,0.1037,1589819994.0,444,0.046056,34.02,-8.27,34.02,1,1,0.8695
104460,디와이피엔에프,2023-02-13,43100,45800,KOSDAQ,1484,6.2645,7.3592,0.9747,61,0.9252,1.8436,0.015539,33.1395,2.7512,8.6843,0.0999,3438534810.0,289,0.018403,3.71,-5.02,-1.2,0,1,0.983
247540,에코프로비엠,2023-02-13,135900,139000,KOSDAQ,207828,2.2811,3.7037,0.7107,157,0.5209,2.5372,0.002669,76.3534,30.0382,8.6843,0.2567,370090000000.0,305,0.046711,56.12,1.08,41.37,1,1,0.983
336570,원텍,2023-02-13,5020,5490,KOSDAQ,8268,9.3625,2.3796,0.94,207,0.6573,0.9131,0.00622,132.1353,25.2181,8.6843,0.1586,11952603680.0,207,0.052823,13.66,-2.55,-2.55,1,1,0.983
93320,케이아이엔엑스,2023-02-13,65500,66500,KOSDAQ,6373,1.5267,2.7966,0.86,13,0.6019,1.1393,0.013411,43.0108,1.0516,8.6843,0.0698,2086906380.0,493,0.040924,6.47,-9.92,-5.56,0,1,0.983
205100,엑셈,2023-02-14,2567,2648,KOSDAQ,1558,3.1554,15.8704,0.0857,200,0.6463,4.3305,-0.003363,56.2242,23.3458,9.5193,0.1385,34595439209.0,351,0.067652,4.19,-12.88,-10.57,0,1,1.982
39490,키움증권,2023-02-14,104500,106000,KOSPI,112832,1.4354,2.7152,0.7674,236,0.7921,1.6295,0.002348,51.4286,5.384,3.3339,0.0551,13709375400.0,518,0.029987,1.04,-11.7,-9.91,0,1,2.0442
4370,농심,2023-02-14,357000,357500,KOSPI,24574,0.1401,0.9942,0.5625,31,0.8649,1.1742,0.010352,35.1607,0.7418,3.3339,0.0448,10416343500.0,31,0.025175,2.94,-2.66,-1.26,0,1,2.0442
5490,POSCO홀딩스,2023-02-15,314000,325500,KOSPI,275577,3.6624,3.4642,0.8293,14,0.9577,1.3222,0.006507,54.2654,3.494,1.1684,0.0682,199860000000.0,437,0.026223,6.3,-2.92,-0.77,0,1,0.5323
12030,DB,2023-02-15,1120,1147,KOSPI,3515,2.4107,8.3807,0.5955,218,0.6492,2.4009,-0.009903,64.3266,29.6184,1.1684,0.2027,3070781415.0,398,0.033877,38.36,9.07,17.7,1,1,0.5323
86900,메디톡스,2023-02-15,184000,187000,KOSDAQ,9379,1.6304,0.8275,0.4118,1,0.9602,3.4088,0.015715,92.5136,29.7213,6.7751,0.3055,117696000000.0,399,0.051184,30.21,4.17,20.59,1,1,0.2304
64550,바이오니아,2023-02-15,45500,50700,KOSDAQ,3355,11.4286,7.77,0.8116,227,0.6274,3.8946,-0.006407,122.8571,71.1196,6.7751,0.559,118348000000.0,357,0.061989,10.06,-11.24,-9.86,1,1,0.2304
480,CR홀딩스,2023-02-16,8310,8320,KOSPI,2192,0.1203,2.3472,0.5,194,0.65,1.24,-0.00123,11.0814,1.814,4.0384,0.031,1715906.0,439,0.011633,3.25,-3.49,-0.48,0,1,2.5372
214430,아이쓰리시스템,2023-02-16,21150,21600,KOSDAQ,8747,2.1277,2.8233,1.0,221,0.7273,1.4398,-0.000961,37.1429,2.5213,10.5677,0.0755,1622859450.0,510,0.029134,0.93,-10.14,-9.07,0,1,2.8261
114090,GKL,2023-02-16,20700,21000,KOSPI,7893,1.4493,1.2711,0.75,2,0.5556,1.1234,0.031043,65.3543,4.209,4.0384,0.0401,13475292340.0,2,0.033061,0.0,-11.9,-10.0,0,1,2.5372
5420,코스모화학,2023-02-16,29863,33454,KOSPI,6130,12.0249,19.3336,1.0,106,0.7442,3.4987,0.050468,225.3331,49.8084,4.0384,0.4121,112265000000.0,106,0.043898,53.83,4.56,22.06,1,1,2.5372
7660,이수페타시스,2023-02-16,8334,8509,KOSPI,81558,2.0998,4.8199,0.7389,206,0.4965,3.004,-0.004856,83.8194,36.189,4.0384,0.1714,51152872599.0,206,0.066854,7.66,-10.06,4.0,0,1,2.5372
161580,필옵틱스,2023-02-16,9710,9720,KOSDAQ,12474,0.103,2.7796,0.9016,216,0.6579,2.4129,-0.018258,45.509,20.9614,10.5677,0.2294,6171678364.0,511,0.041961,7.2,-10.49,-7.82,0,1,2.8261
28050,삼성E&A,2023-02-17,27850,28150,KOSPI,60368,1.0772,2.2169,0.6129,233,0.4851,1.2572,0.004979,51.3441,13.5479,3.4999,0.0906,39535931150.0,347,0.031845,7.46,-6.75,7.46,0,1,1.5774
15750,성우하이텍,2023-02-17,6470,6960,KOSDAQ,6144,7.5734,28.6042,0.7935,66,0.8087,5.053,0.007687,76.2025,30.3657,8.9737,0.3107,66531486234.0,511,0.040025,6.32,-6.75,-5.46,0,1,1.7127
216080,제테마,2023-02-17,10757,10957,KOSDAQ,3370,1.8593,3.6822,1.0,241,0.4245,3.9238,-0.016807,119.0086,55.0778,8.9737,0.3204,10795737616.0,428,0.064375,6.84,-8.68,-0.68,0,1,1.7127
1460,BYC,2023-02-17,46450,47250,KOSPI,2577,1.7223,8.6422,1.0,210,0.934,1.896,-0.01797,31.6156,24.2028,3.4999,0.2389,328054400.0,284,0.033409,18.31,-4.55,7.51,1,1,1.5774
22100,포스코DX,2023-02-20,7060,7140,KOSPI,57393,1.1331,3.9964,0.973,54,0.8252,1.1631,0.009605,42.9429,6.8738,3.1416,0.0755,7493012106.0,512,0.029612,0.0,-13.87,-7.56,0,1,1.79
108860,셀바스AI,2023-02-20,18968,19712,KOSDAQ,3399,3.9224,1.7498,0.3315,1,0.4858,1.6796,0.089109,308.3696,69.0784,10.6608,0.3327,200186000000.0,1,0.081799,54.66,13.48,50.74,1,1,3.5315
3200,일신방직,2023-02-20,12700,13780,KOSPI,2973,8.5039,21.0242,0.764,206,0.9177,3.3663,-0.012285,53.1111,26.8584,3.1416,0.2832,4571602700.0,254,0.027835,-0.58,-8.64,-7.11,0,1,1.79
1080,만호제강,2023-02-21,42709,42757,KOSPI,2087,0.1124,2.5976,0.9249,74,0.7685,1.2487,0.036677,123.4492,23.0078,2.6594,0.1729,1092080872.0,74,0.036432,14.95,-1.45,14.95,1,1,1.9975
211270,AP위성,2023-02-21,18500,18750,KOSDAQ,3062,1.3514,6.9292,0.5159,188,0.4322,2.9403,0.002508,128.38,66.378,10.5088,0.2314,61941982498.0,495,0.081829,26.4,-10.4,26.4,1,1,4.2001
3380,하림지주,2023-02-21,11150,11460,KOSDAQ,15054,2.7803,3.3686,0.6022,204,0.606,2.4184,-0.005469,79.9058,24.1563,10.5088,0.1418,7177164610.0,441,0.048741,14.05,-3.05,12.74,1,1,4.2001
17890,한국알콜,2023-02-21,12250,12820,KOSDAQ,2302,4.6531,12.1804,1.0,203,0.7759,3.0035,-0.00348,37.4062,11.5864,10.5088,0.1329,2925460454.0,451,0.029307,-0.78,-18.1,-18.1,0,1,4.2001
45970,코아시아,2023-02-21,8980,9110,KOSDAQ,1521,1.4477,7.6366,0.7714,249,0.3819,2.5506,-0.014577,88.0289,57.5724,10.5088,0.1933,14313494914.0,512,0.063196,19.98,-18.22,19.98,1,1,4.2001
6650,대한유화,2023-02-21,184000,184200,KOSPI,9659,0.1087,3.3094,0.9554,22,0.9068,1.0209,0.006798,78.835,1.4084,2.6594,0.1094,14671812860.0,499,0.03203,3.09,-14.71,-10.53,0,1,1.9975
200710,에이디테크놀로지,2023-02-22,19550,22950,KOSDAQ,4812,17.3913,36.593,0.7993,180,0.7384,6.4941,-0.009747,90.4564,47.5174,6.303,0.3844,41930647134.0,513,0.057641,6.54,-18.52,2.4,0,1,2.3287
200880,서연이화,2023-02-22,9600,9740,KOSPI,4068,1.4583,3.45,0.619,51,0.6972,1.5952,0.029009,57.3506,14.2335,-0.4484,0.0706,3093674632.0,468,0.035128,33.26,10.16,19.1,1,1,0.3399
208370,셀바스헬스케어,2023-02-22,3795,3839,KOSDAQ,1357,1.1594,19.1128,0.4327,221,0.9955,4.9649,-0.035881,124.8975,62.6671,6.303,0.5623,36735525308.0,221,0.071689,212.09,29.98,206.54,1,1,2.3287
35900,JYP Ent.,2023-02-23,76000,76300,KOSDAQ,24908,0.3947,1.2095,0.9286,1,0.8068,1.209,0.020344,60.8008,5.224,6.0005,0.0496,38881681920.0,1,0.031268,4.85,-10.48,-4.85,0,1,3.0348
95660,네오위즈,2023-02-23,47100,47500,KOSDAQ,6153,0.8493,0.559,0.6,4,0.4424,0.9451,0.067695,150.0,1.223,6.0005,0.0735,14321657580.0,4,0.039323,-0.63,-15.58,-12.11,0,1,3.0348
271560,오리온,2023-02-23,128000,129800,KOSPI,46574,1.4062,2.3323,0.9848,39,0.8624,0.9135,0.031231,60.0493,6.4691,-1.1974,0.0531,15732010540.0,500,0.021902,2.85,-3.85,2.77,0,1,1.2786
95720,웅진씽크빅,2023-02-23,3175,3190,KOSPI,1336,0.4724,9.3125,0.2794,229,0.7732,2.1357,-0.009281,48.3721,28.5427,-1.1974,0.1539,7985538981.0,462,0.052284,3.45,-10.03,-9.4,0,1,1.2786
304100,솔트룩스,2023-02-23,30200,35950,KOSDAQ,3596,19.0397,4.0768,0.8772,18,0.8476,1.6527,0.123118,486.46,37.5125,6.0005,0.379,183629000000.0,18,0.088913,14.46,-13.77,1.53,1,1,3.0348
5830,DB손해보험,2023-02-23,72300,72500,KOSPI,97346,0.2766,2.0716,0.8085,220,0.8061,0.9242,-0.002805,36.2782,9.4064,-1.1974,0.0884,9584992360.0,220,0.027488,7.31,-2.48,-1.79,0,1,1.2786
338220,뷰노,2023-02-24,13350,14770,KOSDAQ,2842,10.6367,12.7236,1.0,222,0.7438,2.8333,-0.003664,191.3215,59.5834,5.0766,0.3844,14521466274.0,494,0.08555,12.73,-15.17,3.25,1,1,2.527
4690,삼천리,2023-02-24,489500,494500,KOSPI,5616,1.0215,0.6461,0.5,10,0.6522,0.6656,0.150449,392.0398,5.8838,-2.4319,0.0263,10957102800.0,10,0.025061,4.15,-0.3,3.54,0,1,0.682
86960,MDS테크,2023-02-24,2970,3455,KOSDAQ,1445,16.33,7.2937,1.0,30,0.5765,1.9048,0.007859,222.8972,96.1465,5.0766,0.4755,259046000000.0,30,0.09723,8.83,-18.67,4.2,0,1,2.527
3100,선광,2023-02-24,147700,147800,KOSDAQ,1346,0.0677,0.6182,0.8214,2,0.4076,0.9283,0.071652,145.9235,-1.6476,5.0766,0.0247,4196944080.0,2,0.027015,8.59,-0.34,7.71,0,1,2.527
17390,서울가스,2023-02-24,482000,483500,KOSPI,3205,0.3112,0.3344,0.7143,23,0.5857,0.5142,0.099636,164.2077,4.8684,-2.4319,0.0203,5181488200.0,23,0.016915,2.79,-0.93,2.69,0,1,0.682
1940,KISCO홀딩스,2023-02-24,21200,21250,KOSPI,3246,0.2358,1.0912,0.65,4,0.4011,1.5081,0.006983,75.6198,13.456,-2.4319,0.1226,973827000.0,360,0.045513,10.12,-12.28,-12.28,1,1,0.682
41020,폴라리스오피스,2023-02-24,2075,2105,KOSDAQ,2277,1.4458,14.7343,0.4778,229,0.9369,4.9654,-0.019861,103.3816,38.5114,5.0766,0.2984,11188251408.0,315,0.07869,77.43,-10.69,42.99,1,1,2.527
1450,현대해상,2023-02-24,34550,34950,KOSPI,24540,1.1577,1.463,0.8125,128,0.8349,0.9612,-0.002917,29.2052,11.1411,-2.4319,0.1147,17549170490.0,128,0.027999,1.57,-5.58,-5.58,0,1,0.682
277810,레인보우로보틱스,2023-02-27,87200,92900,KOSDAQ,140067,6.5367,3.4882,0.7212,23,0.9081,0.9191,0.169773,369.1919,11.5071,5.643,0.2187,273529000000.0,23,0.061741,53.82,-17.01,48.33,1,1,2.7684
1430,세아베스틸지주,2023-02-27,22050,23850,KOSPI,25462,8.1633,13.4491,1.0,117,0.6955,3.242,-0.005901,71.5827,48.2709,-1.9519,0.3676,11175256108.0,444,0.042258,6.5,-13.84,0.63,0,0,-0.146
90360,로보스타,2023-02-27,33050,33250,KOSDAQ,8063,0.6051,8.6168,0.5893,19,0.7978,1.5126,0.026999,100.9063,8.2269,5.643,0.1087,68326104830.0,19,0.058969,30.53,-7.37,30.53,1,1,2.7684
58850,KTcs,2023-02-27,4385,4700,KOSPI,1155,7.1836,4.2256,0.9925,9,0.7101,1.6151,0.077405,162.5698,12.8009,-1.9519,0.1251,65122247886.0,9,0.082219,16.17,-12.34,-12.34,1,0,-0.146
49950,미래컴퍼니,2023-02-28,28154,30150,KOSDAQ,1552,7.0896,39.1866,1.0,115,1.0,4.7847,-0.002076,74.2775,17.9425,6.9022,0.2782,25904774900.0,525,0.047027,64.84,20.4,55.06,1,1,4.301
89890,코세스,2023-02-28,12950,12960,KOSDAQ,4362,0.0772,2.4047,0.6571,236,0.7239,0.9741,0.006574,90.3084,19.5368,6.9022,0.1025,10144889684.0,284,0.045745,5.09,-9.65,3.24,0,1,4.301
171090,선익시스템,2023-02-28,26950,29050,KOSDAQ,5613,7.7922,9.9173,0.4779,115,0.875,2.292,0.014053,124.3243,37.9856,6.9022,0.2851,63860700750.0,393,0.05729,32.19,-20.48,32.19,1,1,4.301
60280,큐렉소,2023-03-02,9320,10150,KOSDAQ,8156,8.9056,23.5811,0.2752,1,0.9184,5.0459,0.006344,59.8425,14.8689,4.8245,0.221,18188071386.0,459,0.044968,33.99,-11.72,19.01,1,1,3.774
250,삼천당제약,2023-03-02,53700,54500,KOSDAQ,109312,1.4898,1.6883,0.6944,14,0.9497,1.2397,0.027469,95.6912,5.0545,4.8245,0.0637,25932249870.0,534,0.053145,50.09,-9.82,47.71,1,1,3.774
101490,에스앤에스텍,2023-03-02,32000,32350,KOSDAQ,17687,1.0938,3.1604,0.4898,25,0.9135,1.5152,0.00821,74.3935,3.3695,4.8245,0.0831,18661703870.0,534,0.043939,21.33,-6.03,20.09,1,1,3.774
103140,풍산,2023-03-02,37150,38550,KOSPI,32957,3.7685,5.5863,0.7949,5,0.625,1.6307,0.010849,63.6943,7.8308,-0.896,0.0895,15192942160.0,447,0.032147,0.91,-7.39,-3.76,0,1,0.9748
267260,HD현대일렉트릭,2023-03-02,43750,45200,KOSPI,301715,3.3143,2.1179,0.8806,42,0.7222,0.8592,0.055031,129.4416,15.1817,-0.896,0.1395,13930325940.0,42,0.035161,-0.66,-16.92,-16.7,0,1,0.9748
214680,디알텍,2023-03-02,1800,2120,KOSDAQ,1652,17.7778,50.4863,1.0,184,0.9786,5.7713,5.6e-05,55.8824,25.7978,4.8245,0.2926,21627479527.0,416,0.041038,16.04,-6.56,-1.18,1,1,3.774
33100,제룡전기,2023-03-02,12100,12580,KOSDAQ,7003,3.9669,5.7956,0.7771,49,0.7061,1.3881,0.067208,185.5846,8.0006,4.8245,0.1664,7585932754.0,49,0.049057,4.13,-8.03,-2.62,0,1,3.774
81660,미스토홀딩스,2023-03-02,39750,40800,KOSPI,24290,2.6415,2.3189,0.9459,11,0.8442,1.1134,0.018592,51.1111,5.1106,-0.896,0.0513,9698019340.0,413,0.028011,-1.1,-14.71,-12.75,0,1,0.9748
1570,금양,2023-03-02,40100,42900,KOSPI,6333,6.9825,3.9886,0.675,77,0.4249,2.274,0.177286,887.3418,65.2638,-0.896,0.3467,341931000000.0,77,0.076673,84.15,2.33,84.15,1,1,0.9748
3120,일성아이에스,2023-03-02,25232,29698,KOSPI,3199,17.6997,10.3022,1.0,109,0.6735,2.4488,0.025331,101.4926,74.143,-0.896,0.3997,2519106102.0,109,0.050763,-0.54,-10.92,-5.93,0,1,0.9748
114190,강원에너지,2023-03-03,11550,11700,KOSDAQ,4255,1.2987,9.3406,0.6872,71,0.8376,1.709,0.066402,193.9698,19.3922,4.9436,0.2195,29632326896.0,71,0.052747,241.88,11.45,185.9,1,1,5.8036
179290,엠아이텍,2023-03-03,13750,13890,KOSDAQ,2327,1.0182,3.4491,0.9449,101,0.9925,1.9069,0.01876,118.3962,8.8156,4.9436,0.1335,12666235194.0,101,0.039957,-1.51,-14.61,-4.75,0,1,5.8036
24850,HLB이노베이션,2023-03-03,3300,3330,KOSDAQ,3775,0.9091,1.5088,0.3818,1,0.6944,1.6132,0.146644,265.5324,96.6302,4.9436,0.2413,19543070493.0,1,0.093629,0.9,-14.86,-10.96,0,1,5.8036
5810,풍산홀딩스,2023-03-03,20967,21508,KOSPI,5623,2.5802,2.7136,1.0,185,0.7063,1.174,-0.001641,30.0599,11.9073,-1.491,0.0827,608632475.0,519,0.023244,21.07,3.46,10.38,1,1,1.1752
52710,아모텍,2023-03-03,21368,21500,KOSDAQ,1435,0.6177,1.2899,0.5882,213,0.888,1.0361,0.003415,61.8001,1.8462,4.9436,0.0732,4054019796.0,531,0.053963,-0.7,-17.81,-14.05,0,1,5.8036
91580,상신이디피,2023-03-03,20150,22600,KOSDAQ,1973,12.1588,29.3077,1.0,66,1.0,3.8067,0.013656,73.8462,23.3197,4.9436,0.2149,33662033412.0,382,0.039602,15.49,-2.21,1.33,1,1,5.8036
79810,디이엔티,2023-03-06,13546,14076,KOSDAQ,1145,3.9126,1.9721,0.5005,1,0.6906,1.2611,0.054013,164.9849,28.1629,6.4842,0.1787,8626401618.0,1,0.051247,19.74,-11.43,19.74,1,1,7.6874
59090,미코,2023-03-06,12100,12540,KOSDAQ,5885,3.6364,48.0572,0.7273,231,1.0,8.8627,-0.024151,106.5898,34.732,6.4842,0.4306,123654000000.0,522,0.053771,7.66,-15.71,-15.71,0,1,7.6874
352480,씨앤씨인터내셔널,2023-03-06,32750,32850,KOSDAQ,4859,0.3053,1.5398,0.5833,15,0.6577,1.2984,0.029043,96.7066,4.6833,6.4842,0.0783,5382478760.0,434,0.042944,19.94,-2.74,16.44,1,1,7.6874
44990,에이치엔에스하이텍,2023-03-06,12300,14930,KOSDAQ,1238,21.3821,0.0,0.5519,243,1.0,1.0,0.001144,30.393,16.3965,6.4842,0.2149,576644376.0,410,0.774136,3.62,-8.24,-7.57,0,1,7.6874
1040,CJ,2023-03-06,89000,90900,KOSPI,61709,2.1348,2.8901,0.6383,216,0.7364,1.7709,-0.003597,34.0708,10.6322,-0.7168,0.0931,11932504960.0,527,0.024438,17.49,0.22,17.49,1,1,2.4762
383310,에코프로에이치엔,2023-03-06,58064,65918,KOSDAQ,8128,13.5265,25.2433,1.0,140,1.0,3.6126,0.011336,101.1412,26.2839,6.4842,0.3023,45054271214.0,382,0.044783,23.26,-8.23,9.5,1,1,7.6874
6400,삼성SDI,2023-03-06,744065,764624,KOSPI,288496,2.7631,3.3813,1.0,85,1.0,1.3078,0.018593,62.3702,10.1006,-0.7168,0.095,270779000000.0,383,0.028718,1.54,-8.45,-4.61,0,1,2.4762
175140,휴먼테크놀로지,2023-03-06,8610,8690,KOSDAQ,1010,0.9292,0.2252,0.8039,226,0.4066,0.2594,0.013501,76.9857,15.3952,6.4842,0.0724,137157186.0,506,0.039043,-0.12,-7.36,-7.36,0,1,7.6874
5950,이수화학,2023-03-06,16875,18275,KOSPI,2369,8.2963,13.189,1.0,116,0.9481,3.6178,0.038177,197.1545,88.6346,-0.7168,0.6219,216077000000.0,116,0.053641,44.73,-17.78,37.35,1,1,2.4762
78520,에이블씨엔씨,2023-03-06,7650,7750,KOSPI,2750,1.3072,0.7406,0.4167,209,0.8113,0.583,0.002974,82.3529,5.4465,-0.7168,0.055,556629076.0,422,0.039447,0.39,-10.71,-2.32,0,1,2.4762
78600,대주전자재료,2023-03-06,100300,102900,KOSDAQ,11703,2.5922,3.4162,0.3382,194,0.8155,1.5143,0.012433,65.1685,11.1158,6.4842,0.0881,35780633380.0,313,0.048313,4.37,-17.3,4.37,0,1,7.6874
9520,포스코엠텍,2023-03-06,11300,11550,KOSDAQ,8270,2.2124,11.9032,1.0,63,0.9556,1.7376,0.024607,121.2644,24.3199,6.4842,0.3,118110000000.0,448,0.044712,96.97,-6.32,81.39,1,1,7.6874
00104K,CJ4우(전환),2023-03-06,76000,77000,KOSPI,7265,1.3158,3.5871,0.9444,214,0.5867,1.302,-0.003459,22.6115,6.6315,-0.7168,0.0615,512044120.0,433,0.017904,7.27,-0.13,5.84,0,1,2.4762
119830,아이텍,2023-03-06,11100,11240,KOSDAQ,1924,1.2613,1.5779,0.8065,186,0.7782,1.2398,0.007839,87.3333,21.2431,6.4842,0.1721,3483791860.0,355,0.025737,4.89,-19.75,-19.4,0,1,7.6874
101360,에코앤드림,2023-03-06,25775,27241,KOSDAQ,3806,5.6877,11.5388,0.4669,62,0.9133,2.9711,0.009148,66.7544,23.1361,6.4842,0.1851,17176202799.0,532,0.044387,50.8,-12.08,40.91,1,1,7.6874
190510,나무가,2023-03-06,18830,19250,KOSDAQ,3385,2.2305,1.2881,0.5789,1,0.6469,0.999,0.04776,116.2921,-3.1562,6.4842,0.0832,36177965820.0,1,0.053803,-2.03,-19.64,-10.03,0,1,7.6874
101670,하이드로리튬,2023-03-07,29300,31000,KOSDAQ,1367,5.802,3.8882,1.0,69,0.6093,1.5509,0.178091,2075.4386,52.7269,7.1493,0.4764,90509990930.0,69,0.068825,60.48,-24.84,57.42,1,1,7.6172
211050,인카금융서비스,2023-03-07,2045,2100,KOSDAQ,7188,2.6895,1.3086,0.8442,183,0.7764,1.5132,-0.006879,86.1702,19.2045,7.1493,0.2495,4525182406.0,183,0.051837,5.9,-5.9,-2.19,0,1,7.6172
40300,YTN,2023-03-07,7790,8080,KOSDAQ,1693,3.7227,2.9537,1.0,80,0.4455,1.9468,0.070076,142.6426,16.0214,7.1493,0.1567,4632084344.0,80,0.056754,16.21,-24.13,-20.92,1,1,7.6172
42600,새로닉스,2023-03-07,29800,30800,KOSDAQ,1714,3.3557,5.6795,0.4906,197,0.4528,4.7283,-0.006533,106.7114,58.7096,7.1493,0.3064,32310054720.0,330,0.083279,49.84,-16.88,49.84,1,1,7.6172
54800,아이디스홀딩스,2023-03-07,13900,13990,KOSDAQ,1238,0.6475,1.6144,0.9375,18,0.8431,0.6567,0.011131,30.7477,-4.206,7.1493,0.0295,54550226.0,427,0.021086,2.36,-4.22,0.57,0,1,7.6172
56080,유진로봇,2023-03-07,7650,7780,KOSDAQ,12116,1.6993,2.5135,0.8718,234,0.8106,2.5591,-0.020307,101.0336,36.3931,7.1493,0.3668,51775987716.0,234,0.059815,-2.44,-14.52,-14.52,0,1,7.6172
6405,삼성SDI우,2023-03-07,336842,338287,KOSPI,3168,0.429,3.0794,0.6957,86,0.9091,1.4167,0.005566,34.2254,7.6369,1.0319,0.0977,2876169648.0,520,0.02615,-2.99,-8.4,-5.7,0,1,2.535
2710,TCC스틸,2023-03-07,14800,15230,KOSPI,4270,2.9054,11.4682,0.6682,152,0.8836,2.8302,0.001569,96.5161,27.4913,1.0319,0.2213,24992405784.0,152,0.046337,64.15,1.38,52.66,1,1,2.535
41510,에스엠,2023-03-07,131900,149700,KOSDAQ,24291,13.4951,2.5016,1.0,12,0.4844,1.3647,0.07622,158.1034,55.2151,7.1493,0.2382,319993000000.0,12,0.058116,5.88,-39.14,-35.8,0,1,7.6172
294140,레몬,2023-03-08,12067,14971,KOSDAQ,1509,24.0656,67.2244,1.0,176,0.929,9.8727,-0.005784,149.3089,94.9548,5.3262,0.8746,62408977234.0,538,0.052964,53.04,4.79,46.11,1,1,7.4153
95500,미래나노텍,2023-03-08,25200,30150,KOSDAQ,3672,19.6429,5.1082,0.7634,77,0.5834,1.6949,0.109151,442.2662,62.4535,5.3262,0.4061,256342000000.0,77,0.072661,18.91,-27.2,12.77,1,1,7.4153
86520,에코프로,2023-03-08,60725,65532,KOSDAQ,219414,7.916,2.172,0.9612,2,0.3725,1.4899,0.153879,419.4768,96.001,5.3262,0.363,496505000000.0,2,0.07923,54.19,-7.63,54.19,1,1,7.4153
12510,더존비즈온,2023-03-08,48150,48800,KOSPI,27952,1.3499,23.1217,0.8154,228,0.9242,4.5925,-0.011007,75.5396,38.2724,-0.8076,0.3417,46908684430.0,531,0.049619,8.4,-33.61,-29.61,0,1,1.2661
256940,킵스파마,2023-03-08,10320,10450,KOSDAQ,1803,1.2597,3.647,0.6386,4,0.3706,3.1122,0.024632,119.0776,19.2269,5.3262,0.101,4214898682.0,535,0.073342,5.45,-12.34,-2.87,0,1,7.4153
357550,석경에이티,2023-03-09,28550,36450,KOSDAQ,2957,27.6708,14.1075,1.0,20,0.9951,2.359,0.055842,166.0584,23.9219,3.7488,0.2997,2834479000.0,538,0.044484,99.45,2.61,69.55,1,1,6.835
58610,에스피지,2023-03-09,22100,22700,KOSDAQ,33355,2.7149,18.4207,0.6506,116,0.9106,2.8678,0.019337,101.7778,15.1616,3.7488,0.1904,98959171302.0,116,0.049874,72.47,-1.54,48.02,1,1,6.835
9970,영원무역홀딩스,2023-03-09,70200,72900,KOSPI,27133,3.8462,3.0445,0.9744,8,0.7385,1.6463,0.027765,64.1892,16.3276,-2.599,0.0903,3017791800.0,8,0.043896,-6.04,-13.17,-13.17,0,1,0.7757
115500,케이씨에스,2023-03-09,8980,9130,KOSDAQ,1123,1.6704,18.882,1.0,188,0.9508,3.4662,-0.006238,100.4391,50.2141,3.7488,0.4746,22630541052.0,443,0.059928,39.65,10.84,22.67,1,1,6.835
16710,대성홀딩스,2023-03-10,130100,130900,KOSPI,1356,0.6149,0.787,0.75,10,0.3372,0.6857,0.071905,158.6957,14.3414,-3.5031,0.0542,4078446800.0,10,0.031103,5.42,-0.76,3.51,0,0,-0.2039
38110,에코플라스틱,2023-03-10,4018,4110,KOSDAQ,1291,2.2897,40.1359,0.4015,118,0.9136,6.0318,0.001426,75.491,36.9918,0.5124,0.2997,121033000000.0,369,0.055144,14.11,-5.06,8.59,1,1,4.1644
347890,엠투아이,2023-03-10,9940,9960,KOSDAQ,1110,0.2012,10.3282,0.3171,183,0.7514,1.4816,0.005446,35.5102,5.7843,0.5124,0.0546,9893801618.0,369,0.039372,10.84,-3.01,0.2,1,1,4.1644
322180,LS티라유텍,2023-03-10,4550,4613,KOSDAQ,1977,1.3846,16.072,1.0,242,0.7779,2.9667,-0.012711,103.2159,37.767,0.5124,0.3234,7330125340.0,510,0.067248,27.81,-6.72,2.97,1,1,4.1644
170920,엘티씨,2023-03-10,12800,13820,KOSDAQ,2678,7.9687,68.0586,0.7333,118,0.8966,9.3504,0.003569,75.3807,24.3295,0.5124,0.2419,24418864556.0,529,0.063004,3.18,-4.99,-4.2,0,1,4.1644
58970,엠로,2023-03-13,26100,26750,KOSDAQ,4858,2.4904,1.0775,1.0,2,0.3846,1.7104,0.026674,116.5992,31.8884,2.1296,0.2308,4670525060.0,464,0.069186,119.07,-13.08,93.27,1,1,4.2654
3550,LG,2023-03-13,85900,88300,KOSPI,135715,2.7939,5.9192,0.3676,79,0.9776,2.1036,0.012129,26.3233,12.3568,-2.3942,0.0658,58991594400.0,462,0.035108,2.94,-7.59,-4.3,0,1,0.5113
6110,삼아알미늄,2023-03-15,43800,54000,KOSPI,4458,23.2877,7.7971,1.0,25,1.0,1.3984,0.060431,234.3653,27.6226,-3.4847,0.3132,61525850620.0,25,0.049669,49.26,9.07,49.26,1,0,-0.6677
5160,동국산업,2023-03-15,5870,6300,KOSDAQ,1484,7.3254,5.3705,1.0,117,0.7903,3.0199,0.038704,132.902,43.304,0.204,0.2748,43537502336.0,117,0.07619,33.33,-12.54,30.79,1,1,3.3882
12450,한화에어로스페이스,2023-03-15,99115,101152,KOSPI,637324,2.0552,0.9288,0.8336,6,0.5571,0.7363,0.059823,138.4142,15.0588,-3.4847,0.078,55610050056.0,6,0.035963,18.13,-8.46,13.39,1,0,-0.6677
281740,레이크머티리얼즈,2023-03-16,6920,8160,KOSDAQ,17419,17.9191,37.8165,0.8824,127,0.8664,4.7199,0.029205,99.511,40.9997,2.1582,0.3028,71717615432.0,127,0.053134,49.51,-5.15,37.25,1,1,3.5575
5070,코스모신소재,2023-03-16,102042,102240,KOSPI,16353,0.194,1.6462,0.9167,6,0.4241,1.9579,0.056331,223.9441,50.3403,-2.059,0.2121,105833000000.0,6,0.074878,86.57,-8.5,56.62,1,0,-0.6936
3670,포스코퓨처엠,2023-03-16,254929,261230,KOSPI,193458,2.4717,3.1878,0.8167,6,0.6063,1.6029,0.062661,178.9876,19.7445,-2.059,0.1489,373320000000.0,6,0.05208,15.03,-8.35,12.43,1,0,-0.6936
317830,에스피시스템스,2023-03-17,14250,14320,KOSDAQ,1386,0.4912,14.265,1.0,237,0.727,4.0005,-0.002881,110.5882,62.9818,1.6159,0.4367,62011032240.0,237,0.083549,15.22,-13.76,5.8,1,1,5.6501
226400,오스테오닉,2023-03-17,3650,3690,KOSDAQ,1254,1.0959,6.8336,1.0,225,1.0,2.5679,-0.001876,57.6923,2.1816,1.6159,0.1094,1321955110.0,534,0.049361,22.49,-2.98,19.92,1,1,5.6501
900290,GRT,2023-03-17,3145,3190,KOSDAQ,2805,1.4308,8.3011,0.8636,105,0.8214,1.5317,0.07822,166.9456,11.9072,1.6159,0.1479,586446369.0,105,0.037394,14.11,-4.23,7.99,1,1,5.6501
108490,로보티즈,2023-03-17,38953,39634,KOSDAQ,45022,1.7483,5.6168,0.1543,13,0.6216,1.2667,0.066252,140.1187,44.7863,1.6159,0.1505,107363000000.0,13,0.090386,7.99,-11.79,-9.83,0,1,5.6501
272110,케이엔제이,2023-03-17,17160,18760,KOSDAQ,2079,9.324,10.8944,0.9736,9,0.8867,2.7335,0.022011,82.1359,18.4865,1.6159,0.1311,5123765544.0,465,0.063623,7.68,-8.32,-0.59,0,1,5.6501
4380,삼익THK,2023-03-20,15650,15990,KOSPI,2062,2.1725,3.6591,0.8942,197,0.8995,2.8621,-0.005214,48.0556,34.6511,-2.9377,0.2136,10516884684.0,465,0.046145,4.44,-11.32,-9.07,0,0,-0.541
28050,삼성E&A,2023-03-20,30200,30250,KOSPI,60368,0.1656,1.3853,0.3,3,0.5152,1.7263,0.011707,62.6344,10.3978,-2.9377,0.0788,59588763260.0,3,0.039669,4.79,-3.64,1.65,0,0,-0.541
246720,아스타,2023-03-20,6530,6890,KOSDAQ,1192,5.513,11.8863,0.5,209,0.9286,3.8865,-0.029662,115.3125,73.4665,3.4269,0.6638,982790326.0,464,0.059921,81.71,29.9,67.49,1,1,6.3379
382800,지앤비에스 에코,2023-03-20,4675,4777,KOSDAQ,1006,2.1818,2.428,0.4144,240,0.7159,1.5622,0.01414,78.5794,23.7901,3.4269,0.155,2701367998.0,304,0.053306,11.72,-6.38,4.14,1,1,6.3379
104460,디와이피엔에프,2023-03-21,47500,50400,KOSDAQ,1484,6.1053,4.1323,0.975,21,0.9385,1.4216,0.022437,46.5116,6.5417,1.729,0.0916,4179808610.0,21,0.037415,-1.98,-8.63,-4.27,0,1,6.4409
340570,티앤엘,2023-03-21,46000,47250,KOSDAQ,4405,2.7174,2.6741,0.9125,234,0.9225,1.3326,0.018263,63.7782,4.4508,1.729,0.0692,5172809290.0,370,0.03938,4.02,-4.23,-1.16,0,1,6.4409
11500,한농화성,2023-03-21,18400,20500,KOSPI,3831,11.413,13.2742,0.7959,127,0.5366,3.2167,-0.009001,107.2801,86.0828,-2.7196,0.3883,97452449626.0,356,0.106237,12.68,-8.93,-3.56,1,0,-0.0997
3720,삼영,2023-03-21,3380,3395,KOSPI,1938,0.4438,5.9811,0.65,149,0.8261,2.0458,-0.000101,49.2308,14.951,-2.7196,0.0994,2276004745.0,411,0.051441,15.61,-1.33,8.25,1,0,-0.0997
214370,케어젠,2023-03-21,38960,40300,KOSDAQ,57287,3.4394,1.2796,0.879,17,0.8583,1.1208,0.063466,278.0488,12.2416,1.729,0.1047,15460666680.0,17,0.057568,18.61,-8.93,9.68,1,1,6.4409
18470,조일알미늄,2023-03-22,2740,3030,KOSPI,1635,10.5839,34.3831,0.936,67,0.8995,5.5878,-0.006905,101.3289,29.5561,-1.708,0.3476,103702000000.0,377,0.05422,33.66,3.3,33.66,1,1,1.1539
117730,티로보틱스,2023-03-22,9680,9710,KOSDAQ,5303,0.3099,2.2236,0.8202,246,0.7857,1.4168,0.010267,67.1256,28.3405,2.522,0.1367,21475626624.0,513,0.068486,74.05,-6.49,62.31,1,1,7.9438
305090,마이크로디지탈,2023-03-22,7906,8020,KOSDAQ,1688,1.4419,1.9079,0.7857,247,0.6399,2.1567,-0.032342,146.7692,93.0878,2.522,0.4518,4000012504.0,376,0.058425,25.31,-13.72,25.31,1,1,7.9438
211270,AP위성,2023-03-22,23600,23700,KOSDAQ,3062,0.4237,0.6162,0.7619,1,0.993,0.8574,0.030764,188.6724,23.878,2.522,0.1733,86270397382.0,1,0.077366,8.86,-15.78,-13.92,0,1,7.9438
1800,오리온홀딩스,2023-03-22,16150,16300,KOSPI,12968,0.9288,4.4618,0.918,60,0.9106,1.3297,0.009255,18.1159,5.6621,-1.708,0.0445,1626481144.0,461,0.021297,6.26,-0.18,3.87,0,1,1.1539
82920,비츠로셀,2023-03-22,8604,8730,KOSDAQ,9181,1.4644,2.4899,0.8877,41,0.8903,1.9526,0.02414,68.7935,10.6195,2.522,0.1234,12464829140.0,353,0.048445,19.95,-1.73,13.88,1,1,7.9438
45970,코아시아,2023-03-22,10360,10930,KOSDAQ,1521,5.5019,8.836,0.5787,2,0.6338,3.2137,0.014001,125.5934,17.4561,2.522,0.244,68874289656.0,532,0.076461,2.38,-14.0,-14.0,0,1,7.9438
282880,코윈테크,2023-03-22,29432,29679,KOSDAQ,2046,0.8392,18.223,0.4795,226,0.6744,3.9073,-0.012999,43.46,28.8359,2.522,0.1916,29136804780.0,344,0.067082,20.6,-4.99,14.51,1,1,7.9438
42520,한스바이오메드,2023-03-22,13900,14150,KOSDAQ,6060,1.7986,3.0597,1.0,33,0.937,1.5707,0.019455,54.9836,13.4616,2.522,0.1184,2098591376.0,398,0.043059,16.33,1.13,10.67,1,1,7.9438
290670,대보마그네틱,2023-03-22,86300,89100,KOSDAQ,1041,3.2445,8.0347,0.4409,76,0.8157,3.0328,0.027657,127.8772,41.1877,2.522,0.3239,153611000000.0,76,0.078002,-3.93,-16.95,-13.02,0,1,7.9438
14580,태경비케이,2023-03-23,7360,8890,KOSPI,1247,20.788,7.29,1.0,77,0.6369,1.4024,0.029315,127.6569,64.0441,0.2813,0.3663,22679691584.0,77,0.074482,8.77,-11.14,-9.79,0,1,1.5184
108860,셀바스AI,2023-03-23,30486,33482,KOSDAQ,3399,9.8275,2.298,0.8032,8,0.6707,0.8611,0.287706,593.6399,42.1841,4.3262,0.1669,307851000000.0,8,0.086991,1.59,-43.93,-43.93,0,1,7.8357
247540,에코프로비엠,2023-03-23,217000,235000,KOSDAQ,207828,8.2949,3.8284,0.4762,13,0.7248,1.5876,0.066853,166.7423,42.0912,4.3262,0.2033,916724000000.0,13,0.086109,25.96,-4.68,25.11,1,1,7.8357
30210,다올투자증권,2023-03-24,5290,5360,KOSPI,2333,1.3233,1.0555,0.9048,196,0.62,0.7714,0.000752,108.1553,11.5048,-0.9893,0.1077,3586630896.0,418,0.042844,14.18,-3.36,-3.36,1,1,1.174
11330,유니켐,2023-03-24,1400,1447,KOSPI,1097,3.3571,2.016,0.8701,34,0.5817,0.6774,0.004056,41.1707,19.5959,-0.9893,0.0883,633238313.0,436,0.027545,13.27,-4.35,-0.21,1,1,1.174
480,CR홀딩스,2023-03-24,8590,8660,KOSPI,2192,0.8149,11.5647,0.4255,11,0.8,1.7612,0.001796,15.6208,7.6395,-0.9893,0.042,4029242.0,464,0.025825,46.42,-2.66,37.41,1,1,1.174
208370,셀바스헬스케어,2023-03-24,11981,12242,KOSDAQ,1357,2.1784,1.6104,0.1286,2,0.435,1.7951,0.259809,617.1646,140.118,5.2127,0.3796,111508000000.0,2,0.103759,0.16,-51.1,-41.95,0,1,9.4673
42700,한미반도체,2023-03-24,17575,19940,KOSPI,179282,13.4566,35.3878,0.8281,246,0.7589,4.5568,0.010523,84.6296,27.6729,-0.9893,0.2577,124926000000.0,411,0.046318,8.32,-4.31,8.32,0,1,1.174
213420,덕산네오룩스,2023-03-24,44850,47600,KOSDAQ,9237,6.1315,5.0,0.75,241,0.8607,1.4915,0.001523,62.4573,8.6629,5.2127,0.121,15410426240.0,385,0.044568,5.25,-7.88,-7.88,0,1,9.4673
314930,바이오다인,2023-03-24,6183,6609,KOSDAQ,4006,6.8899,6.8302,0.7376,236,0.479,1.3907,0.007339,82.267,21.2269,5.2127,0.1396,598314276.0,477,0.050634,7.85,-3.62,-3.46,0,1,9.4673
13520,화승코퍼레이션,2023-03-24,1920,1969,KOSPI,1156,2.5521,3.0562,0.9916,244,0.574,1.1946,0.005957,71.2174,19.9621,-0.9893,0.0873,297608507.0,429,0.043967,24.43,-3.25,24.43,1,1,1.174
77500,유니퀘스트,2023-03-24,6075,6080,KOSPI,1339,0.0823,3.0912,0.8592,224,0.3658,1.8077,-0.001904,60.2108,25.8353,-0.9893,0.1115,3889472296.0,545,0.047157,-0.66,-17.93,-17.93,0,1,1.174
6260,LS,2023-03-27,75200,75400,KOSPI,62386,0.266,2.4549,0.6364,79,0.5856,1.2899,0.014547,49.3069,11.8032,-0.5937,0.0716,12248632140.0,547,0.035714,28.65,0.53,23.34,1,1,0.9794
1080,만호제강,2023-03-27,49151,49342,KOSPI,2087,0.3886,0.4401,0.6671,9,0.2303,1.0834,0.081151,157.8626,15.9947,-0.5937,0.0293,887708156.0,9,0.037441,10.25,-2.71,10.25,1,1,0.9794
94360,칩스앤미디어,2023-03-27,11950,12200,KOSDAQ,3756,2.0921,2.5784,0.5719,248,0.5286,1.6053,0.00349,80.0738,13.3412,6.2667,0.2144,19710976990.0,296,0.055234,0.2,-10.45,-0.82,0,1,9.9765
3380,하림지주,2023-03-27,13070,13320,KOSDAQ,15054,1.9128,1.3281,0.7812,16,0.3527,1.7249,0.028012,109.1052,8.8586,6.2667,0.0539,9818135788.0,16,0.031907,35.89,-14.26,-14.26,1,1,9.9765
66970,엘앤에프,2023-03-27,276600,297000,KOSPI,49696,7.3753,4.4898,0.5686,209,0.9382,1.7231,-0.000124,73.2789,27.5168,-0.5937,0.2122,609794000000.0,209,0.065416,13.47,-3.37,-3.37,1,1,0.9794
51980,중앙첨단소재,2023-03-27,2150,2610,KOSDAQ,2755,21.3953,4.7974,1.0,27,1.0,1.3744,0.111145,565.8163,39.7881,6.2667,0.4125,7868318393.0,550,0.071237,124.14,0.38,82.76,1,1,9.9765
271560,오리온,2023-03-27,133500,134500,KOSPI,46574,0.7491,0.5251,0.9032,4,0.3028,0.8785,0.033383,58.0494,7.002,-0.5937,0.0398,11339394960.0,521,0.021668,7.73,-1.26,4.76,0,1,0.9794
22100,포스코DX,2023-03-28,7140,8640,KOSPI,57393,21.0084,59.2079,0.943,25,0.8603,6.8564,0.011172,72.973,25.9016,1.3444,0.2767,107416000000.0,537,0.048363,96.06,0.69,66.67,1,1,2.0983
29480,광무,2023-03-28,5150,5220,KOSDAQ,1368,1.3592,16.0738,0.5119,242,0.468,6.1274,-0.013126,94.4134,78.2872,6.8192,0.654,37304131628.0,329,0.401615,27.78,-15.13,-1.72,1,1,10.7803
189300,인텔리안테크,2023-03-28,87128,91000,KOSDAQ,10529,4.444,2.6142,0.9854,247,0.5088,1.3525,0.00039,71.5331,8.9437,6.8192,0.1066,16586793808.0,303,0.046428,-0.21,-28.72,-24.68,0,1,10.7803
60370,LS마린솔루션,2023-03-28,6073,6091,KOSDAQ,15410,0.2964,1.4109,1.0,151,0.3085,1.7781,0.009173,44.3023,12.4252,6.8192,0.0952,1974511381.0,447,0.051458,-0.59,-9.95,-8.08,0,1,10.7803
7660,이수페타시스,2023-03-28,9161,10318,KOSPI,81558,12.6296,8.0903,0.8116,21,0.7274,1.6529,0.023535,122.8991,14.9935,1.3444,0.1887,145514000000.0,21,0.062851,0.66,-18.01,-18.01,0,1,2.0983
36810,에프에스티,2023-03-28,22806,23052,KOSDAQ,9452,1.0787,0.8512,0.9133,243,0.6172,0.8637,0.011459,115.1377,6.464,6.8192,0.1016,11047370038.0,523,0.047941,14.29,-4.69,-4.69,1,1,10.7803
78150,HB테크놀러지,2023-03-28,2635,2640,KOSDAQ,1910,0.1898,51.8652,0.6952,233,0.805,8.4854,-0.010868,51.7241,26.3124,6.8192,0.2775,30775704146.0,482,0.055574,6.44,-5.87,-5.87,0,1,10.7803
140860,파크시스템스,2023-03-28,143600,145300,KOSDAQ,19240,1.1838,1.0658,0.8108,23,0.6062,1.0705,0.026032,62.71,0.1764,6.8192,0.0728,5632016340.0,307,0.037115,8.53,-1.65,-1.31,0,1,10.7803
90360,로보스타,2023-03-28,42100,43400,KOSDAQ,8063,3.0879,3.0744,0.0312,1,0.617,1.655,0.065604,162.2356,23.7071,6.8192,0.202,101685000000.0,1,0.078012,3.69,-23.73,-23.73,0,1,10.7803
88130,동아엘텍,2023-03-28,5000,5195,KOSDAQ,1084,3.9,12.1606,1.0,247,0.7552,1.5861,-0.00484,72.5914,19.5799,6.8192,0.2514,5433953246.0,417,0.034649,-0.96,-14.44,-14.44,0,1,10.7803
204620,글로벌텍스프리,2023-03-29,3186,3334,KOSDAQ,3300,4.6453,5.2863,0.87,34,0.7372,1.5235,0.011517,66.0359,5.5307,6.6119,0.2132,7941032726.0,446,0.046641,13.83,-7.95,-4.83,1,1,12.1914
171090,선익시스템,2023-03-29,36950,38400,KOSDAQ,5613,3.9242,4.3064,0.5106,1,0.6677,1.7234,0.053965,196.5251,25.574,6.6119,0.3522,75560036020.0,1,0.063523,6.25,-18.23,-14.84,0,1,12.1914
336570,원텍,2023-03-29,6240,6340,KOSDAQ,8268,1.6026,7.4086,0.5614,14,1.0,1.3352,0.049634,168.0761,-0.9453,6.6119,0.1031,18636162126.0,14,0.066246,8.68,-2.37,-2.37,0,1,12.1914
51360,토비스,2023-03-29,11930,11980,KOSDAQ,2268,0.4191,1.8915,0.8095,25,0.7449,0.6982,0.012265,51.4539,2.2972,6.6119,0.0869,1723208868.0,25,0.043942,0.08,-13.36,-12.27,0,1,12.1914
15750,성우하이텍,2023-03-29,7400,7840,KOSDAQ,6144,5.9459,6.2315,0.9487,25,0.9533,1.6443,0.035228,98.481,6.8468,6.6119,0.1426,87132808898.0,538,0.057034,28.32,-6.12,15.43,1,1,12.1914
355150,코스텍시스,2023-03-29,18350,19500,KOSDAQ,1082,6.267,1.5953,0.9079,29,0.7744,0.4052,0.052561,104.9396,13.573,6.6119,0.2229,1775705315.0,29,0.051645,-0.77,-25.26,-25.26,0,1,12.1914
237880,클리오,2023-03-29,21800,22050,KOSDAQ,2340,1.1468,1.6028,0.9259,234,0.5158,1.3271,0.012454,80.0,13.225,6.6119,0.1159,3325820640.0,443,0.042598,9.3,-4.08,-3.4,0,1,12.1914
161580,필옵틱스,2023-03-29,10420,10700,KOSDAQ,12474,2.6871,2.7095,0.3956,16,0.7979,1.2551,0.014466,60.1796,12.0134,6.6119,0.1263,6548405504.0,539,0.059413,1.87,-16.54,-16.54,0,1,12.1914
101330,모베이스,2023-03-30,3780,4130,KOSDAQ,1470,9.2593,15.5517,0.7838,247,0.8957,2.2967,-0.000984,75.0,6.6822,8.04,0.1719,3970715085.0,491,0.061052,20.94,-5.45,-3.51,1,1,13.0753
145720,덴티움,2023-03-30,130500,130600,KOSPI,5103,0.0766,2.4196,0.7448,31,0.8966,0.8696,0.051934,100.3067,0.1194,1.0425,0.0843,12012374480.0,31,0.047801,19.07,6.74,13.86,1,1,2.9323
1570,금양,2023-03-30,77800,79000,KOSPI,6333,1.5424,0.3844,0.4,3,0.3144,1.1507,0.293845,1718.1818,83.1067,1.0425,0.3631,246834000000.0,3,0.085805,13.29,-25.44,-16.2,1,1,2.9323
220260,켐트로스,2023-03-30,12100,12370,KOSDAQ,1660,2.2314,8.8335,0.1558,134,0.7172,3.1468,0.016696,93.2812,41.5368,8.04,0.1854,70509377782.0,363,0.078185,3.56,-19.08,-16.9,0,1,13.0753
79370,제우스,2023-03-30,10966,12300,KOSDAQ,5751,12.1649,8.5858,0.8663,87,0.591,2.3159,0.011665,87.3287,20.7558,8.04,0.2748,16093411440.0,87,0.05565,-5.97,-22.23,-22.09,0,1,13.0753
200710,에이디테크놀로지,2023-03-30,24450,24600,KOSDAQ,4812,0.6135,2.7755,0.4706,21,0.3709,1.5483,0.026688,104.1494,-5.7531,8.04,0.1075,34203734150.0,538,0.071487,-6.5,-24.19,-23.17,0,1,13.0753
33790,피노,2023-03-30,829,1273,KOSDAQ,3456,53.5585,0.0,0.0806,250,1.0,1.0,0.002678,53.5585,45.5185,8.04,0.4955,1903660240.0,554,0.664796,75.18,-5.81,32.99,1,1,13.0753
10690,화신,2023-03-30,11850,12590,KOSPI,3143,6.2447,6.0487,0.5597,137,0.6757,1.4248,0.020264,81.4121,27.0348,1.0425,0.1499,19623562212.0,137,0.05906,22.95,-2.38,13.11,1,1,2.9323
200880,서연이화,2023-03-30,12980,13260,KOSPI,4068,2.1572,2.2674,0.6346,16,0.9416,0.7981,0.045938,114.2165,14.4627,1.0425,0.1068,5643484506.0,16,0.05306,16.97,0.6,13.05,1,1,2.9323
91810,티웨이항공,2023-03-30,3420,3424,KOSPI,4526,0.117,0.9308,0.391,243,0.5553,0.9777,0.027042,138.1085,8.7363,1.0425,0.1032,8790311691.0,445,0.047626,1.55,-11.54,-8.62,0,1,2.9323
5389,현대차3우B,2023-03-31,91200,91300,KOSPI,5760,0.1096,2.6442,1.0,170,0.9318,0.9614,-0.000673,25.7576,0.7426,1.8416,0.0222,998854160.0,542,0.015412,16.1,-0.11,14.57,1,1,3.9327
12030,DB,2023-03-31,1587,1685,KOSPI,3515,6.1752,14.755,0.0566,21,0.8934,2.9445,0.054859,141.404,6.9382,1.8416,0.1862,47334434226.0,21,0.070242,69.44,3.86,7.48,1,1,3.9327
241560,두산밥캣,2023-03-31,43500,43700,KOSPI,55405,0.4598,0.8376,0.6471,238,0.7231,0.6143,0.008509,54.9645,8.5119,1.8416,0.0787,13378118020.0,453,0.033263,17.16,-4.46,17.16,1,1,3.9327
4370,농심,2023-03-31,368000,379000,KOSPI,24574,2.9891,1.6992,0.9286,24,0.7027,0.7502,0.02561,43.2892,3.8766,1.8416,0.061,5072197300.0,24,0.023276,4.62,-1.85,4.62,0,1,3.9327
101490,에스앤에스텍,2023-03-31,39250,40450,KOSDAQ,17687,3.0573,2.2348,0.5345,2,0.4068,1.5878,0.039446,118.0593,13.3501,5.6205,0.1447,29812313390.0,555,0.057478,19.16,-2.47,10.38,1,1,12.6678
2350,넥센타이어,2023-03-31,8220,8640,KOSPI,7667,5.1095,3.6284,0.9565,136,0.8151,1.3628,0.019852,65.8349,13.3584,1.8416,0.1316,3251124822.0,433,0.040096,3.94,-6.02,-4.75,0,1,3.9327
5490,POSCO홀딩스,2023-03-31,346000,368000,KOSPI,275577,6.3584,5.6808,0.5636,28,0.8581,1.5059,0.01579,74.4076,9.0017,1.8416,0.1171,481428000000.0,468,0.038238,15.08,-1.49,2.45,1,1,3.9327
274090,켄코아에어로스페이스,2023-03-31,17540,17970,KOSDAQ,3688,2.4515,1.889,0.4254,23,0.7462,0.7249,0.003495,77.0443,10.9165,5.6205,0.1237,10897655862.0,428,0.051117,7.12,-9.46,-9.46,0,1,12.6678
36620,감성코퍼레이션,2023-04-03,2200,2215,KOSDAQ,6091,0.6818,4.7069,0.7105,41,0.9375,0.9037,0.021833,65.9176,3.0768,4.7091,0.1021,1616460241.0,360,0.037214,36.79,5.64,29.57,1,1,13.6331
78600,대주전자재료,2023-04-03,102900,107400,KOSDAQ,11703,4.3732,4.6156,0.4298,20,0.5487,1.9351,0.007275,72.3917,-0.3359,4.7091,0.1426,71242633160.0,333,0.05407,22.91,-9.5,-8.29,1,1,13.6331
4690,삼천리,2023-04-03,515000,518000,KOSPI,5616,0.5825,0.934,0.6,6,0.5904,0.8819,0.119682,398.0769,4.6763,0.3947,0.025,11185551200.0,6,0.019236,0.39,-75.97,-72.72,0,1,3.7476
33100,제룡전기,2023-04-03,13100,14000,KOSDAQ,7003,6.8702,2.7056,1.0,21,0.9383,0.8579,0.072055,179.4411,2.4065,4.7091,0.1327,4628776206.0,21,0.045816,18.14,-7.14,15.5,1,1,13.6331
79810,디이엔티,2023-04-03,16719,16854,KOSDAQ,1145,0.8075,0.8996,0.9317,5,0.312,1.0998,0.088399,201.9348,15.0267,4.7091,0.1493,7246042372.0,5,0.076637,9.87,-8.53,-5.6,0,1,13.6331
5420,코스모화학,2023-04-03,51461,63760,KOSPI,6130,23.8997,2.9229,1.0,18,0.6213,1.0463,0.146027,421.853,29.8553,0.3947,0.36,166610000000.0,18,0.074737,37.96,-10.34,-4.94,1,1,3.7476
990,DB하이텍,2023-04-03,74900,75400,KOSPI,44984,0.6676,3.331,0.7358,250,0.6084,2.6652,-0.033216,108.2873,62.4563,0.3947,0.4113,342211000000.0,295,0.066455,3.05,-20.16,-20.16,0,1,3.7476
2200,한국수출포장,2023-04-03,3705,3725,KOSPI,1264,0.5398,1.9495,0.8889,28,1.0,0.665,0.034838,77.381,11.2995,0.3947,0.0789,505394920.0,28,0.029818,-2.95,-14.23,-8.99,0,1,3.7476
126340,비나텍,2023-04-03,47809,54949,KOSDAQ,6653,14.9344,10.5865,0.7834,150,0.8232,2.8769,0.013967,71.6513,34.5257,4.7091,0.2911,10270030278.0,150,0.051528,32.53,-6.28,14.98,1,1,13.6331
1040,CJ,2023-04-03,104300,106800,KOSPI,61709,2.3969,1.6319,0.9286,1,0.568,1.2913,0.019013,57.5221,17.097,0.3947,0.0924,8914666180.0,547,0.024612,7.58,-14.42,-14.42,0,1,3.7476
5387,현대차2우B,2023-04-03,96000,96200,KOSPI,89857,0.2083,0.5872,1.0,230,0.7636,0.4981,0.003347,30.1759,1.4042,0.3947,0.0187,5654565420.0,543,0.018043,17.46,-1.87,16.01,1,1,3.7476
264660,씨앤지하이테크,2023-04-03,13077,13483,KOSDAQ,1686,3.1047,4.8844,0.9535,209,0.7258,1.5042,-0.003477,30.2328,5.6716,4.7091,0.0983,440751847.0,410,0.020836,0.22,-6.1,-4.48,0,1,13.6331
17390,서울가스,2023-04-03,497000,498000,KOSPI,3205,0.2012,0.8183,0.625,6,0.2039,0.8947,0.086562,172.1311,2.18,0.3947,0.0179,5622518100.0,6,0.018646,0.3,-77.43,-77.43,0,1,3.7476
121600,나노신소재,2023-04-03,153300,175700,KOSDAQ,8206,14.6119,4.8988,0.8859,20,0.763,1.5403,0.066578,187.0915,9.9028,4.7091,0.2102,156174000000.0,20,0.06716,5.18,-18.38,-12.81,0,1,13.6331
182360,큐브엔터,2023-04-03,23950,25650,KOSDAQ,1941,7.0981,1.6325,1.0,248,0.5646,1.0021,0.031491,120.1717,20.1085,4.7091,0.2216,13853943850.0,339,0.053467,4.09,-13.65,-1.75,0,1,13.6331
352480,씨앤씨인터내셔널,2023-04-04,39400,39500,KOSDAQ,4859,0.2538,0.894,0.6061,4,0.3476,0.7348,0.061884,136.5269,16.0882,5.0775,0.0965,3447391820.0,4,0.051808,4.3,-7.85,2.91,0,1,13.8844
103590,일진전기,2023-04-04,7147,7421,KOSPI,28516,3.8338,16.34,0.7809,186,0.6485,2.6075,-0.00755,93.861,48.5592,0.6966,0.3113,42705594148.0,421,0.061438,3.18,-11.47,-5.73,0,1,4.0832
179290,엠아이텍,2023-04-04,13890,15770,KOSDAQ,2327,13.5349,7.4188,1.0,22,0.7103,1.3884,0.023554,87.7381,14.8465,5.0775,0.2178,12141871260.0,22,0.044615,-5.2,-14.71,-7.48,0,1,13.8844
3120,일성아이에스,2023-04-04,29698,30539,KOSPI,3199,2.8318,1.3479,0.8729,23,0.5054,0.5881,0.066119,107.1986,12.6837,0.6966,0.0798,1649752697.0,23,0.044213,9.97,-15.52,-11.92,0,1,4.0832
9420,한올바이오파마,2023-04-04,19750,20200,KOSPI,25937,2.2785,2.0164,0.858,248,0.5183,0.9171,0.00424,59.0551,4.293,0.6966,0.1431,6619828332.0,555,0.039038,16.09,0.5,0.74,1,1,4.0832
42600,새로닉스,2023-04-04,42450,46150,KOSDAQ,1714,8.7161,5.3855,0.3552,1,0.7274,2.4573,0.023181,209.7315,44.7602,5.0775,0.4734,49205653690.0,1,0.085049,43.66,-8.45,-8.45,1,1,13.8844
114840,아이패밀리에스씨,2023-04-04,8377,8392,KOSDAQ,2785,0.1791,2.0021,0.7222,235,0.4723,1.2717,-0.003607,89.3929,17.4156,5.0775,0.1787,2682733671.0,235,0.052031,27.54,0.24,27.54,1,1,13.8844
36830,솔브레인홀딩스,2023-04-05,30000,34000,KOSDAQ,10545,13.3333,8.3708,1.0,250,0.7849,2.5534,0.00631,86.3014,11.705,7.1761,0.2624,8838450340.0,542,0.044748,-0.44,-22.21,-14.41,0,1,15.8472
250,삼천당제약,2023-04-05,81800,85000,KOSDAQ,109312,3.912,2.3117,0.7465,6,0.2312,2.5136,0.05642,205.2065,46.5309,7.1761,0.3003,77141581980.0,558,0.065042,15.29,-23.06,-23.06,1,1,15.8472
101670,하이드로리튬,2023-04-05,49750,50400,KOSDAQ,1367,1.3065,0.8627,0.4318,2,0.6731,1.8941,0.232589,2856.0117,46.4824,7.1761,0.6005,259138000000.0,2,0.093821,6.55,-33.23,-33.23,0,1,15.8472
66700,테라젠이텍스,2023-04-05,5560,5740,KOSDAQ,1074,3.2374,48.5757,0.8065,250,0.8489,5.9026,-0.004168,55.1351,7.6239,7.1761,0.2036,12555151561.0,557,0.052887,-2.44,-11.15,-7.49,0,1,15.8472
86520,에코프로,2023-04-05,98004,101045,KOSDAQ,219414,3.1029,0.9419,0.8947,2,0.2554,0.997,0.293528,700.9909,47.0157,7.1761,0.1842,691496000000.0,2,0.089804,49.32,1.36,32.62,1,1,15.8472
338220,뷰노,2023-04-05,16650,18950,KOSDAQ,2842,13.8138,4.0246,0.839,12,0.7518,0.9713,0.066522,273.7673,27.0307,7.1761,0.247,14302914946.0,521,0.073012,18.21,-12.51,-6.97,1,1,15.8472
5385,현대차우,2023-04-05,94700,94900,KOSPI,59053,0.2112,0.6044,1.0,230,0.5185,0.7696,0.001684,28.2432,-2.1796,2.6029,0.0237,3678834000.0,552,0.014752,14.33,-1.37,14.33,1,1,4.6904
2710,TCC스틸,2023-04-05,25000,27800,KOSPI,4270,11.2,3.0292,0.8318,2,0.4284,2.0978,0.080664,258.7097,77.4489,2.6029,0.3261,43437682060.0,2,0.089825,68.71,4.14,36.15,1,1,4.6904
131400,이브이첨단소재,2023-04-05,3930,4080,KOSDAQ,1135,3.8168,11.4118,0.4105,131,0.8686,3.6005,-0.048935,182.7443,99.4062,7.1761,0.9788,123594000000.0,438,0.084594,237.25,2.08,66.91,1,1,15.8472
348150,고바이오랩,2023-04-05,18800,19060,KOSDAQ,1188,1.383,34.4412,0.6105,248,0.7497,6.6251,-0.009542,88.7129,19.8906,7.1761,0.3291,59357318146.0,556,0.082034,5.72,-32.58,-31.74,0,1,15.8472
311690,CJ 바이오사이언스,2023-04-06,36774,37741,KOSDAQ,1103,2.6296,44.4757,0.4017,250,0.9076,8.149,-0.016732,66.7963,41.9091,6.9647,0.475,14462111947.0,421,0.052889,5.7,-27.59,-23.63,0,1,14.8958
12320,경동인베스트,2023-04-06,134500,142700,KOSPI,1412,6.0967,5.2919,1.0,88,0.7299,1.8812,0.099438,406.0284,35.8166,1.6593,0.423,29273734180.0,88,0.07268,9.32,-29.57,-29.57,0,1,3.1768
83930,아바코,2023-04-06,17400,20600,KOSDAQ,2221,18.3908,42.8122,0.8656,105,0.7137,5.8282,0.029297,106.2062,28.5616,6.9647,0.2798,50643229678.0,544,0.05742,1.94,-17.77,-13.45,0,1,14.8958
24850,HLB이노베이션,2023-04-06,3360,3965,KOSDAQ,3775,18.006,6.5626,1.0,23,0.8092,1.28,0.152404,335.236,20.9385,6.9647,0.3045,23252814525.0,23,0.062331,36.44,-11.73,15.51,1,1,14.8958
263860,지니언스,2023-04-07,11090,11150,KOSDAQ,1667,0.541,2.0069,0.9429,27,0.6117,0.8778,0.011761,65.1852,-3.661,11.599,0.0969,785143576.0,326,0.035298,1.35,-10.31,-2.69,0,1,16.7339
11690,와이투솔루션,2023-04-07,6000,6015,KOSPI,2048,0.25,2.2151,0.8138,250,0.8868,2.134,-0.02313,113.6767,26.7593,4.0015,0.2342,9136373221.0,560,0.077604,47.8,-2.83,-1.33,1,1,4.4632
78520,에이블씨엔씨,2023-04-07,7780,8230,KOSPI,2750,5.7841,1.913,0.9273,15,0.4052,0.8276,0.010489,93.6471,8.7382,4.0015,0.1116,1064633006.0,446,0.057455,7.65,-0.97,4.13,0,1,4.4632
44990,에이치엔에스하이텍,2023-04-07,15470,15550,KOSDAQ,1238,0.5171,2.6323,0.9583,23,0.9174,1.2991,0.015562,27.9835,-7.516,11.599,0.1066,236663706.0,23,0.023243,12.54,1.61,1.61,1,1,16.7339
33160,엠케이전자,2023-04-07,16150,16380,KOSDAQ,2253,1.4241,9.0557,0.6883,239,0.6535,1.3582,0.010015,75.9398,8.401,11.599,0.0987,36159786198.0,390,0.050366,5.43,-18.5,-14.53,0,1,16.7339
41830,인바디,2023-04-10,31500,31750,KOSDAQ,4348,0.7937,0.7883,0.8947,241,0.6019,0.6641,0.012609,76.8802,-2.4833,12.5353,0.0849,4597618390.0,428,0.044207,0.79,-12.76,-12.28,0,1,17.6711
51915,LG화학우,2023-04-10,335000,341500,KOSPI,11533,1.9403,2.8243,0.7674,101,0.513,1.2226,0.011239,46.5665,8.4965,4.2097,0.112,9076798400.0,548,0.03127,29.43,7.47,7.47,1,1,5.3494
86900,메디톡스,2023-04-10,243500,254500,KOSDAQ,9379,4.5175,1.265,0.9,27,0.6371,0.7955,0.085497,162.0038,12.5261,12.5353,0.1399,58263118400.0,27,0.055852,5.5,-8.25,-3.34,0,1,17.6711
9520,포스코엠텍,2023-04-10,22750,25000,KOSDAQ,8270,9.8901,1.0283,0.6377,8,0.3978,0.9965,0.140045,378.9272,109.6869,12.5353,0.4478,106278000000.0,8,0.0978,31.2,-17.6,-17.6,1,1,17.6711
91580,상신이디피,2023-04-10,26100,26550,KOSDAQ,1973,1.7241,3.9696,0.8077,24,0.9052,1.5547,0.048678,99.6241,-1.2146,12.5353,0.1088,61071163250.0,24,0.077616,6.21,-23.16,-23.16,0,1,17.6711
51910,LG화학,2023-04-10,740000,750000,KOSPI,209306,1.3514,1.9587,0.6667,89,0.6452,1.0653,0.023189,61.987,0.2471,4.2097,0.0575,198099000000.0,537,0.033238,10.0,-5.47,-5.47,1,1,5.3494
128940,한미약품,2023-04-10,312191,318867,KOSPI,59763,2.1384,3.7225,0.825,188,0.8802,2.2617,-0.010306,46.4285,23.9955,4.2097,0.2083,49889746206.0,543,0.035604,3.23,-5.85,-5.85,0,1,5.3494
5950,이수화학,2023-04-10,26450,27500,KOSPI,2369,3.9698,1.2249,0.7674,10,0.3766,0.7721,0.144107,316.6667,62.9635,4.2097,0.231,99042528450.0,10,0.083836,1.45,-24.55,-24.55,0,1,5.3494
161000,애경케미칼,2023-04-10,11300,12090,KOSPI,4884,6.9912,45.9075,1.0,141,0.8636,5.9582,-0.008411,56.4036,43.4093,4.2097,0.393,25658283550.0,370,0.036925,76.59,14.06,76.59,1,1,5.3494
12200,계양전기,2023-04-11,2400,2410,KOSPI,2175,0.4167,1.5464,1.0,51,0.575,0.9266,0.002875,44.3114,5.4809,8.4671,0.0864,210276430.0,424,0.032602,1.24,-6.43,-1.04,0,1,6.804
13310,아진산업,2023-04-11,3476,3523,KOSDAQ,1300,1.3521,6.3234,0.9007,225,0.5351,2.1229,0.002673,61.977,10.273,18.5858,0.1506,9824357019.0,539,0.051904,29.07,-4.14,29.07,1,1,19.0304
38110,에코플라스틱,2023-04-11,4690,5660,KOSDAQ,1291,20.6823,9.7323,0.9108,5,0.8195,2.4319,0.04386,141.6738,24.669,18.5858,0.3249,112880000000.0,391,0.068236,28.0,3.94,23.39,1,1,19.0304
204270,제이앤티씨,2023-04-11,7910,8000,KOSDAQ,13132,1.1378,1.4005,0.8478,24,0.619,0.9959,0.029253,79.3722,0.9956,18.5858,0.0919,1950778208.0,554,0.065536,10.75,-0.62,10.38,1,1,19.0304
219130,타이거일렉,2023-04-11,23300,23800,KOSDAQ,2295,2.1459,2.3001,0.9459,139,0.657,2.3201,0.012593,83.0769,9.9933,18.5858,0.1823,1478641030.0,139,0.048049,6.93,-6.3,-1.05,0,1,19.0304
125210,아모그린텍,2023-04-11,17500,18910,KOSDAQ,1161,8.0571,19.0596,1.0,137,0.7491,2.7687,0.015908,77.5587,26.5408,18.5858,0.2414,38089148306.0,360,0.048652,7.09,-17.66,-2.17,0,1,19.0304
6405,삼성SDI우,2023-04-11,338287,356117,KOSPI,3168,5.2707,9.4472,0.7637,25,0.7895,2.0971,0.013521,41.3,5.4003,8.4671,0.1071,4912025642.0,545,0.031703,4.47,-14.34,-14.34,0,1,6.804
7860,서연,2023-04-12,9020,9190,KOSPI,2475,1.8847,2.7743,0.7,211,0.6337,1.0562,0.002196,82.7038,-0.0728,7.1824,0.1084,3176404778.0,461,0.038784,3.59,-11.75,0.87,0,1,6.8676
7820,에스엠코어,2023-04-12,7450,8040,KOSDAQ,1180,7.9195,41.0762,0.6788,210,1.0,4.5572,0.000625,52.2727,7.4391,14.011,0.1665,13711622692.0,548,0.041311,-0.37,-14.18,-11.94,0,1,17.7913
39490,키움증권,2023-04-12,107100,107500,KOSPI,112832,0.3735,1.981,0.5357,33,0.6962,1.0517,0.009496,53.5714,5.3831,7.1824,0.0867,8361600220.0,558,0.02711,1.77,-17.21,-12.74,0,1,6.8676
3555,LG우,2023-04-12,65000,67400,KOSPI,2063,3.6923,13.6069,0.6456,213,0.8772,1.8852,-0.001591,14.6259,1.1778,7.1824,0.0937,1772563400.0,432,0.023103,1.78,-3.41,-1.04,0,1,6.8676
5710,대원산업,2023-04-12,6490,6700,KOSDAQ,2561,3.2357,3.878,0.7812,237,0.732,1.372,0.007218,36.5953,-4.175,14.011,0.0933,257426344.0,444,0.027932,2.54,-7.91,2.54,0,1,17.7913
9680,모토닉,2023-04-12,9370,9640,KOSPI,2934,2.8815,4.7849,0.9778,250,0.6566,1.5641,0.00534,30.9783,1.6213,7.1824,0.0745,324164488.0,559,0.019413,-0.41,-8.51,-2.8,0,1,6.8676
64960,SNT모티브,2023-04-12,27879,28650,KOSPI,9130,2.7655,4.2943,0.9212,242,0.6886,1.1393,0.005053,32.4855,3.9288,7.1824,0.1058,2242179999.0,549,0.025203,1.54,-8.27,-3.27,0,1,6.8676
228760,지노믹트리,2023-04-12,14150,15210,KOSDAQ,5467,7.4912,12.9201,0.8802,187,0.7111,2.8937,-0.010443,77.6869,21.0689,14.011,0.2745,12845524542.0,486,0.06415,-4.67,-20.51,-15.38,0,1,17.7913
3550,LG,2023-04-12,90900,93500,KOSPI,135715,2.8603,4.8677,0.6457,19,0.9345,1.1585,0.008696,33.7625,-1.6519,7.1824,0.0995,43089077780.0,484,0.027884,-0.53,-8.13,-5.45,0,1,6.8676
12330,현대모비스,2023-04-12,230500,232000,KOSPI,398316,0.6508,3.3493,0.85,171,0.9149,1.2441,0.003842,21.466,-1.2463,7.1824,0.0751,69391992400.0,550,0.020936,2.37,-6.25,-3.02,0,1,6.8676
83310,엘오티베큠,2023-04-12,15100,15370,KOSDAQ,2383,1.7881,13.2524,1.0,241,0.7526,2.3561,0.000211,77.6879,15.2573,14.011,0.1837,3574830142.0,563,0.042941,5.4,-7.61,4.42,0,1,17.7913
103140,풍산,2023-04-12,38900,40400,KOSPI,32957,3.856,2.5843,0.8056,28,0.6731,1.0893,0.028202,71.5499,0.839,7.1824,0.0808,11762253350.0,476,0.029791,13.12,0.99,2.35,1,1,6.8676
430,대원강업,2023-04-12,3800,3875,KOSPI,2620,1.9737,8.3394,0.6383,73,0.64,1.6797,0.007871,56.5657,7.8028,7.1824,0.1251,1407230901.0,539,0.03023,23.87,0.13,23.87,1,1,6.8676
6110,삼아알미늄,2023-04-12,80200,80600,KOSPI,4458,0.4988,1.8033,0.234,2,0.6283,0.6991,0.171652,399.0712,42.0769,7.1824,0.1291,51655503560.0,2,0.087646,19.85,-15.01,-11.04,1,1,6.8676
118990,모트렉스,2023-04-12,20400,21850,KOSDAQ,2340,7.1078,10.6894,0.6275,208,0.8855,1.9961,0.029359,118.5437,15.1261,14.011,0.1957,102285000000.0,208,0.045603,2.97,-13.04,-6.18,0,1,17.7913
123040,엠에스오토텍,2023-04-12,5900,5920,KOSDAQ,1359,0.339,7.0739,0.9524,249,0.9011,1.8292,0.008709,52.5773,-3.9739,14.011,0.0911,3209199048.0,532,0.037765,5.91,-3.04,5.91,0,1,17.7913
314130,지놈앤컴퍼니,2023-04-13,14675,14925,KOSDAQ,2838,1.7036,4.3028,0.4804,1,0.6049,3.3254,0.009243,93.2039,60.511,14.3571,0.3922,22463036410.0,564,0.080689,0.67,-41.11,-40.67,0,1,18.1589
18250,애경산업,2023-04-13,21250,21500,KOSPI,3285,1.1765,3.4539,0.9375,73,0.8434,2.6295,0.011376,100.0,16.1919,7.7274,0.1771,7734562216.0,462,0.041262,13.02,-2.56,13.02,1,1,7.2854
119610,인터로조,2023-04-13,25012,25879,KOSDAQ,2044,3.4663,2.2587,0.8542,244,0.5164,1.915,0.006039,49.1671,5.9767,14.3571,0.1499,3018478711.0,244,0.03831,4.05,-6.14,1.12,0,1,18.1589
10120,LS ELECTRIC,2023-04-13,61300,62100,KOSPI,157500,1.3051,1.2794,0.8182,158,1.0,0.9358,0.009766,42.268,4.5692,7.7274,0.0917,14346482620.0,561,0.032551,7.41,0.0,3.22,0,1,7.2854
100,유한양행,2023-04-13,55938,56659,KOSPI,83727,1.2889,2.7402,0.8334,238,0.7017,1.8167,-0.003953,18.1651,9.0375,7.7274,0.1291,26974901653.0,564,0.021779,-1.18,-5.41,-2.7,0,1,7.2854
147830,제룡산업,2023-04-13,3740,3780,KOSDAQ,1408,1.0695,1.3335,0.7222,8,1.0,1.2782,0.015749,45.3846,-8.3263,14.3571,0.0382,257154197.0,386,0.027589,17.2,1.19,12.43,1,1,18.1589
35900,JYP Ent.,2023-04-13,80000,80600,KOSDAQ,24908,0.75,3.0064,0.8723,26,0.4526,0.865,0.03316,69.863,1.1156,14.3571,0.0744,34487056060.0,26,0.033144,18.49,5.46,18.49,1,1,18.1589
17800,현대엘리베이터,2023-04-13,36800,37600,KOSPI,36708,2.1739,2.1213,1.0,249,0.418,3.6679,-0.002288,72.0824,39.4351,7.7274,0.234,21571401930.0,460,0.064495,11.97,-13.03,8.38,1,1,7.2854
270,기아,2023-04-13,86300,86600,KOSPI,585229,0.3476,0.975,1.0,229,0.6174,1.1171,6.8e-05,46.0371,1.7543,7.7274,0.0785,155249000000.0,540,0.024084,4.04,-4.5,3.93,0,1,7.2854
126600,BGF에코머티리얼즈,2023-04-13,8174,8544,KOSDAQ,2508,4.5265,12.3118,0.5415,226,0.5359,3.5273,0.005823,102.2727,51.8039,14.3571,0.2955,39533987304.0,348,0.085047,-0.44,-15.68,-15.68,0,1,18.1589
267260,HD현대일렉트릭,2023-04-13,45200,45500,KOSPI,301715,0.6637,5.7616,0.9381,30,0.9497,1.5299,0.049443,125.8065,6.0226,7.7274,0.1661,21236205880.0,30,0.039325,16.48,4.18,4.62,1,1,7.2854
3100,선광,2023-04-14,160500,163900,KOSDAQ,1346,2.1184,2.1832,0.8429,19,1.0,1.1241,0.066607,136.8497,-9.8776,13.3498,0.0313,6482182540.0,19,0.018391,2.32,-83.22,-83.22,0,1,19.321
73240,금호타이어,2023-04-14,4490,4520,KOSPI,16632,0.6682,2.4656,0.9,227,0.705,1.5973,-0.008678,66.7897,33.6915,7.3382,0.2536,4533623989.0,444,0.042509,15.71,-3.98,5.64,1,1,7.6589
293580,나우IB,2023-04-14,1458,1486,KOSDAQ,1744,1.9204,7.8921,0.7386,49,0.6,1.7759,0.029057,129.321,7.2671,13.3498,0.2185,3239913000.0,498,0.041482,-10.5,-18.71,-16.55,0,1,19.321
3670,포스코퓨처엠,2023-04-14,300487,331990,KOSPI,193458,10.484,2.1447,0.8861,3,0.6176,1.0598,0.086787,232.5254,28.3052,7.3382,0.219,523442000000.0,3,0.049947,20.88,-12.26,-9.49,1,1,7.6589
25820,이구산업,2023-04-14,4840,4945,KOSPI,1813,2.1694,7.1005,0.4417,8,0.3901,4.625,0.012717,105.1867,48.9019,7.3382,0.2391,42094414304.0,257,0.082045,41.15,-6.57,-6.57,1,1,7.6589
860,강남제비스코,2023-04-14,13155,13205,KOSPI,2174,0.3801,6.5134,0.4864,245,0.7464,3.5717,-0.002676,35.7282,24.0026,7.3382,0.1923,5293032740.0,431,0.059674,9.66,-10.23,-8.52,0,1,7.6589
95720,웅진씽크빅,2023-04-14,3300,3420,KOSPI,1336,3.6364,5.0059,0.5294,26,0.8526,0.908,0.013919,59.0698,9.7851,7.3382,0.127,8006099953.0,497,0.045426,1.46,-14.04,-13.16,0,1,7.6589
5160,동국산업,2023-04-14,8400,8640,KOSDAQ,1484,2.8571,1.1218,0.8977,3,0.7067,2.3035,0.083486,219.4085,38.2291,13.3498,0.3199,116390000000.0,3,0.089864,24.42,-27.66,-27.66,1,1,19.321
1430,세아베스틸지주,2023-04-14,25400,25500,KOSPI,25462,0.3937,1.1648,0.3913,26,0.5897,0.7558,0.038776,83.4532,16.7494,7.3382,0.0825,10828701070.0,477,0.053081,2.94,-10.78,-9.22,0,1,7.6589
6220,제주은행,2023-04-17,23750,24700,KOSPI,6581,4.0,0.9438,0.7377,39,0.4195,0.4575,0.164176,497.3398,38.8435,8.2679,0.1296,23697249920.0,39,0.078369,8.5,-31.54,-31.54,0,1,7.8092
281740,레이크머티리얼즈,2023-04-17,12200,12880,KOSDAQ,17419,5.5738,3.1571,0.4121,3,0.8539,2.3767,0.088065,214.9144,53.0326,13.3757,0.3574,299337000000.0,3,0.095552,25.7,-0.54,-0.54,1,1,19.9574
58430,포스코스틸리온,2023-04-17,55100,60400,KOSPI,2391,9.6189,7.3552,1.0,244,0.7478,2.3963,0.001694,130.5344,73.1135,8.2679,0.504,32562835290.0,446,0.066048,16.56,-27.15,-26.49,1,1,7.8092
214450,파마리서치,2023-04-17,97300,98700,KOSDAQ,43688,1.4388,2.3628,0.5536,249,0.509,2.8471,0.007497,77.8378,24.6662,13.3757,0.233,19550124220.0,404,0.049501,20.26,-1.22,20.26,1,1,19.9574
15590,DKME,2023-04-17,489,504,KOSPI,1220,3.0675,5.2018,0.8,238,0.7853,3.5648,-0.009575,63.1068,29.8143,8.2679,0.302,2858230824.0,503,0.046769,64.68,-11.31,57.74,1,1,7.8092
1340,PKC,2023-04-17,6756,6767,KOSPI,2664,0.1628,5.1135,1.0,235,0.6456,1.2992,0.004823,50.6456,12.8092,8.2679,0.1372,5403619802.0,425,0.035646,21.38,0.35,12.07,1,1,7.8092
1390,KG케미칼,2023-04-17,10280,10580,KOSPI,3819,2.9183,4.5536,0.9574,246,0.5099,1.7487,0.041021,165.1629,62.1025,8.2679,0.2822,103266000000.0,246,0.074001,17.77,-37.05,-31.66,1,1,7.8092
47050,포스코인터내셔널,2023-04-17,27750,30300,KOSPI,108017,9.1892,17.7326,0.7273,159,0.8739,4.1086,-0.000767,73.1429,38.1089,8.2679,0.3592,216240000000.0,159,0.043965,3.14,-11.55,-4.95,0,1,7.8092
42660,한화오션,2023-04-17,25008,25097,KOSPI,410594,0.3559,2.0934,0.7749,249,0.7413,0.9288,0.015028,60.5078,13.2378,8.2679,0.1277,16703643374.0,479,0.041223,5.49,-11.68,-10.26,0,1,7.8092
10580,에스엠벡셀,2023-04-17,2700,3020,KOSPI,2492,11.8519,48.4715,1.0,149,0.9591,5.4137,0.002044,84.1463,28.6935,8.2679,0.2914,11708260029.0,149,0.051561,30.79,-13.74,5.63,1,1,7.8092
5830,DB손해보험,2023-04-17,77800,78300,KOSPI,97346,0.6427,0.5928,0.7,32,0.8137,0.7919,0.016927,47.1805,2.4817,8.2679,0.0712,11211703780.0,32,0.03129,9.07,-3.96,-3.96,0,1,7.8092
112610,씨에스윈드,2023-04-17,79100,79200,KOSPI,16510,0.1264,1.4078,0.6429,98,0.6179,1.7303,0.029276,74.0659,4.875,8.2679,0.0899,49095764000.0,540,0.045364,6.19,-8.08,-2.65,0,1,7.8092
1740,SK네트웍스,2023-04-17,4890,4905,KOSPI,11241,0.3067,1.4498,0.8542,247,0.3099,1.3225,0.001116,31.3253,9.7826,8.2679,0.083,5827481823.0,460,0.034731,-1.12,-9.68,-8.66,0,1,7.8092
122870,와이지엔터테인먼트,2023-04-17,64000,64100,KOSDAQ,13102,0.1562,1.3395,0.2222,249,0.5366,1.1729,0.015183,59.6513,3.8089,13.3757,0.0943,33735674580.0,356,0.035101,42.43,-8.74,42.43,1,1,19.9574
44490,태웅,2023-04-17,13900,13930,KOSDAQ,5772,0.2158,1.7209,0.7604,156,0.5052,1.1952,0.032105,61.0405,8.8173,13.3757,0.1054,1094076050.0,565,0.045277,6.39,-5.1,-3.8,0,1,19.9574
5810,풍산홀딩스,2023-04-17,26040,29219,KOSPI,5623,12.2081,4.6378,0.906,19,0.8671,1.0517,0.02898,76.6886,11.9007,8.2679,0.1749,4254021566.0,19,0.035544,1.16,-20.37,-20.37,0,1,7.8092
00104K,CJ4우(전환),2023-04-18,82600,86100,KOSPI,7265,4.2373,5.6303,1.0,20,0.9375,1.4113,0.012493,37.1019,-3.414,7.6513,0.0638,1098044320.0,464,0.019993,-0.7,-17.19,-14.87,0,1,7.5641
8770,호텔신라,2023-04-18,85500,86500,KOSPI,18133,1.1696,2.1586,0.9211,68,0.3363,0.9474,0.010852,37.9585,6.0149,7.6513,0.0593,26020815040.0,467,0.020314,0.92,-10.17,-5.78,0,1,7.5641
69510,에스텍,2023-04-18,8800,8810,KOSDAQ,1612,0.1136,2.7586,1.0,88,0.8788,1.4186,0.012347,39.8413,-5.8303,13.2693,0.0798,88637312.0,463,0.019458,0.23,-9.65,-8.51,0,1,19.7782
4560,현대비앤지스틸,2023-04-18,19850,20050,KOSPI,2642,1.0076,7.3429,0.4068,247,0.5572,5.2289,-0.007098,99.5025,79.3823,7.6513,0.4613,56719087072.0,487,0.080691,-0.4,-25.94,-23.59,0,1,7.5641
1045,CJ우,2023-04-18,53400,54000,KOSPI,2186,1.1236,1.7669,1.0,245,0.9643,1.2321,0.004779,17.2638,-5.7645,7.6513,0.0272,112771260.0,465,0.017328,2.41,-5.93,-5.37,0,1,7.5641
277880,티에스아이,2023-04-18,13500,15580,KOSDAQ,1214,15.4074,12.8935,1.0,249,0.7933,2.3699,0.017894,96.4691,33.435,13.2693,0.2359,39875483798.0,374,0.065881,5.07,-28.05,-25.8,0,1,19.7782
12860,모베이스전자,2023-04-18,2000,2415,KOSDAQ,3047,20.75,30.3353,1.0,250,0.6743,4.9385,0.006984,101.25,42.0362,13.2693,0.4026,12029879256.0,560,0.059509,32.51,-2.28,21.74,1,1,19.7782
15890,태경산업,2023-04-18,7960,7990,KOSPI,1349,0.3769,2.5888,1.0,148,0.5414,0.9778,0.014773,39.6853,15.4612,7.6513,0.083,2785656660.0,148,0.041838,36.67,-6.13,-0.75,1,1,7.5641
317830,에스피시스템스,2023-04-19,16500,17560,KOSDAQ,1386,6.4242,4.1292,0.5693,5,0.6056,1.5903,0.038403,158.2353,17.1544,11.7736,0.2019,54102570934.0,5,0.093597,-9.45,-29.33,-15.09,0,1,19.6728
1450,현대해상,2023-04-19,35500,36650,KOSPI,24540,3.2394,1.2935,0.8378,36,0.6944,0.8112,0.007192,29.5053,0.4652,6.5421,0.0932,10729543520.0,36,0.028649,3.41,-7.91,-7.64,0,1,7.6764
305090,마이크로디지탈,2023-04-19,10010,10050,KOSDAQ,1688,0.3996,0.7946,0.3333,1,0.3299,1.3336,0.058857,209.2308,13.5381,11.7736,0.1634,2803868628.0,396,0.054797,0.4,-32.44,-17.81,0,1,19.6728
3720,삼영,2023-04-19,3925,4180,KOSPI,1938,6.4968,2.6453,1.0,12,0.7778,1.2715,0.034458,83.7363,18.234,6.5421,0.1304,2524272267.0,432,0.063739,28.71,-6.7,10.05,1,1,7.6764
110990,디아이티,2023-04-19,9120,9650,KOSDAQ,3960,5.8114,3.9427,0.7279,249,0.6145,1.009,0.022047,80.7116,16.5509,11.7736,0.1566,1262734196.0,495,0.035973,1.55,-23.83,-17.41,0,1,19.6728
299030,하나기술,2023-04-19,79700,89200,KOSDAQ,2414,11.9197,19.7755,0.8736,142,0.957,3.2938,0.022655,78.0439,30.9464,11.7736,0.2934,94110775860.0,142,0.052771,-9.98,-28.81,-27.13,0,1,19.6728
214150,클래시스,2023-04-19,22400,22450,KOSDAQ,47492,0.2232,0.7833,0.3333,4,0.4436,0.7245,0.032197,67.5373,5.5813,11.7736,0.0572,6178541200.0,411,0.039612,17.59,-4.23,17.37,1,1,19.6728
151860,KG에코솔루션,2023-04-19,21950,25900,KOSDAQ,2961,17.9954,6.5409,1.0,203,0.7454,1.5395,0.002571,213.9394,35.7207,11.7736,0.3583,86319228604.0,445,0.060121,8.49,-51.74,-45.87,0,1,19.6728
319400,현대무벡스,2023-04-19,3915,4560,KOSDAQ,37367,16.4751,26.4949,1.0,218,0.9798,3.3813,0.006205,74.7126,15.7788,11.7736,0.2924,57400942797.0,564,0.047227,7.79,-13.38,-6.36,0,1,19.6728
211050,인카금융서비스,2023-04-19,2224,2250,KOSDAQ,7188,1.1691,2.0346,0.5988,21,0.795,0.3984,0.018385,99.4681,-7.4137,11.7736,0.0923,980124116.0,21,0.050286,10.58,-9.24,6.22,1,1,19.6728
174900,앱클론,2023-04-19,22850,23150,KOSDAQ,12244,1.3129,5.347,0.7791,155,0.7989,2.4429,0.051785,131.9639,13.7007,11.7736,0.1408,30896519160.0,567,0.108176,-4.54,-24.62,-7.99,0,1,19.6728
18470,조일알미늄,2023-04-19,3945,4050,KOSPI,1635,2.6616,2.4095,0.5781,1,0.8465,1.7036,0.070612,169.103,27.1213,6.5421,0.189,152367000000.0,1,0.08933,-9.88,-35.8,-35.8,0,1,7.6764
58970,엠로,2023-04-20,58600,61300,KOSDAQ,4858,4.6075,3.9353,0.4681,9,0.7821,1.0934,0.222211,396.3563,16.5627,9.0521,0.1454,45077089100.0,9,0.088557,0.0,-18.92,-13.05,0,1,16.4612
11810,STX,2023-04-20,8251,8644,KOSPI,1095,4.7631,5.2702,0.466,95,0.5923,1.4897,0.073047,175.2866,50.1703,5.7179,0.2127,33941810344.0,487,0.113357,32.51,-14.74,5.04,1,1,7.1181
47770,코데즈컴바인,2023-04-20,2555,2765,KOSDAQ,1097,8.2192,68.5658,0.8741,249,0.9634,8.3607,0.006438,70.1538,27.1548,9.0521,0.3118,8428452554.0,418,0.057246,3.07,-22.6,-5.24,0,1,16.4612
64350,현대로템,2023-04-21,32000,33200,KOSPI,230836,3.75,11.2134,0.7193,97,0.6737,3.2196,0.026081,86.5169,27.4401,5.3599,0.2183,390087000000.0,97,0.035822,9.64,-6.17,-4.67,0,1,6.282
42700,한미반도체,2023-04-21,21300,21600,KOSPI,179282,1.4085,2.4805,0.3611,16,0.6985,1.2857,0.055504,100.0,2.9651,5.3599,0.056,98687025780.0,16,0.061938,23.15,-9.26,23.15,1,1,6.282
11500,한농화성,2023-04-21,23100,26150,KOSPI,3831,13.2035,8.9517,1.0,14,0.962,1.5709,0.058074,164.4085,16.8363,5.3599,0.2385,160342000000.0,379,0.08637,1.91,-36.86,-30.94,0,1,6.282
13520,화승코퍼레이션,2023-04-21,2350,2450,KOSPI,1156,4.2553,1.5132,0.8333,1,0.576,2.688,0.035626,113.0435,19.0687,5.3599,0.1871,1361081434.0,449,0.050466,-0.2,-17.14,-5.1,0,1,6.282
1080,만호제강,2023-04-24,53923,54400,KOSPI,2087,0.8846,0.8946,1.0,3,0.4912,0.8182,0.091719,184.2958,5.5075,4.7434,0.0772,1019644845.0,3,0.033523,16.14,2.11,15.79,1,1,5.369
377480,마음AI,2023-04-25,29150,29350,KOSDAQ,1286,0.6861,2.3443,0.8235,55,1.0,1.233,0.054638,178.1991,0.4088,0.6239,0.1513,78309238380.0,352,0.079825,9.88,-14.99,-3.07,0,1,10.0321
14940,오리엔탈정공,2023-04-25,3765,3800,KOSDAQ,3660,0.9296,5.342,0.8478,250,0.5847,3.0786,0.004008,76.7442,45.53,0.6239,0.2736,1703038252.0,482,0.043421,-0.26,-14.08,-8.42,0,1,10.0321
810,삼성화재,2023-04-25,218000,230500,KOSPI,220854,5.7339,2.9887,0.9333,38,0.7049,1.3632,0.00625,25.2717,11.6062,2.221,0.1012,31120621100.0,371,0.020762,3.47,-3.04,1.95,0,1,3.8866
10100,한국무브넥스,2023-04-25,3215,3220,KOSPI,1675,0.1555,10.4184,1.0,247,0.6034,2.9388,0.015167,53.3333,17.9283,2.221,0.1061,1438235306.0,569,0.041925,34.78,-4.35,11.8,1,1,3.8866
352820,하이브,2023-04-26,260500,265000,KOSPI,152769,1.7274,0.8045,0.5238,249,0.3187,1.0197,0.046239,142.0091,37.7264,1.674,0.1493,72202274800.0,358,0.054313,11.13,-0.38,1.89,1,1,3.6791
271560,오리온,2023-04-27,144900,147500,KOSPI,46574,1.7943,1.2927,1.0,5,0.5266,1.037,0.031312,67.2336,7.8454,1.7386,0.064,15131744920.0,5,0.029879,0.2,-14.37,-13.56,0,1,4.1057
267270,HD건설기계,2023-04-27,64600,67900,KOSPI,51572,5.1084,6.6185,1.0,82,0.7179,1.4585,0.025648,121.1726,29.8506,1.7386,0.2307,17937277660.0,487,0.04413,2.95,-13.11,-12.08,0,1,4.1057
314930,바이오다인,2023-04-28,7128,7482,KOSDAQ,4006,4.9663,5.5762,1.0,15,0.9558,1.5051,0.025173,106.3431,13.4211,-0.5534,0.1119,945146755.0,502,0.047304,2.22,-4.58,1.11,0,1,10.4046
92460,한라IMS,2023-04-28,6480,6600,KOSDAQ,2621,1.8519,4.7827,1.0,9,0.7931,2.3775,0.021196,46.6667,11.1061,-0.5534,0.0661,730553290.0,491,0.042749,14.09,-4.24,-4.24,1,1,10.4046
4370,농심,2023-04-28,395000,396500,KOSPI,24574,0.3797,0.9833,0.6667,2,0.8226,1.0093,0.034458,49.9055,3.6214,0.996,0.0325,6397345500.0,2,0.022789,10.72,-2.77,10.72,1,1,4.3092
35000,HS애드,2023-04-28,6650,6710,KOSPI,1319,0.9023,5.5439,0.875,250,0.7119,1.2424,0.011048,22.4453,7.58,0.996,0.0437,406742028.0,302,0.01799,0.0,-8.79,-8.05,0,1,4.3092
3620,KG모빌리티,2023-04-28,14067,14795,KOSPI,7458,5.1752,0.0,0.3404,250,1.0,1.0,0.000259,5.1752,4.1792,0.996,0.049,120942000000.0,575,0.907329,-0.36,-31.77,-28.51,0,1,4.3092
64550,바이오니아,2023-04-28,55800,58100,KOSDAQ,3355,4.1219,3.3775,0.6667,41,0.7678,1.3117,0.075601,155.3846,34.5788,-0.5534,0.1472,132126000000.0,408,0.069339,27.71,-24.61,-7.92,1,1,10.4046
53700,삼보모터스,2023-05-02,6980,7030,KOSDAQ,2038,0.7163,3.2048,0.7381,151,0.6441,2.7136,0.044584,100.2849,19.0765,0.076,0.1168,11727609440.0,560,0.065332,3.56,-13.37,-11.38,0,1,12.0018
117730,티로보틱스,2023-05-02,16900,16940,KOSDAQ,5303,0.2367,1.3403,0.9095,10,0.5088,0.827,0.0842,191.5663,75.468,0.076,0.2742,36239316194.0,10,0.124009,7.44,-18.6,6.14,0,1,12.0018
145720,덴티움,2023-05-02,155500,155800,KOSPI,5103,0.1929,1.8261,0.6911,7,0.7256,1.1225,0.069192,138.9571,8.1566,2.1053,0.0592,11405650360.0,7,0.048093,11.42,-6.42,11.42,1,1,5.2171
815,삼성화재우,2023-05-02,167000,169000,KOSPI,11282,1.1976,0.9027,0.9375,95,0.5431,1.5063,0.003749,13.0435,4.5866,2.1053,0.042,2906747120.0,377,0.013018,3.67,-0.59,-0.59,0,1,5.2171
5389,현대차3우B,2023-05-02,106000,107300,KOSPI,5760,1.2264,2.6119,0.9643,2,0.7529,2.1874,0.015544,47.7961,15.5482,2.1053,0.1111,4609880120.0,563,0.023898,3.91,-3.63,-3.63,0,1,5.2171
140410,메지온,2023-05-02,22500,24300,KOSDAQ,48248,8.0,1.3074,1.0,194,0.4422,1.3448,0.014059,95.1807,49.924,0.076,0.2449,14254738530.0,324,0.075867,18.72,2.67,8.02,1,1,12.0018
89470,HDC현대EP,2023-05-02,4850,4925,KOSPI,1410,1.5464,1.2237,0.7826,246,0.4264,1.1272,0.021266,40.7143,10.0815,2.1053,0.049,549090253.0,563,0.028209,5.58,-0.71,2.34,0,1,5.2171
1780,알루코,2023-05-03,3755,3825,KOSPI,2154,1.8642,9.4015,0.8519,247,1.0,1.9522,0.013657,73.8636,11.9897,0.8422,0.1335,30527282420.0,473,0.061251,-4.84,-12.29,-9.67,0,1,4.2213
9470,삼화전기,2023-05-03,26250,29700,KOSPI,3333,13.1429,16.7596,1.0,248,0.904,5.8988,-0.002877,124.1509,82.7178,0.8422,0.6814,24387447956.0,455,0.06532,-1.35,-33.43,-13.8,0,1,4.2213
241560,두산밥캣,2023-05-03,51200,51400,KOSPI,55405,0.3906,0.4396,0.8571,3,0.5662,0.7705,0.050309,82.2695,14.1466,0.8422,0.0999,25651700840.0,475,0.033699,9.34,-3.5,9.34,0,1,4.2213
4710,한솔테크닉스,2023-05-03,7212,7838,KOSPI,1846,8.68,131.1378,0.5761,250,1.0,14.7158,0.01492,70.0955,23.9072,0.8422,0.2107,20918419113.0,566,0.051079,2.4,-11.05,1.06,0,1,4.2213
248070,솔루엠,2023-05-03,25650,26700,KOSPI,7302,4.0936,6.6109,0.5357,248,0.9297,2.3109,0.019363,60.3604,14.244,0.8422,0.1638,75327410280.0,442,0.044275,0.19,-8.8,-5.24,0,1,4.2213
114840,아이패밀리에스씨,2023-05-03,10678,10703,KOSDAQ,2785,0.2341,0.7766,0.274,1,0.8055,1.3086,0.04957,141.5482,29.1714,-1.6333,0.1357,2666425709.0,1,0.070735,18.69,-11.17,18.69,1,1,10.3169
101490,에스앤에스텍,2023-05-03,48200,48850,KOSDAQ,17687,1.3485,1.6154,0.8276,11,0.5728,0.9806,0.095257,163.3423,25.4609,-1.6333,0.096,24973376180.0,11,0.055856,16.48,-3.17,10.95,1,1,10.3169
33100,제룡전기,2023-05-04,16540,16700,KOSDAQ,7003,0.9674,1.0206,0.7558,6,0.3105,0.9424,0.089346,226.1719,26.5589,-3.1294,0.0866,5812656466.0,6,0.068306,5.15,-12.16,5.15,0,1,10.5057
119850,지엔씨에너지,2023-05-04,5840,5910,KOSDAQ,5658,1.1986,60.05,1.0,248,1.0,10.0784,-0.003003,82.1263,52.1837,-3.1294,0.4467,55002571812.0,567,0.062606,5.41,-15.74,-8.46,0,1,10.5057
92200,디아이씨,2023-05-04,5290,5540,KOSPI,4138,4.7259,2.9293,1.0,250,0.6185,0.9929,0.019091,78.7097,27.4201,0.2296,0.1408,5439331104.0,451,0.057439,10.11,-9.93,10.11,1,1,4.1634
43150,바텍,2023-05-04,42050,43000,KOSDAQ,2919,2.2592,2.71,0.4259,250,0.6375,1.3327,0.021848,47.7663,31.1056,-3.1294,0.1361,3700838300.0,399,0.033555,1.63,-20.58,-18.26,0,1,10.5057
5380,현대차,2023-05-08,202000,202500,KOSPI,980790,0.2475,0.9057,0.8333,163,0.3133,1.4291,0.010353,34.106,7.2053,2.195,0.0339,126146000000.0,574,0.02388,3.7,-3.01,-3.01,0,1,4.6347
106190,하이텍팜,2023-05-08,9586,9873,KOSDAQ,1275,2.9939,4.9265,0.9536,57,0.6821,1.6117,0.032437,69.1451,14.8978,-2.6918,0.1158,387332930.0,571,0.028194,-1.82,-14.52,-13.25,0,1,10.0847
60370,LS마린솔루션,2023-05-08,6091,6187,KOSDAQ,15410,1.5761,2.1523,0.658,27,0.7708,0.7026,0.01047,46.5766,15.4904,-2.6918,0.0779,1435593980.0,474,0.039438,3.56,-3.54,1.28,0,1,10.0847
33240,자화전자,2023-05-08,33350,33500,KOSPI,6919,0.4498,2.4442,0.1136,1,0.7868,1.0849,0.029643,85.0829,9.1007,2.195,0.0771,10575604960.0,252,0.059168,7.16,-5.67,4.48,0,1,4.6347
5385,현대차우,2023-05-08,108500,109100,KOSPI,59053,0.553,1.6388,0.0714,3,0.2706,2.1617,0.016207,47.4324,13.6224,2.195,0.0849,9061152100.0,573,0.022522,3.3,-5.04,-2.38,0,1,4.6347
5387,현대차2우B,2023-05-09,113000,113600,KOSPI,89857,0.531,1.1766,0.8,7,0.2083,1.7944,0.020228,53.7212,19.55,0.789,0.0888,11693125560.0,567,0.028672,0.44,-7.75,-5.02,0,1,4.4743
200880,서연이화,2023-05-09,15510,17110,KOSPI,4068,10.3159,12.1465,0.4602,8,0.7851,2.8408,0.074413,176.4136,22.7489,0.789,0.1585,65397025100.0,8,0.077732,21.57,0.53,8.94,1,1,4.4743
3200,일신방직,2023-05-09,13780,13800,KOSPI,2973,0.1451,1.9891,0.875,53,0.0471,1.7843,0.036108,53.3333,4.7963,0.789,0.0429,1932053230.0,53,0.022826,-2.9,-19.86,-19.86,0,1,4.4743
336570,원텍,2023-05-09,6890,7770,KOSDAQ,8268,12.7721,8.7901,0.8682,12,0.913,1.3947,0.081703,228.5412,23.6506,-5.0246,0.1797,23212080282.0,12,0.053594,17.12,-3.22,17.12,1,1,9.2021
161000,애경케미칼,2023-05-10,19690,21350,KOSPI,4884,8.4307,6.6897,0.821,5,0.6268,2.594,0.095781,176.1966,77.212,-0.6198,0.2646,206132000000.0,5,0.136935,5.85,-16.72,-16.72,0,1,3.8832
340570,티앤엘,2023-05-10,49150,49400,KOSDAQ,4405,0.5086,1.2577,0.8364,23,0.4167,0.8424,0.040046,71.2305,7.0463,-6.5377,0.0518,2427044810.0,404,0.033979,17.21,-0.4,10.12,1,1,8.3703
78520,에이블씨엔씨,2023-05-10,8860,9530,KOSPI,2750,7.5621,8.8405,0.6667,13,0.7391,1.3246,0.057196,124.2353,10.7932,-0.6198,0.1134,2926938652.0,467,0.048718,2.41,-15.42,-15.42,0,1,3.8832
212560,네오오토,2023-05-10,5465,5592,KOSDAQ,1296,2.3239,36.7566,1.0,250,0.9505,3.8012,0.007798,49.6387,36.4633,-6.5377,0.2638,11896639603.0,461,0.037899,26.97,6.44,10.75,1,1,8.3703
33530,SJG세종,2023-05-10,7550,7580,KOSPI,2902,0.3974,4.0704,0.4179,238,0.6936,2.4986,0.027531,80.6913,20.5565,-0.6198,0.1001,6758238178.0,398,0.057953,15.44,-1.19,11.08,1,1,3.8832
251970,펌텍코리아,2023-05-10,19500,19980,KOSDAQ,7849,2.4615,6.3549,0.7892,14,0.5166,1.297,0.017131,40.7042,40.7217,-6.5377,0.1065,2088165602.0,428,0.04744,8.61,-3.35,8.61,0,1,8.3703
43260,성호전자,2023-05-10,1670,1671,KOSDAQ,11922,0.0599,13.9134,0.4024,155,0.8704,6.2287,-0.015754,54.7222,60.5469,-6.5377,0.3339,78793342603.0,442,0.077413,18.37,-8.5,5.27,1,1,8.3703
19180,티에이치엔,2023-05-10,4400,4595,KOSPI,1262,4.4318,3.3914,0.6588,250,0.6614,1.2793,0.031199,73.3962,31.1596,-0.6198,0.1321,1774031007.0,385,0.052231,3.37,-24.59,-23.5,0,1,3.8832
86710,선진뷰티사이언스,2023-05-10,8010,8520,KOSDAQ,1147,6.367,154.593,0.8579,250,0.9684,16.1099,0.016208,81.084,34.658,-6.5377,0.2529,16195097030.0,563,0.048877,5.99,-7.28,1.06,0,1,8.3703
250060,모비스,2023-05-11,2510,2865,KOSDAQ,1570,14.1434,64.1132,1.0,206,0.8476,7.9565,0.017173,86.039,44.705,-8.2764,0.2776,22117470388.0,481,0.085639,-2.79,-13.09,-12.74,0,1,7.6674
200670,휴메딕스,2023-05-11,29100,29500,KOSDAQ,4711,1.3746,4.7667,0.8889,74,0.5259,1.3622,0.020347,60.7629,25.3399,-8.2764,0.0988,2896748770.0,503,0.051453,11.53,-2.37,9.15,1,1,7.6674
13310,아진산업,2023-05-11,4439,4547,KOSDAQ,1300,2.433,5.4376,0.6682,1,0.9571,3.4558,0.043634,109.0575,37.3426,-8.2764,0.2247,76102625965.0,1,0.072465,36.99,2.07,17.99,1,1,7.6674
15750,성우하이텍,2023-05-11,10060,10190,KOSDAQ,6144,1.2922,2.4078,0.8103,19,0.8043,0.7265,0.086607,157.9747,29.8755,-8.2764,0.1087,78426067426.0,19,0.05825,4.51,-7.85,-7.85,0,1,7.6674
10690,화신,2023-05-11,15480,16000,KOSPI,3143,3.3592,2.184,0.5804,10,0.9154,0.844,0.05613,123.7762,21.4567,-2.2317,0.1096,29103138164.0,10,0.056205,6.69,-6.25,-1.44,0,1,3.6314
241710,코스메카코리아,2023-05-11,13650,14600,KOSDAQ,10605,6.9597,148.0147,0.4638,250,0.929,16.1044,0.005141,124.6154,58.9472,-8.2764,0.4455,25429820074.0,475,0.052544,23.77,0.0,19.04,1,1,7.6674
36620,감성코퍼레이션,2023-05-11,3030,3160,KOSDAQ,6091,4.2904,2.3996,0.863,14,0.7817,1.0026,0.072375,136.7041,36.2116,-8.2764,0.1194,3381119419.0,14,0.061257,41.77,-3.64,32.28,1,1,7.6674
54950,제이브이엠,2023-05-11,22400,23350,KOSDAQ,3029,4.2411,1.5032,0.875,162,0.378,2.2539,0.011387,47.3186,37.7828,-8.2764,0.1671,2397032810.0,162,0.051575,13.7,-9.21,13.7,1,1,7.6674
123040,엠에스오토텍,2023-05-12,6190,6270,KOSDAQ,1359,1.2924,4.1974,0.8378,11,0.6082,1.4939,0.03423,61.5979,13.5686,-7.6565,0.0488,5518560712.0,552,0.047847,-0.16,-12.44,-9.57,0,1,7.3727
5710,대원산업,2023-05-12,6700,6870,KOSDAQ,2561,2.5373,4.1427,0.9167,20,0.6364,0.7472,0.021333,40.0612,10.1938,-7.6565,0.0669,187833890.0,464,0.030672,-1.46,-7.71,-6.99,0,1,7.3727
8350,남선알미늄,2023-05-12,2810,3015,KOSPI,1647,7.2954,30.732,0.748,249,0.801,4.207,0.014654,76.3158,30.4332,-2.9491,0.235,63199125256.0,580,0.047027,1.99,-10.12,-10.12,0,1,2.9691
43370,피에이치에이,2023-05-12,9200,9480,KOSDAQ,2440,3.0435,5.2659,0.614,241,0.7104,1.8155,0.014936,67.7876,20.783,-7.6565,0.1108,1938023886.0,479,0.042119,17.83,2.95,12.45,1,1,7.3727
430,대원강업,2023-05-12,4610,4800,KOSPI,2620,4.1215,11.32,0.4561,1,0.7879,2.8555,0.040404,93.9394,26.82,-2.9491,0.1403,9335438430.0,559,0.060714,1.67,-14.37,-13.23,0,1,2.9691
7340,DN오토모티브,2023-05-12,15883,16083,KOSPI,14130,1.2592,4.3241,0.5627,25,0.7769,0.8432,0.034726,65.225,7.2351,-2.9491,0.0648,3446986958.0,273,0.033287,3.49,-4.48,3.49,0,1,2.9691
251630,브이원텍,2023-05-12,9740,9990,KOSDAQ,1208,2.5667,3.3553,0.7838,37,0.4486,1.2426,0.024085,73.4375,20.7935,-7.6565,0.0934,1605213380.0,568,0.044831,23.12,-0.6,17.92,1,1,7.3727
180400,DXVX,2023-05-12,7029,8460,KOSDAQ,3671,20.3585,6.6327,0.9405,250,0.7627,1.4892,-0.012569,53.7902,54.4805,-7.6565,0.3746,11046421157.0,583,0.049612,-5.22,-15.99,-8.71,0,1,7.3727
38110,에코플라스틱,2023-05-15,7245,7786,KOSDAQ,1291,7.4672,3.1616,0.7714,5,0.6987,1.234,0.121551,232.4509,28.6809,-8.9147,0.1923,143285000000.0,5,0.094712,-5.59,-20.85,-20.85,0,1,6.3241
29530,신도리코,2023-05-15,35250,36000,KOSPI,5373,2.1277,5.5112,0.9091,162,0.7797,1.329,0.008313,17.2638,9.8798,-3.2132,0.0478,446201360.0,480,0.022619,2.36,-0.42,0.56,0,1,3.1141
35900,JYP Ent.,2023-05-15,94900,95500,KOSDAQ,24908,0.6322,1.3262,1.0,6,0.4324,1.0623,0.05874,101.2645,27.4011,-8.9147,0.0605,42740547420.0,6,0.035228,41.36,17.59,41.36,1,1,6.3241
2350,넥센타이어,2023-05-15,8980,9290,KOSPI,7667,3.4521,2.7596,0.9831,20,0.6905,0.806,0.042234,78.3109,6.6653,-3.2132,0.0834,2065025768.0,462,0.033369,-5.71,-16.68,-16.47,0,1,3.1141
17940,E1,2023-05-15,50400,50500,KOSPI,5913,0.1984,1.0159,1.0,243,0.5303,0.7694,0.007824,19.8102,7.552,-3.2132,0.037,619987300.0,407,0.01761,8.32,-1.19,4.55,0,1,3.1141
950140,잉글우드랩,2023-05-15,7100,7200,KOSDAQ,2487,1.4085,1.1536,1.0,250,0.958,4.6843,0.004025,86.0465,65.4365,-8.9147,0.4427,32403163856.0,409,0.05749,24.44,0.0,14.72,1,1,6.3241
18250,애경산업,2023-05-15,23750,24300,KOSPI,3285,2.3158,2.4933,0.973,3,0.8041,1.903,0.047355,126.0465,16.2364,-3.2132,0.0969,10692143120.0,482,0.05291,-1.85,-12.14,-11.11,0,1,3.1141
192820,코스맥스,2023-05-15,85800,86000,KOSPI,21485,0.2331,2.2988,0.6452,50,0.7879,1.3195,0.022942,102.1152,14.0379,-3.2132,0.1019,16505643600.0,453,0.044352,3.95,-7.56,3.49,0,1,3.1141
352480,씨앤씨인터내셔널,2023-05-16,41200,42700,KOSDAQ,4859,3.6408,1.7081,0.9867,11,0.5549,0.8733,0.079726,155.6886,24.1128,-9.6356,0.092,4979295840.0,11,0.056624,9.95,0.23,7.73,0,1,6.5951
72710,농심홀딩스,2023-05-16,72600,73800,KOSPI,4002,1.6529,11.1709,0.9333,248,0.5972,1.95,0.00422,25.0847,7.4922,-3.5485,0.0464,570591640.0,495,0.025648,0.54,-2.98,-2.98,0,1,3.1347
7860,서연,2023-05-16,9520,9600,KOSPI,2475,0.8403,2.223,0.0847,3,0.6792,2.958,0.020838,90.8549,14.7884,-3.5485,0.1109,15992057216.0,483,0.072396,3.75,-8.33,-8.33,0,1,3.1347
290690,소룩스,2023-05-16,3531,4206,KOSDAQ,1994,19.1164,4.8816,0.5,248,1.0,4.4739,-0.013641,115.6923,84.8856,-9.6356,0.6677,11608059405.0,582,0.044936,134.97,29.96,134.97,1,1,6.5951
16740,두올,2023-05-16,3785,3955,KOSPI,1335,4.4914,112.6587,1.0,246,0.9245,11.6415,0.00993,78.5553,30.5148,-3.5485,0.2808,11955682667.0,414,0.033863,22.38,-8.34,4.93,1,1,3.1347
51360,토비스,2023-05-16,11990,12210,KOSDAQ,2268,1.8349,6.0157,0.3835,31,0.6395,1.1974,0.022801,54.3616,20.5347,-9.6356,0.0952,4589565594.0,31,0.045162,13.35,-5.65,7.7,1,1,6.5951
59210,메타바이오메드,2023-05-16,2825,2830,KOSDAQ,1336,0.177,38.083,1.0,235,0.9155,3.9519,-0.001507,38.0488,31.356,-9.6356,0.2504,8426198593.0,409,0.0342,65.37,17.49,65.37,1,1,6.5951
214450,파마리서치,2023-05-17,113200,118700,KOSDAQ,43688,4.8587,2.0059,1.0,1,0.9476,1.4016,0.052317,113.8739,28.5438,-8.2804,0.1605,31084346200.0,1,0.04808,16.43,-4.38,16.43,1,1,8.8398
122870,와이지엔터테인먼트,2023-05-17,85000,91300,KOSDAQ,13102,7.4118,3.3508,0.828,1,0.8736,2.2776,0.03139,127.3973,50.7141,-8.2804,0.3716,178813000000.0,1,0.049836,4.27,-10.3,-9.53,0,1,8.8398
355150,코스텍시스,2023-05-17,19500,19800,KOSDAQ,1082,1.5385,4.0709,0.8,33,0.5975,2.6703,0.050405,102.3505,31.453,-8.2804,0.2359,16031606580.0,33,0.094791,0.63,-24.62,-19.32,0,1,8.8398
36190,금화피에스시,2023-05-17,31800,31950,KOSDAQ,1920,0.4717,5.1343,0.6667,169,0.8852,1.5385,0.002444,18.9944,14.2505,-8.2804,0.0557,271112700.0,481,0.022356,0.78,-4.38,-4.23,0,1,8.8398
322510,제이엘케이,2023-05-17,5095,5935,KOSDAQ,1828,16.4868,17.6654,1.0,20,0.7881,2.812,0.033144,144.4399,24.7671,-8.2804,0.2694,3154416650.0,586,0.065423,61.7,-0.27,50.67,1,1,8.8398
263860,지니언스,2023-05-17,11300,11770,KOSDAQ,1667,4.1593,3.0468,0.75,23,0.7024,1.0519,0.032007,74.3704,14.221,-8.2804,0.0757,667573396.0,352,0.045637,48.6,4.25,41.8,1,1,8.8398
214680,디알텍,2023-05-17,2460,3060,KOSDAQ,1652,24.3902,8.8202,1.0,50,0.7331,1.7595,0.035738,125.0,54.6919,-8.2804,0.4806,52779308195.0,50,0.061951,30.72,1.96,11.11,1,1,8.8398
214430,아이쓰리시스템,2023-05-17,21800,22350,KOSDAQ,8747,2.5229,4.8476,0.6667,59,0.625,1.5949,0.019877,41.9048,12.4762,-8.2804,0.0793,1512728870.0,571,0.03247,16.78,-0.22,16.33,1,1,8.8398
78150,HB테크놀러지,2023-05-18,2810,2910,KOSDAQ,1910,3.5587,3.3012,0.8621,31,1.0,0.8885,0.027506,67.2414,16.627,-8.0449,0.1677,20267945169.0,517,0.046269,2.92,-8.76,-8.08,0,1,9.033
95340,ISC,2023-05-18,41250,41550,KOSDAQ,29188,0.7273,2.1147,0.8657,238,1.0,0.8623,0.016569,40.6091,15.967,-8.0449,0.0835,8884952850.0,238,0.038594,34.78,10.47,28.04,1,1,9.033
17800,현대엘리베이터,2023-05-18,42100,42700,KOSPI,36708,1.4252,1.0887,0.8214,5,0.2331,1.5624,0.036901,95.4233,29.2493,-2.166,0.1583,19478962960.0,483,0.048093,3.28,-5.74,1.76,0,1,4.5572
36010,아비코전자,2023-05-18,14650,14730,KOSDAQ,1115,0.5461,20.156,0.8776,249,1.0,2.5103,0.020412,67.959,24.4876,-8.0449,0.1817,23693294080.0,249,0.048783,19.01,-0.2,15.48,1,1,9.033
36530,SNT홀딩스,2023-05-18,17100,17140,KOSPI,8494,0.2339,3.9519,0.8806,249,0.6111,1.4598,0.002912,27.4349,14.707,-2.166,0.0748,301050080.0,467,0.019045,-0.58,-5.19,-0.7,0,1,4.5572
103590,일진전기,2023-05-18,7657,7743,KOSPI,28516,1.1232,0.4071,0.4592,19,0.7477,0.6401,0.0121,102.2727,12.4023,-2.166,0.0867,27053563722.0,19,0.062868,11.84,-12.71,11.84,1,1,4.5572
126700,하이비젼시스템,2023-05-18,21400,22000,KOSDAQ,2451,2.8037,5.6334,0.6522,71,0.6476,2.0472,0.020662,54.386,28.5929,-8.0449,0.1727,14075326162.0,349,0.037435,-2.5,-9.45,-7.95,0,1,9.033
255440,야스,2023-05-18,14250,14320,KOSDAQ,1345,0.4912,4.1983,0.9863,16,0.7451,1.263,0.039236,125.8675,16.7769,-8.0449,0.1378,25600940208.0,471,0.069683,-4.4,-14.32,-13.83,0,1,9.033
119610,인터로조,2023-05-18,26927,27469,KOSDAQ,2044,2.0128,1.0367,0.6226,5,0.7942,0.9275,0.029338,58.3319,20.1358,-8.0449,0.0504,2773750084.0,5,0.039192,-2.1,-8.68,-5.4,0,1,9.033
140860,파크시스템스,2023-05-19,157700,159300,KOSDAQ,19240,1.0146,3.88,0.9874,28,1.0,1.1764,0.042633,78.3875,10.1961,-7.4219,0.1018,7609330420.0,28,0.036499,16.82,-4.39,15.25,1,1,9.7624
15590,DKME,2023-05-19,830,892,KOSPI,1220,7.4699,7.5311,0.4852,4,0.4067,3.1536,0.068975,188.6731,90.0316,-1.4481,0.363,15513415383.0,4,0.102659,14.35,-1.35,14.35,1,1,5.4654
5930,삼성전자,2023-05-19,68100,68400,KOSPI,8944573,0.4405,1.5733,1.0,249,0.8824,0.9139,0.009561,30.038,5.8756,-1.4481,0.0492,875903000000.0,583,0.016708,5.7,0.0,4.39,0,1,5.4654
46890,서울반도체,2023-05-19,12800,12940,KOSDAQ,4140,1.0938,48.0966,0.4275,240,1.0,8.1525,0.001624,34.5114,22.7517,-7.4219,0.1931,138570000000.0,575,0.04841,1.24,-6.8,-1.7,0,1,9.7624
93520,매커스,2023-05-19,11640,12000,KOSDAQ,3265,3.0928,2.5579,0.5176,53,0.5751,1.3387,0.028236,113.5231,26.1163,-7.4219,0.1585,3077325280.0,286,0.035893,41.83,3.5,29.0,1,1,9.7624
101160,월덱스,2023-05-19,24800,25850,KOSDAQ,4103,4.2339,4.852,0.4242,250,0.938,2.0896,0.018941,63.6076,20.7991,-7.4219,0.1589,15681621600.0,510,0.042968,7.16,0.0,3.09,0,1,9.7624
83310,엘오티베큠,2023-05-19,16200,16790,KOSDAQ,2383,3.642,3.7223,0.971,6,0.6915,1.3343,0.028584,94.104,18.5404,-7.4219,0.0863,4897463424.0,588,0.041989,3.39,-2.98,1.25,0,1,9.7624
272110,케이엔제이,2023-05-19,20200,21650,KOSDAQ,2079,7.1782,4.628,0.625,38,0.8937,1.4254,0.046405,110.1942,27.6329,-7.4219,0.2354,8991851400.0,38,0.054273,11.32,-2.31,10.85,1,1,9.7624
94360,칩스앤미디어,2023-05-19,12225,13175,KOSDAQ,3756,7.771,8.7111,0.493,36,0.7169,1.2281,0.037408,94.4649,23.7575,-7.4219,0.1804,25287100450.0,333,0.044082,28.65,-8.54,19.54,1,1,9.7624
7660,이수페타시스,2023-05-22,10386,10785,KOSPI,81558,3.8417,4.4287,0.5767,31,0.8278,0.8408,0.035872,132.9877,23.3236,-0.2353,0.1727,93976222234.0,31,0.048699,111.91,-3.52,98.38,1,1,6.2438
147830,제룡산업,2023-05-22,4430,4460,KOSDAQ,1408,0.6772,0.4304,0.8,21,0.307,0.6349,0.037091,71.5385,8.6193,-3.8015,0.0699,1270863868.0,411,0.049327,8.86,-7.62,6.5,0,1,11.0731
319400,현대무벡스,2023-05-22,4915,5090,KOSDAQ,37367,3.5605,5.8278,0.8354,7,0.8484,1.5162,0.043202,95.0192,13.4997,-3.8015,0.1476,83983018433.0,585,0.078726,-1.57,-15.72,-10.71,0,1,11.0731
2230,피에스텍,2023-05-23,4760,4950,KOSDAQ,3111,3.9916,10.6729,0.9091,51,0.6321,1.4329,0.004303,54.2056,14.2547,-1.1119,0.1293,369462842.0,455,0.034127,-0.2,-8.89,-7.47,0,1,11.9636
42700,한미반도체,2023-05-23,26150,26600,KOSPI,179282,1.7208,1.2035,0.6957,1,0.9744,1.1169,0.05872,146.2963,22.2383,0.9098,0.2228,237217000000.0,1,0.055559,16.17,-6.02,9.21,1,1,6.6532
211050,인카금융서비스,2023-05-23,2488,2550,KOSDAQ,7188,2.492,1.2082,0.8734,3,0.6129,1.5608,0.052721,126.0638,18.6234,-1.1119,0.1229,1626410918.0,3,0.068011,30.75,-1.18,19.76,1,1,11.9636
47560,이스트소프트,2023-05-23,13630,14780,KOSDAQ,2109,8.4373,30.2119,0.7467,68,0.8535,3.4292,0.019025,74.9112,41.6061,-1.1119,0.2768,34735435266.0,374,0.054997,25.85,2.5,2.5,1,1,11.9636
100,유한양행,2023-05-23,56659,57424,KOSPI,83727,1.3502,1.9394,0.6472,26,0.7708,0.7399,0.004612,19.7606,5.6618,0.9098,0.0416,10137851200.0,590,0.02131,2.0,-2.83,-1.5,0,1,6.6532
144960,뉴파워프라즈마,2023-05-23,5300,5590,KOSDAQ,2635,5.4717,4.5401,1.0,32,0.8113,1.4841,0.020128,72.5309,9.2356,-1.1119,0.1128,1363086320.0,409,0.031306,18.96,3.76,12.7,1,1,11.9636
42660,한화오션,2023-05-24,26474,27496,KOSPI,410594,3.8604,3.932,0.9648,22,0.9237,1.3956,0.031322,75.8506,8.0097,1.7416,0.1661,35367147500.0,504,0.044438,26.98,-12.12,21.65,1,1,6.6208
1200,유진투자증권,2023-05-24,3330,3410,KOSPI,3870,2.4024,2.4259,1.0,3,0.2169,2.2116,0.004118,52.9148,32.7751,1.7416,0.1649,1326973873.0,494,0.056661,7.77,-2.93,2.35,0,1,6.6208
1340,PKC,2023-05-26,8214,8599,KOSPI,2664,4.6871,9.3837,0.633,17,0.9891,1.6204,0.050847,91.4292,23.6462,2.9773,0.1245,51061259507.0,452,0.069103,49.81,-0.94,11.41,1,1,6.2225
660,SK하이닉스,2023-05-26,108500,109200,KOSPI,6086100,0.6452,2.668,0.7045,250,0.5569,1.204,-0.006245,45.6,21.9655,2.9773,0.1809,548064000000.0,557,0.026622,9.43,-1.1,3.48,0,1,6.2225
17900,광전자,2023-05-30,2820,3170,KOSPI,1126,12.4113,17.2509,0.3654,242,0.7546,2.637,0.00948,59.6977,40.8247,3.5944,0.2373,26824583391.0,400,0.066809,14.83,-6.15,-6.15,1,1,7.3102
95660,네오위즈,2023-05-30,47500,49400,KOSDAQ,6153,4.0,2.7196,0.9697,64,0.7037,0.8014,0.047464,135.2381,17.8889,0.1517,0.0961,8785461000.0,64,0.03622,2.43,-14.57,-14.57,0,1,10.8777
66570,LG전자,2023-05-30,117900,124900,KOSPI,157348,5.9372,4.8568,1.0,49,0.7882,1.0101,0.020105,60.5398,12.3759,3.5944,0.1072,131587000000.0,581,0.023905,1.84,-1.68,-1.68,0,1,7.3102
348210,넥스틴,2023-05-30,72200,73500,KOSDAQ,8916,1.8006,3.6854,0.7846,241,0.6928,1.2051,0.00329,67.6169,13.8018,0.1517,0.1481,12160207180.0,540,0.039067,8.3,0.27,4.35,0,1,10.8777
1080,만호제강,2023-05-30,63181,63849,KOSPI,2087,1.0573,0.5202,0.6404,9,0.5687,2.1428,0.110865,233.6765,11.1573,3.5944,0.0482,2299630700.0,9,0.034914,-1.49,-31.54,-31.54,0,1,7.3102
5720,넥센,2023-05-31,4320,4385,KOSPI,3106,1.5046,3.2429,0.8889,4,0.6182,1.1286,0.017056,31.4843,3.0242,3.0218,0.0354,56162654.0,473,0.022153,4.79,-1.94,-0.57,0,1,6.9429
4370,농심,2023-05-31,431500,439000,KOSPI,24574,1.7381,1.627,0.5263,3,0.4507,1.2977,0.041,65.9735,7.697,3.0218,0.0584,9206460000.0,3,0.03604,2.96,-11.16,-11.16,0,1,6.9429
214150,클래시스,2023-06-01,26400,27200,KOSDAQ,47492,3.0303,1.4082,0.6786,10,0.6067,0.9961,0.052786,102.9851,7.1962,0.9549,0.0828,7074351580.0,10,0.040704,23.9,0.37,18.75,1,1,12.4356
9420,한올바이오파마,2023-06-01,23450,23950,KOSPI,25937,2.1322,1.968,0.9231,32,0.4836,1.9304,0.032695,88.5827,16.2064,1.7739,0.0886,9630531310.0,594,0.062929,-1.04,-15.66,-13.36,0,1,6.5985
145720,덴티움,2023-06-01,168300,173600,KOSPI,5103,3.1491,1.9092,0.9934,7,0.6118,0.7923,0.074865,147.2934,9.651,1.7739,0.0983,13741632860.0,7,0.041104,1.56,-16.71,-16.47,0,1,6.5985
18290,브이티,2023-06-01,6740,6870,KOSDAQ,6960,1.9288,5.4662,0.9455,33,0.7059,0.9427,0.015974,44.1763,11.3,0.9549,0.1039,6393067684.0,479,0.028072,43.09,-1.46,43.09,1,1,12.4356
314930,바이오다인,2023-06-01,7648,7793,KOSDAQ,4006,1.8959,1.0504,0.9195,18,0.5966,0.7091,0.028816,114.92,4.8277,0.9549,0.0592,568675519.0,523,0.035178,6.13,-0.53,4.67,0,1,12.4356
5950,이수화학,2023-06-01,27900,30800,KOSPI,2369,10.3943,4.0203,0.4194,34,1.0,0.6161,0.108484,366.6667,46.6598,1.7739,0.4284,164871000000.0,34,0.607491,12.18,-15.26,-14.77,1,1,6.5985
122640,예스티,2023-06-02,10640,11500,KOSDAQ,4697,8.0827,4.9233,0.6733,41,0.8837,1.208,0.027348,86.3857,9.905,2.9507,0.1141,2118176928.0,519,0.037081,14.09,5.74,12.17,1,1,12.9575
64850,에프앤가이드,2023-06-02,8700,8900,KOSDAQ,1419,2.2989,6.0476,0.9032,16,0.873,1.502,0.007239,57.5221,8.2993,2.9507,0.0804,424198190.0,539,0.041493,0.56,-12.47,-8.2,0,1,12.9575
114840,아이패밀리에스씨,2023-06-02,12178,12703,KOSDAQ,2785,4.3111,0.7267,1.0,2,0.4533,0.9117,0.076313,186.6847,15.7356,2.9507,0.153,2403291558.0,2,0.074189,3.94,-7.28,3.94,0,1,12.9575
338220,뷰노,2023-06-02,22400,23650,KOSDAQ,2842,5.5804,6.6349,0.7423,32,0.6393,1.5032,0.129354,366.4694,28.6575,2.9507,0.1874,23142003180.0,560,0.085956,55.6,-4.02,20.08,1,1,12.9575
241560,두산밥캣,2023-06-02,55800,56200,KOSPI,55405,0.7168,0.7519,0.65,5,0.4969,0.9074,0.06112,99.2908,5.3424,3.9962,0.066,17048135940.0,5,0.033998,10.32,-2.14,4.8,1,1,7.9071
900290,GRT,2023-06-02,3640,3765,KOSDAQ,2805,3.4341,1.5004,0.9821,46,0.9286,0.5727,0.08711,215.0628,3.2552,2.9507,0.0854,372014470.0,46,0.037374,47.14,5.71,36.52,1,1,12.9575
47050,포스코인터내셔널,2023-06-05,31250,33000,KOSPI,108017,5.6,1.2408,0.7568,30,0.5986,0.9729,0.039227,88.5714,13.4909,4.5771,0.1309,119484000000.0,30,0.04816,30.61,1.06,30.61,1,1,8.4693
66575,LG전자우,2023-06-05,54700,55000,KOSPI,8404,0.5484,3.294,0.7895,250,0.8814,1.9033,0.0118,49.0515,6.8718,4.5771,0.0663,7334635220.0,585,0.023052,0.73,-3.64,0.73,0,1,8.4693
64960,SNT모티브,2023-06-05,29091,29312,KOSPI,9130,0.7597,0.7577,0.637,26,0.6973,0.8479,0.016896,35.5468,3.1164,4.5771,0.0472,2212065204.0,584,0.026854,1.5,-4.33,1.5,0,1,8.4693
105,유한양행우,2023-06-05,55500,55700,KOSPI,1095,0.3604,0.5448,0.8,107,1.0,1.157,0.001157,12.5662,-1.8096,4.5771,0.0224,44455800.0,598,0.017825,-0.18,-2.87,-2.15,0,1,8.4693
9540,HD한국조선해양,2023-06-05,99100,103800,KOSPI,283800,4.7427,2.1077,1.0,191,0.3581,1.2812,0.008718,49.7835,21.0888,4.5771,0.1197,28194208640.0,511,0.028007,16.18,-0.1,14.55,1,1,8.4693
10140,삼성중공업,2023-06-05,6210,6450,KOSPI,242440,3.8647,2.7735,1.0,192,0.3945,1.7247,0.004231,32.0368,15.9837,4.5771,0.1035,43075931122.0,539,0.027796,7.6,0.31,7.6,0,1,8.4693
82740,한화엔진,2023-06-05,9200,9270,KOSPI,44561,0.7609,2.121,0.9211,191,0.3815,1.9002,0.008995,49.5161,15.3453,4.5771,0.1181,8491206616.0,191,0.035907,18.55,-0.54,18.55,1,1,8.4693
900140,엘브이엠씨홀딩스,2023-06-05,2385,2425,KOSPI,2752,1.6771,2.1078,0.9524,250,0.5684,1.4977,0.002918,45.2966,25.5893,4.5771,0.1788,5764456643.0,582,0.044683,27.22,-3.71,0.21,1,1,8.4693
185750,종근당,2023-06-05,80776,81136,KOSPI,11650,0.4457,0.7273,0.5573,250,0.6183,0.8169,0.00097,27.6908,-1.9253,4.5771,0.0246,1914270755.0,596,0.016777,-0.67,-9.33,-9.33,0,1,8.4693
92200,디아이씨,2023-06-05,5700,6100,KOSPI,4138,7.0175,3.5862,0.8222,1,0.9654,1.097,0.021838,96.7742,5.5312,4.5771,0.1545,8567894234.0,471,0.044848,14.75,-3.11,3.28,1,1,8.4693
10120,LS ELECTRIC,2023-06-05,66700,69100,KOSPI,157500,3.5982,1.8371,0.9394,24,0.7473,0.795,0.01765,51.8681,2.3889,4.5771,0.0746,9740256020.0,595,0.035456,17.8,-2.03,17.8,1,1,8.4693
33100,제룡전기,2023-06-05,16820,17560,KOSDAQ,7003,4.3995,3.3351,0.6607,1,0.9017,1.0676,0.078171,214.6953,2.1653,2.9844,0.1233,13926534304.0,1,0.040107,17.31,-3.47,17.31,1,1,13.2183
44490,태웅,2023-06-05,14820,15350,KOSDAQ,5772,3.5762,2.8809,0.8511,29,0.7666,0.858,0.034881,76.4368,9.0594,2.9844,0.1143,1555026602.0,29,0.037971,12.31,-0.46,11.47,1,1,13.2183
53610,프로텍,2023-06-07,30850,35100,KOSDAQ,5610,13.7763,29.7783,1.0,44,0.6575,4.0786,0.009831,78.1726,32.5456,4.5638,0.3184,23040986400.0,580,0.051689,74.36,-1.71,66.67,1,1,14.5399
298040,효성중공업,2023-06-07,89800,90000,KOSPI,213159,0.2227,1.3781,0.6667,128,0.7439,0.9572,0.03314,83.4862,5.816,4.0741,0.1046,9318944780.0,128,0.037857,38.11,0.78,38.11,1,1,8.4575
256940,킵스파마,2023-06-07,11020,11250,KOSDAQ,1803,2.0871,1.54,0.7237,51,0.9416,0.6372,0.056443,135.8491,4.4478,4.5638,0.0787,2263129488.0,596,0.039175,5.6,-9.96,-6.04,0,1,14.5399
4710,한솔테크닉스,2023-06-07,8026,8140,KOSPI,1846,1.4204,0.816,0.935,5,0.5665,1.3109,0.023856,76.6493,10.2839,4.0741,0.0851,5304867014.0,588,0.041576,6.41,0.26,3.08,0,1,8.4575
112610,씨에스윈드,2023-06-07,84100,84400,KOSPI,16510,0.3567,0.812,0.7143,29,0.521,0.6141,0.03533,85.4945,11.701,4.0741,0.0733,31588079340.0,573,0.029113,4.74,-4.86,-0.12,0,1,8.4575
267260,HD현대일렉트릭,2023-06-08,53000,53200,KOSPI,301715,0.3774,1.0154,0.3077,28,0.7778,0.839,0.060054,164.0199,4.556,4.0154,0.0862,18190876140.0,28,0.042897,26.5,-1.5,24.44,1,1,8.2432
1740,SK네트웍스,2023-06-08,4905,4915,KOSPI,11241,0.2039,1.013,0.8421,34,0.6218,0.7922,0.00781,31.593,-1.2986,4.0154,0.051,4437941374.0,494,0.024124,8.04,-0.92,4.78,0,1,8.2432
67310,하나마이크론,2023-06-08,16156,16481,KOSDAQ,23999,2.0116,4.0933,0.9577,250,0.5752,0.8215,0.027592,113.0705,26.076,4.819,0.1616,51136224835.0,358,0.046044,15.93,3.63,6.33,1,1,13.9123
815,삼성화재우,2023-06-08,175200,176500,KOSPI,11282,0.742,1.5623,0.931,9,0.8614,0.8178,0.00904,18.0602,-0.9798,4.0154,0.0256,1475952860.0,401,0.014731,-1.13,-4.25,-3.8,0,1,8.2432
336570,원텍,2023-06-08,8820,9100,KOSDAQ,8268,3.1746,1.0045,0.5192,1,0.5821,0.5334,0.119441,284.778,12.2981,4.819,0.1181,10703339640.0,1,0.04168,19.12,1.43,18.9,1,1,13.9123
810,삼성화재,2023-06-08,238500,242000,KOSPI,220854,1.4675,1.9391,0.7059,9,0.8936,1.1681,0.015853,31.5217,0.9737,4.0154,0.0465,22373644900.0,399,0.026269,-2.89,-10.12,-7.85,0,1,8.2432
174900,앱클론,2023-06-09,23150,23700,KOSDAQ,12244,2.3758,8.5504,0.658,33,0.8079,1.5427,0.054927,137.4749,16.8688,6.5044,0.1214,20403685860.0,600,0.077697,-8.44,-35.02,-35.02,0,1,14.8559
111770,영원무역,2023-06-09,51300,51400,KOSPI,37399,0.1949,2.1197,0.7,141,0.962,1.4652,0.011994,38.5445,7.4218,5.7941,0.1029,7716851390.0,292,0.027724,25.49,-2.92,21.21,1,1,9.4715
219130,타이거일렉,2023-06-09,25450,25700,KOSDAQ,2295,0.9823,2.784,0.975,37,0.8851,1.3386,0.034835,97.6923,6.2149,6.5044,0.1255,1561380900.0,37,0.043357,19.26,-2.92,10.12,1,1,14.8559
99190,아이센스,2023-06-09,19691,19750,KOSDAQ,4757,0.2996,3.9204,0.944,182,0.494,1.073,-0.005378,44.5721,22.6649,6.5044,0.1707,3449435202.0,182,0.030524,25.06,3.8,18.73,1,1,14.8559
251970,펌텍코리아,2023-06-09,21650,21700,KOSDAQ,7849,0.2309,0.5973,0.5,17,0.5556,0.4228,0.02903,52.8169,2.1042,6.5044,0.0436,1230958900.0,448,0.039862,4.38,-3.46,4.15,0,1,14.8559
11760,현대코퍼레이션,2023-06-09,19350,19390,KOSPI,2930,0.2067,1.1749,0.8352,250,0.7619,0.6863,0.01498,41.0182,-1.4907,5.7941,0.0294,760670646.0,514,0.028881,19.65,-3.71,11.91,1,1,9.4715
5070,코스모신소재,2023-06-09,190749,215346,KOSPI,16353,12.895,2.2155,0.983,40,0.5813,0.9859,0.150514,382.3087,27.1331,5.7941,0.2203,161235000000.0,40,0.042758,7.57,-14.4,-8.26,0,1,9.4715
60370,LS마린솔루션,2023-06-09,6407,6714,KOSDAQ,15410,4.7916,2.6787,1.0,8,0.7369,0.9103,0.008367,59.0618,3.417,6.5044,0.0794,1291086824.0,496,0.028757,7.45,0.25,3.53,0,1,14.8559
5935,삼성전자우,2023-06-09,60400,61200,KOSPI,899204,1.3245,1.6867,1.0,7,0.2794,1.3444,0.003602,30.4904,4.0802,5.7941,0.0564,77278900840.0,596,0.018091,-0.16,-4.74,-4.74,0,1,9.4715
400,롯데손해보험,2023-06-09,1805,1812,KOSPI,5105,0.3878,1.6441,0.6167,249,0.6292,0.8488,0.001714,36.2406,-1.9545,5.7941,0.0579,255443351.0,279,0.018921,1.88,-4.91,-2.54,0,1,9.4715
54950,제이브이엠,2023-06-12,25150,26550,KOSDAQ,3029,5.5666,0.8425,0.8684,1,0.4198,0.4868,0.016506,67.5079,6.2798,7.4247,0.1162,1517313450.0,1,0.041566,12.43,-0.75,2.82,1,1,15.0776
54450,텔레칩스,2023-06-12,18900,19840,KOSDAQ,2247,4.9735,6.329,0.6391,32,0.7945,1.0064,0.016408,79.5475,10.2502,7.4247,0.1119,20935598720.0,347,0.031358,9.38,-7.01,-6.3,0,1,15.0776
6110,삼아알미늄,2023-06-12,96600,107700,KOSPI,4458,11.4907,3.944,0.8878,37,0.5721,0.8725,0.14921,566.8731,39.2041,5.554,0.3312,36081879240.0,37,0.04815,15.88,-12.07,6.78,1,1,8.9546
101490,에스앤에스텍,2023-06-12,56900,57200,KOSDAQ,17687,0.5272,0.8503,0.5,6,0.4758,0.8369,0.108046,208.3558,9.6684,7.4247,0.1004,18880696300.0,6,0.050762,8.22,-12.59,-12.59,0,1,15.0776
281740,레이크머티리얼즈,2023-06-12,16190,17350,KOSDAQ,17419,7.1649,1.6507,1.0,22,0.5602,0.4461,0.140572,324.2054,9.3316,7.4247,0.2206,93573257490.0,22,0.052244,45.53,6.28,14.01,1,1,15.0776
300,DH오토넥스,2023-06-12,19431,19501,KOSPI,1740,0.3602,1.7539,0.9486,250,0.898,3.1844,-0.000398,54.3656,13.8862,5.554,0.1848,16680124346.0,486,0.060532,5.09,-11.45,-11.45,0,1,8.9546
79960,동양이엔피,2023-06-12,17750,19230,KOSDAQ,2405,8.338,64.1301,0.4732,34,0.7702,7.5266,0.014795,68.6842,11.4992,7.4247,0.141,17773223006.0,590,0.03499,7.9,-2.7,-2.7,0,1,15.0776
226400,오스테오닉,2023-06-12,4520,5040,KOSDAQ,1254,11.5044,21.2895,0.6,38,0.8537,3.4915,0.043226,115.3846,8.1716,7.4247,0.1762,11537986196.0,591,0.062075,35.91,2.78,16.07,1,1,15.0776
356860,티엘비,2023-06-13,23450,24700,KOSDAQ,5821,5.3305,3.5375,1.0,135,0.5328,1.2403,0.006253,54.1342,26.2985,9.0439,0.1412,9446977030.0,601,0.0548,22.67,-1.42,11.34,1,1,16.4507
7340,DN오토모티브,2023-06-13,16524,16644,KOSPI,14130,0.7262,1.0341,0.6095,2,0.4757,0.9319,0.032752,70.9883,-3.0776,6.5658,0.0436,2267507789.0,293,0.022552,20.1,-2.77,20.1,1,1,9.2781
78350,한양디지텍,2023-06-13,15130,15760,KOSDAQ,3971,4.1639,3.1122,1.0,11,0.3492,1.1029,0.00252,62.9783,31.2944,9.0439,0.1135,2724283936.0,334,0.050671,13.39,-3.3,0.7,1,1,16.4507
92870,엑시콘,2023-06-13,12246,12294,KOSDAQ,3224,0.392,4.0095,0.5373,250,0.6177,2.038,0.006042,60.6219,26.8014,9.0439,0.2165,6566489313.0,603,0.051367,8.48,-1.87,3.58,0,1,16.4507
200670,휴메딕스,2023-06-13,32900,33100,KOSDAQ,4711,0.6079,0.8471,0.6429,7,0.4435,1.1761,0.027363,79.4038,5.8866,9.0439,0.0635,2842693250.0,524,0.049202,10.42,-2.27,10.42,1,1,16.4507
83450,GST,2023-06-13,14282,14358,KOSDAQ,5050,0.5321,1.8735,0.6008,47,0.5088,1.0132,0.018182,57.867,11.0866,9.0439,0.0814,4543264653.0,373,0.037645,5.06,-5.76,-3.32,0,1,16.4507
248070,솔루엠,2023-06-13,26750,28150,KOSPI,7302,5.2336,3.5295,0.6739,25,0.9388,0.8998,0.020632,69.0691,4.6991,6.5658,0.1171,29452899310.0,468,0.034763,5.86,-4.44,-1.24,0,1,9.2781
79810,디이엔티,2023-06-13,18517,18696,KOSDAQ,1145,0.9667,1.0822,0.6159,43,0.4718,0.7426,0.093948,234.9337,18.5651,9.0439,0.1112,6841553890.0,43,0.037208,-0.96,-22.11,-13.12,0,1,16.4507
86900,메디톡스,2023-06-13,268500,271500,KOSDAQ,9379,1.1173,1.2235,0.6842,39,0.3212,1.0388,0.086818,179.505,0.8751,9.0439,0.1248,46048896600.0,39,0.049461,-3.31,-20.99,-18.42,0,1,16.4507
31980,피에스케이홀딩스,2023-06-13,11350,11980,KOSDAQ,15827,5.5507,41.1384,0.3386,250,0.7807,5.0515,0.016883,78.806,21.7421,9.0439,0.1467,5477549436.0,357,0.053363,102.84,2.75,79.47,1,1,16.4507
402340,SK스퀘어,2023-06-13,46500,48350,KOSPI,663077,3.9785,1.9566,0.8281,250,0.5664,1.1748,0.006638,51.0938,8.2799,6.5658,0.072,22236405970.0,379,0.029916,-0.93,-8.79,-5.69,0,1,9.2781
9450,경동나비엔,2023-06-14,44400,44650,KOSPI,8217,0.5631,2.2631,0.9804,250,0.8214,0.8269,0.005109,35.9209,2.4756,5.6358,0.0776,2798998250.0,454,0.028235,21.61,-3.14,21.61,1,1,8.4612
78140,대봉엘에스,2023-06-14,9900,10020,KOSDAQ,1309,1.2121,129.8701,0.631,219,0.9075,15.7838,-0.007395,44.3804,21.0983,7.0347,0.2453,11638818300.0,479,0.040633,-4.19,-18.86,-16.57,0,1,13.1513
382800,지앤비에스 에코,2023-06-14,5337,5550,KOSDAQ,1006,3.991,6.4151,0.8369,54,0.733,1.1611,0.047666,107.4766,11.6311,7.0347,0.1349,3917743746.0,54,0.031982,0.22,-9.46,-3.6,0,1,13.1513
35900,JYP Ent.,2023-06-14,133200,135000,KOSDAQ,24908,1.3514,1.1371,0.3273,1,0.362,1.0121,0.096856,184.51,34.3265,7.0347,0.1003,62975159260.0,1,0.041905,2.81,-9.19,0.0,0,1,13.1513
3960,사조대림,2023-06-14,29900,30300,KOSPI,3235,1.3378,15.7685,0.6418,250,0.8272,2.1262,0.010965,32.8947,3.1614,5.6358,0.0499,2852391870.0,281,0.033946,-2.97,-18.48,-17.0,0,1,8.4612
413630,씨피시스템,2023-06-14,3328,3335,KOSDAQ,1656,0.2103,1.7811,0.8444,4,0.4121,1.4245,0.001071,10.8342,-2.2923,7.0347,0.028,36015465.0,291,0.014778,1.83,-1.59,0.24,0,1,13.1513
84690,대상홀딩스,2023-06-14,8860,9910,KOSPI,3476,11.851,45.8567,0.7189,207,0.8899,9.1352,-0.010823,43.6232,29.3779,5.6358,0.2916,56002825972.0,515,0.053698,-4.04,-27.35,-27.35,0,1,8.4612
290690,소룩스,2023-06-15,9783,9883,KOSDAQ,1994,1.0222,2.371,0.6451,3,0.4556,1.5372,0.202524,406.8205,127.4697,7.5041,0.2631,67185947125.0,3,0.114786,14.68,-26.82,-26.82,1,1,13.8873
59210,메타바이오메드,2023-06-15,4440,4680,KOSDAQ,1336,5.4054,3.2847,0.6626,3,0.4823,1.6585,0.060946,128.2927,57.8669,7.5041,0.2084,18543091211.0,3,0.089667,8.12,-9.62,-9.62,0,1,13.8873
86710,선진뷰티사이언스,2023-06-15,9030,9280,KOSDAQ,1147,2.7685,0.6676,0.8367,6,0.4578,0.7475,0.03449,97.237,8.2066,7.5041,0.0816,2103200146.0,587,0.047414,13.79,-3.34,-0.65,1,1,13.8873
98120,마이크로컨텍솔,2023-06-15,7950,8310,KOSDAQ,1633,4.5283,2.8081,0.9412,50,0.4493,0.8635,0.017545,76.8085,24.8207,7.5041,0.0994,1319716988.0,348,0.048049,12.76,-6.98,12.76,1,1,13.8873
352820,하이브,2023-06-15,294500,300500,KOSPI,152769,2.0374,1.1204,0.7143,28,0.828,1.0322,0.057185,174.4292,0.637,5.1729,0.0798,106144000000.0,390,0.036962,2.16,-13.81,-13.81,0,1,7.986
39030,이오테크닉스,2023-06-15,101000,102700,KOSDAQ,43488,1.6832,1.5316,0.94,2,0.4066,1.05,0.018999,74.9574,19.4427,7.5041,0.1142,21523978600.0,543,0.046182,14.02,-0.97,14.02,1,1,13.8873
183300,코미코,2023-06-15,57800,58100,KOSDAQ,11904,0.519,4.596,0.6522,250,0.4353,1.737,0.00374,45.7967,30.6647,7.5041,0.1625,5963409060.0,429,0.044074,6.2,-2.41,3.79,0,1,13.8873
108320,LX세미콘,2023-06-15,118100,121800,KOSPI,8571,3.1329,0.9278,0.9744,1,0.4974,0.718,0.017358,74.4986,12.6221,5.1729,0.0773,19699396600.0,357,0.031668,1.56,-6.57,0.33,0,1,7.986
175140,휴먼테크놀로지,2023-06-15,8690,8960,KOSDAQ,1010,3.107,2.9018,0.9825,69,0.7364,1.0483,0.017711,82.4847,4.636,7.5041,0.0922,268405348.0,575,0.033323,30.58,-0.89,10.16,1,1,13.8873
83930,아바코,2023-06-15,21000,21300,KOSDAQ,2221,1.4286,0.6857,0.887,38,0.5058,0.6015,0.050064,113.2132,14.489,7.5041,0.146,11574844500.0,38,0.04336,9.62,-11.36,5.63,0,1,13.8873
92730,네오팜,2023-06-15,11496,11931,KOSDAQ,3246,3.7839,8.4978,0.9809,250,0.9159,1.3826,0.003264,45.6243,-0.6243,7.5041,0.1089,3930671914.0,507,0.035466,11.37,-3.65,1.28,1,1,13.8873
64290,인텍플러스,2023-06-15,25600,26900,KOSDAQ,2137,5.0781,4.9913,0.56,1,0.7678,2.3341,0.008995,106.1303,44.7313,7.5041,0.3049,20001292810.0,358,0.049283,40.15,-8.18,40.15,1,1,13.8873
89890,코세스,2023-06-15,13620,14320,KOSDAQ,4362,5.1395,53.8828,0.8693,53,0.8828,5.8803,0.00889,110.279,42.4435,7.5041,0.3319,44175175926.0,356,0.045092,8.59,-12.64,-6.01,0,1,13.8873
214450,파마리서치,2023-06-16,137100,138200,KOSDAQ,43688,0.8023,0.4456,0.5,1,0.3154,0.8057,0.073114,149.009,9.9834,6.4446,0.1224,18568459940.0,1,0.044914,3.98,-9.41,-5.57,0,1,15.1019
161000,애경케미칼,2023-06-16,22600,23500,KOSPI,4884,3.9823,1.4053,0.5106,22,0.8429,0.7825,0.101684,204.0103,7.7243,5.2564,0.2174,212944000000.0,22,0.064742,14.47,-16.17,-10.0,1,1,8.66
267270,HD건설기계,2023-06-16,69900,70600,KOSPI,51572,1.0014,1.9719,0.6857,28,0.6077,1.2427,0.047911,129.9674,14.4046,5.2564,0.1157,13974949900.0,28,0.045933,24.08,0.0,17.42,1,1,8.66
192820,코스맥스,2023-06-16,89400,94200,KOSPI,21485,5.3691,2.1101,0.84,16,0.478,0.8994,0.028323,121.3866,3.2689,5.2564,0.0911,9580172380.0,475,0.033364,-0.21,-5.52,-2.87,0,1,8.66
241710,코스메카코리아,2023-06-16,18070,18500,KOSDAQ,10605,2.3796,1.0046,0.5714,5,0.5534,0.8877,0.075995,184.6154,8.3197,6.4446,0.1086,6605413996.0,499,0.060232,43.78,-0.92,32.97,1,1,15.1019
352480,씨앤씨인터내셔널,2023-06-16,46950,49000,KOSDAQ,4859,4.3663,1.0303,0.9565,9,0.6304,0.682,0.091352,193.4132,3.2979,6.4446,0.0763,3497165600.0,9,0.044752,7.55,-8.27,-8.06,0,1,15.1019
326030,SK바이오팜,2023-06-16,82000,85800,KOSPI,87633,4.6341,4.7973,0.8871,210,0.7456,1.5275,-0.003794,65.6371,15.2492,5.2564,0.1446,27412528160.0,605,0.030969,0.12,-14.45,-10.84,0,1,8.66
136480,하림,2023-06-16,3325,3335,KOSDAQ,3250,0.3008,1.5546,0.5556,50,0.64,1.3657,0.008041,33.9357,-0.2344,6.4446,0.0532,6184995546.0,497,0.024845,-0.3,-12.74,-12.74,0,1,15.1019
210540,디와이파워,2023-06-16,13850,14340,KOSPI,1435,3.5379,6.0405,0.8934,135,0.7269,1.7045,0.006692,56.8928,11.614,5.2564,0.1196,3130703222.0,519,0.03158,21.27,-4.88,17.43,1,1,8.66
93320,케이아이엔엑스,2023-06-16,70800,74000,KOSDAQ,6373,4.5198,4.9873,0.8545,73,0.5526,2.5991,0.011156,59.1398,31.1019,6.4446,0.2201,6091006820.0,577,0.048842,-1.76,-14.73,-9.46,0,1,15.1019
140410,메지온,2023-06-19,28850,30400,KOSDAQ,48248,5.3726,1.7864,0.878,28,0.7627,0.6903,0.050273,144.1767,10.3916,6.307,0.1332,15586237580.0,355,0.045818,54.11,-4.44,29.77,1,1,15.1269
3300,한일홀딩스,2023-06-19,12300,12420,KOSPI,4733,0.9756,3.8668,1.0,3,0.5556,1.741,0.005322,23.5821,4.1652,3.741,0.0543,188007722.0,520,0.019381,-0.97,-6.68,-5.96,0,1,7.9564
39440,에스티아이,2023-06-19,18000,18700,KOSDAQ,5334,3.8889,3.8806,0.5823,1,0.7831,4.0428,-0.012609,74.7664,47.2233,6.307,0.3479,33428514292.0,258,0.046715,58.56,-15.08,52.14,1,1,15.1269
109610,에스와이,2023-06-19,5110,5390,KOSDAQ,1343,5.4795,10.9277,0.7304,138,0.6741,2.6326,0.016621,93.5368,56.7792,6.307,0.2877,86975631962.0,138,0.063212,2.97,-10.85,-10.85,0,1,15.1269
86520,에코프로,2023-06-19,150881,151469,KOSDAQ,219414,0.3897,0.8737,0.8039,45,0.4855,0.9244,0.218133,1100.7055,30.33,6.307,0.2403,1068930000000.0,45,0.061252,29.4,-9.33,29.4,1,1,15.1269
82920,비츠로셀,2023-06-19,10472,10800,KOSDAQ,9181,3.1322,12.0286,0.3848,57,0.7916,2.4283,0.042024,108.8167,10.0723,6.307,0.1239,25290177099.0,57,0.050112,11.91,-4.21,-2.81,1,1,15.1269
41920,메디아나,2023-06-19,5960,6150,KOSDAQ,3943,3.1879,1.9308,0.8182,120,0.6667,1.192,0.000463,62.6984,29.0065,6.307,0.2143,2820869894.0,371,0.034785,1.14,-9.59,-2.44,0,1,15.1269
64350,현대로템,2023-06-19,36400,37500,KOSPI,230836,3.022,2.8365,0.9744,35,0.9007,0.7782,0.021423,106.6116,16.6443,3.741,0.1733,163252000000.0,35,0.032476,4.93,-10.13,-10.13,0,1,7.9564
257720,실리콘투,2023-06-19,6870,7100,KOSDAQ,31809,3.3479,0.6227,0.8082,228,0.476,0.7428,0.10667,313.9942,41.7639,6.307,0.2265,37501899702.0,228,0.083199,11.41,-9.3,0.85,1,1,15.1269
298050,HS효성첨단소재,2023-06-19,476500,487500,KOSPI,10371,2.3085,1.6035,0.7692,3,0.4803,1.2556,0.014753,59.0538,7.9429,3.741,0.0584,18319285300.0,427,0.029817,1.95,-10.15,-6.15,0,1,7.9564
353200,대덕전자,2023-06-19,30650,30850,KOSPI,30095,0.6525,1.6318,0.9333,250,0.5026,1.4637,-0.012142,68.1199,44.2207,3.741,0.2025,47912237790.0,260,0.043066,23.5,-4.38,23.5,1,1,7.9564
1230,동국홀딩스,2023-06-19,13129,16390,KOSPI,2318,24.8381,5.0396,1.0,78,1.0,0.8286,-0.010583,79.1844,63.4698,3.741,0.6,10406745016.0,520,0.540617,14.83,-12.51,3.54,1,1,7.9564
9970,영원무역홀딩스,2023-06-19,72900,74800,KOSPI,27133,2.6063,2.0432,0.9583,68,0.75,1.2555,0.034871,62.256,4.98,3.741,0.0744,1450663560.0,68,0.030367,5.48,-2.14,3.88,0,1,7.9564
4840,DRB동일,2023-06-19,5370,5380,KOSPI,1146,0.1862,0.4715,0.6667,3,0.5472,0.3532,0.012343,43.0851,2.1646,3.741,0.0474,183240040.0,499,0.029607,6.69,-4.09,4.09,0,1,7.9564
35890,서희건설,2023-06-19,1555,1619,KOSDAQ,3730,4.1158,2.9828,0.7838,248,0.4556,0.9759,0.000351,52.0188,18.0401,6.307,0.0898,6009531422.0,458,0.037325,-3.64,-12.79,-7.91,0,1,15.1269
103590,일진전기,2023-06-19,8631,8660,KOSPI,28516,0.336,0.3866,0.3955,4,0.4613,0.689,0.034459,126.2278,8.102,3.741,0.1337,16497362337.0,4,0.051344,25.65,-2.84,19.32,1,1,7.9564
34220,LG디스플레이,2023-06-19,15620,15944,KOSPI,55300,2.0743,1.7995,0.9184,204,0.5882,1.0699,0.002212,44.3549,4.8842,3.741,0.0671,29996502096.0,531,0.026898,-1.34,-15.54,-11.89,0,1,7.9564
12450,한화에어로스페이스,2023-06-19,119488,139861,KOSPI,637324,17.0502,3.9524,0.9272,46,0.9511,1.0493,0.052723,229.6509,28.4053,3.741,0.2419,169165000000.0,46,0.036155,3.79,-8.81,-4.59,0,1,7.9564
281820,케이씨텍,2023-06-20,20700,21400,KOSPI,9238,3.3816,9.7314,0.9545,54,0.9593,1.9258,0.015293,59.7015,6.3165,2.6448,0.0899,1870212252.0,536,0.030307,10.51,-3.74,10.51,1,1,7.7389
182360,큐브엔터,2023-06-20,26700,27500,KOSDAQ,1941,2.9963,4.4383,1.0,41,0.7108,1.0526,0.040263,136.0515,25.643,5.3094,0.2606,18270616480.0,391,0.042857,-3.64,-21.27,-21.27,0,1,14.7794
85620,미래에셋생명,2023-06-20,3540,3640,KOSPI,16339,2.8249,0.7667,0.8,250,0.2831,2.1969,0.005969,47.0707,23.525,2.6448,0.1109,520943582.0,424,0.056417,5.22,-4.12,-2.75,0,1,7.7389
178320,서진시스템,2023-06-20,19400,21000,KOSDAQ,20003,8.2474,8.2676,0.937,70,0.8048,1.7457,0.012003,54.9815,23.525,5.3094,0.2126,22055774466.0,608,0.032143,-1.67,-13.52,-13.52,0,1,14.7794
42520,한스바이오메드,2023-06-20,16460,18420,KOSDAQ,6060,11.9077,30.1802,0.6596,45,0.6852,4.4901,0.033998,101.7525,29.9329,5.3094,0.2665,7767588124.0,458,0.050644,55.81,-0.92,51.19,1,1,14.7794
15590,DKME,2023-06-20,1005,1020,KOSPI,1220,1.4925,1.5566,0.72,11,0.8716,0.7168,0.135506,230.0971,11.705,2.6448,0.0815,7117682372.0,11,0.066387,15.59,-6.86,-6.86,1,1,7.7389
251630,브이원텍,2023-06-21,12300,13160,KOSDAQ,1208,6.9919,8.254,0.8238,14,0.8333,1.3843,0.051915,128.4722,17.2961,2.7769,0.1272,7342465782.0,594,0.048686,7.45,-9.35,-6.53,0,1,13.3223
480,CR홀딩스,2023-06-21,12680,13620,KOSPI,2192,7.4132,11.1222,0.6878,40,0.8774,1.9373,0.021463,81.8425,51.0097,0.9992,0.4277,34275183786.0,40,0.061669,55.65,-1.91,55.65,1,1,6.783
357550,석경에이티,2023-06-21,72700,73100,KOSDAQ,2957,0.5502,6.0853,0.5185,56,0.5031,2.8803,0.113323,433.5766,75.5158,2.7769,0.3746,50155866860.0,56,0.099668,-2.87,-31.19,-31.19,0,1,13.3223
94170,동운아나텍,2023-06-21,10487,11025,KOSDAQ,6440,5.1302,33.5803,1.0,146,0.9773,4.176,-0.004581,87.1499,33.2167,2.7769,0.4042,37197221536.0,609,0.038393,307.77,1.73,307.77,1,1,13.3223
214430,아이쓰리시스템,2023-06-21,26100,27000,KOSDAQ,8747,3.4483,3.7394,0.6667,6,0.5333,1.7392,0.026365,71.4286,16.1659,2.7769,0.1068,2160252250.0,6,0.039021,45.19,-0.74,45.19,1,1,13.3223
214420,토니모리,2023-06-21,5450,5750,KOSPI,2098,5.5046,5.1782,0.6024,23,0.872,1.1365,0.02205,80.5338,10.2194,0.9992,0.1479,2020094508.0,503,0.051056,9.57,-10.43,-9.57,0,1,6.783
74600,원익QnC,2023-06-21,28500,28550,KOSDAQ,7058,0.1754,5.3102,0.661,250,0.8276,1.4462,0.003691,40.2948,3.753,2.7769,0.0801,18681383750.0,268,0.035402,8.76,-2.63,3.68,0,1,13.3223
39840,디오,2023-06-21,32000,34450,KOSDAQ,2222,7.6563,5.6135,0.7385,44,0.7962,1.1957,0.01696,89.8072,13.8052,2.7769,0.1478,8609765530.0,456,0.03898,0.58,-4.93,-4.93,0,1,13.3223
45100,한양이엔지,2023-06-21,16020,16300,KOSDAQ,5364,1.7478,1.8845,0.5918,4,0.7714,1.1738,0.004068,29.8805,1.7773,2.7769,0.0487,1892770378.0,516,0.021297,7.61,-3.37,1.6,0,1,13.3223
322510,제이엘케이,2023-06-22,9597,11485,KOSDAQ,1828,19.6728,9.1087,0.7853,11,0.6825,2.1053,0.146914,373.0231,76.8619,2.0043,0.3086,15145182490.0,11,0.077474,116.8,-3.02,116.8,1,1,13.3521
225570,넥슨게임즈,2023-06-22,23150,24900,KOSDAQ,8292,7.5594,3.1822,1.0,208,0.9708,1.3301,-0.002238,107.5,20.0545,2.0043,0.2079,64275378410.0,308,0.047017,-2.41,-17.67,-14.86,0,1,13.3521
1780,알루코,2023-06-22,3825,3950,KOSPI,2154,3.268,4.9751,1.0,33,0.879,0.8745,0.012189,79.5455,10.2491,1.0185,0.1352,22107595417.0,506,0.032459,32.41,-3.67,6.2,1,1,7.209
950140,잉글우드랩,2023-06-22,8960,9170,KOSDAQ,2487,2.3438,0.884,0.2561,13,0.7937,0.5152,0.075466,136.9509,3.1563,2.0043,0.0782,7487806536.0,435,0.073843,11.67,-3.16,-0.55,1,1,13.3521
357780,솔브레인,2023-06-22,246000,250500,KOSDAQ,32359,1.8293,4.4496,0.7885,85,0.8689,1.3076,0.005312,40.8094,4.5915,2.0043,0.0668,8369433800.0,472,0.029512,9.98,-5.39,9.38,0,1,13.3521
117730,티로보틱스,2023-06-22,18200,18780,KOSDAQ,5303,3.1868,4.11,0.6755,15,0.9347,0.67,0.105904,223.2358,4.1574,2.0043,0.1038,43188408524.0,15,0.05477,23.8,3.57,8.09,1,1,13.3521
60280,큐렉소,2023-06-22,13600,13920,KOSDAQ,8156,2.3529,3.2442,0.7562,60,0.4525,1.6891,0.047483,119.2126,28.0892,2.0043,0.1586,18386359440.0,60,0.064399,52.66,0.65,45.83,1,1,13.3521
51360,토비스,2023-06-22,13840,14560,KOSDAQ,2268,5.2023,1.5028,0.9126,7,0.5093,0.7982,0.040307,84.0708,13.8271,2.0043,0.1251,3073135676.0,7,0.044643,0.0,-7.28,-6.18,0,1,13.3521
110990,디아이티,2023-06-23,9800,9930,KOSDAQ,3960,1.3265,11.6395,0.6322,42,0.7491,2.631,0.016786,85.9551,22.6402,2.2654,0.1911,3380991860.0,538,0.045605,1.71,-14.0,-0.3,0,1,13.1033
285490,노바텍,2023-06-23,35600,36000,KOSDAQ,3046,1.1236,1.1346,0.4667,43,0.5,0.4873,0.005462,98.895,22.0869,2.2654,0.1079,8359131370.0,534,0.056448,9.72,-6.67,-2.08,0,1,13.1033
91120,이엠텍,2023-06-23,31400,32550,KOSDAQ,1347,3.6624,12.2298,0.5227,48,0.7622,2.2145,0.005405,59.5588,17.6241,2.2654,0.1374,18309760290.0,307,0.043779,21.2,-2.46,21.2,1,1,13.1033
255220,SG,2023-06-23,1615,1753,KOSDAQ,2786,8.5449,22.4468,1.0,215,0.745,4.6705,-0.020571,79.4268,45.792,2.2654,0.3825,21179780692.0,543,0.084467,-1.77,-27.78,-27.78,0,1,13.1033
214370,케어젠,2023-06-26,47800,48900,KOSDAQ,57287,2.3013,1.2096,0.8571,48,0.3887,1.3135,0.047954,168.6813,25.9593,3.7489,0.186,11282703900.0,48,0.049313,6.13,-7.16,-5.93,0,1,13.6388
87010,펩트론,2023-06-26,10078,11144,KOSDAQ,66571,10.5775,10.9251,0.9431,237,0.6684,3.5763,-0.012454,60.8313,45.7949,3.7489,0.3678,6803459186.0,553,0.04763,155.67,-5.3,152.63,1,1,13.6388
5930,삼성전자,2023-06-26,72300,72400,KOSPI,8944573,0.1383,0.7759,0.9,18,0.75,0.9004,0.018881,37.6426,4.1557,1.0768,0.0131,806808000000.0,607,0.015292,1.38,-4.01,-2.76,0,1,6.6753
7660,이수페타시스,2023-06-26,22854,24215,KOSPI,81558,5.9552,1.1991,0.867,4,0.3462,1.4399,0.15965,423.1151,97.6511,1.0768,0.3438,267151000000.0,4,0.092393,68.08,2.01,68.08,1,1,6.6753
297090,씨에스베어링,2023-06-26,13650,14340,KOSDAQ,1546,5.0549,11.3538,0.7543,245,0.6675,2.0675,6.6e-05,98.3402,26.3782,3.7489,0.1887,22986889222.0,607,0.048117,2.79,-8.93,-8.23,0,1,13.6388
5290,동진쎄미켐,2023-06-26,39050,39150,KOSDAQ,26324,0.2561,2.9431,0.8542,18,0.9383,1.0963,0.009366,48.8593,6.0688,3.7489,0.0365,41930210400.0,365,0.04023,7.54,-5.87,-0.26,0,1,13.6388
10060,OCI홀딩스,2023-06-26,114033,119600,KOSPI,20761,4.8819,1.0764,0.9897,244,0.1662,0.6157,-0.000141,92.7074,24.5534,1.0768,0.2273,21809820700.0,428,0.053034,-0.08,-11.71,-5.1,0,1,6.6753
232140,와이씨,2023-06-26,4425,4465,KOSDAQ,14735,0.904,1.0154,0.8667,4,0.6583,1.0067,-0.000173,63.2541,7.3208,3.7489,0.0682,3001451970.0,583,0.035034,4.37,-7.84,-4.14,0,1,13.6388
131970,두산테스나,2023-06-26,40950,43500,KOSDAQ,12080,6.2271,6.5019,1.0,56,0.766,1.7229,0.031651,112.7139,11.4829,3.7489,0.1245,18384087020.0,612,0.040312,10.23,-10.8,8.28,1,1,13.6388
315640,딥노이드,2023-06-26,6261,6546,KOSDAQ,1015,4.552,4.8919,0.913,79,0.5139,2.3011,0.043656,172.6364,51.3329,3.7489,0.2522,24258763372.0,451,0.092041,15.51,-22.33,-1.3,1,1,13.6388
7690,국도화학,2023-06-26,54900,56500,KOSPI,3297,2.9144,9.2758,0.7419,8,0.4593,3.2724,-0.003206,36.1446,26.6068,1.0768,0.1312,6148474720.0,439,0.047344,-0.88,-9.91,-9.2,0,1,6.6753
322310,오로스테크놀로지,2023-06-26,19530,21200,KOSDAQ,2492,8.5509,24.4542,0.8649,58,0.8614,3.8472,0.021219,129.4372,18.7945,3.7489,0.1982,7569571038.0,577,0.047338,35.85,7.55,8.73,1,1,13.6388
252990,샘씨엔에스,2023-06-26,5680,6200,KOSDAQ,5944,9.1549,14.3806,0.8333,49,0.8067,2.3411,0.007199,67.1159,23.3003,3.7489,0.1668,11043311422.0,518,0.046256,22.42,-5.65,-5.65,1,1,13.6388
114810,한솔아이원스,2023-06-26,9150,9460,KOSDAQ,3806,3.388,3.8175,0.8361,47,0.8958,1.0772,0.011594,56.3636,6.3792,3.7489,0.0669,1101807050.0,385,0.028994,7.82,-4.02,-1.69,0,1,13.6388
33530,SJG세종,2023-06-27,8750,8870,KOSPI,2902,1.3714,0.9441,0.9535,26,0.8627,0.422,0.040559,111.4422,9.3039,0.8824,0.0511,3269989104.0,430,0.036962,6.31,-8.46,-8.46,0,1,6.604
105630,한세실업,2023-06-27,18760,19800,KOSPI,5740,5.5437,2.7428,0.9123,5,0.3888,1.3483,0.002644,47.7612,23.7242,0.8824,0.1544,4391284266.0,304,0.031962,8.33,-9.09,-9.09,0,1,6.604
42000,카페24,2023-06-27,13650,15390,KOSDAQ,8743,12.7473,46.6417,1.0,214,1.0,8.9507,-0.033042,86.5455,76.7564,3.6657,0.6733,63939573964.0,463,0.054349,7.02,-20.79,-20.79,0,1,12.8819
22100,포스코DX,2023-06-27,16940,17480,KOSPI,57393,3.1877,1.7519,0.9862,46,0.4867,1.3236,0.096381,249.9499,52.4509,0.8824,0.2965,352748000000.0,46,0.056514,101.09,-12.76,101.09,1,1,6.604
3030,세아제강지주,2023-06-27,196500,197200,KOSPI,5426,0.3562,2.0296,0.9438,206,0.6887,0.7264,-0.000301,58.3936,15.5284,0.8824,0.1331,2419018920.0,206,0.038829,5.22,-5.43,3.96,0,1,6.604
89010,켐트로닉스,2023-06-27,26450,26700,KOSDAQ,5564,0.9452,2.4604,0.5294,48,0.6953,2.1294,0.022704,107.7821,9.7101,3.6657,0.0797,27056512930.0,589,0.055511,-0.19,-12.36,-8.24,0,1,12.8819
227840,현대코퍼레이션홀딩스,2023-06-28,11900,12060,KOSPI,1085,1.3445,2.6815,0.7727,210,0.7622,2.4845,-0.001117,25.8873,7.8347,-0.825,0.0524,813120436.0,463,0.027482,1.99,-10.53,-10.53,0,1,5.8586
161580,필옵틱스,2023-06-28,10900,11110,KOSDAQ,12474,1.9266,1.9639,0.6962,47,0.5813,1.022,0.02343,66.3174,6.7854,1.8168,0.0689,4186477924.0,600,0.032275,98.92,-6.03,-6.03,1,1,11.887
200470,에이팩트,2023-06-28,3825,3890,KOSDAQ,3249,1.6993,4.7663,0.8507,77,0.8621,1.7365,-0.005177,59.7536,18.9907,1.8168,0.1552,3058366743.0,476,0.047925,17.1,-12.08,-12.08,1,1,11.887
299030,하나기술,2023-06-28,89200,92200,KOSDAQ,2414,3.3632,13.4465,0.5,46,0.7399,2.7038,0.016859,84.0319,41.1289,1.8168,0.2734,135102000000.0,46,0.057096,49.57,-2.28,30.15,1,1,11.887
86280,현대글로비스,2023-06-28,97238,98889,KOSPI,183750,1.6979,1.4213,0.5287,9,0.4848,1.1701,0.003315,31.1021,16.44,-0.825,0.0767,21969774204.0,599,0.035769,0.96,-8.4,-8.4,0,1,5.8586
297890,HB솔루션,2023-06-28,4414,4855,KOSDAQ,1616,9.9909,64.9966,0.7803,189,0.9942,7.219,0.013985,64.5205,14.3593,1.8168,0.1879,34570234706.0,471,0.0463,7.72,-7.83,-7.83,0,1,11.887
84370,유진테크,2023-06-28,33150,33900,KOSDAQ,22687,2.2624,1.5798,0.7333,6,0.6404,1.0651,0.017468,68.6567,8.0698,1.8168,0.0557,6111284590.0,395,0.035398,1.92,-11.5,-7.08,0,1,11.887
10690,화신,2023-06-28,17070,17310,KOSPI,3143,1.406,1.0885,0.6762,16,0.7741,0.6504,0.056242,142.0979,9.2157,-0.825,0.0812,13198600156.0,16,0.03883,23.92,0.92,9.19,1,1,5.8586
146320,비씨엔씨,2023-06-28,21700,22350,KOSDAQ,1889,2.9954,2.0056,0.9,24,0.7267,0.9943,0.013729,60.7914,10.1572,1.8168,0.0898,4831811210.0,286,0.04992,4.25,-11.63,-9.84,0,1,11.887
199820,제일일렉트릭,2023-06-29,6652,6842,KOSDAQ,2169,2.8563,190.9657,0.5797,216,0.88,20.0686,-0.007414,52.5189,19.5323,0.566,0.1964,23245273648.0,602,0.044682,11.85,-13.01,-13.01,1,1,11.1594
140860,파크시스템스,2023-06-29,186100,191000,KOSDAQ,19240,2.633,1.0289,1.0,9,0.5377,0.7646,0.066468,113.8858,15.5435,0.566,0.0806,4856557440.0,9,0.031937,4.71,-9.06,4.71,0,1,11.1594
368770,파이버프로,2023-06-29,4560,5100,KOSDAQ,6012,11.8421,14.5761,1.0,220,0.741,1.7285,0.003853,143.4368,45.3568,0.566,0.3375,25123972150.0,273,0.043627,-3.63,-24.31,-19.22,0,1,11.1594
89970,브이엠,2023-06-29,18400,18740,KOSDAQ,6677,1.8478,1.7473,0.8673,213,0.2948,2.7392,-0.011302,86.4677,48.0462,0.566,0.1947,4672592266.0,542,0.060604,2.4,-13.29,-7.2,0,1,11.1594
166090,하나머티리얼즈,2023-06-29,51900,52800,KOSDAQ,11965,1.7341,0.8201,1.0,250,0.4046,0.6588,0.033182,84.6154,13.9677,0.566,0.0641,5306172820.0,291,0.038217,-0.38,-14.58,-9.75,0,1,11.1594
18250,애경산업,2023-06-29,24300,25100,KOSPI,3285,3.2922,5.99,0.7347,31,0.8105,1.3178,0.047564,133.4884,15.1425,-1.0516,0.1278,5309901510.0,513,0.040837,6.37,-10.56,-1.99,0,1,5.2432
307950,현대오토에버,2023-06-29,136500,138900,KOSPI,118746,1.7582,7.7867,0.89,215,1.0,1.8223,0.001788,48.3974,11.2897,-1.0516,0.1182,23628074920.0,496,0.027512,14.47,0.5,0.5,1,1,5.2432
36930,주성엔지니어링,2023-06-29,19100,19380,KOSDAQ,19380,1.466,5.2075,0.7939,53,0.6697,1.6055,0.012777,86.1671,15.2046,0.566,0.102,49738392420.0,329,0.038036,37.25,-10.78,37.25,1,1,11.1594
228760,지노믹트리,2023-06-29,15210,16100,KOSDAQ,5467,5.8514,17.9982,0.5245,52,0.9534,3.1926,0.013437,88.0841,17.4692,0.566,0.2207,38011181430.0,538,0.062777,5.9,-15.22,-9.38,0,1,11.1594
1200,유진투자증권,2023-06-30,3675,3950,KOSPI,3870,7.483,6.8047,1.0,18,0.8487,1.2046,0.026247,77.13,16.3668,-0.1903,0.1028,2886803469.0,519,0.038517,10.63,-2.03,10.63,1,1,5.7907
9780,엠에스씨,2023-06-30,7000,7470,KOSDAQ,1378,6.7143,193.0896,0.9261,114,0.9585,19.9653,0.00339,49.1018,29.623,0.5163,0.2378,16642510496.0,296,0.048193,6.96,-25.57,-22.89,0,1,11.9192
53700,삼보모터스,2023-06-30,7280,7370,KOSDAQ,2038,1.2363,38.4592,0.7143,32,0.9596,4.0303,0.025989,92.9319,17.7822,0.5163,0.1901,41792350938.0,600,0.040512,2.58,-17.77,-15.47,0,1,11.9192
13030,하이록코리아,2023-06-30,25750,26350,KOSDAQ,3778,2.3301,1.8863,0.8723,210,0.8361,0.7407,0.002373,58.2583,6.3802,0.5163,0.0702,3089650200.0,210,0.033207,10.44,-0.38,4.36,1,1,11.9192
18290,브이티,2023-06-30,9760,9830,KOSDAQ,6960,0.7172,1.7913,0.9277,4,0.2897,2.1474,0.053565,106.2959,42.5695,0.5163,0.1892,14741019756.0,499,0.067141,2.24,-16.58,-11.5,0,1,11.9192
3280,흥아해운,2023-07-03,2165,2170,KOSPI,4044,0.2309,6.6051,0.1786,250,0.4913,5.3797,0.001252,76.4228,59.2819,0.0427,0.2449,29235966779.0,437,0.092001,28.8,-5.99,-5.07,1,1,7.318
11560,세보엠이씨,2023-07-03,9740,9760,KOSDAQ,1527,0.2053,3.5961,0.8333,14,0.9255,0.7936,0.00669,43.7408,5.0433,2.4457,0.0528,605274720.0,267,0.025322,1.95,-10.14,-6.56,0,1,14.5503
95340,ISC,2023-07-03,56000,59800,KOSDAQ,29188,6.7857,2.6491,0.5167,14,0.8712,0.816,0.047535,102.3689,15.7361,2.4457,0.1292,25012016480.0,14,0.045509,79.43,-17.22,72.07,1,1,14.5503
36010,아비코전자,2023-07-03,17530,18240,KOSDAQ,1115,4.0502,1.8418,1.0,12,0.8404,0.5249,0.038582,107.9818,11.4831,2.4457,0.0874,10917457878.0,12,0.043116,0.99,-14.8,-8.39,0,1,14.5503
42700,한미반도체,2023-07-03,30900,31200,KOSPI,179282,0.9709,0.9417,0.4571,9,0.4314,0.7721,0.106769,188.8889,21.3581,0.0427,0.0928,92256254670.0,9,0.059638,58.81,-7.37,55.45,1,1,7.318
9900,명신산업,2023-07-03,24400,24450,KOSPI,4665,0.2049,2.2297,0.75,198,0.7746,0.8649,0.003834,70.3833,11.3469,0.0427,0.0865,23731965280.0,617,0.04163,2.04,-19.47,-16.77,0,1,7.318
144960,뉴파워프라즈마,2023-07-03,6650,6870,KOSDAQ,2635,3.3083,2.2002,0.9844,13,0.5583,1.0588,0.042857,112.037,10.5477,2.4457,0.0748,2423361926.0,436,0.054481,3.78,-21.11,-21.11,0,1,14.5503
92070,디엔에프,2023-07-03,18590,19200,KOSDAQ,2073,3.2813,3.5344,0.6972,50,0.6438,1.352,0.013758,61.3445,12.5933,2.4457,0.1173,4528587758.0,466,0.031436,34.38,-2.08,33.33,1,1,14.5503
94360,칩스앤미디어,2023-07-03,16950,19200,KOSDAQ,3756,13.2743,8.796,0.7474,14,0.795,1.375,0.076087,183.3948,36.4332,2.4457,0.2277,57539874480.0,14,0.060264,15.62,-8.46,3.26,1,1,14.5503
13310,아진산업,2023-07-03,6229,6257,KOSDAQ,1300,0.4495,0.7633,0.3922,31,0.6292,0.8469,0.090135,187.6782,12.5727,2.4457,0.1171,60334359105.0,31,0.061326,13.82,-3.29,-1.34,1,1,14.5503
114840,아이패밀리에스씨,2023-07-03,12703,13203,KOSDAQ,2785,3.9361,1.7587,0.7909,20,0.8396,0.7352,0.08857,197.9689,1.4904,2.4457,0.0812,1873155591.0,20,0.052412,2.27,-22.16,-22.16,0,1,14.5503
11930,신성이엔지,2023-07-03,2580,2955,KOSPI,3600,14.5349,24.5069,0.8865,209,1.0,3.3323,-0.008946,95.0495,37.3992,0.0427,0.3173,104593000000.0,613,0.045444,-1.52,-16.07,-1.52,0,1,7.318
77500,유니퀘스트,2023-07-03,6080,6125,KOSPI,1339,0.7401,2.2497,0.7368,67,0.8964,1.4544,0.020792,61.3966,12.8606,0.0427,0.1294,4717856988.0,612,0.03586,37.22,18.37,37.22,1,1,7.318
79370,제우스,2023-07-03,12300,12783,KOSDAQ,5751,3.9268,3.1104,0.82,63,0.5242,1.7909,0.03006,92.7182,17.4024,2.4457,0.1142,18328306242.0,63,0.064511,47.07,-11.09,45.51,1,1,14.5503
66570,LG전자,2023-07-04,127200,128200,KOSPI,157348,0.7862,1.6798,0.16,20,0.9159,0.8516,0.026305,64.7815,1.6312,-0.845,0.0252,100964000000.0,605,0.022064,0.0,-15.44,-14.82,0,1,6.9086
520,삼일제약,2023-07-04,8378,8640,KOSPI,2280,3.1272,4.967,0.9143,135,0.634,1.6323,0.005018,34.5585,17.6017,-0.845,0.1356,1946113156.0,585,0.032159,-9.14,-24.31,-21.18,0,1,6.9086
195870,해성디에스,2023-07-04,61900,66300,KOSPI,10710,7.1082,2.9215,0.825,250,0.4822,1.5744,-0.001137,93.2945,33.844,-0.845,0.1909,15755906660.0,293,0.044064,16.14,-10.11,15.54,1,1,6.9086
14940,오리엔탈정공,2023-07-04,3800,4030,KOSDAQ,3660,6.0526,14.2802,0.6048,46,0.7405,2.1896,0.006271,87.4419,11.5759,2.2659,0.1111,2801799757.0,528,0.046172,5.83,-8.56,-2.48,0,1,14.573
82740,한화엔진,2023-07-04,10400,10990,KOSPI,44561,5.6731,2.5903,0.9626,10,0.5876,0.981,0.015692,77.2581,19.3995,-0.845,0.1032,9434726538.0,10,0.037502,14.47,-0.82,14.47,1,1,6.9086
33100,제룡전기,2023-07-04,20550,20600,KOSDAQ,7003,0.2433,1.1104,0.375,1,0.9401,0.9965,0.085999,216.9231,15.0461,2.2659,0.1489,13350724590.0,1,0.042268,5.1,-8.2,1.7,0,1,14.573
73010,케이에스피,2023-07-04,2763,2881,KOSDAQ,1716,4.2707,15.3202,0.5166,207,0.7035,2.561,-3.5e-05,78.3901,37.3851,2.2659,0.178,4962068291.0,530,0.068751,5.48,-12.15,5.48,0,1,14.573
47050,포스코인터내셔널,2023-07-04,40400,43100,KOSPI,108017,6.6832,2.2574,0.6857,1,0.5127,1.036,0.048927,146.2857,31.4511,-0.845,0.1293,153501000000.0,1,0.042758,109.05,-1.39,95.13,1,1,6.9086
314930,바이오다인,2023-07-04,8271,8396,KOSDAQ,4006,1.5113,1.3913,0.9255,5,0.5439,0.8524,0.041801,131.5499,4.6078,2.2659,0.0483,622606506.0,545,0.037918,38.36,-0.5,38.36,1,1,14.573
10140,삼성중공업,2023-07-04,6890,6940,KOSPI,242440,0.7257,1.3793,0.8148,12,0.8276,0.8442,0.013753,42.0676,8.4419,-0.845,0.0399,35078808168.0,559,0.031186,31.12,1.59,31.12,1,1,6.9086
77360,덕산하이메탈,2023-07-04,8030,8800,KOSDAQ,4085,9.589,13.9071,0.8385,228,0.7432,2.2774,0.000508,93.1943,36.5353,2.2659,0.2364,23991562150.0,371,0.060227,11.36,-11.25,0.11,1,1,14.573
83310,엘오티베큠,2023-07-04,17360,18040,KOSDAQ,2383,3.9171,4.0313,0.9011,21,0.7606,1.0019,0.045221,108.5549,5.243,2.2659,0.0572,4126786168.0,618,0.027875,40.8,-9.92,40.8,1,1,14.573
161890,한국콜마,2023-07-04,44800,46000,KOSPI,15886,2.6786,5.0642,0.7857,50,0.8261,1.2317,0.012149,42.1947,12.4955,-0.845,0.0686,9096866680.0,516,0.031832,6.2,-3.04,6.2,0,1,6.9086
10120,LS ELECTRIC,2023-07-04,80900,81400,KOSPI,157500,0.618,1.1103,0.4783,1,0.5461,0.8772,0.032269,78.9011,18.6453,-0.845,0.091,14022671920.0,1,0.027203,41.89,-1.84,24.2,1,1,6.9086
430,대원강업,2023-07-04,4880,5850,KOSPI,2620,19.877,38.4726,1.0,34,0.9116,4.451,0.031941,136.3636,36.8915,-0.845,0.3657,28078294876.0,34,0.03895,37.09,1.71,28.89,1,1,6.9086
272110,케이엔제이,2023-07-04,24100,26900,KOSDAQ,2079,11.6183,4.2997,0.9821,15,1.0,0.9479,0.075387,161.165,17.8233,2.2659,0.1515,6902843150.0,15,0.049788,-6.69,-20.45,-15.24,0,1,14.573
64960,SNT모티브,2023-07-04,29422,29752,KOSPI,9130,1.1216,1.2268,1.0,3,0.6927,0.7684,0.013766,36.3645,2.3461,-0.845,0.038,2165591801.0,604,0.028846,1.85,-10.65,-9.91,0,1,6.9086
66575,LG전자우,2023-07-04,55300,55400,KOSPI,8404,0.1808,2.5287,0.5,17,0.8611,0.9012,0.016204,50.1355,1.5723,-0.845,0.0223,2773523080.0,605,0.020758,-0.18,-11.91,-11.28,0,1,6.9086
104830,원익머트리얼즈,2023-07-04,32750,33150,KOSDAQ,4766,1.2214,3.8675,0.7692,219,0.4776,2.5974,-0.002363,35.0305,18.2795,2.2659,0.1218,4103904890.0,545,0.039323,-3.77,-16.29,-12.97,0,1,14.573
399720,가온칩스,2023-07-05,35500,38700,KOSDAQ,7668,9.0141,25.7652,0.7444,65,0.7205,3.7792,0.030352,186.6667,34.8405,1.1877,0.2508,71436766630.0,261,0.044481,32.04,-13.18,17.44,1,1,14.645
200880,서연이화,2023-07-05,20800,23700,KOSPI,4068,13.9423,2.4876,0.9859,33,0.777,0.5743,0.090376,282.8756,29.231,-1.3993,0.2924,25777807918.0,33,0.04126,16.46,-4.85,-4.85,1,1,6.2819
253590,네오셈,2023-07-05,3925,3940,KOSDAQ,6532,0.3822,4.1361,0.4483,102,0.7689,4.26,0.001929,34.0136,22.5172,1.1877,0.1351,25607120856.0,270,0.055203,53.81,-3.05,19.29,1,1,14.645
298040,효성중공업,2023-07-05,122200,124300,KOSPI,213159,1.7185,1.2972,0.2917,1,0.801,1.1517,0.042558,153.4149,39.5104,-1.3993,0.2212,20007301880.0,1,0.051603,40.39,-2.57,34.03,1,1,6.2819
11810,STX,2023-07-05,11454,13734,KOSPI,1095,19.9057,3.5774,0.9166,38,0.7742,0.7085,0.104607,337.3885,68.0741,-1.3993,0.3964,51889784151.0,537,0.066275,12.39,-8.15,-4.9,1,1,6.2819
9540,HD한국조선해양,2023-07-05,120600,121500,KOSPI,283800,0.7463,1.644,0.5469,10,0.5747,1.1923,0.025497,75.3247,17.7786,-1.3993,0.0687,41488607100.0,532,0.036802,6.5,-2.47,0.66,0,1,6.2819
15750,성우하이텍,2023-07-05,10650,10690,KOSDAQ,6144,0.3756,1.4347,0.8511,32,0.7047,0.6974,0.06612,170.6329,10.8668,1.1877,0.1242,44167333632.0,32,0.034679,41.35,11.32,11.32,1,1,14.645
71970,HD현대마린엔진,2023-07-06,7610,7890,KOSPI,28664,3.6794,2.0975,0.9444,107,0.5233,1.1049,0.040362,126.0745,25.9516,-2.0897,0.1257,3246498436.0,538,0.043093,60.33,0.25,47.78,1,1,5.3125
43370,피에이치에이,2023-07-06,11170,11350,KOSDAQ,2440,1.6115,5.7167,0.5909,29,0.7612,1.1871,0.045397,100.885,6.8132,-0.6392,0.0923,3032762562.0,516,0.03411,-1.32,-13.48,-13.48,0,1,11.9243
17370,우신시스템,2023-07-06,3860,4065,KOSPI,1181,5.3109,9.5793,0.6173,104,0.7839,1.625,0.036632,104.7859,27.7466,-2.0897,0.1512,1498701220.0,430,0.038658,162.48,8.12,119.93,1,1,5.3125
23160,태광,2023-07-07,19600,19700,KOSDAQ,6970,0.5102,0.8768,0.5893,211,0.6642,1.1194,0.000125,69.0987,11.9777,-1.8603,0.0725,8376498658.0,211,0.030638,9.39,-1.93,0.15,0,1,11.4355
290650,엘앤씨바이오,2023-07-07,36250,36950,KOSDAQ,22060,1.931,1.5742,0.8222,20,0.5909,1.0491,0.037091,111.1429,3.7914,-1.8603,0.0658,8525199020.0,283,0.047071,11.23,-5.01,4.6,1,1,11.4355
42660,한화오션,2023-07-07,34914,36513,KOSPI,410594,4.5798,2.3045,0.8331,12,0.4265,0.9634,0.072045,133.5188,46.0543,-4.3333,0.1406,57576686510.0,534,0.053443,18.98,2.31,13.14,1,1,4.063
39560,다산네트웍스,2023-07-07,6030,6890,KOSDAQ,1385,14.262,15.2321,1.0,227,0.5861,3.0359,-0.009325,103.2448,102.735,-1.8603,0.3825,34716475796.0,606,0.079515,0.15,-33.74,-30.41,0,1,11.4355
5850,에스엘,2023-07-07,40000,40600,KOSPI,24618,1.5,1.6661,0.913,204,0.6457,1.1533,-0.005927,76.9063,19.3475,-4.3333,0.1298,23889561260.0,204,0.037386,0.86,-12.32,-12.32,0,1,4.063
267260,HD현대일렉트릭,2023-07-07,67300,67700,KOSPI,301715,0.5944,0.6692,0.8065,3,0.28,1.1162,0.068663,207.0295,29.472,-4.3333,0.1402,20359155400.0,3,0.047373,19.05,-0.74,7.83,1,1,4.063
36620,감성코퍼레이션,2023-07-07,4480,4620,KOSDAQ,6091,3.125,5.1328,0.875,20,1.0,1.22,0.123899,226.5018,4.9853,-1.8603,0.0969,12577753668.0,20,0.056277,0.97,-15.37,-9.09,0,1,11.4355
25320,시노펙스,2023-07-07,2995,3108,KOSDAQ,6937,3.773,6.2899,1.0,226,0.812,1.5107,0.003921,57.5266,16.9288,-1.8603,0.1056,10802677440.0,614,0.03684,-1.25,-18.79,-13.1,0,1,11.4355
137400,피엔티,2023-07-10,61600,63400,KOSDAQ,12201,2.9221,12.2848,0.6,63,0.7805,2.0609,0.015701,70.4301,12.1791,-2.8687,0.1376,64668916480.0,272,0.043375,27.6,6.47,9.62,1,1,10.4694
108670,LX하우시스,2023-07-10,48600,48800,KOSPI,2560,0.4115,1.7385,0.9298,223,0.5083,0.8085,0.006219,60.2627,11.3849,-4.1322,0.0749,2117912320.0,495,0.031762,21.11,-5.23,2.05,1,1,3.7803
1060,JW중외제약,2023-07-10,25501,26384,KOSPI,7009,3.4626,8.975,0.7502,42,0.7768,1.6546,0.015319,61.5083,22.1181,-4.1322,0.1405,8940330990.0,621,0.044618,57.99,1.86,44.61,1,1,3.7803
44490,태웅,2023-07-11,17240,17720,KOSDAQ,5772,2.7842,1.6125,0.82,7,0.6171,0.946,0.038428,103.6782,11.9416,-2.016,0.0587,1496892856.0,7,0.04168,9.99,-9.76,-8.52,0,1,12.7437
200670,휴메딕스,2023-07-11,36350,36550,KOSDAQ,4711,0.5502,0.6571,0.8095,1,0.6542,1.124,0.04701,98.103,12.439,-2.016,0.0692,3718825570.0,544,0.043678,8.76,-8.34,8.76,0,1,12.7437
241560,두산밥캣,2023-07-11,62000,62400,KOSPI,55405,0.6452,0.6261,0.6667,22,0.5333,0.8014,0.064977,121.2766,3.9951,-2.8606,0.0573,25909967400.0,22,0.032509,5.13,-13.3,-8.65,0,1,5.4585
7340,DN오토모티브,2023-07-11,19688,19989,KOSPI,14130,1.5289,2.228,0.4797,1,0.4318,1.2398,0.036116,105.3524,22.9579,-2.8606,0.105,4057092319.0,1,0.038507,2.81,-11.22,-10.72,0,1,5.4585
272210,한화시스템,2023-07-11,15800,17220,KOSPI,176451,8.9873,23.9357,0.7925,215,0.7946,3.6007,-0.002192,68.0,24.4707,-2.8606,0.1695,66482659266.0,564,0.034719,1.34,-17.13,-14.52,0,1,5.4585
500,가온전선,2023-07-11,20127,20796,KOSPI,13268,3.3239,1.2016,0.9649,5,0.8881,0.4707,0.007251,47.458,13.1549,-2.8606,0.0821,1543777083.0,519,0.038819,8.05,-6.9,1.61,0,1,5.4585
147830,제룡산업,2023-07-11,4855,4905,KOSDAQ,1408,1.0299,1.0674,0.766,23,0.6887,0.4926,0.042945,88.6538,7.4999,-2.016,0.0489,1236135917.0,445,0.035387,-2.24,-14.68,-7.14,0,1,12.7437
1570,금양,2023-07-11,89500,105900,KOSPI,6333,18.324,4.5968,0.8571,62,0.8468,1.9236,0.132548,2052.439,94.3615,-2.8606,0.6555,665115000000.0,62,0.057736,50.24,-10.95,32.11,1,1,5.4585
1430,세아베스틸지주,2023-07-11,26250,26700,KOSPI,25462,1.7143,1.4234,1.0,57,0.4787,1.1923,0.02681,88.0282,15.5188,-2.8606,0.0975,4942383830.0,535,0.036918,9.93,-8.05,-5.99,0,1,5.4585
264660,씨앤지하이테크,2023-07-12,13513,13850,KOSDAQ,1686,2.4939,8.7176,0.9616,64,1.0,2.4134,0.009369,33.7776,7.4491,0.9233,0.0716,683746730.0,478,0.021552,9.44,-3.44,-3.44,0,1,12.8008
28050,삼성E&A,2023-07-12,31700,32050,KOSPI,60368,1.1041,7.203,0.4932,69,0.7737,1.6637,0.022333,72.3118,17.6069,-1.6937,0.1147,58091111760.0,69,0.032538,15.44,-0.62,12.01,1,1,5.9123
810,삼성화재,2023-07-12,242000,243000,KOSPI,220854,0.4132,1.3925,0.6667,24,0.8167,1.0018,0.016043,32.0652,10.6623,-1.6937,0.07,25371892600.0,423,0.025867,4.12,-3.5,2.47,0,1,5.9123
11760,현대코퍼레이션,2023-07-12,23200,23300,KOSPI,2930,0.431,2.1716,0.8974,5,0.5112,1.2247,0.018933,59.589,24.7138,-1.6937,0.0789,4052140510.0,5,0.05748,13.73,-4.29,-0.64,1,1,5.9123
14530,극동유화,2023-07-12,4065,4340,KOSPI,1173,6.7651,22.9398,0.7156,149,0.7277,4.7386,-0.001617,27.4596,22.0821,-1.6937,0.1476,3075313642.0,566,0.037936,-0.69,-11.52,-1.73,0,1,5.9123
2710,TCC스틸,2023-07-12,46900,51700,KOSPI,4270,10.2345,7.0869,0.9732,57,0.7011,1.6085,0.159634,567.0968,31.1055,-1.6937,0.3013,73854085950.0,57,0.049737,41.39,0.19,3.48,1,1,5.9123
122640,예스티,2023-07-12,13120,13600,KOSDAQ,4697,3.6585,1.6658,0.9867,16,0.7875,0.8261,0.032817,108.2695,10.1878,0.9233,0.0607,1350236356.0,546,0.040074,46.18,1.54,37.28,1,1,12.8008
60370,LS마린솔루션,2023-07-12,7214,7328,KOSDAQ,15410,1.5803,2.0357,0.7827,9,0.6353,1.607,0.023204,73.2388,7.239,0.9233,0.0523,2238981487.0,519,0.040715,62.04,-1.43,52.22,1,1,12.8008
9450,경동나비엔,2023-07-12,54000,54300,KOSPI,8217,0.5556,1.3978,0.7826,7,0.3252,1.2966,0.025526,65.2968,23.3063,-1.6937,0.0932,5078340300.0,474,0.040779,8.1,-6.26,6.81,0,1,5.9123
336570,원텍,2023-07-12,10840,10910,KOSDAQ,8268,0.6458,1.1432,0.9398,10,1.0,1.0209,0.156314,361.3108,4.999,0.9233,0.0452,18946432616.0,10,0.06187,18.7,-10.08,15.67,1,1,12.8008
33500,동성화인텍,2023-07-12,13700,14070,KOSDAQ,7992,2.7007,3.0824,0.9462,219,0.7438,1.8383,0.001891,37.001,14.3101,0.9233,0.1063,11953176276.0,540,0.038075,6.68,-3.34,4.19,0,1,12.8008
211050,인카금융서비스,2023-07-12,3334,3358,KOSDAQ,7188,0.7199,0.6918,0.9271,18,0.6276,0.6753,0.100913,197.695,8.8152,0.9233,0.0983,701284254.0,18,0.046626,-1.43,-12.45,-9.77,0,1,12.8008
1740,SK네트웍스,2023-07-12,5310,5420,KOSPI,11241,2.0716,1.8281,0.8947,22,0.7913,1.0715,0.017003,45.1138,9.0205,-1.6937,0.063,6989141450.0,518,0.025698,19.56,-0.18,19.56,1,1,5.9123
64290,인텍플러스,2023-07-13,36000,37700,KOSDAQ,2137,4.7222,3.6002,0.4945,1,0.5905,2.1653,0.074481,188.8889,38.4369,1.7118,0.2697,22458462910.0,1,0.075123,22.94,-6.1,-6.1,1,1,14.3879
200710,에이디테크놀로지,2023-07-13,24600,25300,KOSDAQ,4812,2.8455,7.3155,0.4545,71,0.6741,3.5914,0.050928,109.9585,19.052,1.7118,0.1741,28017414640.0,609,0.063156,14.23,-11.46,-11.07,1,1,14.3879
282880,코윈테크,2023-07-13,35792,36717,KOSDAQ,2046,2.5844,3.4809,0.5686,58,0.839,1.722,0.033767,77.103,7.816,1.7118,0.0975,23475443891.0,58,0.046926,9.71,-15.01,-13.75,0,1,14.3879
39030,이오테크닉스,2023-07-13,116000,117100,KOSDAQ,43488,0.9483,2.3903,0.75,7,0.7914,1.2333,0.048153,99.4889,12.3097,1.7118,0.0803,19713543180.0,563,0.040076,46.8,4.87,28.27,1,1,14.3879
98120,마이크로컨텍솔,2023-07-13,8740,9370,KOSDAQ,1633,7.2082,4.4158,0.7576,7,1.0,1.484,0.030915,99.3617,11.0439,1.7118,0.1316,1719605550.0,368,0.047492,-3.52,-20.7,-20.7,0,1,14.3879
96760,JW홀딩스,2023-07-13,3383,3413,KOSPI,2879,0.8868,2.1549,0.9343,39,0.9142,1.2687,0.005352,32.5437,4.5601,-0.6636,0.0606,361910529.0,624,0.028609,21.97,2.87,21.97,1,1,6.5347
323280,태성,2023-07-13,2615,3300,KOSDAQ,22323,26.195,18.2738,1.0,16,1.0,2.6422,0.049213,171.3816,36.653,1.7118,0.3224,32511789134.0,525,0.067056,11.48,-18.73,-18.73,1,1,14.3879
53610,프로텍,2023-07-13,61200,62800,KOSDAQ,5610,2.6144,1.5366,0.6792,8,0.4787,1.323,0.110941,218.7817,39.2534,1.7118,0.2239,42694432500.0,8,0.090253,-6.69,-31.93,-31.93,0,1,14.3879
5490,POSCO홀딩스,2023-07-13,423500,431500,KOSPI,275577,1.889,2.7452,1.0,59,0.8,1.453,0.049751,104.5024,12.4512,-0.6636,0.0852,708322000000.0,59,0.030293,52.49,3.59,38.59,1,1,6.5347
92870,엑시콘,2023-07-13,13337,14150,KOSDAQ,3224,6.0958,2.6235,0.7433,7,0.8698,0.8197,0.038734,84.8707,12.0617,1.7118,0.1075,3529818112.0,625,0.038894,5.21,-7.51,-7.51,0,1,14.3879
79810,디이엔티,2023-07-13,18696,21573,KOSDAQ,1145,15.3883,10.4185,0.9858,22,0.8555,2.2488,0.070914,286.4744,14.792,1.7118,0.3022,25596381171.0,22,0.050914,82.4,0.63,33.73,1,1,14.3879
307930,컴퍼니케이,2023-07-13,8100,8350,KOSDAQ,1071,3.0864,14.017,0.7317,106,0.5732,5.6788,0.009677,91.7336,41.5129,1.7118,0.2929,11245021096.0,561,0.06621,46.11,-29.94,-29.94,1,1,14.3879
204270,제이앤티씨,2023-07-13,8860,9300,KOSDAQ,13132,4.9661,5.2584,0.9216,58,0.7714,1.8947,0.044152,108.5202,23.1204,1.7118,0.184,2376693160.0,617,0.046467,5.27,-5.81,-4.84,0,1,14.3879
251970,펌텍코리아,2023-07-13,22650,22700,KOSDAQ,7849,0.2208,0.8439,0.7917,15,0.6076,0.9734,0.028567,59.8592,6.6415,1.7118,0.0478,2935865170.0,472,0.056954,25.11,-0.88,18.5,1,1,14.3879
219130,타이거일렉,2023-07-14,30650,31850,KOSDAQ,2295,3.9152,3.1919,0.6087,7,0.7207,1.6832,0.033448,125.8865,20.8592,0.9381,0.1618,2345282610.0,7,0.065261,10.52,-15.38,-14.6,1,1,14.6765
9520,포스코엠텍,2023-07-14,32800,33100,KOSDAQ,8270,0.9146,10.1425,1.0,60,0.8028,2.2082,0.147324,529.2776,23.498,0.9381,0.3011,305390000000.0,60,0.063552,18.28,-13.75,-13.75,1,1,14.6765
101490,에스앤에스텍,2023-07-14,61900,62100,KOSDAQ,17687,0.3231,5.8152,0.8182,20,1.0,1.5592,0.103049,232.0856,-0.615,0.9381,0.097,60841705180.0,20,0.048309,-5.64,-21.18,-20.61,0,1,14.6765
12330,현대모비스,2023-07-14,237500,248500,KOSPI,398316,4.6316,3.3794,1.0,54,0.6349,1.1725,0.007644,30.1047,12.094,0.0956,0.0844,56846121200.0,613,0.023857,-1.61,-8.85,-6.24,0,1,7.9837
58970,엠로,2023-07-14,61300,69500,KOSDAQ,4858,13.3768,3.4349,0.8868,57,0.8871,1.4943,0.129454,462.753,52.9932,0.9381,0.3717,41286435160.0,57,0.058479,34.1,-0.86,10.79,1,1,14.6765
338220,뷰노,2023-07-14,36800,37950,KOSDAQ,2842,3.125,1.8985,0.4554,14,0.8942,1.0221,0.225826,648.5207,33.3982,0.9381,0.1776,46908014090.0,14,0.097873,8.04,-13.04,-6.59,0,1,14.6765
41020,폴라리스오피스,2023-07-17,3735,4175,KOSDAQ,2277,11.7805,5.1646,1.0,90,0.9763,0.9685,0.099075,303.3816,25.4258,1.0893,0.3287,33495751134.0,90,0.061163,51.62,-2.16,33.41,1,1,14.7824
86520,에코프로,2023-07-17,193849,196008,KOSDAQ,219414,1.1138,0.6523,0.4667,1,0.4138,1.0973,0.256396,1392.9393,28.3154,1.0893,0.1633,888494000000.0,1,0.066709,29.43,-1.4,9.41,1,1,14.7824
234080,JW생명과학,2023-07-17,13950,14000,KOSPI,1981,0.3584,3.1272,0.3478,235,0.7027,1.2962,0.008272,25.5605,9.0109,0.3641,0.055,466462412.0,610,0.025969,6.64,-4.64,6.64,0,1,7.5137
192820,코스맥스,2023-07-17,94200,96000,KOSPI,21485,1.9108,1.5261,0.8864,21,0.9684,0.9698,0.04419,125.6169,4.6688,0.3641,0.0468,10715081860.0,496,0.039955,48.02,-0.94,48.02,1,1,7.5137
101160,월덱스,2023-07-17,27700,28500,KOSDAQ,4103,2.8881,2.4487,0.7674,22,0.9136,0.7785,0.035194,80.3797,5.4527,1.0893,0.0719,5438743650.0,549,0.034461,-1.05,-14.91,-5.79,0,1,14.7824
83450,GST,2023-07-17,15084,15610,KOSDAQ,5050,3.4871,4.4825,0.8239,9,0.9464,1.6,0.033164,71.6328,8.0181,1.0893,0.0837,6970838815.0,397,0.041512,-0.48,-19.9,-19.9,0,1,14.7824
370090,퓨런티어,2023-07-17,31000,32850,KOSDAQ,1233,5.9677,7.0312,1.0,37,0.898,1.0203,0.017952,89.3372,15.1938,1.0893,0.2038,17717591420.0,260,0.047184,10.35,-19.03,-19.03,1,1,14.7824
319660,피에스케이,2023-07-17,23300,23350,KOSDAQ,16077,0.2146,4.7429,0.6719,65,0.9286,1.3194,0.030218,63.8596,5.5317,1.0893,0.0622,15129401850.0,382,0.040838,-0.86,-16.87,-16.87,0,1,14.7824
206640,바디텍메드,2023-07-17,15350,15580,KOSDAQ,2962,1.4984,1.7445,0.8087,247,0.7679,1.0336,0.024812,81.797,32.5299,1.0893,0.1994,7523332382.0,557,0.052036,17.27,-12.07,17.27,1,1,14.7824
353200,대덕전자,2023-07-17,37550,38100,KOSPI,30095,1.4647,1.9428,0.38,1,0.9624,1.6877,0.019871,107.6294,23.1368,0.3641,0.196,111546000000.0,1,0.054181,0.79,-25.85,-25.85,0,1,7.5137
9150,삼성전기,2023-07-17,157800,158000,KOSPI,211383,0.1267,4.9694,0.6552,69,0.9378,1.3839,0.008618,41.0714,6.3927,0.3641,0.0895,94165218620.0,611,0.022333,-1.01,-8.8,-6.39,0,1,7.5137
183300,코미코,2023-07-17,61700,63100,KOSDAQ,11904,2.269,1.9578,0.5077,12,1.0,1.1902,0.02683,58.3438,1.6794,1.0893,0.0492,6513217180.0,451,0.046298,-1.43,-14.9,-14.9,0,1,14.7824
248070,솔루엠,2023-07-17,29800,30350,KOSPI,7302,1.8456,2.0359,0.7843,13,0.9241,0.8714,0.034138,82.2823,8.4173,0.3641,0.0674,29725502470.0,492,0.043069,-0.99,-13.84,-5.11,0,1,7.5137
36200,유니셈,2023-07-17,9340,10400,KOSDAQ,3158,11.349,29.6054,0.9209,65,0.9731,3.8232,0.014492,89.0909,22.7202,1.0893,0.2107,23409284652.0,549,0.041071,-5.67,-18.27,-18.27,0,1,14.7824
95610,테스,2023-07-17,22900,23400,KOSDAQ,13383,2.1834,9.4449,0.8182,61,0.9281,2.2342,0.013313,57.5758,3.8434,1.0893,0.1073,10745891480.0,550,0.043346,-0.64,-15.3,-15.3,0,1,14.7824
59090,미코,2023-07-17,13500,13560,KOSDAQ,5885,0.4444,2.3084,0.6754,75,0.6327,2.5683,0.029336,123.3937,51.7855,1.0893,0.2986,24923746570.0,613,0.074747,1.18,-22.71,-20.35,0,1,14.7824
216080,제테마,2023-07-17,11707,12007,KOSDAQ,3370,2.5626,3.3554,0.6671,89,0.5315,2.3004,0.035834,139.996,24.757,1.0893,0.1304,2407801855.0,529,0.044105,15.01,-5.62,-4.37,1,1,14.7824
241770,메카로,2023-07-17,13450,13470,KOSDAQ,2380,0.1487,2.4125,0.6984,227,0.6219,2.3508,0.008935,37.449,11.7247,1.0893,0.0754,386824690.0,610,0.034521,-1.86,-11.95,-11.58,0,1,14.7824
67310,하나마이크론,2023-07-18,19106,19961,KOSDAQ,23999,4.475,3.0571,0.9479,13,0.9601,1.2395,0.07916,158.0608,7.0195,3.1283,0.0973,80650048187.0,13,0.054395,-6.22,-23.0,-23.0,0,1,16.6467
3670,포스코퓨처엠,2023-07-18,401296,443946,KOSPI,193458,10.6281,3.0569,0.9608,60,0.645,1.3277,0.087011,320.1846,22.5198,0.104,0.1957,531965000000.0,60,0.041796,30.57,-10.37,-10.37,1,1,6.9623
79960,동양이엔피,2023-07-18,20750,21600,KOSDAQ,2405,4.0964,1.7976,1.0,13,0.8847,0.5532,0.035582,89.4737,6.5163,3.1283,0.0885,3708308650.0,616,0.0333,2.08,-6.94,-5.79,0,1,16.6467
247540,에코프로비엠,2023-07-18,296000,326000,KOSDAQ,207828,10.1351,5.0666,0.9894,61,0.6328,1.6817,0.105284,270.0341,21.2991,3.1283,0.1985,699116000000.0,61,0.051161,41.72,-6.9,-6.9,1,1,16.6467
39440,에스티아이,2023-07-18,29650,30350,KOSDAQ,5334,2.3609,1.2064,0.7818,2,0.5925,1.9085,0.050898,183.6449,65.4828,3.1283,0.4673,43772381620.0,2,0.079548,-1.98,-19.11,-14.33,0,1,16.6467
53080,케이엔솔,2023-07-18,12700,13290,KOSDAQ,1629,4.6457,2.2619,0.9529,217,0.3684,1.5045,0.00481,66.7503,30.9786,3.1283,0.1584,5641903864.0,465,0.054069,95.26,26.41,95.26,1,1,16.6467
99190,아이센스,2023-07-18,24700,32000,KOSDAQ,4757,29.5547,20.4261,1.0,12,0.9479,2.8568,0.029293,128.3757,30.7629,3.1283,0.3419,37885759940.0,12,0.050781,6.09,-10.78,-4.22,0,1,16.6467
281820,케이씨텍,2023-07-18,23600,23650,KOSPI,9238,0.2119,1.8253,0.7273,1,1.0,1.8761,0.036466,76.4925,10.41,0.104,0.093,3641625860.0,556,0.041679,0.63,-12.68,-12.68,0,1,6.9623
241710,코스메카코리아,2023-07-18,26600,26750,KOSDAQ,10605,0.5639,0.876,0.5417,6,0.4314,0.4142,0.152976,311.5385,37.1443,3.1283,0.1079,10107767280.0,6,0.070628,17.76,-3.36,-0.75,1,1,16.6467
54450,텔레칩스,2023-07-19,21700,22850,KOSDAQ,2247,5.2995,14.0396,0.3768,26,0.8431,2.4205,0.03769,106.7873,13.403,5.4836,0.1572,71678444640.0,26,0.062301,1.53,-21.18,-16.67,0,1,17.6816
54950,제이브이엠,2023-07-19,29850,36400,KOSDAQ,3029,21.943,28.0637,0.898,17,0.9724,3.4949,0.043493,120.6061,20.9053,5.4836,0.2682,17684300080.0,17,0.048077,7.42,-18.68,-18.68,0,1,17.6816
214430,아이쓰리시스템,2023-07-19,33700,39200,KOSDAQ,8747,16.3205,6.1499,0.9669,1,0.7099,1.8403,0.063083,148.8889,39.7016,5.4836,0.253,7469864790.0,1,0.059402,-1.15,-17.73,-13.78,0,1,17.6816
330860,네패스아크,2023-07-19,30150,30600,KOSDAQ,2125,1.4925,2.9978,0.4884,240,0.4918,1.6588,0.007703,81.0651,28.1408,5.4836,0.1255,6195325450.0,617,0.050654,-1.47,-22.22,-21.41,0,1,17.6816
94170,동운아나텍,2023-07-19,44866,44957,KOSDAQ,6440,0.2028,1.4763,0.5941,1,0.5503,1.5533,0.193812,591.4334,302.2896,5.4836,0.797,139184000000.0,1,0.09984,0.0,-50.91,-44.62,0,1,17.6816
93320,케이아이엔엑스,2023-07-19,74000,77100,KOSDAQ,6373,4.1892,6.0218,0.8824,23,0.8623,1.1854,0.028248,58.1538,5.2922,5.4836,0.1464,7153157760.0,600,0.04345,0.26,-17.9,-14.79,0,1,17.6816
403870,HPSP,2023-07-20,35650,36150,KOSDAQ,35784,1.4025,0.7074,0.7368,3,0.5763,1.3431,0.079769,181.323,18.3543,6.3009,0.1919,143282000000.0,3,0.056511,4.98,-13.28,-8.3,0,1,18.4919
192650,드림텍,2023-07-20,12000,12500,KOSPI,5268,4.1667,11.8526,0.8807,206,0.6885,2.9869,-0.006588,45.8576,38.6371,0.2518,0.2567,20365788544.0,495,0.049086,8.32,-10.8,-10.8,0,1,6.4695
65350,신성델타테크,2023-07-20,12990,13190,KOSDAQ,20091,1.5396,8.2517,0.7926,77,0.676,3.9667,0.010825,78.0027,17.4327,6.3009,0.186,31419580084.0,477,0.04641,354.13,-7.51,354.13,1,1,18.4919
322180,LS티라유텍,2023-07-20,5896,6053,KOSDAQ,1977,2.6628,3.3769,0.9553,76,0.7558,0.6595,0.065632,166.652,-0.2939,6.3009,0.1601,1858923869.0,600,0.052276,28.2,-17.35,16.31,1,1,18.4919
19010,베뉴지,2023-07-20,2395,2400,KOSDAQ,1764,0.2088,4.6149,0.7812,228,0.746,2.3841,0.002653,20.0,4.8102,6.3009,0.077,927661732.0,497,0.037351,0.0,-8.33,-8.33,0,1,18.4919
317830,에스피시스템스,2023-07-20,17560,17630,KOSDAQ,1386,0.3986,1.7339,0.8397,62,1.0,0.9977,0.048629,159.2647,9.992,6.3009,0.1435,19768149318.0,62,0.053926,-0.62,-25.81,-25.18,0,1,18.4919
272290,이녹스첨단소재,2023-07-20,46750,48250,KOSDAQ,6985,3.2086,17.5064,0.7104,64,0.8477,2.6143,0.018913,84.1603,15.851,6.3009,0.2313,60961918350.0,369,0.042043,-0.41,-21.04,-20.31,0,1,18.4919
107640,한중엔시에스,2023-07-20,14200,14990,KOSDAQ,4220,5.5634,1.2834,0.89,238,0.7848,1.0463,0.010234,51.4141,15.0756,6.3009,0.1572,27324426.0,306,0.050843,43.76,13.41,26.75,1,1,18.4919
322510,제이엘케이,2023-07-20,21661,24899,KOSDAQ,1828,14.9485,3.2817,0.9571,1,0.6415,1.8498,0.291832,925.4942,110.4949,6.3009,0.6984,73428541473.0,1,0.086532,17.03,-9.59,-0.78,1,1,18.4919
17890,한국알콜,2023-07-20,12820,12850,KOSDAQ,2302,0.234,4.1644,0.8696,102,0.5276,2.9261,0.009389,30.1925,14.6972,6.3009,0.1381,3078301914.0,553,0.035131,5.53,-4.28,-4.28,0,1,18.4919
36810,에프에스티,2023-07-20,26346,26886,KOSDAQ,9452,2.0496,3.4692,0.6756,68,0.821,2.8456,0.046028,150.9193,17.7349,6.3009,0.2621,56040461536.0,601,0.068846,4.75,-19.01,-19.01,0,1,18.4919
31980,피에스케이홀딩스,2023-07-20,24300,27350,KOSDAQ,15827,12.5514,2.3141,0.8393,13,0.5826,1.1962,0.154287,308.209,55.4377,6.3009,0.2744,21330916140.0,13,0.105354,22.85,-11.52,10.24,1,1,18.4919
91120,이엠텍,2023-07-21,39100,39450,KOSDAQ,1347,0.8951,1.4905,0.9767,4,0.3158,1.8933,0.032351,93.3824,14.3695,6.8287,0.1263,13292264110.0,327,0.046895,38.15,-11.79,38.15,1,1,18.6732
100,유한양행,2023-07-21,58573,64124,KOSPI,83727,9.4771,16.9214,0.7667,35,0.893,2.6208,0.011169,33.7338,14.1728,1.5431,0.1345,49889263220.0,631,0.029102,16.57,-5.22,10.3,1,1,6.7605
84650,랩지노믹스,2023-07-21,4690,4780,KOSDAQ,1331,1.919,3.7226,0.7568,250,0.5096,2.2088,0.027396,87.8193,37.1472,6.8287,0.2071,28560569728.0,407,0.060132,26.57,-10.04,5.02,1,1,18.6732
39840,디오,2023-07-21,34650,36800,KOSDAQ,2222,6.2049,7.778,1.0,21,0.8545,1.666,0.049674,102.7548,2.8584,6.8287,0.0938,12537199390.0,478,0.042508,-5.43,-24.73,-23.64,0,1,18.6732
45970,코아시아,2023-07-21,11190,11360,KOSDAQ,1521,1.5192,4.9282,0.4661,80,0.6537,1.5426,0.044011,134.4685,9.0897,6.8287,0.1048,30325995660.0,615,0.052503,-5.81,-25.44,-23.42,0,1,18.6732
105,유한양행우,2023-07-21,55700,57000,KOSPI,1095,2.3339,20.8339,0.5405,33,0.9821,3.3318,0.005455,15.1934,3.4292,1.5431,0.0448,290137360.0,631,0.02193,11.93,-3.51,7.89,1,1,6.7605
10100,한국무브넥스,2023-07-21,4340,4550,KOSPI,1675,4.8387,3.1349,1.0,49,0.7174,1.2121,0.048372,116.6667,30.1501,1.5431,0.1655,4601835856.0,49,0.061146,32.97,-4.4,-3.3,1,1,6.7605
310210,보로노이,2023-07-21,48324,48784,KOSDAQ,39270,0.9519,3.4935,0.3908,54,0.849,1.7102,0.047717,197.083,13.7417,6.8287,0.222,15670446719.0,54,0.083649,52.58,-10.83,22.85,1,1,18.6732
383310,에코프로에이치엔,2023-07-21,81253,85460,KOSDAQ,8128,5.1777,10.6699,0.5842,82,0.9972,4.7743,0.019775,127.6505,35.7615,6.8287,0.3816,413786000000.0,477,0.062522,35.67,-17.07,1.09,1,1,18.6732
33270,유나이티드제약,2023-07-21,27600,27900,KOSPI,3040,1.087,3.8214,0.7955,249,0.6903,2.1346,0.007456,36.7647,16.6772,1.5431,0.1367,5611016170.0,631,0.039042,6.81,-10.04,-2.69,0,1,6.7605
51915,LG화학우,2023-07-24,442000,446000,KOSPI,11533,0.905,5.7611,0.8889,65,0.8564,1.863,0.029448,77.336,17.9373,1.7942,0.1905,39778980200.0,619,0.030029,-1.12,-25.0,-23.77,0,1,7.4362
332570,PS일렉트로닉스,2023-07-24,5060,5150,KOSDAQ,3153,1.7787,1.6876,0.5,238,0.5011,1.1807,0.008115,106.4128,50.8044,5.7305,0.2401,9538851250.0,620,0.06172,14.56,-30.1,-30.1,1,1,17.9044
6110,삼아알미늄,2023-07-24,124800,130500,KOSPI,4458,4.5673,1.2264,0.7126,27,0.4525,0.9853,0.173073,625.0,24.7819,1.7942,0.1594,26945527140.0,27,0.063218,3.91,-25.52,-18.62,0,1,7.4362
41920,메디아나,2023-07-24,6220,6230,KOSDAQ,3943,0.1608,7.7889,0.3861,20,0.8433,1.145,0.030151,64.8148,-5.5698,5.7305,0.0749,5553620164.0,396,0.061454,2.09,-13.48,-10.91,0,1,17.9044
58430,포스코스틸리온,2023-07-24,70400,86100,KOSPI,2391,22.3011,15.5674,0.8452,65,0.689,4.0113,0.069174,228.626,65.0663,1.7942,0.4653,120626000000.0,512,0.073834,-4.88,-36.12,-35.31,0,1,7.4362
7660,이수페타시스,2023-07-24,37150,40700,KOSPI,81558,9.5559,1.6597,0.981,5,0.4368,1.0125,0.312093,779.2396,66.2834,1.7942,0.2971,428058000000.0,5,0.075697,-4.3,-28.43,-14.1,0,1,7.4362
229640,LS에코에너지,2023-07-25,8170,8180,KOSPI,11928,0.1224,234.1143,0.7969,158,1.0,24.1217,-0.009487,23.7519,14.2251,2.1333,0.1744,35391769608.0,511,0.030388,110.02,-10.27,13.45,1,1,7.6676
131970,두산테스나,2023-07-25,47950,48000,KOSDAQ,12080,0.1043,1.097,0.9149,4,0.4854,2.0305,0.062425,134.7188,5.4115,7.5297,0.0853,27913976730.0,633,0.058631,2.4,-9.48,-1.88,0,1,18.9879
389030,지니너스,2023-07-25,3935,4085,KOSDAQ,1149,3.8119,7.0488,0.1544,1,1.0,2.0249,0.049446,108.4184,19.137,7.5297,0.1941,40508579033.0,411,0.095734,40.51,-2.45,6.85,1,1,18.9879
267270,HD건설기계,2023-07-25,87600,92000,KOSPI,51572,5.0228,3.1507,0.8958,10,0.9882,1.1675,0.087577,199.6743,16.2708,2.1333,0.0951,23500990700.0,10,0.054348,-8.8,-26.41,-25.76,0,1,7.6676
6260,LS,2023-07-25,97000,120100,KOSPI,62386,23.8144,9.8737,1.0,65,1.0,1.9656,0.040813,123.2342,28.5522,2.1333,0.307,90985876340.0,65,0.047342,2.08,-12.24,-8.33,0,1,7.6676
680,LS네트웍스,2023-07-25,3205,3545,KOSPI,2660,10.6084,64.0816,1.0,234,1.0,6.7646,-0.002566,55.8242,24.4738,2.1333,0.2549,2764662660.0,512,0.033448,122.85,29.9,38.22,1,1,7.6676
36890,진성티이씨,2023-07-25,15750,16120,KOSDAQ,3111,2.3492,3.4668,0.7619,161,0.5269,2.2586,0.040731,97.7914,17.5285,7.5297,0.1501,19463211256.0,555,0.057294,-2.92,-29.16,-29.16,0,1,18.9879
103590,일진전기,2023-07-25,10881,11222,KOSPI,28516,3.1339,1.3752,0.8837,10,0.5498,0.5456,0.097403,193.1557,29.9057,2.1333,0.1139,8864491083.0,10,0.046548,-8.51,-23.51,-14.49,0,1,7.6676
35900,JYP Ent.,2023-07-25,138800,141100,KOSDAQ,24908,1.6571,2.4849,0.691,25,0.9835,0.9801,0.091702,172.3938,5.4407,7.5297,0.079,84543344080.0,25,0.04956,-3.33,-22.75,-22.32,0,1,18.9879
22100,포스코DX,2023-07-25,33550,35150,KOSPI,57393,4.769,0.5542,0.4464,1,0.544,1.9837,0.195751,565.7197,98.9536,2.1333,0.554,647623000000.0,1,0.090998,6.69,-19.06,6.69,0,1,7.6676
880,한화,2023-07-25,32550,33400,KOSPI,81855,2.6114,4.0097,0.7966,223,0.5583,1.368,0.009455,43.6559,8.6461,2.1333,0.0953,13252813960.0,464,0.035287,-7.04,-26.2,-26.2,0,1,7.6676
78140,대봉엘에스,2023-07-26,10020,11410,KOSDAQ,1309,13.8723,34.1115,1.0,30,1.0,4.0178,0.007905,61.3861,26.9661,3.8825,0.3333,27928016440.0,509,0.044823,23.49,-7.89,4.91,1,1,13.8689
361610,SK아이이테크놀로지,2023-07-26,103000,108600,KOSPI,20897,5.4369,13.7847,0.4911,32,0.9248,2.4384,0.038472,126.0146,19.7023,1.0986,0.1528,231564000000.0,495,0.04854,-1.2,-20.9,-19.89,0,1,5.7901
110990,디아이티,2023-07-27,10100,10250,KOSDAQ,3960,1.4851,1.4467,0.7333,8,0.4412,1.2917,0.037344,91.9476,6.8388,2.5528,0.078,1292686486.0,562,0.046132,26.54,-1.85,-1.17,1,1,11.6091
660,SK하이닉스,2023-07-27,119500,124000,KOSPI,6086100,3.7657,2.4669,1.0,32,0.8881,0.9699,0.030927,65.3333,4.6032,2.1094,0.0722,538873000000.0,599,0.029839,3.23,-7.42,-6.05,0,1,6.177
348210,넥스틴,2023-07-27,79600,84300,KOSDAQ,8916,5.9045,5.1654,0.9375,30,0.9551,1.9292,0.044021,92.2463,6.9277,2.5528,0.1236,26206166420.0,581,0.048043,7.0,-8.3,-6.88,0,1,11.6091
140860,파크시스템스,2023-07-27,193600,200000,KOSDAQ,19240,3.3058,2.615,0.9429,17,0.7143,1.0915,0.067105,119.7802,2.1592,2.5528,0.0698,9884333940.0,17,0.04325,1.0,-14.4,-13.45,0,1,11.6091
84370,유진테크,2023-07-27,34550,34600,KOSDAQ,22687,0.1447,1.9164,1.0,20,0.6735,1.4537,0.03436,72.1393,-2.4081,2.5528,0.0659,10069854770.0,416,0.045314,5.92,-11.56,-7.8,0,1,11.6091
39200,오스코텍,2023-07-27,29108,31300,KOSDAQ,19397,7.5306,5.5762,0.9873,241,0.9146,2.8976,0.021935,93.808,32.945,2.5528,0.3703,47067588960.0,635,0.056869,11.82,-3.99,-2.72,1,1,11.6091
117730,티로보틱스,2023-07-27,23250,25400,KOSDAQ,5303,9.2473,6.1998,0.701,21,0.9477,1.105,0.141658,337.1773,11.0937,2.5528,0.2062,68893893724.0,21,0.073172,31.69,0.2,18.11,1,1,11.6091
36930,주성엔지니어링,2023-07-27,24400,26600,KOSDAQ,19380,9.0164,2.9326,0.8,2,0.6133,2.2664,0.05515,155.5235,34.7021,2.5528,0.2963,100565000000.0,349,0.058136,11.84,-9.59,-3.01,1,1,11.6091
2030,아세아,2023-07-27,156100,159800,KOSPI,5876,2.3703,2.69,1.0,101,0.3534,2.3629,0.021661,59.005,14.5329,2.1094,0.099,852923780.0,466,0.035491,15.77,0.56,4.13,1,1,6.177
315640,딥노이드,2023-07-28,7561,8242,KOSDAQ,1015,9.0067,4.499,0.9752,5,0.704,2.5921,0.088853,243.2736,55.7675,5.2405,0.3392,49451381416.0,475,0.109743,48.94,-3.91,37.81,1,1,15.2136
1200,유진투자증권,2023-07-28,4340,4370,KOSPI,3870,0.6912,1.0271,1.0,1,0.3731,0.9125,0.063975,95.9641,8.9155,1.7174,0.0343,2786984640.0,539,0.037267,1.03,-19.11,-2.86,0,1,6.2707
297890,HB솔루션,2023-07-28,5230,5580,KOSDAQ,1616,6.6922,4.0628,0.513,5,0.977,0.8161,0.029643,89.0884,12.1344,5.2405,0.1319,14237769839.0,493,0.095251,3.41,-17.65,-4.3,0,1,15.2136
357780,솔브레인,2023-07-28,275500,280500,KOSDAQ,32359,1.8149,1.7947,0.6364,9,0.5,1.3202,0.030565,57.6728,6.5125,5.2405,0.0671,12504782700.0,498,0.047874,-1.78,-19.25,-19.25,0,1,15.2136
240810,원익IPS,2023-07-28,35200,37700,KOSDAQ,50507,7.1023,8.1674,1.0,82,0.7208,2.0523,0.028627,69.4382,9.6985,5.2405,0.1421,34614479060.0,574,0.040546,0.13,-19.89,-19.89,0,1,15.2136
36540,SFA반도체,2023-07-31,5950,6130,KOSDAQ,11594,3.0252,2.6164,0.8125,81,0.75,0.9943,0.021272,63.4667,7.4347,5.2491,0.1024,20161885132.0,607,0.047541,-1.47,-21.62,-19.41,0,1,17.8203
17940,E1,2023-07-31,54700,55000,KOSPI,5913,0.5484,3.2322,0.4762,36,0.7324,1.5699,0.013524,30.4864,7.7539,1.157,0.0759,1982341320.0,460,0.02526,9.09,-0.91,4.55,0,1,7.1652
96770,SK이노베이션,2023-07-31,207121,212533,KOSPI,181225,2.613,2.8285,0.8148,235,0.6956,2.3649,0.007043,50.5223,30.9528,1.157,0.2196,512112000000.0,616,0.05959,-2.84,-18.6,-17.19,0,1,7.1652
5290,동진쎄미켐,2023-07-31,42100,42350,KOSDAQ,26324,0.5938,2.7779,0.25,21,0.8424,1.1766,0.032211,61.0266,-3.3237,5.2491,0.0647,80108457520.0,390,0.052623,-3.54,-20.78,-19.83,0,1,17.8203
77500,유니퀘스트,2023-07-31,8185,8405,KOSPI,1339,2.6878,2.5668,0.4923,7,0.7308,1.0582,0.071811,121.4756,36.0675,1.157,0.0957,12082399892.0,7,0.057381,-4.22,-12.79,-5.77,0,1,7.1652
382800,지앤비에스 에코,2023-07-31,5562,5600,KOSDAQ,1006,0.6832,1.2831,1.0,32,0.463,1.3102,0.049364,109.3458,4.5548,5.2491,0.0552,2685993426.0,32,0.045548,15.39,0.89,15.39,1,1,17.8203
47310,파워로직스,2023-08-01,7080,7740,KOSDAQ,2043,9.322,46.9445,1.0,226,1.0,5.9381,0.009315,78.7529,14.4191,5.5809,0.2456,16514104150.0,608,0.052879,180.36,-4.13,29.46,1,1,18.0719
42700,한미반도체,2023-08-01,49550,53400,KOSPI,179282,7.7699,0.835,0.9429,10,0.4664,0.7897,0.173847,394.4444,66.6796,2.8442,0.2803,186443000000.0,10,0.107343,11.8,-14.61,6.93,1,1,8.4579
304100,솔트룩스,2023-08-01,41150,45350,KOSDAQ,3596,10.2066,16.341,0.6837,102,0.7236,5.1104,0.105339,639.8042,101.025,5.5809,0.6025,200210000000.0,102,0.096551,0.44,-26.24,-16.43,0,1,18.0719
326030,SK바이오팜,2023-08-01,85900,90000,KOSPI,87633,4.773,4.4618,0.9457,28,0.618,1.6248,0.028992,73.7452,5.3288,2.8442,0.1275,25757918540.0,637,0.044444,10.78,-5.89,-3.89,1,1,8.4579
10140,삼성중공업,2023-08-01,9030,9100,KOSPI,242440,0.7752,0.9063,0.8276,1,0.4605,1.3637,0.048785,86.2845,28.2797,2.8442,0.1121,147197000000.0,1,0.043485,0.77,-9.78,-5.49,0,1,8.4579
150,두산,2023-08-01,107700,116300,KOSPI,135542,7.9851,13.0511,0.8169,98,0.9971,3.529,0.008948,69.5335,29.4652,2.8442,0.2945,95985332340.0,422,0.047906,-0.43,-9.97,-2.41,0,1,8.4579
314930,바이오다인,2023-08-01,10724,11617,KOSDAQ,4006,8.3271,3.6785,0.9399,7,0.5622,2.1396,0.083458,220.3806,32.7826,5.5809,0.2021,2077467642.0,565,0.056543,26.31,-7.87,18.61,1,1,18.0719
18260,삼성에스디에스,2023-08-01,136000,138100,KOSPI,129298,1.5441,3.2728,0.9127,250,0.7846,1.1435,0.005166,22.2124,11.8568,2.8442,0.1105,27854484520.0,634,0.036309,3.84,-7.46,2.97,0,1,8.4579
82740,한화엔진,2023-08-01,12250,12580,KOSPI,44561,2.6939,1.2385,0.9362,12,1.0,0.9376,0.055597,102.9032,11.6235,2.8442,0.0701,13735240806.0,12,0.050079,-6.12,-23.21,-15.66,0,1,8.4579
161890,한국콜마,2023-08-01,48350,48850,KOSPI,15886,1.0341,1.0138,0.96,1,1.0,1.1264,0.020692,51.0046,3.3514,2.8442,0.0501,8746579650.0,536,0.036774,18.94,-1.84,17.09,1,1,8.4579
307180,아이엘,2023-08-01,4285,4665,KOSDAQ,1284,8.8681,18.1322,0.8,236,1.0,2.708,0.018997,72.7778,12.0736,5.5809,0.1794,2153142524.0,437,0.06071,-6.75,-30.12,-23.47,0,1,18.0719
73010,케이에스피,2023-08-01,2999,3039,KOSDAQ,1716,1.3338,0.6122,0.9862,13,0.8286,0.3729,0.042891,88.1734,-0.0967,5.5809,0.1018,1022629387.0,13,0.060922,6.32,-8.59,-1.45,0,1,18.0719
161390,한국타이어앤테크놀로지,2023-08-01,41050,41900,KOSPI,76679,2.0706,3.5109,0.9041,221,0.9718,1.3582,0.000424,36.039,16.021,2.8442,0.1343,18883794360.0,522,0.036226,-4.3,-9.43,-6.09,0,1,8.4579
9420,한올바이오파마,2023-08-01,23950,24050,KOSPI,25937,0.4175,1.0441,0.6667,42,0.64,1.1655,0.041661,89.3701,13.3393,2.8442,0.1289,10813774390.0,636,0.050787,3.53,-7.9,-1.66,0,1,8.4579
6730,서부T&D,2023-08-01,7644,8175,KOSDAQ,11349,6.9466,6.447,1.0,239,1.0,1.6213,0.013088,39.4813,6.4361,5.5809,0.117,4178567957.0,314,0.033526,7.16,-7.71,7.16,0,1,18.0719
42370,비츠로테크,2023-08-02,9090,9250,KOSDAQ,2678,1.7602,38.3666,0.7799,57,1.0,4.4808,0.029205,85.0,6.7387,2.0849,0.1966,21058028242.0,626,0.051583,29.19,-20.0,-15.89,1,1,14.1476
49520,유아이엘,2023-08-02,3481,3568,KOSDAQ,1158,2.4993,6.4717,0.9565,118,0.9752,2.414,0.02701,90.5983,27.3312,2.0849,0.3018,2742557396.0,118,0.056174,18.39,-3.59,16.48,1,1,14.1476
49950,미래컴퍼니,2023-08-02,49700,50800,KOSDAQ,1552,2.2133,4.9731,0.302,88,0.8045,2.9159,0.058331,193.6416,28.5064,2.0849,0.2717,89007519800.0,88,0.083591,-8.27,-26.57,-20.37,0,1,14.1476
2240,고려제강,2023-08-02,22920,26210,KOSPI,5778,14.3543,57.6492,1.0,164,0.9935,9.1045,0.014259,82.0265,47.0289,1.4529,0.4599,17414748759.0,460,0.040328,6.54,-25.44,-22.44,0,1,6.3129
250060,모비스,2023-08-02,2865,3685,KOSDAQ,1570,28.6213,13.2568,1.0,57,0.9816,3.8184,0.023122,126.0736,55.3938,2.0849,0.6233,32224542016.0,538,0.061058,24.97,-25.92,-22.39,1,1,14.1476
45100,한양이엔지,2023-08-02,17540,20650,KOSDAQ,5364,17.7309,82.7863,1.0,12,0.9883,9.348,0.022696,64.5418,24.992,2.0849,0.2472,37540150504.0,546,0.041681,18.16,-19.95,-19.95,1,1,14.1476
33100,제룡전기,2023-08-02,21650,21700,KOSDAQ,7003,0.2309,2.6654,0.5405,16,0.8744,1.1786,0.088457,210.4435,4.549,2.0849,0.0658,9381417478.0,16,0.062014,22.12,-5.76,20.97,1,1,14.1476
83310,엘오티베큠,2023-08-02,25400,25650,KOSDAQ,2383,0.9843,2.4728,0.525,3,0.6239,2.766,0.076646,196.5318,49.5109,2.0849,0.3074,27573000880.0,3,0.069479,25.15,-7.99,25.15,1,1,14.1476
217820,원익피앤이,2023-08-02,11159,11736,KOSDAQ,1958,5.1707,51.669,1.0,71,1.0,7.0566,0.016582,96.4184,30.9613,2.0849,0.3908,73669827817.0,623,0.050717,20.33,-30.26,-28.59,1,1,14.1476
307950,현대오토에버,2023-08-02,159000,160000,KOSPI,118746,0.6289,3.9034,0.6454,13,1.0,1.421,0.032752,70.9402,7.7621,1.4529,0.0802,35617315220.0,13,0.052455,9.81,-6.19,9.81,0,1,6.3129
257720,실리콘투,2023-08-02,7910,7940,KOSDAQ,31809,0.3793,1.3109,0.3469,21,0.9465,0.4879,0.154811,362.9738,1.4353,2.0849,0.0974,23084949848.0,21,0.073048,14.61,-2.39,4.28,1,1,14.1476
228760,지노믹트리,2023-08-03,17050,17470,KOSDAQ,5467,2.4633,7.6611,0.8066,10,0.7332,1.5194,0.052234,104.0888,11.5288,5.7195,0.1558,26294153818.0,10,0.078175,67.72,2.92,45.96,1,1,15.3002
67900,와이엔텍,2023-08-03,10550,11930,KOSDAQ,1188,13.0806,12.9514,0.8556,227,0.9797,3.2882,0.012739,52.3627,30.0029,5.7195,0.2555,8493475598.0,580,0.055742,-3.52,-33.45,-29.92,0,1,15.3002
175140,휴먼테크놀로지,2023-08-03,11700,11980,KOSDAQ,1010,2.3932,3.0214,1.0,23,0.7909,1.2183,0.060718,143.9919,3.0907,5.7195,0.1566,898379982.0,23,0.067136,15.61,-8.35,-5.76,1,1,15.3002
298040,효성중공업,2023-08-03,174500,186700,KOSPI,213159,6.9914,2.2654,0.89,3,0.8762,1.8518,0.107161,280.632,52.2494,1.9208,0.328,55079263480.0,3,0.075752,8.73,-7.45,-0.43,0,1,5.7798
51360,토비스,2023-08-03,14560,15240,KOSDAQ,2268,4.6703,6.434,0.898,30,1.0,1.3007,0.052575,92.6675,-1.0492,5.7195,0.097,5252931564.0,30,0.047103,27.95,-0.92,26.31,1,1,15.3002
92070,디엔에프,2023-08-03,25800,26450,KOSDAQ,2073,2.5194,3.0174,0.8364,4,0.4187,1.7456,0.061358,122.2689,30.6207,5.7195,0.1793,10848693270.0,489,0.066433,1.51,-24.91,-14.93,0,1,15.3002
12800,대창,2023-08-03,1722,2115,KOSPI,1219,22.8223,43.5012,1.0,72,0.9299,6.4046,0.01157,90.5405,42.3494,1.9208,0.4744,52136336593.0,553,0.061364,17.73,-26.0,-22.7,1,1,5.7798
11810,STX,2023-08-03,15435,16233,KOSPI,1095,5.1701,2.7138,1.0,8,0.7867,0.9545,0.154523,416.9745,11.4778,1.9208,0.161,40428747739.0,8,0.101143,131.49,-10.41,131.49,1,1,5.7798
92730,네오팜,2023-08-04,13288,13416,KOSDAQ,3246,0.9633,4.0881,0.9414,25,0.7404,1.1074,0.027802,63.7495,2.8118,5.899,0.1348,2772472755.0,543,0.042423,4.01,-8.59,2.48,0,1,14.9041
11330,유니켐,2023-08-04,1639,1693,KOSPI,1097,3.2947,1.9758,0.9789,81,0.343,2.2032,0.021993,58.2243,23.5207,3.0114,0.1907,1496961324.0,527,0.044933,90.19,4.73,41.46,1,1,5.599
5940,NH투자증권,2023-08-04,10250,10270,KOSPI,89442,0.1951,1.005,1.0,240,0.5758,1.2728,0.006273,20.8235,7.1817,3.0114,0.0533,7711165756.0,396,0.01697,1.75,-0.49,0.58,0,1,5.599
69460,대호에이엘,2023-08-04,2170,2375,KOSPI,1182,9.447,2.0947,0.5556,1,0.9087,3.6222,-0.001576,90.7631,70.7267,3.0114,0.5549,19137509524.0,519,0.064962,5.68,-10.74,2.74,0,1,5.599
815,삼성화재우,2023-08-07,176500,177500,KOSPI,11282,0.5666,1.5666,0.9259,42,0.8,0.9507,0.010676,18.7291,0.5179,2.3807,0.0243,1350155580.0,443,0.013038,3.72,-0.9,1.63,0,1,4.63
18290,브이티,2023-08-07,10050,10210,KOSDAQ,6960,1.592,1.2672,0.7403,23,0.7479,0.8967,0.067039,114.2707,2.8462,4.4017,0.1293,20023372524.0,23,0.060585,46.33,-4.7,46.33,1,1,12.2299
950140,잉글우드랩,2023-08-07,10240,10970,KOSDAQ,2487,7.1289,2.8694,0.878,20,0.8514,0.6752,0.094102,183.4625,2.7272,4.4017,0.1568,4216999792.0,467,0.054825,9.48,-13.04,8.3,0,1,12.2299
9970,영원무역홀딩스,2023-08-07,78900,79200,KOSPI,27133,0.3802,1.0449,0.9333,16,0.7759,1.0857,0.039244,70.6897,-1.1019,2.3807,0.0294,1022533800.0,16,0.028319,5.81,-7.2,-7.2,0,1,4.63
352480,씨앤씨인터내셔널,2023-08-07,52700,57200,KOSDAQ,4859,8.5389,8.8497,0.7118,27,0.8148,2.127,0.069697,221.3483,19.6764,4.4017,0.2782,16182026420.0,27,0.05969,27.62,-4.37,17.13,1,1,12.2299
13030,하이록코리아,2023-08-08,29100,29850,KOSDAQ,3778,2.5773,4.3987,0.6296,19,0.9158,1.1654,0.032306,68.6441,4.3022,1.5488,0.0704,5424377820.0,19,0.049055,-1.17,-16.08,-7.54,0,1,11.3478
243070,휴온스,2023-08-08,38150,40200,KOSDAQ,3246,5.3735,59.9797,0.7283,249,0.7645,7.2585,0.003155,43.0605,33.1245,1.5488,0.2695,16126666110.0,562,0.042111,18.03,1.49,9.7,1,1,11.3478
277810,레인보우로보틱스,2023-08-08,142900,144500,KOSDAQ,140067,1.1197,3.2723,0.9619,94,0.6853,3.3395,0.100706,437.1747,55.3459,1.5488,0.3582,462554000000.0,94,0.077459,21.45,-25.4,21.45,1,1,11.3478
200670,휴메딕스,2023-08-08,39650,39750,KOSDAQ,4711,0.2522,1.5995,0.4694,1,0.7654,1.2291,0.064273,115.4472,7.2063,1.5488,0.0864,5796503830.0,564,0.043756,8.18,-4.28,-2.64,0,1,11.3478
56080,유진로봇,2023-08-08,7780,9280,KOSDAQ,12116,19.2802,94.8598,0.8922,106,0.8655,12.7415,0.023697,139.7933,68.7264,1.5488,0.626,137497000000.0,106,0.059575,21.34,-8.51,21.34,1,1,11.3478
950210,프레스티지바이오파마,2023-08-09,13010,13100,KOSPI,6502,0.6918,1.311,1.0,79,0.2991,0.9888,0.038106,83.4734,44.5368,1.1807,0.1407,2776482572.0,618,0.073937,-2.98,-16.18,-16.18,0,1,5.4597
1740,SK네트웍스,2023-08-09,6230,6480,KOSPI,11241,4.0128,1.7179,1.0,1,0.5043,0.9703,0.045137,73.494,18.3765,1.1807,0.099,10797773406.0,538,0.036376,11.73,-3.4,3.09,1,1,5.4597
87010,펩트론,2023-08-09,28492,32514,KOSDAQ,66571,14.1162,5.6695,0.8103,13,0.685,1.6342,0.192297,369.2452,108.3724,3.3073,0.4008,85949984877.0,13,0.129448,34.72,4.02,10.88,1,1,13.2584
170900,동아에스티,2023-08-09,62161,66394,KOSPI,5004,6.8097,44.6766,1.0,131,0.7635,5.6401,0.010035,49.3275,28.7641,1.1807,0.2649,8175962213.0,509,0.046483,3.33,-17.1,-9.56,0,1,5.4597
220100,퓨쳐켐,2023-08-09,12435,13440,KOSDAQ,5405,8.082,2.5042,0.9661,250,0.5571,2.4338,0.009934,110.3286,65.1138,3.3073,0.366,9817435076.0,644,0.072491,8.26,-14.88,-8.04,0,1,13.2584
96760,JW홀딩스,2023-08-10,4016,4163,KOSPI,2879,3.6604,2.6203,0.9111,1,0.4654,1.6609,0.036979,61.6699,21.5761,0.3987,0.0944,755718016.0,644,0.043444,3.41,-4.95,-3.41,0,1,5.2378
47050,포스코인터내셔널,2023-08-10,90100,91000,KOSPI,108017,0.9989,1.3785,0.5484,8,0.359,1.6824,0.193143,359.596,98.2913,0.3987,0.2689,680637000000.0,8,0.134615,-0.44,-15.16,-12.09,0,1,5.2378
214450,파마리서치,2023-08-10,143700,154400,KOSDAQ,43688,7.4461,2.4206,0.9935,29,0.5364,1.4361,0.086967,178.1982,14.6643,2.0402,0.172,34701362600.0,29,0.055885,-3.5,-18.91,-16.13,0,1,13.3889
28050,삼성E&A,2023-08-10,37000,37200,KOSPI,60368,0.5405,1.1652,0.85,8,0.352,1.0434,0.042414,86.0,16.3988,0.3987,0.0747,28124781540.0,8,0.041283,0.27,-11.96,-11.16,0,1,5.2378
84110,휴온스글로벌,2023-08-10,23400,23950,KOSDAQ,6419,2.3504,2.4672,0.7368,250,0.6494,3.0107,0.013797,48.7578,16.8184,2.0402,0.1765,4247290730.0,556,0.047629,12.32,-5.43,-2.51,1,1,13.3889
336570,원텍,2023-08-10,12950,13190,KOSDAQ,8268,1.8533,1.8924,0.9882,2,0.6761,1.5667,0.149545,457.7167,23.3401,2.0402,0.1944,35062124904.0,2,0.061681,12.89,-2.05,4.02,1,1,13.3889
204620,글로벌텍스프리,2023-08-10,3795,4060,KOSDAQ,3300,6.9829,24.613,0.7506,79,0.6529,3.5743,0.036262,102.1912,23.501,2.0402,0.2816,19888125644.0,79,0.050545,48.2,0.64,39.63,1,1,13.3889
214150,클래시스,2023-08-10,33700,34900,KOSDAQ,47492,3.5608,2.3366,0.7761,37,0.8543,1.0396,0.075702,160.4478,8.2284,2.0402,0.1301,21835403650.0,37,0.052702,15.04,-3.44,12.03,1,1,13.3889
44820,코스맥스비티아이,2023-08-10,9650,10400,KOSPI,1219,7.772,14.2843,0.9012,245,0.7879,2.2167,0.021086,44.6453,11.5497,0.3987,0.1027,354388204.0,528,0.035165,8.65,-3.94,4.33,0,1,5.2378
25980,아난티,2023-08-10,7880,8430,KOSDAQ,7557,6.9797,41.9028,0.9148,132,0.9908,4.6956,0.021283,68.2635,13.4393,2.0402,0.2299,57141321910.0,460,0.040756,3.56,-7.35,-5.46,0,1,13.3889
17800,현대엘리베이터,2023-08-10,44100,46050,KOSPI,36708,4.4218,2.6806,0.9091,56,0.803,1.1238,0.060955,110.7551,12.8855,0.3987,0.0884,12114128390.0,541,0.038778,7.06,-10.1,-9.01,0,1,5.2378
123690,한국화장품,2023-08-11,8910,9710,KOSPI,1641,8.9787,139.832,1.0,139,0.938,16.9,-0.00662,86.7308,57.268,-1.4093,0.6039,13883895108.0,631,0.057452,15.45,-0.51,12.77,1,1,4.7457
8770,호텔신라,2023-08-11,87300,89200,KOSPI,18133,2.1764,6.7757,0.5918,70,0.7114,2.5394,0.001407,42.2648,19.7117,-1.4093,0.1975,159671000000.0,546,0.035314,2.02,-4.04,0.78,0,1,4.7457
500,가온전선,2023-08-11,22470,22661,KOSPI,13268,0.85,0.8915,0.6927,7,0.5209,1.8171,0.035513,60.6821,14.5333,-1.4093,0.086,2445952999.0,542,0.091472,3.38,-13.92,-12.24,0,1,4.7457
44490,태웅,2023-08-11,19490,19640,KOSDAQ,5772,0.7696,11.9396,0.8753,19,1.0,1.7214,0.062044,125.7471,2.2492,1.7762,0.1313,5604461648.0,19,0.054335,21.18,-4.12,3.87,1,1,13.3446
1060,JW중외제약,2023-08-11,41684,42322,KOSPI,7009,1.5306,2.9036,0.472,9,0.7211,2.3318,0.099797,159.072,28.6973,-1.4093,0.132,47730384969.0,9,0.084087,11.24,-2.09,3.82,1,1,4.7457
3230,삼양식품,2023-08-11,129000,136100,KOSPI,82938,5.5039,2.8509,1.0,158,0.8368,0.9769,0.010462,36.1,15.3959,-1.4093,0.1381,13753335920.0,158,0.039887,47.69,27.48,38.72,1,1,4.7457
4370,농심,2023-08-11,452000,459000,KOSPI,24574,1.5487,4.445,0.9159,46,0.8289,1.1145,0.030515,61.6197,14.8827,-1.4093,0.1297,20294024300.0,46,0.031513,3.59,-5.56,-5.56,0,1,4.7457
6120,SK디스커버리,2023-08-11,39500,39600,KOSPI,9981,0.2532,1.0354,0.6667,45,0.3894,1.0039,0.020615,37.0242,12.1785,-1.4093,0.0716,1605863260.0,617,0.028589,5.81,-3.03,2.15,0,1,4.7457
397030,에이프릴바이오,2023-08-11,13881,14582,KOSDAQ,14286,5.0501,8.0232,0.764,85,0.6768,2.9464,0.052831,169.9371,44.9387,1.7762,0.3043,14101887058.0,85,0.076381,-6.69,-31.77,-19.56,0,1,13.3446
99440,스맥,2023-08-11,2343,2406,KOSDAQ,4217,2.6889,11.1834,0.493,247,0.6058,3.919,0.022141,82.1347,31.0785,1.7762,0.3072,15576544774.0,291,0.057564,116.5,-4.57,116.5,1,1,13.3446
9240,한샘,2023-08-11,56900,59300,KOSPI,10626,4.2179,4.5692,0.9423,246,0.6353,2.0104,0.014037,58.3445,35.5722,-1.4093,0.2381,7080126040.0,514,0.04511,1.85,-6.58,-5.06,0,1,4.7457
214420,토니모리,2023-08-11,6300,6500,KOSPI,2098,3.1746,20.949,0.0853,35,0.8439,3.8212,0.028293,104.0816,27.1346,-1.4093,0.3408,14456714169.0,540,0.072967,0.62,-13.38,-10.31,0,1,4.7457
60370,LS마린솔루션,2023-08-14,11874,11883,KOSDAQ,15410,0.0758,1.1044,0.769,8,0.2016,1.355,0.087324,180.922,62.9628,0.3774,0.1828,7173868562.0,8,0.098803,-4.28,-19.13,-19.13,0,1,11.8856
9450,경동나비엔,2023-08-14,58700,59500,KOSPI,8217,1.3629,2.0656,0.875,7,0.4579,0.867,0.058254,81.1263,17.1478,-1.8377,0.0603,6566583800.0,497,0.04946,-11.76,-21.26,-21.26,0,1,3.854
23800,인지컨트롤스,2023-08-14,11100,11270,KOSPI,1121,1.5315,6.1046,0.3497,206,0.7445,4.5481,-0.001185,68.9655,26.5059,-1.8377,0.2637,32356867688.0,631,0.112562,28.66,-20.67,-12.16,1,1,3.854
192820,코스맥스,2023-08-14,133100,142100,KOSPI,21485,6.7618,4.4855,0.6986,1,0.8583,2.3534,0.07873,233.96,49.8586,-1.8377,0.3441,65625829920.0,516,0.045994,8.02,-2.96,-1.48,0,1,3.854
111770,영원무역,2023-08-14,64500,64900,KOSPI,37399,0.6202,1.4472,0.898,31,0.7048,0.9968,0.029778,58.8739,12.0245,-1.8377,0.1052,7645208760.0,31,0.047876,-5.39,-18.34,-13.56,0,1,3.854
206640,바디텍메드,2023-08-14,17850,18270,KOSDAQ,2962,2.3529,1.363,0.621,2,0.7939,1.8932,0.051281,113.1855,16.8883,0.3774,0.1854,16791284034.0,577,0.061811,13.85,-2.74,9.47,1,1,11.8856
105630,한세실업,2023-08-14,21450,21800,KOSPI,5740,1.6317,1.9018,1.0,31,0.5567,1.1743,0.025854,62.6866,18.5401,-1.8377,0.165,5363965426.0,338,0.047969,-0.92,-13.35,-2.75,0,1,3.854
69960,현대백화점,2023-08-14,67300,70800,KOSPI,20932,5.2006,3.1065,0.8235,249,0.7688,2.2399,0.005308,47.9624,31.271,-1.8377,0.2287,29890732520.0,560,0.043382,-0.28,-9.04,-4.94,0,1,3.854
5180,빙그레,2023-08-14,51000,53300,KOSPI,7071,4.5098,18.6274,0.7763,55,0.7186,2.6659,0.016657,44.837,23.1119,-1.8377,0.1701,6782177260.0,537,0.0329,9.01,-1.5,-1.13,0,1,3.854
234080,JW생명과학,2023-08-14,14800,14930,KOSPI,1981,0.8784,2.0935,0.8298,3,0.5979,1.8428,0.021237,33.9013,8.4806,-1.8377,0.0599,1441512624.0,630,0.034446,-1.0,-7.23,-6.7,0,1,3.854
99430,바이오플러스,2023-08-16,8634,8900,KOSDAQ,3199,3.0808,8.5336,0.7711,227,0.9698,3.1209,0.013948,48.4818,21.6466,-3.9217,0.1543,52476876092.0,227,0.061798,-6.74,-14.83,-14.83,0,1,8.8595
53080,케이엔솔,2023-08-16,25650,25950,KOSDAQ,1629,1.1696,0.6068,0.48,10,0.432,0.3854,0.144261,225.596,99.1813,-3.9217,0.1364,5787200940.0,485,0.090696,21.39,-5.97,-4.62,1,1,8.8595
71970,HD현대마린엔진,2023-08-16,12650,13060,KOSPI,28664,3.2411,5.1088,0.4964,9,0.4444,2.8977,0.117887,274.212,55.0043,-3.1439,0.2234,30692822270.0,9,0.116659,-7.27,-18.61,-18.61,0,1,1.9781
17370,우신시스템,2023-08-17,10670,10770,KOSPI,1181,0.9372,3.1735,0.6078,11,0.3932,1.0576,0.186377,442.5693,97.4429,-3.3889,0.2602,11224062630.0,11,0.11288,-0.65,-21.17,-21.17,0,1,1.6927
267320,나인테크,2023-08-18,3955,4815,KOSDAQ,1877,21.7446,21.4846,1.0,82,1.0,3.3719,0.012444,68.0628,30.5675,-5.8265,0.3225,37149594966.0,629,0.057707,29.8,-23.78,-17.96,1,1,8.4835
950170,JTC,2023-08-18,4725,4850,KOSDAQ,2851,2.6455,7.7635,0.9753,128,0.447,3.3101,0.009715,84.7619,36.9076,-5.8265,0.2397,1495897070.0,541,0.05567,9.07,-17.84,-15.46,0,1,8.4835
79960,동양이엔피,2023-08-18,22050,22150,KOSDAQ,2405,0.4535,0.8696,0.9,13,0.963,0.3406,0.055119,94.2982,7.6656,-5.8265,0.0504,2418585260.0,638,0.043309,11.06,-0.45,1.13,1,1,8.4835
114840,아이패밀리에스씨,2023-08-18,13503,14354,KOSDAQ,2785,6.3023,2.8838,0.8438,31,0.6156,2.1273,0.085584,223.9449,25.4133,-5.8265,0.2413,6446620746.0,31,0.075728,6.27,-3.84,2.79,0,1,8.4835
187790,나노,2023-08-21,1668,2151,KOSDAQ,1121,28.9568,21.6474,1.0,233,0.9487,3.2902,0.018246,102.3518,53.0486,-4.9081,0.4965,13669299624.0,508,0.052932,-18.6,-30.82,-30.82,0,1,9.7639
105550,엣지파운드리,2023-08-21,2725,2795,KOSDAQ,1190,2.5688,1.8895,0.9783,250,0.5784,1.8849,-0.005881,40.1003,38.0033,-4.9081,0.2093,2283579600.0,479,0.066573,5.19,-7.87,-7.87,0,1,9.7639
810,삼성화재,2023-08-21,253000,253500,KOSPI,220854,0.1976,0.7133,0.8182,8,0.5,0.9197,0.024177,37.7717,9.4936,-3.8686,0.0304,14402004800.0,8,0.025782,5.52,-3.35,3.75,0,1,1.1683
357580,아모센스,2023-08-21,19540,24450,KOSDAQ,1619,25.1279,26.1839,1.0,83,1.0,4.9592,0.022307,116.3717,67.9081,-4.9081,0.6021,53663374468.0,465,0.051826,-29.86,-46.42,-46.05,0,1,9.7639
91120,이엠텍,2023-08-21,50800,54500,KOSDAQ,1347,7.2835,1.5313,0.625,1,0.6795,1.5547,0.063853,167.1569,43.0576,-4.9081,0.3185,40991109560.0,1,0.058388,9.54,-9.36,-5.87,0,1,9.7639
102260,동성케미컬,2023-08-21,4831,5667,KOSPI,2138,17.3049,110.2334,1.0,170,0.9452,11.4149,0.00227,31.6071,26.6638,-3.8686,0.2168,18050391136.0,573,0.033792,-16.13,-20.98,-19.41,0,1,1.1683
25320,시노펙스,2023-08-21,3108,3411,KOSDAQ,6937,9.749,10.9136,1.0,30,0.9758,1.7996,0.024376,72.8839,24.6763,-4.9081,0.2428,15845264317.0,644,0.04674,19.76,-2.17,-2.17,1,1,9.7639
15890,태경산업,2023-08-21,10920,10980,KOSPI,1349,0.5495,13.9045,1.0,74,1.0,3.3997,0.005571,75.3994,56.3686,-3.8686,0.5439,54711214572.0,74,0.050937,-22.68,-37.89,-36.61,0,1,1.1683
248070,솔루엠,2023-08-22,30350,31400,KOSPI,7302,3.4596,1.7067,0.8519,25,0.5691,1.3265,0.047306,88.5886,15.4414,-4.291,0.1103,38859550960.0,517,0.042425,2.23,-11.15,-2.55,0,1,1.4115
214680,디알텍,2023-08-22,4000,4160,KOSDAQ,1652,4.0,8.5123,0.2364,53,0.7837,2.7755,0.08351,202.5455,42.1387,-3.9327,0.3224,92414146894.0,53,0.094523,71.63,22.84,45.43,1,1,10.2011
205100,엑셈,2023-08-22,2759,3224,KOSDAQ,1558,16.8539,26.798,1.0,119,0.5599,6.2264,0.019824,88.7588,65.6989,-3.9327,0.446,58888693440.0,119,0.057604,-2.02,-17.56,-17.56,0,1,10.2011
36830,솔브레인홀딩스,2023-08-23,34000,36700,KOSDAQ,10545,7.9412,13.5069,0.5985,95,0.7568,4.4259,0.018482,78.5888,40.5059,-6.0737,0.319,25668873980.0,637,0.069677,11.44,-13.35,-10.22,1,1,8.7841
22100,포스코DX,2023-08-23,35500,37500,KOSPI,57393,5.6338,0.9788,0.9083,19,0.4987,0.4804,0.267753,610.2273,11.6529,-4.9673,0.1634,351376000000.0,19,0.077619,64.8,4.13,44.53,1,1,0.9629
203650,드림시큐리티,2023-08-23,1894,1934,KOSDAQ,1610,2.1119,34.4377,0.9294,113,0.8672,3.8299,0.016644,64.0373,35.5248,-6.0737,0.2227,30197174949.0,547,0.050118,1.55,-11.48,-0.41,0,1,8.7841
3720,삼영,2023-08-24,5380,6090,KOSPI,1938,13.197,31.1052,0.845,76,0.9401,4.2268,0.058361,167.6923,43.4086,-2.1093,0.401,25778603670.0,76,0.052956,-4.27,-18.06,-12.81,0,1,2.2206
14530,극동유화,2023-08-24,4340,4365,KOSPI,1173,0.576,0.9099,0.5652,30,0.608,0.8451,0.016536,28.1938,14.0324,-2.1093,0.0382,1383813514.0,596,0.043201,12.03,-6.07,-6.07,1,1,2.2206
7210,벽산,2023-08-24,2730,3100,KOSPI,1108,13.5531,36.3199,0.7171,247,0.7025,4.8588,0.028006,78.6744,45.9608,-2.1093,0.2141,10353910996.0,528,0.057143,34.03,6.45,34.03,1,1,2.2206
32350,롯데관광개발,2023-08-24,15500,16110,KOSPI,19885,3.9355,2.8117,1.0,133,0.3198,3.9177,0.022711,81.8284,76.4599,-2.1093,0.2986,44608572536.0,547,0.073778,8.01,-13.78,-7.64,0,1,2.2206
41020,폴라리스오피스,2023-08-24,6330,7150,KOSDAQ,2277,12.9542,6.1183,1.0,10,0.7944,1.1085,0.203097,590.8213,74.9074,0.1232,0.2995,145934000000.0,10,0.097952,-4.9,-38.88,-38.88,0,1,10.9671
86890,이수앱지스,2023-08-24,8000,8370,KOSDAQ,2329,4.625,1.8336,0.9487,2,0.7352,1.2856,0.020136,66.4016,34.0114,0.1232,0.1881,5864232266.0,579,0.061615,-4.06,-15.53,-15.53,0,1,10.9671
60280,큐렉소,2023-08-24,21250,24400,KOSDAQ,8156,14.8235,6.4755,0.7589,26,0.8437,1.7405,0.10952,284.252,46.8647,0.1232,0.3196,189511000000.0,26,0.073683,-2.46,-29.51,-29.51,0,1,10.9671
136480,하림,2023-08-25,3335,3350,KOSDAQ,3250,0.4498,19.9942,0.2857,49,0.7783,5.3737,0.009078,34.5382,21.6246,1.764,0.1463,61365960386.0,546,0.050959,-4.78,-17.31,-17.31,0,1,10.5414
251970,펌텍코리아,2023-08-28,28400,29200,KOSDAQ,7849,2.8169,2.2977,1.0,14,0.5597,1.0659,0.061017,105.6338,18.9356,-0.4772,0.1123,3411180790.0,503,0.071062,-0.86,-13.18,-11.3,0,1,11.636
85620,미래에셋생명,2023-08-28,3830,4055,KOSPI,16339,5.8747,3.6704,0.9265,43,0.8841,1.1328,0.03429,63.8384,13.5845,-2.4886,0.0995,700613959.0,472,0.040338,18.25,-3.82,16.03,1,1,2.3913
192400,쿠쿠홀딩스,2023-08-28,17750,18500,KOSPI,9602,4.2254,92.0532,0.0459,245,0.8974,10.7696,-0.003209,26.6256,23.8001,-2.4886,0.1675,17205623694.0,579,0.049498,16.22,-2.81,1.62,1,1,2.3913
40300,YTN,2023-08-28,9390,9550,KOSDAQ,1693,1.7039,63.7154,0.9,118,0.8525,7.2168,0.026811,163.4483,31.2991,-0.4772,0.2787,34058600504.0,118,0.042334,7.33,-21.88,-21.88,0,1,11.636
48530,인트론바이오,2023-08-28,11500,12100,KOSDAQ,1243,5.2174,0.9286,1.0,245,0.4222,4.6738,-0.016598,125.3259,116.1634,-0.4772,0.5556,57377186978.0,655,0.086659,-3.39,-35.12,-35.12,0,1,11.636
103590,일진전기,2023-08-28,11222,11335,KOSPI,28516,1.007,0.9764,0.987,23,0.6898,0.9,0.083953,196.1076,21.4412,-2.4886,0.2039,22373178428.0,23,0.057055,14.1,-7.0,4.83,1,1,2.3913
79940,가비아,2023-08-29,13810,13850,KOSDAQ,4449,0.2896,4.3103,0.7732,122,0.6556,1.8416,0.021734,47.9701,16.8553,-2.108,0.1022,2079383780.0,543,0.047499,4.98,-1.23,-1.23,0,1,12.3391
33290,로젠,2023-08-29,5757,5782,KOSDAQ,1146,0.4343,2.5349,1.0,250,0.4436,2.2041,0.003165,79.1757,56.4181,-2.108,0.2806,7327427261.0,459,0.047586,11.35,-6.04,0.59,1,1,12.3391
78150,HB테크놀러지,2023-08-29,2995,3040,KOSDAQ,1910,1.5025,3.307,0.6875,63,0.6423,2.048,0.03943,74.7126,21.793,-2.108,0.1242,16014874633.0,587,0.045348,24.34,-6.09,-5.76,1,1,12.3391
122640,예스티,2023-08-29,19880,23450,KOSDAQ,4697,17.9577,5.7624,0.8942,17,1.0,1.3314,0.108729,240.3483,22.6116,-2.108,0.2529,9227040468.0,17,0.058057,10.23,-47.85,-47.85,1,1,12.3391
338220,뷰노,2023-08-29,41000,50100,KOSDAQ,2842,22.1951,4.7773,0.9886,19,0.7178,1.2069,0.199693,888.1657,36.7854,-2.108,0.343,99023264660.0,19,0.079983,30.74,-22.85,-22.85,1,1,12.3391
382800,지앤비에스 에코,2023-08-29,6437,6462,KOSDAQ,1006,0.3884,1.0274,0.4464,3,0.6133,1.4658,0.07762,141.5701,17.5008,-2.108,0.0755,3569986503.0,3,0.043352,50.11,11.42,27.08,1,1,12.3391
16360,삼성증권,2023-08-30,37300,37450,KOSPI,75012,0.4021,1.3971,0.9231,55,0.8056,0.8771,0.013633,23.5974,5.0484,-3.9688,0.0264,5093622950.0,491,0.017452,4.01,-1.87,-1.87,0,1,3.0488
223250,드림씨아이에스,2023-08-30,3577,3779,KOSDAQ,1383,5.6472,3.4877,0.9543,13,0.7101,0.9118,0.035674,58.7815,19.194,-1.6878,0.081,724593759.0,654,0.045552,93.07,-5.29,57.98,1,1,13.1175
315640,딥노이드,2023-08-30,12276,12477,KOSDAQ,1015,1.6373,1.6692,0.4666,6,0.4275,1.1399,0.1804,419.6585,42.8943,-1.6878,0.2454,39083006229.0,6,0.102262,16.26,-18.8,-18.8,1,1,13.1175
6730,서부T&D,2023-08-30,8641,8760,KOSDAQ,11349,1.3772,0.8815,0.8981,1,0.4208,0.9128,0.03111,49.4625,8.8438,-1.6878,0.0673,4119432620.0,334,0.041862,2.71,-18.25,-17.93,0,1,13.1175
13570,디와이,2023-08-30,7170,7760,KOSPI,1327,8.2287,111.5171,1.0,233,0.9858,11.5489,0.00774,50.6796,32.8724,-3.9688,0.2976,33695380908.0,386,0.03958,0.0,-15.08,-14.3,0,1,3.0488
377480,마음AI,2023-08-30,32250,36300,KOSDAQ,1286,12.5581,35.3348,0.4476,85,0.952,5.3909,0.061363,244.0758,31.3307,-1.6878,0.4535,187198000000.0,438,0.061885,6.34,-28.79,-26.72,0,1,13.1175
99190,아이센스,2023-08-30,33950,34250,KOSDAQ,4757,0.8837,0.982,0.9592,28,0.6541,0.5158,0.076785,144.4333,9.732,-1.6878,0.1031,19350632010.0,28,0.065381,12.99,-24.09,-21.31,1,1,13.1175
322180,LS티라유텍,2023-08-30,7760,8190,KOSDAQ,1977,5.5412,1.5649,0.5933,9,0.5881,0.5895,0.114306,260.793,42.7488,-1.6878,0.2101,1901301168.0,9,0.099424,51.16,-8.55,-5.25,1,1,13.1175
69510,에스텍,2023-08-30,8830,9050,KOSDAQ,1612,2.4915,8.7012,0.9254,85,0.5349,2.274,0.01315,29.2857,12.7308,-1.6878,0.0778,210194146.0,554,0.0382,0.33,-8.62,-6.74,0,1,13.1175
4490,세방전지,2023-08-30,58600,59700,KOSPI,8621,1.8771,4.8476,0.8679,95,0.831,1.5296,0.021981,66.7598,28.4735,-3.9688,0.2018,9134666220.0,641,0.03374,10.05,-1.68,-1.01,1,1,3.0488
307950,현대오토에버,2023-08-31,174900,175700,KOSPI,118746,0.4574,1.2448,0.7895,1,0.9146,0.6822,0.035343,87.7137,12.1133,-2.3008,0.1142,24701355380.0,1,0.038174,36.6,0.17,0.8,1,1,2.8345
117730,티로보틱스,2023-08-31,33450,34700,KOSDAQ,5303,3.7369,2.6466,0.5321,12,0.5894,0.6382,0.210787,497.2461,30.1416,2.0489,0.1507,54209195450.0,12,0.080383,7.06,-27.67,-27.67,0,1,13.5424
150,두산,2023-08-31,116300,117600,KOSPI,135542,1.1178,1.3124,0.8696,21,0.4976,0.9143,0.027291,64.9369,9.3072,-2.3008,0.0798,25931436840.0,443,0.04604,26.79,-9.44,-3.15,1,1,2.8345
156100,엘앤케이바이오,2023-08-31,11209,11860,KOSDAQ,3364,5.8078,3.8582,0.8367,245,0.5856,1.6562,-0.009746,136.0669,61.0873,2.0489,0.3891,8286230734.0,655,0.093712,-1.43,-30.1,-30.1,0,1,13.5424
140410,메지온,2023-08-31,46850,49500,KOSDAQ,48248,5.6564,3.8001,0.7902,38,0.7951,0.8692,0.141235,297.5904,24.3879,2.0489,0.1755,30862109900.0,407,0.053896,7.68,-19.7,-19.7,0,1,13.5424
83310,엘오티베큠,2023-08-31,31750,32100,KOSDAQ,2383,1.1024,0.8254,0.5,1,0.4326,1.1389,0.11545,271.0983,23.0973,2.0489,0.2109,14370978630.0,1,0.066644,5.92,-13.55,-13.55,0,1,13.5424
42700,한미반도체,2023-08-31,59700,59800,KOSPI,179282,0.1675,1.4564,1.0,8,0.3395,1.2657,0.19996,453.7037,23.7221,-2.3008,0.1473,197522000000.0,8,0.072981,-1.67,-18.98,-9.36,0,1,2.8345
160980,싸이맥스,2023-09-01,15500,15730,KOSDAQ,1920,1.4839,9.3861,0.3886,127,0.8303,1.7642,0.016485,39.2035,7.1427,-0.063,0.0871,2683069832.0,586,0.042276,6.8,-0.64,-0.64,0,1,12.3526
251630,브이원텍,2023-09-01,14140,14310,KOSDAQ,1208,1.2023,3.6188,0.5591,48,0.9579,1.0078,0.067636,148.4375,23.745,-0.063,0.1624,6130368060.0,48,0.051263,18.45,-29.21,-29.21,1,1,12.3526
67310,하나마이크론,2023-09-01,19961,23594,KOSDAQ,23999,18.2005,10.1233,1.0,32,0.8491,1.5914,0.068449,205.0291,37.3811,-0.063,0.4107,121267000000.0,32,0.046186,12.31,-12.14,-10.69,1,1,12.3526
39030,이오테크닉스,2023-09-01,171900,181000,KOSDAQ,43488,5.2938,1.3946,0.8978,20,0.7716,1.1005,0.113221,208.3475,5.3568,-0.063,0.1259,44728374080.0,20,0.062273,-6.13,-26.24,-24.36,0,1,12.3526
84370,유진테크,2023-09-01,36650,39000,KOSDAQ,22687,6.412,5.2482,0.8496,24,0.8535,1.1537,0.038639,94.0299,18.9655,-0.063,0.1829,15216831440.0,441,0.045696,12.56,-6.54,1.03,1,1,12.3526
131970,두산테스나,2023-09-01,49150,53500,KOSDAQ,12080,8.8505,2.8952,0.7744,23,0.913,0.8795,0.058815,161.6137,16.8752,-0.063,0.1533,25382021710.0,660,0.049065,1.68,-20.47,-20.47,0,1,12.3526
396270,넥스트칩,2023-09-01,13876,17009,KOSDAQ,1139,22.5786,6.9206,0.9063,48,0.7932,1.3992,0.062489,211.3491,58.9069,-0.063,0.4429,35841822866.0,48,0.056966,-1.48,-29.95,-25.66,0,1,12.3526
490,대동,2023-09-04,13350,13980,KOSPI,2762,4.7191,83.2221,1.0,164,0.9808,10.4711,-0.002302,45.929,32.7125,-0.7012,0.3271,63400610996.0,332,0.048334,35.91,13.02,17.67,1,1,3.9318
34950,한국기업평가,2023-09-04,76000,76100,KOSDAQ,4386,0.1316,0.4592,0.8,59,0.3333,0.5916,0.011558,16.7178,0.4489,0.0795,0.0072,102386640.0,661,0.007978,4.47,0.79,2.76,0,1,12.1625
54450,텔레칩스,2023-09-04,23200,23900,KOSDAQ,2247,3.0172,2.2218,0.5625,31,0.6467,0.8527,0.045728,116.2896,26.7783,0.0795,0.1898,27003591810.0,31,0.0474,17.99,-5.65,0.63,1,1,12.1625
48870,시너지이노베이션,2023-09-04,3805,3870,KOSDAQ,2031,1.7083,26.1298,1.0,250,0.9561,4.5578,-0.036761,109.4156,87.7846,0.0795,0.7765,8812965459.0,530,0.052879,5.68,-24.42,-22.35,0,1,12.1625
4020,현대제철,2023-09-04,38300,39500,KOSPI,39433,3.1332,2.2332,0.8333,133,0.7903,1.0614,0.014659,40.5694,11.0364,-0.7012,0.119,26059552470.0,574,0.027939,1.77,-9.24,-9.24,0,1,3.9318
204270,제이앤티씨,2023-09-04,9790,10240,KOSDAQ,13132,4.5965,4.8118,0.7403,25,0.4978,1.2874,0.062973,129.5964,10.743,0.0795,0.1166,2656414096.0,653,0.049735,21.68,-3.52,-0.88,1,1,12.1625
98120,마이크로컨텍솔,2023-09-04,9370,9580,KOSDAQ,1633,2.2412,18.0377,0.067,36,0.7723,3.4958,0.036708,103.8298,27.8244,0.0795,0.2386,5929012286.0,404,0.068819,12.42,-14.41,-12.53,1,1,12.1625
140670,알에스오토메이션,2023-09-04,16102,16307,KOSDAQ,2831,1.2731,14.5392,0.2872,112,0.8971,5.1678,0.006707,57.0397,31.8755,0.0795,0.2869,74544938297.0,356,0.06442,13.19,-26.79,-26.61,1,1,12.1625
304100,솔트룩스,2023-09-05,45550,47150,KOSDAQ,3596,3.5126,2.9108,1.0,21,0.6678,1.3547,0.137684,669.168,12.4104,2.5896,0.2454,155627000000.0,21,0.080897,-6.04,-46.55,-46.55,0,1,12.3233
126700,하이비젼시스템,2023-09-05,22000,22250,KOSDAQ,2451,1.1364,2.6008,0.6875,75,0.7812,1.435,0.02382,55.5944,2.6114,2.5896,0.0852,13483682580.0,424,0.042921,-2.7,-17.57,-16.67,0,1,12.3233
106190,하이텍팜,2023-09-05,9873,9960,KOSDAQ,1275,0.8812,4.5936,0.9189,83,0.6618,1.299,0.034054,70.6356,12.4353,2.5896,0.1085,267542658.0,654,0.024842,10.11,0.26,0.26,1,1,12.3233
328130,루닛,2023-09-05,94097,111526,KOSDAQ,11439,18.5224,2.6075,1.0,37,0.7104,0.9006,0.211665,1087.7103,38.2652,2.5896,0.3997,164126000000.0,37,0.06444,11.04,-32.04,-32.04,1,1,12.3233
237880,클리오,2023-09-05,24100,25050,KOSDAQ,2340,3.9419,3.0026,0.9556,103,0.6593,1.0883,0.043924,104.4898,23.1634,2.5896,0.1863,6407940830.0,552,0.046536,15.77,-0.4,1.6,1,1,12.3233
18290,브이티,2023-09-05,14260,14940,KOSDAQ,6960,4.7686,0.9521,0.7374,1,0.5498,0.9097,0.099822,213.5362,43.7376,2.5896,0.2775,20787570348.0,1,0.057229,35.88,-4.89,5.76,1,1,12.3233
142210,유니트론텍,2023-09-05,4745,4980,KOSDAQ,1361,4.9526,23.8439,0.7122,67,0.8701,4.1518,0.009899,78.8151,19.7692,2.5896,0.1994,7897067726.0,647,0.037435,16.06,-10.04,-9.54,1,1,12.3233
18260,삼성에스디에스,2023-09-05,143400,144100,KOSPI,129298,0.4881,0.8024,0.6552,6,0.3972,1.0411,0.011336,27.5221,2.3595,0.057,0.0378,25909823000.0,658,0.028849,5.14,-6.94,-4.37,0,1,3.8146
277810,레인보우로보틱스,2023-09-06,175200,175500,KOSDAQ,140067,0.1712,2.1964,0.5419,1,0.8789,1.9808,0.126609,552.4164,18.5833,2.87,0.3312,795942000000.0,1,0.063248,21.08,-24.67,-24.67,1,1,11.7701
259630,엠플러스,2023-09-06,17550,19300,KOSDAQ,1621,9.9715,6.8931,0.7705,250,0.6492,1.4472,0.017498,102.5184,37.5958,2.87,0.2216,11866791236.0,407,0.048557,-10.31,-31.97,-29.79,0,1,11.7701
138610,나이벡,2023-09-06,22500,23400,KOSDAQ,3796,4.0,14.2641,0.7874,250,0.8384,1.8994,-0.012515,95.4887,37.1659,2.87,0.2771,20032467946.0,540,0.054792,7.26,-19.66,-17.95,0,1,11.7701
84650,랩지노믹스,2023-09-06,6050,6100,KOSDAQ,1331,0.8264,4.4881,0.5405,19,0.5575,1.6596,0.05863,139.6857,24.7451,2.87,0.1219,88277964960.0,439,0.085422,-2.46,-30.41,-29.59,0,1,11.7701
192650,드림텍,2023-09-06,13540,13560,KOSPI,5268,0.1477,3.0647,0.7973,26,0.5767,0.7822,0.022553,58.2264,1.7587,-0.4134,0.1293,15887914736.0,26,0.047777,3.83,-7.23,-4.65,0,1,3.0322
950140,잉글우드랩,2023-09-06,12010,12380,KOSDAQ,2487,3.0808,0.7242,0.918,3,0.5435,0.633,0.113408,219.8966,11.0215,2.87,0.135,3808636358.0,3,0.058735,1.94,-11.23,-3.23,0,1,11.7701
56080,유진로봇,2023-09-06,10970,11260,KOSDAQ,12116,2.6436,3.7947,0.533,4,0.5327,1.8184,0.095107,190.9561,18.4662,2.87,0.1861,110993000000.0,4,0.079739,42.72,-1.78,-0.36,1,1,11.7701
84730,팅크웨어,2023-09-06,16050,16290,KOSDAQ,1045,1.4953,3.2928,0.8013,239,0.4222,2.0252,0.004014,45.5764,2.159,2.87,0.1019,4903434652.0,414,0.050776,4.91,-13.57,-8.16,0,1,11.7701
58610,에스피지,2023-09-07,39150,39950,KOSDAQ,33355,2.0434,12.9041,0.28,113,0.7655,3.8496,0.057746,156.0897,23.5907,-0.2882,0.2582,313256000000.0,113,0.056142,4.76,-20.65,-15.89,0,1,10.2418
297890,HB솔루션,2023-09-07,5770,5850,KOSDAQ,1616,1.3865,4.5277,0.4328,26,0.5398,1.0311,0.050221,98.2379,15.4457,-0.2882,0.0913,32049529760.0,521,0.050488,-2.91,-19.83,-13.68,0,1,10.2418
39440,에스티아이,2023-09-07,30350,31200,KOSDAQ,5334,2.8007,2.1493,0.9626,36,0.7152,0.7373,0.08781,191.5888,21.689,-0.2882,0.1634,24276975790.0,36,0.075664,5.93,-19.87,-6.41,0,1,10.2418
264850,이랜시스,2023-09-07,3185,3975,KOSDAQ,2581,24.8038,8.7216,1.0,240,0.9145,5.2048,-0.003812,77.8523,63.5326,-0.2882,0.5318,48237818773.0,403,0.068284,48.93,-20.5,33.33,1,1,10.2418
8830,대동기어,2023-09-08,9110,10620,KOSDAQ,1594,16.5752,30.5488,0.615,250,0.9531,7.6148,-0.014504,108.2353,88.9877,0.3171,0.6924,48889088726.0,336,0.074455,21.56,-18.08,-1.13,1,1,11.0609
86900,메디톡스,2023-09-08,271500,279500,KOSDAQ,9379,2.9466,2.1337,0.9767,62,0.5693,1.1415,0.068445,187.7409,25.868,0.3171,0.1773,39809799400.0,62,0.039739,10.02,-21.11,-20.39,1,1,11.0609
314930,바이오다인,2023-09-08,14673,14901,KOSDAQ,4006,1.5539,4.6497,0.7685,11,0.8628,2.5883,0.14249,310.9487,27.031,0.3171,0.1346,9790915616.0,592,0.082593,3.49,-23.43,-23.43,0,1,11.0609
67080,대화제약,2023-09-08,12200,12520,KOSDAQ,2914,2.623,10.9018,0.268,232,0.9028,4.4816,-0.014766,87.7061,49.2647,0.3171,0.4075,61564843808.0,663,0.07411,19.01,-5.67,-4.39,1,1,11.0609
267250,HD현대,2023-09-08,65400,67500,KOSPI,176155,3.211,5.6367,0.9792,183,0.9091,1.7088,-0.002295,24.7689,11.2944,-2.0711,0.1242,26479124960.0,578,0.021693,5.93,-10.96,-9.93,0,1,2.355
226950,올릭스,2023-09-08,25000,25050,KOSDAQ,26408,0.2,5.7742,0.617,127,0.746,4.1324,-0.013895,72.2834,50.4049,0.3171,0.4104,32730939984.0,538,0.071172,-7.78,-38.4,-35.85,0,1,11.0609
4840,DRB동일,2023-09-08,5740,6120,KOSPI,1146,6.6202,29.898,0.6744,51,0.8687,4.1162,0.022132,62.766,20.4463,-2.0711,0.1684,1342344360.0,557,0.036298,6.54,-16.67,-9.31,0,1,2.355
157,두산2우B,2023-09-08,101400,105800,KOSPI,3612,4.3393,3.6497,0.5674,28,0.8935,0.9432,0.012913,36.3402,12.5095,-2.0711,0.1019,280553020.0,558,0.044896,29.96,-33.55,-33.55,1,1,2.355
9420,한올바이오파마,2023-09-11,24900,27050,KOSPI,25937,8.6345,5.542,0.9636,25,0.945,1.275,0.047193,112.9921,12.8732,-1.3268,0.1602,18332901480.0,664,0.042778,45.84,-7.02,33.64,1,1,2.6934
38460,바이오스마트,2023-09-11,4020,4060,KOSDAQ,1261,0.995,23.6339,0.5882,248,0.8723,2.6569,0.008316,33.9934,8.3728,0.0384,0.1103,6641922151.0,539,0.048557,-3.45,-20.32,-19.33,0,1,10.7281
100,유한양행,2023-09-11,74748,76470,KOSPI,83727,2.3037,2.8442,1.0,22,0.9724,1.0789,0.030052,59.4819,6.874,-1.3268,0.0901,54540550042.0,22,0.040228,-0.5,-8.38,-5.51,0,1,2.6934
105,유한양행우,2023-09-11,63800,65000,KOSPI,1095,1.8809,5.2222,0.9429,22,0.7895,0.9085,0.014294,31.3609,4.995,-1.3268,0.0518,242839800.0,666,0.024286,4.31,-4.15,0.0,0,1,2.6934
185750,종근당,2023-09-11,81136,85513,KOSPI,11650,5.3946,5.4713,0.9712,68,0.9517,1.2754,0.00606,34.5792,10.3967,-1.3268,0.0889,5133263192.0,664,0.02513,6.82,-1.81,6.82,0,1,2.6934
214150,클래시스,2023-09-11,40150,40500,KOSDAQ,47492,0.8717,0.8897,0.8182,3,0.6386,0.9836,0.087789,202.2388,20.1397,0.0384,0.0902,19536999820.0,3,0.047884,-0.25,-21.73,-19.14,0,1,10.7281
99440,스맥,2023-09-11,4500,5209,KOSDAQ,4217,15.7556,6.2963,0.5495,1,0.6286,3.9853,0.087228,294.3225,116.462,0.0384,0.7135,79089323580.0,1,0.080863,1.96,-35.17,-35.17,0,1,10.7281
47560,이스트소프트,2023-09-11,18600,19620,KOSDAQ,2109,5.4839,5.6694,1.0,67,0.7095,1.2756,0.055565,131.3679,10.3724,0.0384,0.1954,19455550716.0,450,0.057594,-13.2,-30.63,-30.63,0,1,10.7281
85660,차바이오텍,2023-09-11,16570,20632,KOSDAQ,16609,24.5142,15.3806,0.8949,248,0.6846,2.4271,0.02222,87.666,60.2973,0.0384,0.3312,47978977367.0,541,0.048153,-3.58,-22.73,-22.73,0,1,10.7281
5830,DB손해보험,2023-09-11,85400,87100,KOSPI,97346,1.9906,0.783,0.9091,94,0.8295,0.7246,0.035894,63.7218,10.2018,-1.3268,0.0638,9843971380.0,94,0.027883,7.92,-0.69,2.41,0,1,2.6934
317830,에스피시스템스,2023-09-11,17630,19630,KOSDAQ,1386,11.3443,15.1879,1.0,36,0.7247,2.604,0.045353,188.6765,35.9977,0.0384,0.407,40828503254.0,36,0.061931,-12.68,-49.31,-49.31,0,1,10.7281
109610,에스와이,2023-09-11,5550,5590,KOSDAQ,1343,0.7207,6.2972,0.1176,45,0.5798,2.3458,0.024756,98.9324,35.1491,0.0384,0.2204,69438997416.0,45,0.079606,30.77,-7.69,13.6,1,1,10.7281
155,두산우,2023-09-11,66900,75200,KOSPI,18384,12.4066,24.7003,1.0,243,0.9595,2.9917,0.010589,65.6388,36.3357,-1.3268,0.3201,4280368940.0,366,0.041413,8.78,-31.12,-31.12,0,1,2.6934
815,삼성화재우,2023-09-11,184100,185800,KOSPI,11282,0.9234,2.0446,0.7429,9,0.6724,1.1216,0.013143,24.2809,6.4173,-1.3268,0.0239,1424767760.0,467,0.012456,2.96,-0.16,1.72,0,1,2.6934
3570,SNT다이내믹스,2023-09-11,11310,12310,KOSPI,16493,8.8417,8.1259,0.8758,3,0.609,2.158,0.017718,51.7879,29.0239,-1.3268,0.1817,2392474110.0,258,0.036904,-2.03,-10.4,-7.23,0,1,2.6934
370090,퓨런티어,2023-09-12,36250,39800,KOSDAQ,1233,9.7931,15.2892,1.0,29,0.6262,2.4923,0.042222,129.3948,50.0278,-0.4037,0.3577,58345155620.0,29,0.065506,-12.19,-26.63,-15.58,0,1,8.8536
24060,흥구석유,2023-09-12,6800,7510,KOSDAQ,2067,10.4412,29.4847,0.802,248,0.8163,7.7111,-0.011209,58.2719,39.9948,-0.4037,0.3913,79252312214.0,384,0.064485,122.37,-17.44,105.99,1,1,8.8536
4090,한국석유,2023-09-12,12250,12620,KOSPI,1837,3.0204,25.4862,0.8821,231,0.6884,6.7092,-0.012476,37.1739,27.5338,-1.3338,0.263,27300108600.0,595,0.056486,31.06,-24.72,11.41,1,1,1.8538
78520,에이블씨엔씨,2023-09-12,9760,9990,KOSPI,2750,2.3566,2.0509,0.9811,85,0.6576,1.0378,0.052976,135.0588,13.2039,-1.3338,0.2073,2875170404.0,553,0.05098,43.14,-19.42,-11.01,1,1,1.8538
196170,알테오젠,2023-09-12,52800,59600,KOSDAQ,210010,12.8788,22.6462,0.594,71,1.0,3.4329,0.019014,107.7089,29.1294,-0.4037,0.3018,197745000000.0,667,0.051354,35.91,0.67,0.67,1,1,8.8536
17940,E1,2023-09-13,60000,60500,KOSPI,5913,0.8333,1.9622,0.8276,21,0.7581,0.9796,0.028229,43.535,6.7209,0.3587,0.0465,1636559500.0,491,0.025738,3.97,-5.62,3.31,0,1,1.7593
180640,한진칼,2023-09-14,50800,52500,KOSPI,73505,3.3465,4.3962,1.0,74,1.0,1.3186,0.006841,49.1477,18.308,2.1049,0.2097,5016152320.0,561,0.03585,-12.0,-23.52,-12.0,0,1,3.2645
139130,iM금융지주,2023-09-14,7990,8000,KOSPI,24720,0.1252,2.5015,1.0,196,0.65,0.9429,0.006318,19.225,8.088,2.1049,0.0674,4387171200.0,469,0.014375,5.38,-3.75,3.0,0,1,3.2645
105630,한세실업,2023-09-14,21800,22050,KOSPI,5740,1.1468,1.4053,1.0,22,0.4735,0.9248,0.0273,64.5522,3.1457,2.1049,0.0876,3462947440.0,360,0.043926,-3.63,-14.88,-4.31,0,1,3.2645
36930,주성엔지니어링,2023-09-14,29750,31700,KOSDAQ,19380,6.5546,5.1627,0.9381,31,0.7468,0.8499,0.092695,204.5149,24.0288,1.5157,0.1896,96833867570.0,31,0.048783,-0.79,-16.25,-12.3,0,1,8.8222
77500,유니퀘스트,2023-09-14,8405,8590,KOSPI,1339,2.2011,0.6841,0.8298,32,0.4393,0.5433,0.069683,126.3505,12.7347,2.1049,0.0713,4039931964.0,32,0.041701,8.21,-2.91,7.1,0,1,3.2645
10100,한국무브넥스,2023-09-14,6050,6350,KOSPI,1675,4.9587,9.1096,0.4741,31,0.9089,2.1787,0.067437,202.381,39.6362,2.1049,0.3004,43094747057.0,31,0.06946,28.5,-5.98,23.78,1,1,3.2645
92870,엑시콘,2023-09-15,14887,15384,KOSDAQ,3224,3.3385,4.1177,0.629,33,0.5895,1.1193,0.04991,100.9929,11.8111,2.4746,0.079,4237716271.0,670,0.037344,-6.53,-19.28,-15.3,0,1,8.65
88350,한화생명,2023-09-15,2975,3120,KOSPI,29313,4.8739,5.3028,0.8537,137,0.6718,2.0566,0.010242,64.6438,40.2466,3.8642,0.249,19129026835.0,581,0.03663,-0.96,-9.29,-5.13,0,1,4.3635
3160,디아이,2023-09-15,8510,8900,KOSPI,9042,4.5828,42.6716,0.8189,100,0.9249,5.2275,0.048722,122.2222,16.406,3.8642,0.1664,10532046360.0,518,0.047833,-7.53,-24.38,-24.38,0,1,4.3635
101160,월덱스,2023-09-15,28500,29500,KOSDAQ,4103,3.5088,6.3066,0.8889,43,0.8235,1.494,0.027563,86.7089,7.6,2.4746,0.1153,9755272760.0,592,0.037167,-2.54,-13.22,-13.22,0,1,8.65
24110,기업은행,2023-09-15,11250,11340,KOSPI,173241,0.8,3.6046,0.7692,195,0.5392,1.1439,0.000761,20.5101,4.7564,3.8642,0.0494,13393824136.0,348,0.013228,6.53,-2.29,5.11,0,1,4.3635
179900,유티아이,2023-09-15,30250,31600,KOSDAQ,4671,4.4628,7.377,0.6981,249,0.5544,2.449,0.015454,80.5714,70.771,2.4746,0.2577,7865421030.0,249,0.065665,0.16,-14.08,-9.34,0,1,8.65
5940,NH투자증권,2023-09-15,10450,10480,KOSPI,89442,0.2871,1.719,0.7368,17,1.0,0.7856,0.010441,23.2941,-1.8195,3.8642,0.0154,4693350438.0,425,0.013018,3.15,-3.72,-3.34,0,1,4.3635
100250,진양홀딩스,2023-09-15,3310,3335,KOSPI,1632,0.7553,1.2,0.8288,250,0.9242,0.5517,0.007201,17.8862,1.4737,3.8642,0.0322,140451940.0,455,0.015785,1.14,-5.22,-4.05,0,1,4.3635
400,롯데손해보험,2023-09-18,1846,2390,KOSPI,5105,29.4691,72.756,1.0,66,0.9255,8.232,0.017344,79.6992,37.0568,2.6276,0.3179,5974607565.0,349,0.030484,29.92,-6.69,-6.69,1,1,3.2686
114840,아이패밀리에스씨,2023-09-18,15254,15954,KOSDAQ,2785,4.589,1.0958,0.9105,6,1.0,0.6405,0.11416,260.0542,12.6264,0.2903,0.1024,2023499860.0,6,0.05446,-6.11,-28.06,-25.71,0,1,7.6081
3690,코리안리,2023-09-18,5982,6033,KOSPI,22443,0.8526,1.3921,0.9362,137,0.3739,1.1225,0.018008,36.0929,7.4035,2.6276,0.0555,2436490979.0,398,0.016374,7.91,-2.04,6.6,0,1,3.2686
110990,디아이티,2023-09-18,12970,12980,KOSDAQ,3960,0.0771,3.231,0.5724,30,0.6602,0.9711,0.075178,143.0712,28.0974,0.2903,0.1088,4561600700.0,598,0.069888,49.31,-12.17,23.96,1,1,7.6081
210980,SK디앤디,2023-09-18,14453,15303,KOSPI,2346,5.8811,21.162,0.8824,247,0.6999,5.1597,0.001015,52.4507,31.0348,2.6276,0.2177,35563279158.0,668,0.048931,13.52,-6.48,-6.48,1,1,3.2686
123690,한국화장품,2023-09-18,11210,11370,KOSPI,1641,1.4273,1.0657,0.6477,12,0.6752,0.9417,0.055324,118.6538,4.0329,2.6276,0.0638,9455138474.0,656,0.064895,-4.75,-43.89,-43.89,0,1,3.2686
86820,바이오솔루션,2023-09-18,5087,5107,KOSDAQ,1798,0.3932,1.5834,0.254,12,0.3381,0.7331,0.016653,59.6936,54.3267,0.2903,0.0917,848957513.0,548,0.058225,-2.23,-25.96,-25.96,0,1,7.6081
1530,DI동일,2023-09-19,24012,24369,KOSPI,3812,1.4868,4.9105,0.6868,129,0.8152,1.6323,0.03541,105.04,31.8594,1.7279,0.1717,11995755028.0,515,0.047039,8.26,-6.43,-4.22,0,1,2.6287
5945,NH투자증권우,2023-09-19,9890,9900,KOSPI,4133,0.1011,1.7072,0.6667,247,0.5472,1.3168,0.003658,18.1384,3.145,1.7279,0.0253,444567282.0,434,0.006421,0.71,-4.24,-2.22,0,1,2.6287
257720,실리콘투,2023-09-19,9100,9130,KOSDAQ,31809,0.3297,2.9248,0.7059,29,1.0,0.738,0.139922,432.3615,7.467,-1.0567,0.0972,20690359996.0,29,0.05805,12.92,-13.58,-9.42,1,1,6.6153
18670,SK가스,2023-09-19,135500,147400,KOSPI,20709,8.7823,31.2617,0.4218,90,0.89,4.5377,0.007415,46.6667,15.2562,1.7279,0.1412,7525487560.0,495,0.033582,15.26,-1.02,1.83,1,1,2.6287
214430,아이쓰리시스템,2023-09-19,39200,39250,KOSDAQ,8747,0.1276,0.6877,0.5111,43,0.5238,0.8153,0.087695,149.2063,19.2796,-1.0567,0.0368,3333427840.0,43,0.059418,-4.84,-30.06,-27.64,0,1,6.6153
52400,코나아이,2023-09-19,20350,21750,KOSDAQ,8301,6.8796,35.898,0.9555,152,0.8082,4.8894,0.003337,50.0,37.0792,-1.0567,0.2653,6241145490.0,548,0.037438,-1.61,-18.16,-15.03,0,1,6.6153
50890,쏠리드,2023-09-19,6540,6960,KOSDAQ,5061,6.422,18.8307,1.0,147,0.7026,2.8375,0.009163,78.233,38.0646,-1.0567,0.2063,39845881036.0,668,0.048132,1.01,-16.52,-14.51,0,1,6.6153
64850,에프앤가이드,2023-09-19,8950,9060,KOSDAQ,1419,1.2291,3.3789,0.6842,66,0.6872,1.9957,0.018592,60.354,25.5073,-1.0567,0.1706,546353818.0,614,0.038868,0.44,-27.04,-26.6,0,1,6.6153
6120,SK디스커버리,2023-09-19,41900,42350,KOSPI,9981,1.074,2.9392,0.7358,13,0.9853,0.7686,0.02776,46.5398,4.2796,1.7279,0.0459,2049443430.0,643,0.021167,0.35,-9.33,-9.33,0,1,2.6287
143160,아이디스,2023-09-19,26600,29900,KOSDAQ,1906,12.406,22.9989,0.6789,115,0.7522,4.2084,0.005534,75.779,44.462,-1.0567,0.2403,11840746040.0,658,0.052198,-2.01,-29.77,-28.6,0,1,6.6153
810,삼성화재,2023-09-19,267500,269000,KOSPI,220854,0.5607,1.134,0.75,2,0.375,1.168,0.025718,46.1957,4.8067,1.7279,0.0517,26488465500.0,2,0.026022,-0.19,-6.51,-6.51,0,1,2.6287
3030,세아제강지주,2023-09-20,207500,219000,KOSPI,5426,5.5422,2.4293,0.9259,57,0.7339,0.7818,0.020005,65.9091,19.6372,2.1648,0.1391,2640300740.0,57,0.030952,6.16,-10.18,-7.76,0,1,2.6335
7210,벽산,2023-09-21,4055,4155,KOSPI,1108,2.4661,2.7115,0.7083,13,0.4701,1.008,0.070252,139.4813,34.9272,-0.8949,0.1104,8101775429.0,548,0.069881,-2.77,-18.29,-18.29,0,1,0.8221
208370,셀바스헬스케어,2023-09-21,12261,12870,KOSDAQ,1357,4.967,9.0309,1.0,123,0.7756,1.5365,0.1313,653.9543,59.2409,-4.5534,0.3708,97736162490.0,123,0.076368,-12.59,-43.98,-43.98,0,1,3.647
250060,모비스,2023-09-21,4605,5910,KOSDAQ,1570,28.3388,2.6874,1.0,26,0.9575,1.2262,0.059482,262.5767,71.7387,-4.5534,0.921,124113000000.0,26,0.074088,18.44,-20.56,-17.51,1,1,3.647
42370,비츠로테크,2023-09-21,11950,12100,KOSDAQ,2678,1.2552,11.7568,0.8425,26,0.973,2.5657,0.022207,142.0,56.9464,-4.5534,0.5352,173375000000.0,661,0.055608,-20.08,-38.6,-38.6,0,1,3.647
204620,글로벌텍스프리,2023-09-25,6017,6086,KOSDAQ,3300,1.1468,0.9503,0.5088,14,0.4502,0.6194,0.114401,203.0876,27.1711,-7.7206,0.0466,14138763138.0,14,0.059082,-3.14,-28.28,-23.28,0,1,0.9086
195940,HK이노엔,2023-09-26,41100,41600,KOSDAQ,15383,1.2165,2.1149,0.7241,170,0.7117,1.687,0.001164,47.2566,21.7797,-9.6503,0.0865,27050755160.0,524,0.039234,4.57,-2.76,3.85,0,0,-0.5218
25950,동신건설,2023-09-27,19150,21900,KOSDAQ,1546,14.3603,3.9416,0.7111,235,0.6576,4.055,-0.001568,147.7376,126.6556,-8.9618,0.378,70946153180.0,611,0.137541,1.6,-25.02,-16.89,0,1,0.9864
93320,케이아이엔엑스,2023-09-27,77300,77800,KOSDAQ,6373,0.6468,7.2211,0.5667,48,0.883,1.4972,0.025444,59.5897,19.788,-8.9618,0.1205,7030021580.0,649,0.045171,14.4,0.51,9.25,1,1,0.9864
3230,삼양식품,2023-09-27,201000,202000,KOSPI,82938,0.4975,0.8101,0.6726,16,0.9874,0.5268,0.067993,102.0,10.1258,-3.7541,0.0551,12636335940.0,16,0.040488,0.74,-9.65,-6.04,0,0,-1.2507
4370,농심,2023-10-04,475500,478500,KOSPI,24574,0.6309,1.2003,0.7561,31,1.0,0.8586,0.032252,68.4859,10.2527,-5.8906,0.069,13719120500.0,31,0.029631,1.57,-10.03,-2.72,0,0,-3.6326
330350,위더스제약,2023-10-04,10250,10700,KOSDAQ,1130,4.3902,17.2728,0.3185,193,0.9981,6.4647,0.00422,77.4461,56.8504,-13.0332,0.3341,114929000000.0,523,0.091389,9.25,-22.52,-12.9,0,0,-3.1017
79940,가비아,2023-10-05,14540,15630,KOSDAQ,4449,7.4966,5.075,1.0,8,0.7619,1.2714,0.028727,66.9872,22.2852,-12.908,0.1038,2218959780.0,566,0.042638,1.09,-7.61,-2.94,0,0,-3.9168
222800,심텍,2023-10-06,38700,39050,KOSDAQ,22331,0.9044,0.6632,0.8261,21,0.6279,1.0364,0.016316,52.5391,13.1391,-11.1809,0.0393,18445556910.0,378,0.043625,1.92,-15.75,-10.24,0,0,-2.1326
220100,퓨쳐켐,2023-10-10,14550,14790,KOSDAQ,5405,1.6495,2.8305,0.5099,35,0.9596,1.5656,0.026401,131.4554,42.5585,-13.7257,0.1859,18191731428.0,682,0.067179,-12.78,-43.2,-40.7,0,0,-4.7345
223250,드림씨아이에스,2023-10-10,7296,7500,KOSDAQ,1383,2.7961,0.0102,0.5,7,0.6622,2.3206,0.094989,215.1261,108.2783,-13.7257,0.3334,9773867478.0,7,0.124467,4.53,-54.0,-52.67,0,0,-4.7345
640,동아쏘시오홀딩스,2023-10-10,100542,104428,KOSPI,6922,3.8651,2.5677,0.9836,230,0.6027,1.0794,-0.002332,37.4686,19.4031,-6.9554,0.0865,1511217105.0,547,0.032625,1.77,-15.81,-7.72,0,0,-3.7707
78000,텔코웨어,2023-10-10,9660,9890,KOSPI,1418,2.381,6.3416,0.9091,25,0.8416,2.5907,0.007359,17.0414,11.2803,-6.9554,0.0496,186513524.0,557,0.02795,3.03,-1.42,1.11,0,0,-3.7707
65350,신성델타테크,2023-10-10,59900,62700,KOSDAQ,20091,4.6745,1.4055,0.6116,33,1.0,0.5608,0.274956,746.1538,25.69,-13.7257,0.2712,314758000000.0,33,0.087093,2.87,-46.89,-46.89,0,0,-4.7345
264450,유비쿼스,2023-10-11,10953,11500,KOSDAQ,1861,4.9941,3.0151,0.9781,11,0.6147,1.1546,0.005533,35.1987,32.7289,-10.9843,0.1094,723992913.0,557,0.048522,-8.3,-15.83,-15.83,0,0,-2.1392
6110,삼아알미늄,2023-10-12,135600,152400,KOSPI,4458,12.3894,8.6757,0.9818,51,0.8048,1.7784,0.102218,507.1713,55.8516,-2.6858,0.4443,41779475700.0,51,0.051978,-0.33,-25.52,-17.45,0,0,-0.7186
103590,일진전기,2023-10-12,12933,13661,KOSPI,28516,5.629,0.6342,0.8303,9,0.521,0.4597,0.103015,256.8704,31.7092,-2.6858,0.119,10240860215.0,9,0.051361,7.41,-13.56,-10.17,0,0,-0.7186
241710,코스메카코리아,2023-10-12,31500,31900,KOSDAQ,10605,1.2698,2.3943,0.9268,42,1.0,0.7098,0.119543,390.7692,33.9061,-7.8192,0.1981,8927215690.0,42,0.054187,26.18,4.08,22.73,1,0,-0.0098
950140,잉글우드랩,2023-10-12,12620,13510,KOSDAQ,2487,7.0523,2.1382,1.0,13,0.9239,0.5606,0.111155,249.0956,21.4441,-7.8192,0.1303,3339827650.0,13,0.059321,11.55,-3.11,10.29,1,0,-0.0098
25900,동화기업,2023-10-12,28197,30881,KOSDAQ,5147,9.5187,2.3366,0.8173,223,0.669,1.4213,-0.006162,120.2953,45.0132,-7.8192,0.3109,24928258817.0,469,0.056704,-2.59,-22.05,-16.86,0,0,-0.0098
9290,광동제약,2023-10-13,6970,7500,KOSPI,2958,7.604,178.6638,0.8352,40,1.0,18.3154,0.00075,38.1215,21.1475,-3.5927,0.2082,22061977230.0,683,0.033524,6.53,-11.47,-7.73,0,0,-1.6867
117580,대성에너지,2023-10-16,12500,12920,KOSPI,2200,3.36,22.4533,1.0,249,0.8767,6.2398,-0.033981,90.5605,75.8441,-4.7183,0.5915,97053704468.0,358,0.065402,-6.66,-38.85,-34.44,0,0,-2.5037
185750,종근당,2023-10-16,91165,91347,KOSPI,11650,0.1996,1.167,0.7338,1,0.6909,1.251,0.01464,43.7607,11.5406,-4.7183,0.0536,7035529651.0,684,0.029798,29.24,-8.88,16.57,1,0,-2.5037
33290,로젠,2023-10-16,6438,6719,KOSDAQ,1146,4.3647,1.1744,0.9869,15,0.7521,0.5787,0.042392,108.212,26.0333,-11.1786,0.102,4154065577.0,488,0.043374,7.23,-13.05,-7.98,0,0,-3.1193
214320,이노션,2023-10-16,22575,22800,KOSPI,7436,0.9967,2.396,0.8,166,0.5802,1.1804,0.002089,21.6,12.5197,-4.7183,0.0447,2077437150.0,681,0.023888,-1.1,-7.02,-5.7,0,0,-2.5037
5870,휴니드,2023-10-17,7300,7600,KOSPI,1155,4.1096,30.3443,0.4835,115,0.822,7.574,-0.014378,65.3972,43.7531,-3.0123,0.4172,39937715848.0,355,0.075423,21.97,-23.16,-21.18,1,0,-1.5719
413630,씨피시스템,2023-10-17,3396,3419,KOSDAQ,1656,0.6773,8.8041,0.1901,66,0.7939,1.6733,0.008695,13.6258,13.5572,-8.6477,0.0312,79070846.0,66,0.017298,9.53,4.86,9.53,0,0,-2.0103
660,SK하이닉스,2023-10-17,128000,130000,KOSPI,6086100,1.5625,1.9379,0.8904,51,0.627,1.3388,0.039183,73.3333,14.4091,-3.0123,0.0845,523437000000.0,651,0.031813,2.31,-10.54,0.0,0,0,-1.5719
175330,JB금융지주,2023-10-17,10850,11020,KOSPI,48231,1.5668,1.6322,0.675,176,0.5714,1.172,0.022555,55.4302,10.7347,-3.0123,0.0686,4705131730.0,176,0.028325,2.9,-8.62,-1.27,0,0,-1.5719
14530,극동유화,2023-10-17,4890,5260,KOSPI,1173,7.5665,25.8945,0.8526,24,0.8234,6.1292,0.010336,53.3528,16.1306,-3.0123,0.2376,80034823867.0,629,0.084058,3.23,-24.81,-20.53,0,0,-1.5719
128820,대성산업,2023-10-19,4794,5000,KOSPI,3795,4.297,60.1675,0.8704,132,0.9494,9.9973,-0.009879,42.6941,34.8057,-6.1056,0.2987,45859154542.0,337,0.069629,-8.74,-27.66,-26.32,0,0,-3.3873
264850,이랜시스,2023-10-20,5920,6430,KOSDAQ,2581,8.6149,4.7352,0.896,14,0.5835,1.9388,0.08073,187.6957,101.8991,-14.4356,0.3378,87455473582.0,14,0.133082,-6.53,-33.67,-29.86,0,0,-8.2606
100840,SNT에너지,2023-10-20,8819,10380,KOSPI,8634,17.7004,140.3703,1.0,73,0.9705,16.2408,0.004698,62.0356,34.685,-8.6988,0.3194,28953109335.0,585,0.048459,-5.6,-29.03,-24.48,0,0,-5.03
237880,클리오,2023-10-23,29000,29050,KOSDAQ,2340,0.1724,0.62,0.8718,13,0.7938,0.557,0.061399,137.1429,18.0663,-14.3163,0.0655,4734990750.0,13,0.059503,10.84,-7.92,2.24,1,0,-8.956
194370,제이에스코퍼레이션,2023-10-25,7675,8420,KOSPI,3531,9.7068,86.8858,0.5132,232,1.0,11.7084,-0.012997,48.8948,41.5426,-7.6793,0.3745,15080129408.0,392,0.046233,12.53,-7.01,5.11,1,0,-5.551
48410,현대바이오,2023-10-25,18069,18140,KOSDAQ,10190,0.3929,3.3521,0.7003,90,0.9554,1.618,0.013373,99.1874,56.3349,-12.6745,0.3181,95973905102.0,656,0.061206,1.43,-20.0,-20.0,0,0,-8.2043
23410,유진기업,2023-10-25,3855,3875,KOSDAQ,3073,0.5188,70.5869,0.0,208,0.9469,11.3022,-0.008132,20.9048,19.4238,-12.6745,0.1161,56405664600.0,615,0.055023,-4.52,-15.61,-6.58,0,0,-8.2043
10100,한국무브넥스,2023-10-27,8160,8480,KOSPI,1675,3.9216,3.7117,0.75,7,0.6959,1.5005,0.11399,260.8511,38.6477,-8.1862,0.2247,23378941978.0,7,0.084821,5.19,-22.88,-3.66,0,0,-7.9924
126560,현대퓨처넷,2023-10-27,3350,3380,KOSPI,3526,0.8955,2.2964,1.0,126,0.6618,1.0795,0.021666,39.3814,17.9264,-8.1862,0.0551,1250722858.0,641,0.028423,-2.37,-6.21,-5.03,0,0,-7.9924
3570,SNT다이내믹스,2023-10-27,12310,12700,KOSPI,16493,3.1682,12.9433,0.3043,29,0.9112,4.8318,0.023714,54.3135,23.3267,-8.1862,0.0996,33995805480.0,29,0.082396,22.44,2.83,8.66,1,0,-7.9924
85620,미래에셋생명,2023-10-27,4795,4850,KOSPI,16339,1.147,1.4321,0.9722,26,1.0,1.0323,0.05431,95.9596,12.4873,-8.1862,0.0473,1057373039.0,511,0.032769,14.43,-0.93,7.42,1,0,-7.9924
194700,노바렉스,2023-10-30,12580,13390,KOSDAQ,2579,6.4388,8.1815,0.984,40,0.9397,1.1776,0.008719,72.108,32.9606,-9.7775,0.2233,9616135478.0,562,0.046303,-0.37,-18.89,-18.89,0,0,-9.9557
4090,한국석유,2023-10-30,16540,16870,KOSPI,1837,1.9952,2.8483,1.0,10,0.4622,1.3831,0.023161,83.3696,72.3281,-7.421,0.2709,40098551594.0,624,0.150902,-1.3,-35.45,-34.32,0,0,-7.6932
105630,한세실업,2023-10-31,22050,22850,KOSPI,5740,3.6281,8.8909,0.6042,28,0.6346,1.8373,0.024993,58.1315,23.1481,-7.5104,0.1306,7626219000.0,388,0.049609,5.03,-4.38,-4.38,0,0,-8.9964
1530,DI동일,2023-11-02,26381,26471,KOSPI,3812,0.3412,1.1742,0.8628,25,0.9837,0.9277,0.056308,110.2709,14.7234,-2.6009,0.078,6545748229.0,542,0.052003,10.3,1.18,5.91,1,0,-6.3954
204270,제이앤티씨,2023-11-02,12460,12620,KOSDAQ,13132,1.2841,4.038,0.9868,33,0.8302,1.0715,0.056005,170.2355,30.7333,-4.2804,0.2044,6887249012.0,33,0.066561,19.49,-2.46,13.79,1,0,-8.1834
89030,테크윙,2023-11-02,8820,9080,KOSDAQ,16841,2.9478,2.8654,0.6452,81,0.3383,2.248,0.028032,65.0909,43.1183,-4.2804,0.1494,6541323110.0,625,0.054987,9.03,-2.53,5.29,0,0,-8.1834
1200,유진투자증권,2023-11-02,4415,4500,KOSPI,3870,1.9253,1.7308,0.8852,62,0.5708,2.2798,0.048671,98.6755,23.5687,-2.6009,0.1096,4942745945.0,602,0.08254,3.44,-12.22,-10.67,0,0,-6.3954
93320,케이아이엔엑스,2023-11-02,89000,89100,KOSDAQ,6373,0.1124,0.7817,0.7826,18,0.3913,0.7911,0.047415,76.7857,18.219,-4.2804,0.0609,2705706700.0,670,0.050265,1.91,-10.21,-6.62,0,0,-8.1834
161390,한국타이어앤테크놀로지,2023-11-03,41900,42000,KOSPI,76679,0.2387,1.8941,0.6842,62,0.8947,1.6829,0.014894,36.3636,13.1691,-1.467,0.1088,22974073620.0,584,0.039031,10.0,2.38,6.9,1,0,-5.3911
25540,한국단자,2023-11-03,66200,71700,KOSPI,7252,8.3082,9.3726,0.8873,117,0.4683,2.2149,0.014021,43.8315,45.2985,-1.467,0.1763,5900473620.0,581,0.03935,6.56,-3.07,3.91,0,0,-5.3911
110990,디아이티,2023-11-03,19380,20200,KOSDAQ,3960,4.2312,4.0705,0.7077,12,0.7174,1.6757,0.131138,278.2772,67.942,-2.3682,0.1971,21620515748.0,12,0.09162,19.06,-5.5,6.19,1,0,-7.1367
16360,삼성증권,2023-11-06,38950,39000,KOSPI,75012,0.1284,2.3124,1.0,31,1.0,0.9258,0.009104,28.2895,2.5245,3.8875,0.0561,7323468320.0,534,0.022894,0.51,-3.21,-0.26,0,0,-0.0654
403870,HPSP,2023-11-06,37950,38400,KOSDAQ,35784,1.1858,2.274,0.9153,63,0.8988,1.8934,0.082949,192.5714,17.9301,2.8246,0.1266,91516746720.0,63,0.062872,23.31,-6.9,20.7,1,0,-0.3975
84370,유진테크,2023-11-06,43900,44700,KOSDAQ,22687,1.8223,0.9748,0.8046,31,1.0,0.7433,0.05642,116.9903,10.0542,2.8246,0.0866,12479327870.0,482,0.053372,3.58,-6.04,-4.47,0,0,-0.3975
22100,포스코DX,2023-11-06,61800,63500,KOSPI,57393,2.7508,2.1791,0.9593,35,0.7673,0.6315,0.236461,994.8276,22.355,3.8875,0.2319,304621000000.0,35,0.07036,-5.83,-17.32,-17.32,0,0,-0.0654
67310,하나마이크론,2023-11-06,26499,26713,KOSDAQ,23999,0.8076,2.439,0.6496,37,0.9758,1.3036,0.098332,245.3523,20.6923,2.8246,0.1741,156425000000.0,37,0.068779,6.24,-11.36,-11.36,0,0,-0.3975
39440,에스티아이,2023-11-07,33050,35250,KOSDAQ,5334,6.6566,2.3693,0.9583,35,0.7677,1.0225,0.098051,229.4393,23.1042,3.6943,0.1978,26981191360.0,35,0.066971,4.68,-16.03,-16.03,0,0,-2.2526
2100,경농,2023-11-07,11800,12500,KOSPI,1751,5.9322,41.758,1.0,75,0.9324,5.8546,-0.006871,36.0174,30.5528,1.7223,0.3014,14231662988.0,558,0.040686,8.72,-19.12,-19.12,0,0,-2.4135
42700,한미반도체,2023-11-07,59800,62600,KOSPI,179282,4.6823,2.9231,0.5568,43,0.9739,0.8825,0.155357,453.9823,24.1068,1.7223,0.0949,141462000000.0,43,0.062643,5.91,-7.67,-7.67,0,0,-2.4135
131970,두산테스나,2023-11-07,54400,55900,KOSDAQ,12080,2.7574,1.9655,0.6304,38,0.9333,1.1739,0.053205,120.0787,18.225,3.6943,0.1165,22197132180.0,702,0.056287,13.42,-4.29,2.15,1,0,-2.2526
36930,주성엔지니어링,2023-11-07,31700,32250,KOSDAQ,19380,1.735,3.2999,0.4133,33,0.9648,1.2331,0.092413,209.7983,15.7501,3.6943,0.1545,85514633210.0,33,0.063234,14.26,-2.33,-1.24,1,0,-2.2526
179900,유티아이,2023-11-07,31650,33700,KOSDAQ,4671,6.4771,1.7533,0.9467,18,0.8599,0.8457,0.022608,92.3516,19.2984,3.6943,0.1417,5189836170.0,18,0.063904,-2.08,-20.77,-20.77,0,0,-2.2526
3230,삼양식품,2023-11-08,203500,204500,KOSPI,82938,0.4914,0.6706,0.5,22,0.7308,0.7327,0.053015,99.5122,6.901,-1.1616,0.0682,10219125020.0,22,0.0365,6.85,-5.53,4.65,0,0,-3.3123
267260,HD현대일렉트릭,2023-11-08,80600,82300,KOSPI,301715,2.1092,2.1509,0.3684,70,0.6029,1.3189,0.064942,127.3481,16.7515,-1.1616,0.1001,33217855140.0,70,0.057021,6.93,-1.7,-1.7,0,0,-3.3123
195940,HK이노엔,2023-11-08,43500,45000,KOSDAQ,15383,3.4483,1.883,0.8966,10,0.7967,0.9339,0.01216,59.292,6.7536,-0.7465,0.062,14423445580.0,550,0.03881,-1.67,-12.0,-12.0,0,0,-3.8921
90350,노루페인트,2023-11-08,9340,9380,KOSPI,1620,0.4283,1.06,0.6538,32,0.4158,0.6589,0.012707,27.619,9.8522,-1.1616,0.0455,1110221036.0,618,0.032135,7.25,-0.43,5.54,0,0,-3.3123
35150,백산,2023-11-09,9540,9750,KOSPI,2632,2.2013,9.9982,0.9,247,0.7426,2.2144,0.00219,33.015,20.7399,-2.1268,0.1325,3691923770.0,373,0.046813,5.64,-6.97,3.59,0,0,-3.0996
294870,HDC현대산업개발,2023-11-09,12960,13420,KOSPI,13247,3.5494,4.3578,1.0,113,0.4562,2.1316,0.00954,40.8185,30.9176,-2.1268,0.1847,6109062564.0,578,0.031243,18.48,-5.37,18.48,1,0,-3.0996
41920,메디아나,2023-11-10,6360,6610,KOSDAQ,3943,3.9308,15.7825,0.3483,67,0.6121,2.6556,0.005655,48.8739,25.799,-4.0679,0.144,14831779220.0,469,0.080182,54.92,-8.77,10.44,1,0,-6.5564
3650,미창석유,2023-11-10,76300,77100,KOSPI,2093,1.0485,2.4587,1.0,249,0.5595,1.0913,-0.000842,18.6154,8.5318,-1.8928,0.0628,151228340.0,353,0.021123,1.56,-4.8,-4.41,0,0,-3.8009
402340,SK스퀘어,2023-11-13,48350,48450,KOSPI,663077,0.2068,0.5512,0.6154,103,0.3071,0.7693,0.024346,51.4062,10.4548,-1.3332,0.0829,14332517220.0,482,0.031107,5.26,-2.79,3.1,0,0,-4.0432
3690,코리안리,2023-11-13,6510,6583,KOSPI,22443,1.1214,1.5447,0.6324,16,0.7454,1.0546,0.021683,45.0319,4.4019,-1.3332,0.0324,3236943402.0,433,0.030034,4.42,-5.61,-2.16,0,0,-4.0432
4370,농심,2023-11-13,486000,488000,KOSPI,24574,0.4115,0.6222,0.8333,25,0.4127,0.7791,0.027221,62.396,6.8467,-1.3332,0.0712,6544072800.0,25,0.031323,-0.61,-18.03,-16.09,0,0,-4.0432
112040,위메이드,2023-11-14,59500,59800,KOSDAQ,10151,0.5042,1.0326,0.9375,178,0.5973,2.4878,0.02043,99.0017,74.0496,-3.1924,0.3838,193595000000.0,489,0.066412,19.57,-15.05,19.57,1,0,-6.0588
15360,INVENI,2023-11-15,34900,35400,KOSPI,4389,1.4327,1.1233,0.7857,156,0.5938,1.0587,0.006923,16.2562,5.6491,0.9774,0.0553,174301240.0,599,0.01251,0.28,-1.98,0.0,0,0,-0.7621
240,한국앤컴퍼니,2023-11-15,14350,14450,KOSPI,24588,0.6969,0.7582,0.7188,236,0.2558,1.8801,-0.006305,38.8088,26.2233,0.9774,0.1267,2400602204.0,674,0.034503,56.06,-11.14,49.48,1,0,-0.7621
141080,리가켐바이오,2023-11-15,45100,45750,KOSDAQ,70292,1.4412,1.6772,0.8286,143,0.4194,1.3837,-0.002684,39.4817,36.9179,0.0581,0.177,11494859180.0,708,0.044653,8.42,-4.92,4.92,0,0,-4.3161
59210,메타바이오메드,2023-11-15,5060,5080,KOSDAQ,1336,0.3953,27.1379,0.8812,91,0.8113,3.2384,0.043427,136.8298,37.9854,0.0581,0.3302,14368873434.0,91,0.051111,-0.98,-19.29,-19.29,0,0,-4.3161
660,SK하이닉스,2023-11-15,133000,134100,KOSPI,6086100,0.8271,1.0177,0.9524,7,0.419,0.9979,0.043145,78.8,2.1764,0.9774,0.0637,360408000000.0,672,0.030894,-0.15,-6.34,-2.16,0,0,-0.7621
98120,마이크로컨텍솔,2023-11-15,10770,11030,KOSDAQ,1633,2.4141,6.4632,1.0,45,0.9406,1.0926,0.04018,115.4297,20.6202,0.0581,0.2846,2940537204.0,451,0.053361,27.56,8.79,21.49,1,0,-4.3161
18290,브이티,2023-11-16,20300,21400,KOSDAQ,6960,5.4187,1.3964,0.6667,31,0.7014,1.1862,0.153571,319.6078,17.7252,3.4526,0.1499,29918040432.0,31,0.065287,-1.87,-26.26,-26.26,0,0,-4.1538
281820,케이씨텍,2023-11-16,23800,24350,KOSPI,9238,2.3109,4.2174,1.0,73,0.7118,1.4562,0.024514,64.527,8.4455,2.9961,0.1673,2605927910.0,637,0.040569,11.29,-2.05,10.27,1,0,-0.7137
78000,텔코웨어,2023-11-16,10190,10240,KOSPI,1418,0.4907,0.8946,0.4167,25,0.6622,0.5956,0.014203,21.1834,0.022,2.9961,0.0193,69644018.0,584,0.018136,-0.68,-3.42,-2.44,0,0,-0.7137
298040,효성중공업,2023-11-16,203000,204000,KOSPI,213159,0.4926,1.5136,0.8693,57,0.4211,1.0932,0.098603,215.3014,15.0594,2.9961,0.1219,17391045040.0,57,0.051751,5.15,-20.0,-20.0,0,0,-0.7137
180640,한진칼,2023-11-17,52500,52900,KOSPI,73505,0.7619,0.9473,0.973,41,0.559,0.6083,0.01749,48.5955,17.6155,3.9937,0.1516,3335537320.0,602,0.042871,13.42,-2.65,13.42,1,0,-1.4453
12630,HDC,2023-11-17,6900,6920,KOSPI,11578,0.2899,5.531,0.6957,145,0.5922,1.75,0.010137,33.0769,9.2633,3.9937,0.0832,482563420.0,623,0.022915,1.59,-1.73,1.59,0,0,-1.4453
5180,빙그레,2023-11-17,58100,59300,KOSPI,7071,2.0654,1.7645,0.7419,59,0.5752,1.5833,0.033355,52.8351,14.3696,3.9937,0.0779,7603754580.0,600,0.035775,-0.67,-11.8,-11.47,0,0,-1.4453
73240,금호타이어,2023-11-17,5230,5390,KOSPI,16632,3.0593,2.0804,0.7917,126,0.5693,1.2373,0.040635,98.893,25.5736,3.9937,0.1778,3290352365.0,589,0.026504,7.05,-4.82,-2.78,0,0,-1.4453
123890,한국자산신탁,2023-11-17,3375,3390,KOSPI,3169,0.4444,3.0986,0.875,233,0.8511,1.0811,0.006371,22.8261,0.1538,3.9937,0.04,519588549.0,618,0.015592,1.62,-4.42,-4.13,0,0,-1.4453
36530,SNT홀딩스,2023-11-20,17140,17210,KOSPI,8494,0.4084,0.2078,0.9545,124,0.2917,0.3628,0.002978,17.4744,7.3821,5.6928,0.0572,156699092.0,591,0.01436,5.98,-0.93,0.46,0,0,-0.5948
58470,리노공업,2023-11-20,35401,35801,KOSDAQ,71868,1.1299,2.5858,0.8585,238,0.8476,2.2016,-0.006621,61.3748,9.7886,6.4673,0.1879,52498452274.0,536,0.046341,19.97,-1.85,14.65,1,0,-3.9959
293580,나우IB,2023-11-20,1486,1496,KOSDAQ,1744,0.6729,4.6641,0.7877,146,0.9587,0.9414,-0.005891,87.4687,13.117,6.4673,0.2112,5745613366.0,644,0.046553,-2.67,-15.51,-11.43,0,0,-3.9959
3960,사조대림,2023-11-21,30300,31400,KOSPI,3235,3.6304,7.3162,0.8511,108,0.5684,2.9819,0.002742,31.3808,10.1167,5.3245,0.0912,1013035800.0,389,0.034008,9.08,0.32,6.05,0,1,0.1601
29780,삼성카드,2023-11-21,33000,33050,KOSPI,63722,0.1515,0.6554,0.5,222,0.1818,1.2606,0.00641,15.9649,2.3302,5.3245,0.0298,2426747760.0,578,0.010158,0.0,-2.87,-2.87,0,1,0.1601
17670,SK텔레콤,2023-11-21,52000,52100,KOSPI,149064,0.1923,1.1893,0.8667,34,0.3951,1.0073,0.006671,19.6326,-0.6009,5.3245,0.0396,35844481520.0,470,0.016863,0.38,-4.22,-4.22,0,1,0.1601
94360,칩스앤미디어,2023-11-21,22200,26150,KOSDAQ,3756,17.7928,4.3376,0.8624,87,0.673,0.8669,0.085814,285.9779,39.1914,4.0963,0.3461,42950594450.0,87,0.064135,28.11,0.57,19.12,1,0,-3.5765
33290,로젠,2023-11-22,7205,7324,KOSDAQ,1146,1.6516,0.9608,0.7302,24,0.4833,0.8713,0.055482,126.96,11.656,5.6782,0.1513,6246511932.0,515,0.043341,37.79,-25.59,-25.59,1,0,-3.9017
214390,경보제약,2023-11-22,7595,8035,KOSPI,1389,5.7933,4.2806,1.0,218,0.5767,3.3309,-0.006979,82.1995,60.6238,6.2852,0.3704,26536329974.0,711,0.088888,-13.88,-26.02,-21.92,0,1,0.1939
3545,대신증권우,2023-11-22,13750,13780,KOSPI,5772,0.2182,0.795,1.0,240,0.4918,1.2154,0.012797,26.422,-2.8317,6.2852,0.023,517860268.0,538,0.005806,0.36,-0.87,-0.73,0,1,0.1939
17940,E1,2023-11-23,62900,63100,KOSPI,5913,0.318,3.0762,0.8214,42,0.7945,0.7707,0.025324,42.7602,-0.784,9.3898,0.077,1273726360.0,537,0.019583,5.55,-4.12,3.8,0,1,0.3109
120,CJ대한통운,2023-11-23,94800,96300,KOSPI,22630,1.5823,2.7508,0.8125,223,0.7342,2.1896,-0.011549,37.9656,18.8392,9.3898,0.1844,22434984320.0,692,0.036716,30.11,-0.52,28.56,1,1,0.3109
42000,카페24,2023-11-23,16470,17850,KOSDAQ,8743,8.3789,4.31,0.7512,90,0.5606,1.8466,0.026609,116.3636,44.8486,9.6968,0.3153,9172522098.0,564,0.055542,83.47,-8.63,83.47,1,0,-3.777
41190,우리기술투자,2023-11-23,5730,5800,KOSDAQ,6569,1.2216,1.508,0.7333,203,0.41,1.758,0.009534,90.7895,22.1213,9.6968,0.1731,22100205458.0,647,0.081897,28.1,-4.48,5.34,1,0,-3.777
320,노루홀딩스,2023-11-23,12390,12500,KOSPI,2711,0.8878,0.4467,0.7826,44,0.4286,0.358,0.013237,31.1647,5.079,9.3898,0.0805,353099230.0,629,0.023943,-1.84,-6.8,-5.6,0,1,0.3109
280360,롯데웰푸드,2023-11-23,130000,133200,KOSPI,11119,2.4615,3.2501,0.9545,247,0.4491,1.6919,0.005191,43.2258,9.1155,9.3898,0.0835,2828508660.0,626,0.030566,-0.75,-7.58,-5.48,0,1,0.3109
18260,삼성에스디에스,2023-11-24,151500,155200,KOSPI,129298,2.4422,2.8831,0.9136,51,0.5101,0.9545,0.014953,34.7222,5.701,8.4167,0.0829,18762805560.0,711,0.026464,10.82,2.32,10.63,1,0,-0.4257
80220,제주반도체,2023-11-24,6080,6190,KOSDAQ,13570,1.8092,7.7662,0.5823,161,0.607,2.9969,0.019131,74.6121,43.5772,8.8859,0.266,56246875140.0,646,0.057985,105.01,9.85,105.01,1,0,-3.9211
2310,아세아제지,2023-11-24,8020,8050,KOSPI,3065,0.3741,0.9976,0.8125,90,0.4808,0.7599,-0.000129,20.509,-4.8131,8.4167,0.0274,536201900.0,619,0.01402,4.6,-0.37,2.86,0,0,-0.4257
84010,대한제강,2023-11-27,9542,9575,KOSPI,3619,0.3458,2.2231,1.0,134,0.5965,0.6049,0.014212,38.748,-0.2092,8.0115,0.0752,622943987.0,429,0.01912,-2.78,-10.16,-7.59,0,0,-0.4674
54450,텔레칩스,2023-11-27,28200,29800,KOSDAQ,2247,5.6738,2.3,0.825,50,0.393,0.9812,0.065677,169.6833,29.6799,7.0174,0.2152,42073330320.0,50,0.04722,5.87,-6.88,4.7,0,0,-4.5056
1630,종근당홀딩스,2023-11-27,56800,56900,KOSPI,2435,0.1761,0.7294,1.0,228,0.1778,0.4379,0.000899,23.027,4.2173,8.0115,0.0411,297336560.0,714,0.026613,5.45,-0.53,4.57,0,0,-0.4674
199800,툴젠,2023-11-27,66100,75500,KOSDAQ,5349,14.2209,2.1885,0.9189,233,0.4099,2.4098,-0.007577,182.7715,115.3685,7.0174,0.4769,15438956380.0,548,0.099858,6.49,-22.12,-14.3,0,0,-4.5056
200710,에이디테크놀로지,2023-11-27,28900,29500,KOSDAQ,4812,2.0761,5.6343,0.825,86,0.6774,1.6513,0.051384,144.8133,19.3209,7.0174,0.1865,27391648450.0,700,0.04431,9.66,-15.25,9.66,0,0,-4.5056
84690,대상홀딩스,2023-11-28,9910,11290,KOSPI,3476,13.9253,81.7444,0.6475,113,0.9591,11.9327,-0.008683,79.7771,60.8794,10.7011,0.5899,67780279532.0,628,0.039858,32.42,-13.99,-0.09,1,1,0.5567
399720,가온칩스,2023-11-28,51100,54000,KOSDAQ,7668,5.6751,4.4565,0.7798,82,0.5856,1.7981,0.067896,300.0,58.897,10.9143,0.3388,40169219560.0,82,0.046958,8.33,-17.5,7.41,0,0,-3.8073
222800,심텍,2023-11-28,39800,39950,KOSDAQ,22331,0.3769,2.879,0.7714,29,0.8514,1.2692,0.015901,56.0547,10.5143,10.9143,0.128,41460560570.0,414,0.037636,-2.88,-10.76,-3.63,0,0,-3.8073
810,삼성화재,2023-11-28,269000,271000,KOSPI,220854,0.7435,1.1429,0.8571,45,0.6316,0.8835,0.021593,39.6907,-5.8655,10.7011,0.0697,19265065800.0,45,0.025435,-1.85,-7.01,-5.17,0,1,0.5567
139130,iM금융지주,2023-11-28,8430,8440,KOSPI,24720,0.1186,1.1992,0.9048,29,0.3182,0.8227,0.007444,25.5952,-3.322,10.7011,0.0284,3070130698.0,517,0.015318,0.71,-3.08,-0.47,0,1,0.5567
405100,큐알티,2023-11-29,15400,15430,KOSDAQ,2124,0.1948,17.7723,0.4138,233,0.7765,3.0815,0.014262,40.9132,4.6716,11.2563,0.1275,5434581824.0,233,0.053791,8.75,-4.86,-2.98,0,0,-3.1287
69510,에스텍,2023-11-29,9080,9100,KOSDAQ,1612,0.2203,2.4511,0.9048,59,0.37,1.3145,0.005755,24.6575,-3.4364,11.2563,0.0497,87721522.0,614,0.022998,5.93,-5.16,-1.98,0,0,-3.1287
94480,갤럭시아머니트리,2023-11-29,8110,8250,KOSDAQ,4429,1.7263,14.1332,0.8833,205,0.7059,2.9463,0.00965,101.4652,36.8586,11.2563,0.2369,78504114458.0,496,0.081472,65.94,-5.58,38.79,1,0,-3.1287
2320,한진,2023-11-30,23250,25050,KOSPI,3030,7.7419,26.627,0.8529,199,0.7065,5.6435,-0.005226,32.7504,22.6079,8.2015,0.2089,4663820910.0,716,0.035301,3.79,-7.39,0.4,0,1,1.0721
214150,클래시스,2023-11-30,40500,41700,KOSDAQ,47492,2.963,2.5025,0.6197,53,0.5185,0.7793,0.072568,146.0177,11.8708,7.6135,0.0991,12671479090.0,53,0.040939,-0.24,-11.27,-9.71,0,0,-2.0702
357780,솔브레인,2023-12-01,280500,289000,KOSDAQ,32359,3.0303,2.9785,0.625,84,0.5983,1.1416,0.013804,39.6135,15.1421,5.7784,0.0864,12399804700.0,582,0.036332,6.92,-0.87,4.15,0,0,-2.6174
3570,SNT다이내믹스,2023-12-01,15550,15860,KOSPI,16493,1.9936,2.9238,0.5817,10,0.7464,0.7294,0.040873,91.7775,5.1384,5.7707,0.1241,11286791310.0,10,0.061205,2.84,-9.52,-7.0,0,0,-0.1397
79550,LIG넥스원,2023-12-01,98800,100100,KOSPI,99880,1.3158,1.439,0.5417,15,0.9248,0.7086,0.017863,47.8582,4.5931,5.7707,0.0614,17007071520.0,305,0.030898,38.36,-2.8,30.37,1,0,-0.1397
196170,알테오젠,2023-12-01,81000,82600,KOSDAQ,210010,1.9753,0.5066,0.8235,44,0.3955,0.5156,0.073728,158.125,14.2797,5.7784,0.1576,97861147540.0,720,0.059149,19.25,-17.92,9.56,1,0,-2.6174
229640,LS에코에너지,2023-12-01,17180,17560,KOSPI,11928,2.2119,3.2104,0.4792,72,0.6616,1.5168,0.062898,165.6581,43.8034,5.7707,0.4254,161229000000.0,72,0.071469,27.56,-8.88,17.88,1,0,-0.1397
83500,에프엔에스테크,2023-12-01,10300,10850,KOSDAQ,1403,5.3398,18.6112,0.8079,167,0.6997,2.951,0.014689,61.699,22.3208,5.7784,0.2001,2943126414.0,552,0.04503,16.59,1.11,16.59,1,0,-2.6174
210980,SK디앤디,2023-12-01,17372,17400,KOSPI,2346,0.1612,1.2548,0.962,45,0.5587,0.4943,0.028654,73.3413,6.8871,5.7707,0.1163,8669330501.0,717,0.03851,10.1,-6.51,-3.58,1,0,-0.1397
25320,시노펙스,2023-12-01,4085,4374,KOSDAQ,6937,7.0747,36.8278,0.7493,61,0.8286,4.2404,0.041645,114.5169,20.3825,5.7784,0.2353,55549629614.0,61,0.037021,69.46,-8.07,69.46,1,0,-2.6174
6120,SK디스커버리,2023-12-04,42500,44000,KOSPI,9981,3.5294,8.2463,0.92,48,0.7719,1.2726,0.024233,52.2491,10.8897,0.5027,0.0941,2576828870.0,692,0.018669,-0.8,-11.59,-11.48,0,1,0.2475
124500,아이티센글로벌,2023-12-04,4835,5380,KOSDAQ,11219,11.272,25.2274,0.6396,176,0.8351,5.9742,-0.005712,66.306,53.2794,-1.302,0.3591,30213909563.0,612,0.054965,62.27,-5.58,33.46,1,0,-2.4989
36830,솔브레인홀딩스,2023-12-04,40900,42300,KOSDAQ,10545,3.423,6.2165,0.6296,61,0.6784,1.0542,0.035357,77.7311,19.2937,-1.302,0.1817,12160573980.0,705,0.056231,12.41,-4.96,-1.18,1,0,-2.4989
21080,에이티넘인베스트,2023-12-04,3060,3230,KOSDAQ,1502,5.5556,10.948,0.925,202,0.5407,2.0974,-0.003689,59.5062,22.5028,-1.302,0.1364,2192100631.0,658,0.033171,10.99,-11.61,0.15,1,0,-2.4989
32300,한국파마,2023-12-05,24950,25850,KOSDAQ,1320,3.6072,9.75,1.0,238,0.844,1.5803,-0.004013,66.7742,39.4946,-1.3331,0.2098,20262923612.0,711,0.060155,9.67,-13.54,-8.9,0,0,-4.3036
330350,위더스제약,2023-12-05,11690,12410,KOSDAQ,1130,6.1591,2.1634,0.7389,39,0.6063,0.555,0.015926,94.2097,43.1617,-1.3331,0.1855,25168143118.0,566,0.058708,-2.42,-25.22,-25.22,0,0,-4.3036
815,삼성화재우,2023-12-06,191300,192900,KOSPI,11282,0.8364,3.07,1.0,48,0.3817,1.3612,0.018324,29.0301,4.1208,3.0459,0.0311,2409786300.0,48,0.008257,-0.41,-3.94,-3.84,0,0,-0.5467
5945,NH투자증권우,2023-12-07,9970,9980,KOSPI,4133,0.1003,0.8734,0.8333,51,0.3667,1.1634,0.009723,19.0931,-0.6327,2.6777,0.0095,346645516.0,486,0.005225,0.0,-3.11,-2.71,0,0,-0.6913
16800,퍼시스,2023-12-07,31250,31400,KOSPI,4876,0.48,4.3545,0.3611,205,0.6338,1.0806,0.000722,9.4077,4.6727,2.6777,0.0388,42193530.0,648,0.011146,4.78,-3.98,-3.5,0,0,-0.6913
86820,바이오솔루션,2023-12-07,5107,5114,KOSDAQ,1798,0.1371,1.0063,0.2881,53,0.3306,1.6551,0.013601,59.9124,30.7898,1.2866,0.1585,420993073.0,601,0.046148,54.05,-2.7,26.07,1,0,-4.3741
16360,삼성증권,2023-12-07,39200,39550,KOSPI,75012,0.8929,0.7817,1.0,16,0.5,0.8142,0.012109,30.0987,1.8137,2.6777,0.0193,4730272570.0,557,0.012552,3.03,-7.59,-6.83,0,0,-0.6913
263720,디앤씨미디어,2023-12-08,27700,27850,KOSDAQ,1460,0.5415,2.0684,0.7714,221,0.669,1.3466,-0.000319,70.3364,18.5758,5.202,0.1628,4565011300.0,657,0.049885,18.67,-18.31,18.67,1,0,-2.3813
148150,세경하이테크,2023-12-08,6707,6950,KOSDAQ,1713,3.6231,0.9977,0.75,122,0.4768,1.1287,0.021809,105.1963,64.145,5.202,0.2408,2250667616.0,558,0.075889,1.44,-11.94,-11.65,0,0,-2.3813
28260,삼성물산,2023-12-08,121000,124800,KOSPI,492082,3.1405,1.7,0.9722,243,0.5941,1.2896,0.002256,24.6753,4.1263,4.4898,0.0518,35993334100.0,716,0.015053,7.37,-0.8,-0.8,0,1,0.3276
290690,소룩스,2023-12-08,11334,12364,KOSDAQ,1994,9.0877,53.138,0.753,107,0.5967,7.1887,0.097009,512.0792,155.8622,5.202,0.724,67911397764.0,107,0.077483,178.32,-32.73,64.65,1,0,-2.3813
267850,아시아나IDT,2023-12-08,18450,20800,KOSPI,1179,12.7371,10.5429,0.6838,216,1.0,1.705,-0.011391,95.3052,41.989,4.4898,0.3215,65602974278.0,717,0.067788,2.88,-10.62,-3.85,0,1,0.3276
1750,한양증권,2023-12-08,9670,9680,KOSPI,2482,0.1034,1.2896,0.7143,52,0.74,1.225,0.004048,18.9189,-2.4877,4.4898,0.0183,88687532.0,558,0.00915,0.41,-7.64,-7.64,0,1,0.3276
79940,가비아,2023-12-08,15800,16280,KOSDAQ,4449,3.038,3.3249,0.7623,44,0.5253,1.1105,0.016016,61.99,4.798,5.202,0.1342,1585582236.0,611,0.036065,11.12,-0.55,11.12,1,0,-2.3813
161390,한국타이어앤테크놀로지,2023-12-08,46200,46400,KOSPI,76679,0.4329,1.1689,0.8824,16,0.9727,1.202,0.027737,50.6494,3.4171,4.4898,0.0272,20971470950.0,609,0.033251,0.32,-6.47,-3.23,0,1,0.3276
93320,케이아이엔엑스,2023-12-11,90800,95800,KOSDAQ,6373,5.5066,2.9582,0.7604,26,0.8284,1.0426,0.031166,90.0794,7.5668,7.8549,0.1357,5856817520.0,697,0.043394,16.91,-2.19,11.06,1,0,-1.842
36710,심텍홀딩스,2023-12-11,3630,3790,KOSDAQ,1352,4.4077,8.7717,0.4958,190,0.6626,3.2417,-0.017169,58.2463,43.7451,7.8549,0.3095,19322879316.0,424,0.091217,5.01,-18.6,-18.47,0,0,-1.842
126560,현대퓨처넷,2023-12-12,3380,3430,KOSPI,3526,1.4793,2.7172,0.5833,32,0.8657,0.9955,0.012736,41.4433,1.3457,4.1927,0.0544,934385638.0,673,0.021658,2.33,-10.93,-10.5,0,1,0.9906
68270,셀트리온,2023-12-12,165407,168719,KOSPI,468851,2.0023,2.7737,0.8028,163,1.0,1.0939,0.002429,39.1497,11.0808,4.1927,0.0969,134777000000.0,721,0.025044,26.23,-7.25,7.36,1,1,0.9906
185750,종근당,2023-12-12,118059,118970,KOSPI,11650,0.7716,0.8163,0.6395,25,0.5873,0.7301,0.048741,76.3511,4.6485,4.1927,0.051,22413760305.0,725,0.042747,6.79,-7.74,-7.74,0,1,0.9906
323280,태성,2023-12-12,3679,3703,KOSDAQ,22323,0.6524,28.9624,1.0,97,0.9196,5.0808,0.035057,139.3665,38.545,5.709,0.4061,21441852090.0,627,0.062652,13.31,-1.43,-1.43,1,0,-1.3683
5930,삼성전자,2023-12-12,73400,73500,KOSPI,8944573,0.1362,1.04,1.0,101,1.0,0.8221,0.014208,32.9114,-0.3792,4.1927,0.0155,747128000000.0,722,0.012828,8.3,-0.95,-0.54,0,1,0.9906
36540,SFA반도체,2023-12-12,6130,6590,KOSDAQ,11594,7.5041,65.9565,0.9155,90,0.9858,7.2824,0.015384,75.7333,24.5282,5.709,0.2576,77790564368.0,697,0.037557,3.64,-9.71,-6.37,0,0,-1.3683
27360,아주IB투자,2023-12-13,2725,2755,KOSDAQ,5494,1.1009,223.327,0.5714,209,0.9538,24.6948,-0.017758,37.8879,27.1821,2.4649,0.2434,29712616232.0,661,0.036946,14.16,-4.36,0.54,1,0,-2.5896
89030,테크윙,2023-12-13,9900,10760,KOSDAQ,16841,8.6869,14.0206,0.7126,12,1.0,2.1426,0.043639,95.6364,15.3883,2.4649,0.1178,22423328760.0,654,0.047663,9.29,-6.13,8.74,0,0,-2.5896
253590,네오셈,2023-12-13,6060,6120,KOSDAQ,6532,0.9901,36.5421,1.0,101,0.9807,6.3086,0.00979,108.1633,49.5848,2.4649,0.4712,37271665965.0,101,0.046277,97.88,3.43,97.88,1,0,-2.5896
68790,DMS,2023-12-13,6910,6920,KOSDAQ,1429,0.1447,0.9765,0.8,226,0.6623,1.5092,-0.000246,35.6863,7.7262,2.4649,0.051,531797600.0,713,0.027663,1.01,-3.76,-1.01,0,0,-2.5896
5430,한국공항,2023-12-14,46800,50000,KOSPI,2137,6.8376,6.0837,0.9726,208,0.9231,1.0424,0.004136,39.6648,6.9197,2.2506,0.1035,1032659140.0,546,0.026357,6.2,-4.8,5.8,0,1,1.3096
28300,HLB,2023-12-14,37770,40450,KOSDAQ,71455,7.0956,13.138,0.9145,143,0.89,2.3171,0.008897,52.0048,26.0129,3.6345,0.233,103925000000.0,559,0.036641,31.52,7.66,7.79,1,0,-1.3006
403870,HPSP,2023-12-14,47350,48650,KOSDAQ,35784,2.7455,2.4308,0.8152,9,0.425,1.0221,0.099536,270.6667,26.272,3.6345,0.1541,103133000000.0,9,0.063353,0.62,-15.31,-14.18,0,0,-1.3006
255220,SG,2023-12-14,1753,1784,KOSDAQ,2786,1.7684,3.1671,1.0,118,0.6538,2.1129,0.015558,83.7281,66.1086,3.6345,0.4025,2446917229.0,661,0.073951,-6.05,-21.47,-19.23,0,0,-1.3006
170920,엘티씨,2023-12-14,14260,14370,KOSDAQ,2678,0.7714,1.7681,0.5949,173,0.2433,2.388,0.010352,87.1094,71.6094,3.6345,0.2289,9914708520.0,718,0.07287,17.26,-3.97,3.06,1,0,-1.3006
660,SK하이닉스,2023-12-14,134100,136700,KOSPI,6086100,1.9389,2.3747,0.6596,21,0.7971,1.0548,0.036095,82.2667,1.0751,2.2506,0.0494,547180000000.0,693,0.024506,4.17,-3.37,-3.37,0,1,1.3096
234340,헥토파이낸셜,2023-12-14,16476,17356,KOSDAQ,3178,5.3411,4.1197,1.0,249,0.6503,4.1567,-0.031718,83.4866,66.9237,3.6345,0.4608,7150531081.0,699,0.052859,10.91,-8.0,-3.7,1,0,-1.3006
122990,와이솔,2023-12-14,7650,8310,KOSDAQ,1612,8.6275,11.8654,1.0,202,0.7355,2.7746,-0.001405,38.7312,16.8003,3.6345,0.1488,1902650626.0,725,0.032061,-4.81,-8.18,-7.34,0,0,-1.3006
241710,코스메카코리아,2023-12-14,40250,40300,KOSDAQ,10605,0.1242,0.3834,0.9167,26,0.9375,0.4763,0.134028,364.2857,0.7696,3.6345,0.0807,4233098360.0,26,0.049096,4.22,-12.41,-2.61,0,0,-1.3006
35150,백산,2023-12-14,10300,10840,KOSPI,2632,5.2427,3.9729,0.9186,6,0.525,0.9704,0.012771,47.8854,12.8237,2.2506,0.1007,3564246308.0,398,0.042765,2.4,-6.83,-6.55,0,1,1.3096
214320,이노션,2023-12-15,22800,22900,KOSPI,7436,0.4386,0.6525,0.9,44,0.3167,0.7837,-0.002574,22.1333,3.7176,3.7942,0.0616,1011606810.0,725,0.028618,-0.66,-12.01,-12.01,0,1,2.056
180640,한진칼,2023-12-15,59500,60000,KOSPI,73505,0.8403,1.342,1.0,1,0.8409,0.8796,0.030203,68.5393,9.6274,3.7942,0.1046,5607361840.0,622,0.034524,38.33,3.83,26.83,1,1,2.056
500,가온전선,2023-12-15,23426,23650,KOSPI,13268,0.9562,1.5375,1.0,82,0.305,1.7003,0.023956,59.5816,38.6757,3.7942,0.1389,2106677290.0,626,0.067442,-1.06,-18.73,-18.73,0,1,2.056
402340,SK스퀘어,2023-12-15,51000,51100,KOSPI,663077,0.1961,1.497,1.0,11,0.2605,0.7697,0.029304,59.6875,1.3499,3.7942,0.0329,13748124740.0,506,0.026489,3.13,-8.32,-8.32,0,1,2.056
3547,대신증권2우B,2023-12-15,13150,13180,KOSPI,2115,0.2281,3.0387,0.8182,250,0.75,1.5265,0.008306,22.037,-2.4875,3.7942,0.0056,338739602.0,555,0.005203,-0.38,-2.88,-2.88,0,1,2.056
12630,HDC,2023-12-18,7030,7060,KOSPI,11578,0.4267,1.7196,0.8333,15,0.5938,1.2817,0.013729,35.7692,0.7864,3.0371,0.0177,500793292.0,644,0.020235,3.12,-9.07,-9.07,0,1,2.1583
3230,삼양식품,2023-12-18,218500,219000,KOSPI,82938,0.2288,0.9387,0.8,14,0.3904,0.8791,0.063437,110.9827,9.2706,3.0371,0.0337,12713367200.0,14,0.040933,7.08,-10.59,-10.59,0,1,2.1583
7810,코리아써키트,2023-12-18,20650,21550,KOSPI,15165,4.3584,15.8896,0.5556,104,0.8351,5.6922,0.010008,83.4043,37.1711,3.0371,0.2671,158263000000.0,429,0.053364,0.0,-15.82,-14.99,0,1,2.1583
98120,마이크로컨텍솔,2023-12-18,14070,14170,KOSDAQ,1633,0.7107,1.2619,0.7422,15,0.7457,0.9754,0.089779,176.7578,3.9235,4.6588,0.0773,6251241038.0,474,0.073999,4.38,-15.31,-13.2,0,0,-0.1575
183300,코미코,2023-12-18,63100,63800,KOSDAQ,11904,1.1094,2.985,0.7818,104,0.6442,1.3663,0.02421,51.7241,12.8366,4.6588,0.0764,8742898740.0,555,0.042208,6.9,-5.17,-4.7,0,0,-0.1575
102120,어보브반도체,2023-12-19,11820,14630,KOSDAQ,2205,23.7733,34.1626,1.0,178,0.6128,7.6077,-0.003503,96.9044,74.2354,5.0538,0.4971,106855000000.0,659,0.067327,4.44,-19.55,-14.9,0,1,0.6576
265520,AP시스템,2023-12-19,22750,22950,KOSDAQ,3063,0.8791,3.0841,0.5,179,0.6754,3.4297,0.005883,40.9705,11.4437,5.0538,0.0831,21659732430.0,616,0.036881,2.61,-4.79,-2.4,0,1,0.6576
136480,하림,2023-12-19,3350,3775,KOSDAQ,3250,12.6866,77.3402,1.0,77,0.9368,8.0236,-0.002508,41.9173,25.7954,5.0538,0.2851,69910448351.0,623,0.026206,30.07,-4.9,4.37,1,1,0.6576
3030,세아제강지주,2023-12-19,232500,240000,KOSPI,5426,3.2258,2.093,0.7917,58,0.8688,1.6766,0.025514,76.9912,22.1012,2.3155,0.1961,4386552760.0,58,0.03997,0.0,-16.25,-16.04,0,1,2.1918
3850,보령,2023-12-19,11300,11450,KOSPI,7695,1.3274,1.1397,0.9412,249,0.328,3.3198,0.011089,51.255,13.341,2.3155,0.1059,14954052006.0,651,0.050156,4.54,-1.22,3.93,0,1,2.1918
6800,미래에셋증권,2023-12-20,7560,7640,KOSPI,228252,1.0582,1.4763,0.7143,132,0.4857,0.8412,0.003345,27.7592,-0.1393,4.0849,0.0482,6283998174.0,647,0.019447,-0.13,-15.84,-15.84,0,1,3.9703
5389,현대차3우B,2023-12-20,111500,112200,KOSPI,5760,0.6278,3.0337,0.9583,152,0.7018,1.7393,0.020863,54.5455,0.4818,4.0849,0.0376,2264616020.0,720,0.010759,0.27,-4.72,-4.01,0,1,3.9703
5385,현대차우,2023-12-20,112700,112800,KOSPI,59053,0.0887,2.4749,0.9259,152,1.0,1.5699,0.017798,52.4324,0.6505,4.0849,0.0363,9478901720.0,727,0.013741,0.62,-5.32,-4.17,0,1,3.9703
1940,KISCO홀딩스,2023-12-20,23400,24150,KOSPI,3246,3.2051,3.1787,0.9062,192,0.8909,1.2806,0.014929,57.329,6.6949,4.0849,0.0885,525309750.0,562,0.020408,11.8,-3.52,10.97,1,1,3.9703
237880,클리오,2023-12-20,32200,32500,KOSDAQ,2340,0.9317,2.1417,0.7255,29,0.8504,0.8788,0.049602,124.1379,5.1733,5.9378,0.1305,5962161600.0,29,0.043736,3.23,-7.23,-2.0,0,1,1.1641
206640,바디텍메드,2023-12-20,20800,21500,KOSDAQ,2962,3.3654,4.3301,0.6977,67,0.5788,1.6433,0.048767,113.9303,18.1961,5.9378,0.1484,7350498604.0,663,0.040199,-0.47,-16.98,-15.49,0,1,1.1641
10100,한국무브넥스,2023-12-20,8920,9000,KOSPI,1675,0.8969,1.2044,0.7838,34,0.9102,0.4836,0.106602,245.4894,14.6486,4.0849,0.1809,10504794130.0,34,0.059127,3.33,-12.56,-12.56,0,1,3.9703
330730,스톤브릿지벤처스,2023-12-20,5790,6060,KOSDAQ,1037,4.6632,19.6357,0.6544,209,0.9183,6.6943,-0.026913,73.1429,52.4936,5.9378,0.4135,49273676348.0,444,0.083215,3.14,-22.19,-19.22,0,1,1.1641
212560,네오오토,2023-12-20,7100,7808,KOSDAQ,1296,9.9718,63.4724,1.0,148,0.8561,8.0586,0.016079,88.417,50.5038,5.9378,0.463,9196355336.0,613,0.043847,-8.89,-25.64,-8.89,0,1,1.1641
270,기아,2023-12-20,90100,95000,KOSPI,585229,5.4384,2.881,1.0,151,0.7642,1.1454,0.01601,60.2024,10.2352,4.0849,0.0974,145868000000.0,709,0.019474,5.26,-8.21,-8.21,0,1,3.9703
65710,서호전기,2023-12-20,20000,20050,KOSDAQ,2626,0.25,2.22,0.6667,3,0.232,1.8724,0.008546,17.5953,-0.6332,5.9378,0.0296,212272796.0,610,0.007695,1.0,-7.88,-7.73,0,1,1.1641
42000,카페24,2023-12-21,32700,32750,KOSDAQ,8743,0.1529,1.4802,0.7077,3,0.4129,2.4657,0.113439,296.9697,78.1473,5.3261,0.3568,50467885060.0,584,0.103293,0.0,-19.69,-16.03,0,1,0.7065
211050,인카금융서비스,2023-12-21,3358,3362,KOSDAQ,7188,0.1191,17.9008,0.5279,110,0.947,2.7893,0.054386,155.86,11.8984,5.3261,0.1256,1954302330.0,110,0.042832,13.03,-7.14,13.03,1,1,0.7065
390,삼화페인트,2023-12-21,6750,6840,KOSPI,1842,1.3333,2.8796,0.7419,122,0.8158,1.0402,0.011118,27.3743,-1.14,3.3822,0.0253,325660884.0,731,0.015351,0.73,-12.28,-11.7,0,1,3.367
394280,오픈엣지테크놀로지,2023-12-22,25950,26050,KOSDAQ,3163,0.3854,10.6943,0.3929,205,0.6425,3.6205,0.001741,271.0826,19.4823,4.8613,0.1767,127221000000.0,205,0.085797,3.65,-15.55,-9.02,0,1,0.1111
232140,와이씨,2023-12-22,4660,4715,KOSDAQ,14735,1.1803,7.4583,0.2832,108,0.4881,5.4517,0.006888,72.3949,21.7158,4.8613,0.1912,38226256114.0,706,0.076276,54.83,-2.65,54.61,1,1,0.1111
141080,리가켐바이오,2023-12-22,49600,52000,KOSDAQ,70292,4.8387,2.3073,0.7059,14,0.7245,0.9357,0.025008,58.5366,10.6942,4.8613,0.0939,14738252300.0,735,0.040179,25.0,-5.77,-1.35,1,1,0.1111
92870,엑시콘,2023-12-22,15384,16877,KOSDAQ,3224,9.7049,30.2071,0.1402,65,0.7649,6.8458,0.024029,105.1167,40.6928,4.8613,0.4074,55226577498.0,735,0.066282,24.43,-5.67,19.61,1,1,0.1111
15360,INVENI,2023-12-22,35500,35550,KOSPI,4389,0.1408,0.7397,0.9,14,0.7632,1.016,0.012483,16.7488,-2.404,4.1208,0.0085,115803620.0,626,0.013361,-0.28,-7.45,-5.77,0,1,3.3124
17940,E1,2023-12-22,66600,67800,KOSPI,5913,1.8018,3.8897,0.7857,4,0.6829,2.3523,0.024823,53.3937,3.1577,4.1208,0.0886,6154120000.0,4,0.023493,-0.29,-15.78,-13.42,0,1,3.3124
120,CJ대한통운,2023-12-22,125300,126300,KOSPI,22630,0.7981,0.8302,0.5352,2,0.4116,1.1769,0.038559,80.9456,27.7164,4.1208,0.0852,17791211740.0,713,0.046827,5.3,-3.48,-3.01,0,1,3.3124
214180,헥토이노베이션,2023-12-26,14730,14870,KOSDAQ,2508,0.9504,3.8689,0.875,74,0.4532,1.7053,0.001526,27.6395,7.6102,4.701,0.0713,704561118.0,575,0.023057,-0.13,-6.52,-5.11,0,0,-0.6431
128940,한미약품,2023-12-26,329169,338000,KOSPI,59763,2.6828,2.8001,0.7353,172,0.5106,1.0206,0.019057,39.7566,8.6663,4.2846,0.0673,14867627236.0,718,0.028716,8.43,-5.92,-1.78,0,1,3.406
22100,포스코DX,2023-12-26,63500,71400,KOSPI,57393,12.4409,4.2767,0.9388,35,0.8583,1.5313,0.172006,1110.1695,23.6724,4.2846,0.3246,570024000000.0,35,0.052321,3.92,-25.63,-24.37,0,1,3.406
322310,오로스테크놀로지,2023-12-26,28800,29250,KOSDAQ,2492,1.5625,1.3595,0.8929,119,0.2947,3.398,0.03523,120.7547,27.0557,4.701,0.1843,7887205360.0,701,0.067399,18.46,-7.86,17.78,1,0,-0.6431
200710,에이디테크놀로지,2023-12-26,29800,32350,KOSDAQ,4812,8.557,6.7504,0.5938,1,0.8125,2.0383,0.036025,168.4647,4.96,4.701,0.175,51577108020.0,720,0.046257,1.55,-13.76,-6.8,0,0,-0.6431
80220,제주반도체,2023-12-26,12690,13570,KOSDAQ,13570,6.9346,2.097,0.5263,2,0.3565,1.5599,0.117335,282.7927,91.681,4.701,0.3124,112574000000.0,2,0.104853,150.55,0.96,150.55,1,0,-0.6431
397030,에이프릴바이오,2023-12-27,14582,15900,KOSDAQ,14286,9.0385,11.0536,0.9604,91,0.8194,3.0877,0.02684,95.0202,36.6546,5.3096,0.3242,19348373514.0,91,0.049596,5.97,-19.81,-14.65,0,1,0.672
54450,텔레칩스,2023-12-27,31550,35150,KOSDAQ,2247,11.4105,4.6546,0.878,19,0.8354,1.2672,0.075643,218.0995,7.5315,5.3096,0.1712,53304103130.0,19,0.051616,-3.7,-18.49,-15.65,0,1,0.672
39980,폴라리스AI,2023-12-27,1143,1302,KOSDAQ,1290,13.9108,5.9332,1.0,200,0.7291,1.8826,-0.009701,68.6528,45.9099,5.3096,0.336,2339693755.0,633,0.059085,5.61,-25.27,3.99,0,1,0.672
5935,삼성전자우,2023-12-27,61200,61800,KOSPI,899204,0.9804,1.3401,1.0,136,0.5652,1.1077,0.00665,22.3762,3.0978,3.6379,0.0472,79973371160.0,732,0.012252,1.94,-5.66,-3.72,0,1,3.8085
179900,유티아이,2023-12-27,33700,34500,KOSDAQ,4671,2.3739,5.2144,0.8208,35,0.6631,1.3905,0.030457,96.9178,9.6904,5.3096,0.1695,5210089520.0,35,0.043168,21.88,3.62,3.62,1,1,0.672
9420,한올바이오파마,2023-12-27,39450,44300,KOSPI,25937,12.294,13.6727,0.6899,54,0.9856,2.4387,0.080115,186.7314,16.0918,3.6379,0.2564,154143000000.0,54,0.051999,0.0,-24.6,-21.67,0,1,3.8085
175330,JB금융지주,2023-12-28,11340,11390,KOSPI,48231,0.4409,2.8325,0.84,50,0.8425,1.5098,0.011966,44.7268,0.1845,5.3762,0.0797,9389057626.0,50,0.018563,-0.97,-7.02,-2.02,0,1,5.4213
68760,셀트리온제약,2023-12-28,85732,86169,KOSDAQ,30009,0.5097,1.3472,0.8226,190,0.4179,1.2741,0.031488,71.1366,16.1051,5.3657,0.1178,22129900380.0,731,0.037702,40.02,4.45,14.75,1,1,1.4346
326030,SK바이오팜,2023-12-28,99700,100400,KOSPI,87633,0.7021,2.2431,0.9355,93,0.6627,1.356,0.031528,70.1695,13.1598,5.3762,0.0997,21150253220.0,737,0.024616,3.49,-12.35,-6.47,0,1,5.4213
2030,아세아,2023-12-28,185000,187000,KOSPI,5876,1.0811,3.0069,0.9558,89,0.7757,1.8624,0.018497,49.004,8.8572,5.3762,0.1067,881165560.0,89,0.025019,-0.7,-6.31,-2.83,0,1,5.4213
5387,현대차2우B,2023-12-28,114100,114200,KOSPI,89857,0.0876,1.3664,1.0,157,0.5072,1.3661,0.017432,54.5332,-1.1791,5.3762,0.0288,10401334180.0,725,0.013197,4.38,-4.9,4.38,0,1,5.4213
356860,티엘비,2023-12-28,30300,30550,KOSDAQ,5821,0.8251,1.141,0.7222,120,0.7799,2.3098,0.040086,89.3986,12.5879,5.3657,0.1388,30998678400.0,736,0.048866,5.07,-11.29,-11.29,0,1,1.4346
94360,칩스앤미디어,2024-01-02,33500,34350,KOSDAQ,3756,2.5373,1.2475,0.9455,23,0.6849,0.7389,0.134227,407.0111,6.208,5.6813,0.1141,51957736260.0,23,0.0602,7.42,-19.65,-19.65,0,1,2.8394
58470,리노공업,2024-01-02,42949,44751,KOSDAQ,71868,4.1957,2.3734,0.7885,13,0.9051,0.9656,0.02823,101.7174,6.1794,5.6813,0.0887,33233444879.0,13,0.048676,4.7,-11.81,-5.82,0,1,2.8394
25950,동신건설,2024-01-02,22250,22450,KOSDAQ,1546,0.8989,14.2615,1.0,57,0.777,1.5765,0.026262,153.9593,30.2146,5.6813,0.3025,13453864924.0,672,0.04763,9.13,-16.61,-15.68,0,1,2.8394
1540,안국약품,2024-01-02,9920,9950,KOSDAQ,1076,0.3024,3.048,0.7407,250,0.6899,3.2946,-0.000125,35.929,17.6149,5.6813,0.1746,13049354374.0,729,0.053769,0.4,-7.54,-7.34,0,1,2.8394
84680,이월드,2024-01-02,1772,1794,KOSPI,2185,1.2415,0.6977,1.0,219,0.4456,4.9827,-0.012356,49.0033,29.2777,5.3059,0.2157,50504642469.0,634,0.076485,56.63,-1.84,37.68,1,1,5.9454
25540,한국단자,2024-01-02,76400,77100,KOSPI,7252,0.9162,1.4602,0.5,30,0.8878,0.7653,0.025239,54.664,-4.1248,5.3059,0.0594,3007521680.0,620,0.036224,0.78,-11.02,-9.08,0,1,5.9454
114810,한솔아이원스,2024-01-02,10200,10260,KOSDAQ,3806,0.5882,1.5578,0.9302,125,0.5055,2.1825,0.018882,60.3125,8.9556,5.6813,0.1085,1910849934.0,512,0.038569,-1.75,-8.87,-3.8,0,1,2.8394
272210,한화시스템,2024-01-02,17450,18160,KOSPI,176451,4.0688,2.6709,0.6161,115,0.6431,1.0389,0.025208,74.6154,7.4891,5.3059,0.1019,27345932996.0,680,0.030916,6.55,-15.14,-15.14,0,1,5.9454
3920,남양유업,2024-01-02,61936,62200,KOSPI,2835,0.4262,2.5981,0.8889,211,0.582,3.2104,-0.015489,57.868,30.6504,5.3059,0.2736,6294456400.0,616,0.043639,-2.73,-9.81,-9.0,0,1,5.9454
1630,종근당홀딩스,2024-01-02,60000,60100,KOSPI,2435,0.1667,0.3138,1.0,10,0.3171,0.2101,0.008682,29.9459,0.318,5.3059,0.0197,157347900.0,737,0.019372,0.5,-3.49,0.5,0,1,5.9454
166090,하나머티리얼즈,2024-01-02,52800,55400,KOSDAQ,11965,4.9242,2.5846,0.9658,124,0.5671,0.9977,0.026229,72.8549,15.0159,5.6813,0.1236,7692891230.0,415,0.036746,0.72,-11.46,-11.46,0,1,2.8394
74600,원익QnC,2024-01-02,31050,32200,KOSDAQ,7058,3.7037,10.2577,0.9545,123,0.8156,1.8022,0.010569,50.8197,14.2442,5.6813,0.1864,18355944670.0,398,0.031167,1.55,-9.63,-9.63,0,1,2.8394
399720,가온칩스,2024-01-02,58500,59300,KOSDAQ,7668,1.3675,2.1086,0.5556,3,0.6111,2.5036,0.065086,339.2593,9.9133,5.6813,0.197,114436000000.0,3,0.064623,27.99,-7.93,11.64,1,1,2.8394
222800,심텍,2024-01-02,39950,42200,KOSDAQ,22331,5.632,4.0684,0.9487,22,0.7518,1.1024,0.023401,64.8438,3.0816,5.6813,0.1218,33084473020.0,436,0.03326,0.12,-16.35,-16.35,0,1,2.8394
146320,비씨엔씨,2024-01-02,23300,23550,KOSDAQ,1889,1.073,1.8399,0.9412,112,0.6102,1.232,0.022277,69.4245,6.9982,5.6813,0.1402,5998737830.0,112,0.046709,10.4,-2.97,-1.27,1,1,2.8394
281820,케이씨텍,2024-01-02,27100,28900,KOSPI,9238,6.6421,1.9918,1.0,19,1.0,1.0508,0.040964,95.2703,3.7507,5.3059,0.0948,3148649160.0,667,0.038309,12.46,-1.73,2.6,1,1,5.9454
260970,에스앤디,2024-01-02,17980,18300,KOSDAQ,1912,1.7798,2.2012,0.9224,173,0.7707,0.9725,0.0075,39.6947,5.9041,5.6813,0.0588,280777924.0,734,0.034387,3.83,-6.56,-5.03,0,1,2.8394
9150,삼성전기,2024-01-02,158000,158100,KOSPI,211383,0.0633,1.3753,0.8286,112,0.7386,0.7583,0.001487,28.4322,3.2047,5.3059,0.0506,39521011280.0,723,0.022454,-2.59,-12.33,-10.25,0,1,5.9454
64760,티씨케이,2024-01-02,116400,117300,KOSDAQ,23197,0.7732,1.2577,0.8488,212,0.4215,0.9333,0.001968,43.3985,12.8036,5.6813,0.0797,3309822560.0,661,0.04086,-1.45,-10.4,-7.67,0,1,2.8394
102710,이엔에프테크놀로지,2024-01-02,26800,27050,KOSDAQ,7601,0.9328,5.2886,0.9216,124,0.8,1.6263,0.007553,44.4207,2.7356,5.6813,0.1031,3452682700.0,724,0.033536,4.25,-8.5,-8.5,0,1,2.8394
13990,아가방컴퍼니,2024-01-03,4670,5630,KOSDAQ,1483,20.5567,50.7035,1.0,205,1.0,6.2593,-3.5e-05,101.0714,36.6337,5.3588,0.3745,35750544847.0,618,0.046498,19.01,-7.64,-7.64,1,1,1.9288
83500,에프엔에스테크,2024-01-03,11720,12650,KOSDAQ,1403,7.9352,3.1147,0.9658,1,0.9397,1.1018,0.031392,88.5246,11.2311,5.3588,0.1151,2298929560.0,572,0.040881,-1.98,-17.71,-15.81,0,1,1.9288
84730,팅크웨어,2024-01-03,17090,17410,KOSDAQ,1045,1.8724,1.9495,0.9885,74,0.8281,1.0979,0.019786,55.5853,-0.5424,5.3588,0.0714,2099270270.0,491,0.033519,8.56,-8.21,-8.21,0,1,1.9288
25320,시노펙스,2024-01-03,7231,7412,KOSDAQ,6937,2.5031,1.9446,0.3147,1,0.6882,1.989,0.086739,263.5115,64.0971,5.3588,0.4976,98330564131.0,1,0.065781,18.5,-5.38,-1.34,1,1,1.9288
195940,HK이노엔,2024-01-03,45000,46500,KOSDAQ,15383,3.3333,2.6868,0.7031,37,0.811,1.2261,0.009642,64.6018,10.4569,5.3588,0.1234,15670361750.0,587,0.031951,-3.76,-9.89,-9.89,0,1,1.9288
138610,나이벡,2024-01-04,25100,25150,KOSDAQ,3796,0.1992,2.7225,0.875,75,0.5464,1.6378,0.026212,110.1086,47.5937,4.5539,0.1731,11626774130.0,618,0.080545,-7.16,-33.52,-33.52,0,1,1.2608
3280,흥아해운,2024-01-04,2795,3255,KOSPI,4044,16.458,6.9905,1.0,116,0.7298,1.8615,0.052892,149.2343,24.5316,2.8657,0.3588,47987536359.0,561,0.088545,43.16,-12.75,-5.38,1,1,2.5809
234690,녹십자웰빙,2024-01-04,8770,8780,KOSDAQ,1663,0.114,3.5789,0.5593,1,0.7336,4.0944,-0.004127,44.8845,34.8112,4.5539,0.2388,4983401940.0,741,0.043117,17.43,-11.05,-7.63,1,1,1.2608
267260,HD현대일렉트릭,2024-01-05,88000,90300,KOSPI,301715,2.6136,1.497,0.623,32,0.9565,0.8309,0.069472,149.4475,5.3046,3.3597,0.0909,31760511420.0,32,0.041291,15.61,-0.78,10.3,1,1,2.18
47560,이스트소프트,2024-01-05,19620,19740,KOSDAQ,2109,0.6116,25.8203,1.0,76,0.7706,3.3274,0.019032,132.783,42.3575,7.9852,0.3664,21148026930.0,526,0.041576,139.11,14.99,55.78,1,1,2.6008
100790,미래에셋벤처투자,2024-01-05,6310,6500,KOSDAQ,9116,3.0111,3.7321,0.7949,203,0.5429,2.7494,-0.009888,58.3435,26.1737,7.9852,0.2052,1893399360.0,454,0.04011,3.69,-9.38,-5.23,0,1,2.6008
65350,신성델타테크,2024-01-08,64500,72500,KOSDAQ,20091,12.4031,5.0809,0.8841,60,0.7634,1.5242,0.126098,878.4076,81.7515,7.2968,0.7386,271791000000.0,60,0.075172,41.1,-24.14,41.1,1,1,2.6599
86450,동국제약,2024-01-08,17040,17920,KOSDAQ,8132,5.1643,3.0464,0.9441,224,0.4922,1.554,-0.00173,37.1079,18.7229,7.2968,0.1405,7246134224.0,725,0.02842,4.07,-4.35,-0.67,0,1,2.6599
142210,유니트론텍,2024-01-08,5780,5830,KOSDAQ,1361,0.8651,58.6081,1.0,74,0.8571,6.8904,-0.00145,63.9944,44.1318,7.2968,0.3903,11731087174.0,728,0.036388,32.42,2.57,8.23,1,1,2.6599
67160,SOOP,2024-01-08,95200,98800,KOSDAQ,8115,3.7815,8.4256,0.5024,224,0.7231,1.7281,-0.008529,58.8424,11.1685,7.2968,0.2254,99569806700.0,533,0.064633,13.77,0.81,13.26,1,1,2.6599
330860,네패스아크,2024-01-08,30600,30850,KOSDAQ,2125,0.817,21.7186,0.6636,114,0.76,3.1544,0.019823,82.5444,17.0984,7.2968,0.1615,18048653690.0,731,0.052674,-1.78,-22.69,-22.69,0,1,2.6599
30520,한글과컴퓨터,2024-01-08,17440,19460,KOSDAQ,5936,11.5826,66.5938,1.0,190,0.9027,8.3038,0.000587,66.4671,28.7871,7.2968,0.3298,74201755314.0,517,0.040633,80.63,9.2,38.49,1,1,2.6599
286940,롯데이노베이트,2024-01-09,31500,31600,KOSPI,3291,0.3175,6.1305,0.7925,176,0.6346,1.9242,0.000138,34.1826,14.0451,2.7756,0.0906,3561713870.0,635,0.036053,67.41,15.03,15.03,1,1,1.4379
229640,LS에코에너지,2024-01-09,22400,22550,KOSPI,11928,0.6696,0.7585,0.9816,10,0.4683,0.5266,0.147628,241.1498,16.7896,2.7756,0.1321,46346591050.0,10,0.081818,-7.32,-19.16,-19.16,0,1,1.4379
84850,아이티엠반도체,2024-01-09,28750,28850,KOSDAQ,2318,0.3478,2.6247,0.3415,216,0.4581,4.208,-0.014121,47.9487,32.6365,8.785,0.2037,4521379150.0,744,0.073533,-0.17,-19.58,-19.58,0,1,3.2168
375500,DL이앤씨,2024-01-09,38800,38900,KOSPI,16928,0.2577,1.6372,0.9091,21,0.8415,0.957,0.010263,34.8354,-2.1288,2.7756,0.0497,4793803020.0,619,0.028737,10.8,-5.53,-2.06,1,1,1.4379
297890,HB솔루션,2024-01-09,5850,6000,KOSDAQ,1616,2.5641,3.9375,0.3906,80,0.4167,1.6857,0.0347,103.3209,46.857,8.785,0.2089,19557003386.0,601,0.05119,19.17,-30.42,-30.42,1,1,3.2168
11280,태림포장,2024-01-10,3110,3210,KOSPI,1409,3.2154,260.416,1.0,226,1.0,27.2964,-0.015195,42.6667,29.0012,0.9584,0.2931,9426401424.0,716,0.0336,0.0,-15.73,-15.73,0,1,0.6459
79940,가비아,2024-01-10,18040,18090,KOSDAQ,4449,0.2772,1.3957,0.1837,1,0.6221,1.4229,0.029932,77.3529,5.6878,5.4301,0.0625,1917749014.0,631,0.041301,5.86,-6.63,-6.63,0,1,2.0992
950140,잉글우드랩,2024-01-10,15070,15300,KOSDAQ,2487,1.5262,1.7017,0.9474,42,0.9522,0.9034,0.094694,249.7143,12.2622,5.4301,0.1367,3928855346.0,42,0.04127,0.33,-12.48,-5.49,0,1,2.0992
280360,롯데웰푸드,2024-01-10,133200,134200,KOSPI,11119,0.7508,1.6968,0.8108,31,0.7838,0.735,0.009138,44.3011,3.3151,0.9584,0.0544,1875942520.0,657,0.030498,-1.49,-8.64,-7.38,0,1,0.6459
263720,디앤씨미디어,2024-01-10,32700,33050,KOSDAQ,1460,1.0703,2.8983,0.5833,1,0.9419,2.2477,0.027011,102.1407,13.2413,5.4301,0.2715,22312563210.0,677,0.066782,8.47,-26.93,-26.93,0,1,2.0992
92730,네오팜,2024-01-10,13954,14901,KOSDAQ,3246,6.7866,4.6205,1.0,86,0.6756,1.8844,0.031626,67.7285,19.463,5.4301,0.1544,2268986019.0,647,0.038914,-1.03,-11.34,-6.7,0,1,2.0992
337930,젝시믹스,2024-01-11,6780,7140,KOSDAQ,1620,5.3097,1.8896,0.8533,227,0.5047,2.8655,0.004552,72.8814,58.4774,5.6606,0.2284,12326607230.0,573,0.094538,1.26,-23.81,-20.31,0,1,2.8756
348370,엔켐,2024-01-11,89500,92500,KOSDAQ,18070,3.352,2.7809,0.6117,186,0.5749,1.8808,0.026277,85.0,21.0517,5.6606,0.1568,94119951340.0,529,0.05444,126.49,0.65,122.7,1,1,2.8756
21080,에이티넘인베스트,2024-01-11,3585,3590,KOSDAQ,1502,0.1395,9.9369,0.8864,8,0.4519,4.8283,0.015237,77.284,15.2148,5.6606,0.1563,10507746314.0,683,0.066554,-9.47,-17.55,-12.81,0,1,2.8756
41190,우리기술투자,2024-01-11,7430,8020,KOSDAQ,6569,7.9408,7.4542,1.0,23,0.9267,1.2438,0.041327,163.8158,14.3993,5.6606,0.259,88851008518.0,679,0.066263,-9.1,-26.81,-21.45,0,1,2.8756
950160,코오롱티슈진,2024-01-11,11250,11690,KOSDAQ,85468,3.9111,12.8825,0.8344,179,0.4838,3.4366,0.00035,44.143,29.1722,5.6606,0.2603,2773619448.0,300,0.041183,12.75,-21.9,-16.77,1,1,2.8756
3530,한화투자증권,2024-01-11,3740,4400,KOSPI,12980,17.6471,14.9064,1.0,231,0.9399,2.8174,0.014546,94.6903,43.2004,0.5904,0.3326,67647073468.0,680,0.067045,-10.45,-21.36,-12.27,0,1,0.5461
2310,아세아제지,2024-01-11,8420,8450,KOSPI,3065,0.3563,2.4294,1.0,25,0.9375,0.9353,0.013246,26.497,3.3456,0.5904,0.0311,881242740.0,650,0.017675,8.4,-2.13,8.4,0,1,0.5461
323410,카카오뱅크,2024-01-11,29650,29700,KOSPI,105181,0.1686,10.2422,0.7067,108,1.0,1.5864,0.007208,63.5463,12.5524,0.5904,0.0972,84656278580.0,589,0.035835,5.89,-9.6,-2.02,0,1,0.5461
214420,토니모리,2024-01-12,6540,6600,KOSPI,2098,0.9174,6.3877,0.8077,100,0.937,3.6648,0.000778,62.3616,61.3787,-0.4031,0.4504,9040765596.0,641,0.049675,6.21,-10.0,-9.7,0,0,-0.0833
5880,대한해운,2024-01-12,2475,2565,KOSPI,6394,3.6364,34.3043,0.506,213,0.8495,5.1989,-0.0074,57.9433,22.2558,-0.4031,0.1786,100012000000.0,635,0.064188,9.55,-20.86,-17.15,0,0,-0.0833
44450,KSS해운,2024-01-12,9620,9700,KOSPI,2189,0.8316,41.0718,0.281,131,0.7913,5.2931,0.005408,27.2966,13.0628,-0.4031,0.0557,9372518994.0,658,0.045508,1.34,-6.19,-6.08,0,0,-0.0833
192080,더블유게임즈,2024-01-12,43104,43358,KOSPI,10820,0.5893,1.236,0.9237,227,0.5635,1.0354,0.009635,32.302,9.4552,-0.4031,0.0531,2163279790.0,550,0.029996,-0.13,-8.9,-1.29,0,0,-0.0833
348340,뉴로메카,2024-01-15,46950,47400,KOSDAQ,9915,0.9585,9.1543,0.4889,199,0.7073,3.373,0.018797,218.1208,36.7787,3.6657,0.2609,159627000000.0,199,0.05538,-1.48,-24.68,-13.4,0,1,0.1502
44990,에이치엔에스하이텍,2024-01-15,17500,17750,KOSDAQ,1238,1.4286,3.1231,0.9,182,0.8065,1.5276,0.020764,46.0905,2.3678,3.6657,0.0499,410759114.0,182,0.016539,32.68,0.56,31.55,1,1,0.1502
50890,쏠리드,2024-01-15,7030,7080,KOSDAQ,5061,0.7112,14.2113,0.9077,75,0.7134,3.2203,0.004276,56.2914,22.5375,3.6657,0.1703,37668610598.0,744,0.036723,0.0,-14.41,-9.6,0,1,0.1502
4140,동방,2024-01-15,2715,3065,KOSPI,1190,12.8913,25.213,1.0,229,0.9336,6.2211,-0.016241,69.4306,47.8156,0.6106,0.4297,38306304850.0,719,0.043347,-5.06,-26.59,-24.8,0,0,-0.0677
253590,네오셈,2024-01-15,11620,12110,KOSDAQ,6532,4.2169,3.0419,0.8221,4,0.528,1.9499,0.142296,311.9048,94.2101,3.6657,0.3581,83407929398.0,4,0.122213,17.84,-24.03,17.67,1,1,0.1502
123860,아나패스,2024-01-15,25250,25550,KOSDAQ,2079,1.1881,2.8663,0.7727,119,0.3125,1.9379,0.036791,77.5539,19.7643,3.6657,0.1251,2313139850.0,739,0.042074,10.37,-6.07,-1.37,1,1,0.1502
89030,테크윙,2024-01-16,11760,12470,KOSDAQ,16841,6.0374,2.9956,0.7978,8,0.5704,0.8316,0.065475,120.708,19.9645,1.694,0.1103,11614809144.0,675,0.041414,51.56,-1.92,50.04,1,0,-0.443
405100,큐알티,2024-01-16,16780,17100,KOSDAQ,2124,1.907,1.8067,0.8599,24,0.6334,1.1401,0.023914,56.1644,8.9856,1.694,0.0799,3441170228.0,24,0.059315,69.59,5.32,57.31,1,0,-0.443
8930,한미사이언스,2024-01-16,46250,56200,KOSPI,26946,21.5135,55.6302,1.0,184,0.9458,8.5351,0.011148,86.711,53.3137,-1.8312,0.4378,190728000000.0,624,0.052237,-11.3,-30.25,-24.91,0,0,-1.2055
68790,DMS,2024-01-16,6990,7000,KOSDAQ,1429,0.1431,1.4119,0.7826,14,0.5,0.9304,0.006812,37.2549,-0.3916,1.694,0.0207,584699560.0,734,0.028061,-2.29,-10.57,-8.86,0,0,-0.443
65450,빅텍,2024-01-17,5800,6900,KOSDAQ,1099,18.9655,27.8397,0.7898,180,0.8148,6.8785,-0.015858,90.3448,70.7877,-0.6275,0.5047,231445000000.0,682,0.070393,-11.01,-28.91,-20.58,0,0,-2.9847
300080,플리토,2024-01-18,12958,14042,KOSDAQ,2522,8.3655,7.7702,1.0,232,0.657,2.5589,0.007835,108.4311,47.1856,-1.2492,0.3022,12549526957.0,502,0.071098,29.93,-21.73,-7.13,1,0,-2.1441
170900,동아에스티,2024-01-18,68607,68760,KOSPI,5004,0.223,2.1322,0.9118,105,0.4797,1.3774,0.017659,41.782,19.4567,-4.9407,0.0521,2451310386.0,616,0.038007,3.28,-7.28,3.28,0,0,-3.4918
5430,한국공항,2024-01-18,53100,53200,KOSPI,2137,0.1883,0.8407,0.8125,3,0.5532,0.8164,0.02282,48.6034,13.5121,-4.9407,0.0558,799497360.0,568,0.04189,12.41,0.38,10.9,1,0,-3.4918
131370,알서포트,2024-01-18,4970,5170,KOSDAQ,1238,4.0241,45.8811,0.9583,231,0.703,7.0923,-0.015577,71.1921,46.4739,-1.2492,0.3023,29412427555.0,751,0.055609,10.83,-17.89,-7.64,1,0,-2.1441
161390,한국타이어앤테크놀로지,2024-01-18,46550,47100,KOSPI,76679,1.1815,2.4054,0.8529,23,0.914,0.9374,0.025051,48.8152,10.1921,-4.9407,0.0508,16191707860.0,635,0.032681,19.32,0.21,19.32,1,0,-3.4918
520,삼일제약,2024-01-18,8640,9120,KOSPI,2280,5.5556,3.3457,0.814,133,0.4577,2.2415,0.002998,56.1644,48.7892,-4.9407,0.2357,7963964972.0,718,0.079261,17.43,-14.47,-7.46,1,0,-3.4918
39030,이오테크닉스,2024-01-19,181000,183900,KOSDAQ,43488,1.6022,4.332,0.9424,92,0.8902,1.1267,0.064872,170.0441,28.126,-1.821,0.187,37759836900.0,92,0.044434,6.53,-10.01,-6.25,0,0,-1.8768
51370,인터플렉스,2024-01-19,13040,15270,KOSDAQ,2762,17.1012,90.8739,1.0,146,0.9754,11.0402,0.009409,66.1589,43.2099,-1.821,0.3753,35221267268.0,467,0.043503,38.83,4.32,4.32,1,0,-1.8768
12450,한화에어로스페이스,2024-01-19,145158,147298,KOSPI,637324,1.4743,1.2608,0.6619,144,0.5019,1.2258,0.033596,93.8361,18.5833,-3.7301,0.0886,70260215097.0,144,0.047223,6.43,-9.75,6.43,0,0,-2.2058
352480,씨앤씨인터내셔널,2024-01-19,73000,74000,KOSDAQ,4859,1.3699,0.638,0.9091,97,0.7313,0.8299,0.064527,165.233,13.7726,-1.821,0.1084,4108303480.0,97,0.051931,0.81,-14.73,-8.11,0,0,-1.8768
41020,폴라리스오피스,2024-01-19,7150,7350,KOSDAQ,2277,2.7972,3.1482,0.7692,98,0.3608,3.367,0.069619,440.4412,59.0403,-1.821,0.3072,77107112506.0,98,0.089456,22.18,-17.41,-8.84,1,0,-1.8768
93320,케이아이엔엑스,2024-01-19,112000,119000,KOSDAQ,6373,6.25,1.5212,0.8595,21,0.5854,0.85,0.052872,127.0992,21.6599,-1.821,0.1651,5200561760.0,21,0.057683,3.61,-14.79,-13.36,0,0,-1.8768
264850,이랜시스,2024-01-22,6430,7220,KOSDAQ,2581,12.2862,5.777,1.0,63,0.4601,4.3638,0.069862,223.0425,80.0944,-2.6988,0.4252,39328630652.0,63,0.080332,23.13,-35.66,-3.6,1,0,-2.2214
124500,아이티센글로벌,2024-01-22,8730,10320,KOSDAQ,11219,18.2131,1.4819,0.9528,21,0.8721,0.9275,0.071546,219.0108,37.0738,-2.6988,0.4055,34519002978.0,21,0.091916,17.93,-8.24,11.43,1,0,-2.2214
102120,어보브반도체,2024-01-22,15280,16180,KOSDAQ,2205,5.8901,5.7082,1.0,13,0.9689,1.1008,0.034733,117.7658,11.8756,-2.6988,0.1698,50922065154.0,680,0.076638,39.99,11.25,20.21,1,0,-2.2214
3850,보령,2024-01-22,11970,12000,KOSPI,7695,0.2506,0.4599,0.5667,13,0.7961,0.5289,0.033587,58.5205,11.0913,-5.7358,0.0299,4633037212.0,672,0.034167,6.83,-5.75,1.67,0,0,-2.5415
85670,뉴프렉스,2024-01-22,7900,8530,KOSDAQ,1577,7.9747,22.2902,1.0,233,0.9421,3.5021,-0.009828,124.4737,39.6169,-2.6988,0.294,33669086290.0,333,0.065567,48.18,-6.33,2.23,1,0,-2.2214
29460,케이씨,2024-01-22,21950,22600,KOSPI,4174,2.9613,10.3906,0.78,191,0.9034,2.1229,-0.007281,49.9668,21.6927,-5.7358,0.1671,2214328844.0,729,0.033755,7.74,-7.3,-1.11,0,0,-2.5415
241520,DSC인베스트먼트,2024-01-22,4665,4930,KOSDAQ,2165,5.6806,32.7552,0.8978,228,0.6916,5.9659,-0.021185,86.3894,65.9438,-2.6988,0.4164,9318248284.0,686,0.049913,-15.42,-36.21,-27.18,0,0,-2.2214
323280,태성,2024-01-22,4196,4330,KOSDAQ,22323,3.1935,1.2526,0.6013,13,0.6854,0.6465,0.067395,174.572,13.2144,-2.6988,0.0884,11136173362.0,653,0.079743,16.17,-14.39,-8.85,1,0,-2.2214
660,SK하이닉스,2024-01-22,142400,142600,KOSPI,6086100,0.1404,1.2795,0.0968,14,1.0,1.1445,0.046843,80.5063,7.2304,-5.7358,0.0366,527920000000.0,717,0.028351,6.1,-7.22,4.49,0,0,-2.5415
79370,제우스,2024-01-22,18800,21550,KOSDAQ,5751,14.6277,3.964,0.5913,117,0.7379,1.201,0.063677,161.7515,47.01,-2.6988,0.2533,35337548450.0,117,0.076367,5.34,-23.2,-15.22,0,0,-2.2214
59270,해성에어로보틱스,2024-01-22,9320,9360,KOSDAQ,1554,0.4292,3.8465,0.9077,207,0.748,2.5628,-3.6e-05,69.5652,36.4131,-2.6988,0.1809,2834451624.0,678,0.059829,95.41,-6.09,95.41,1,0,-2.2214
236200,슈프리마,2024-01-22,25500,27500,KOSDAQ,3055,7.8431,46.9436,0.5714,234,0.882,8.0656,-0.005181,42.5609,34.2777,-2.6988,0.259,21258099210.0,745,0.046364,0.91,-11.27,-8.36,0,0,-2.2214
211050,인카금융서비스,2024-01-23,3650,3800,KOSDAQ,7188,4.1096,1.4925,0.8595,1,0.4783,0.5835,0.050734,173.7752,15.2771,-2.2491,0.0991,567741214.0,1,0.046635,6.05,-4.79,4.0,0,0,-2.1666
403870,HPSP,2024-01-23,48950,51000,KOSDAQ,35784,4.1879,4.0407,0.6833,20,0.883,1.1477,0.077644,260.424,6.4371,-2.2491,0.157,183995000000.0,20,0.044678,23.73,-13.73,13.14,1,0,-2.1666
36540,SFA반도체,2024-01-23,6830,6900,KOSDAQ,11594,1.0249,2.6518,0.9538,13,0.876,0.762,0.032099,78.9883,15.1788,-2.2491,0.0982,45903575076.0,724,0.055383,8.41,-10.58,-4.35,0,0,-2.1666
200470,에이팩트,2024-01-23,4555,4630,KOSDAQ,3249,1.6465,6.825,0.0,129,0.5752,2.2212,0.017679,85.5711,29.7973,-2.2491,0.1687,19460409460.0,616,0.096807,7.99,-26.78,7.99,0,0,-2.1666
114840,아이패밀리에스씨,2024-01-24,15954,16479,KOSDAQ,2785,3.2907,3.0338,0.7099,84,0.6023,1.252,0.062817,170.3248,32.3921,-2.1542,0.1567,3914264186.0,84,0.046982,6.98,-8.19,6.98,0,0,-2.6143
170920,엘티씨,2024-01-24,16850,17250,KOSDAQ,2678,2.3739,1.4506,1.0,21,0.8991,0.7792,0.02019,124.6094,8.7673,-2.1542,0.1229,4509778150.0,744,0.05089,6.38,-17.1,-8.7,0,0,-2.6143
194370,제이에스코퍼레이션,2024-01-24,9475,9950,KOSPI,3531,5.0132,2.0332,1.0,43,0.8727,0.9611,0.032199,75.9505,20.1561,-4.994,0.1189,1373724800.0,454,0.037186,3.02,-7.59,-5.43,0,0,-2.3339
98460,고영,2024-01-24,18370,18380,KOSDAQ,22073,0.0544,7.4459,0.3592,230,0.9268,1.3911,0.002622,68.6239,10.976,-2.1542,0.1069,104528000000.0,678,0.055068,16.16,-9.74,16.16,1,0,-2.6143
270660,에브리봇,2024-01-24,21000,21450,KOSDAQ,3154,2.1429,0.49,0.5,204,0.3987,4.1209,-0.021976,116.6667,86.2743,-2.1542,0.4266,105023000000.0,727,0.087679,158.74,0.7,158.74,1,0,-2.6143
123410,코리아에프티,2024-01-24,4020,4225,KOSDAQ,2099,5.0995,11.2209,0.6486,133,0.9461,2.3255,0.025693,64.3969,20.1709,-2.1542,0.1559,11767175514.0,651,0.052578,38.7,-5.8,20.95,1,0,-2.6143
89890,코세스,2024-01-24,15550,15660,KOSDAQ,4362,0.7074,54.3841,1.0,146,1.0,6.3462,-0.009711,81.25,46.2204,-2.1542,0.3404,44796289874.0,506,0.055099,29.95,-1.47,3.58,1,0,-2.6143
148150,세경하이테크,2024-01-24,7050,7230,KOSDAQ,1713,2.5532,2.8279,0.8269,29,0.7888,0.9628,0.023013,113.4632,15.1229,-2.1542,0.147,6946357790.0,588,0.045347,13.0,-5.67,4.7,1,0,-2.6143
5290,동진쎄미켐,2024-01-24,42350,42500,KOSDAQ,26324,0.3542,0.7467,0.8788,118,0.4342,1.2248,0.024574,44.5578,14.8863,-2.1542,0.0401,27508152620.0,508,0.043697,-0.71,-13.53,-13.53,0,0,-2.6143
500,가온전선,2024-01-25,23650,26250,KOSPI,13268,10.9937,40.3909,0.8943,26,0.8481,4.8455,0.029171,77.1255,26.3286,-5.0815,0.2633,16964341720.0,652,0.051673,2.48,-14.67,-1.9,0,0,-2.3078
80220,제주반도체,2024-01-25,33800,34000,KOSDAQ,13570,0.5917,1.9454,0.1875,1,0.6555,1.4759,0.310049,771.7949,153.4525,-2.8998,0.5627,748755000000.0,1,0.097185,-5.0,-27.94,-18.97,0,0,-4.0492
294870,HDC현대산업개발,2024-01-25,15900,16180,KOSPI,13247,1.761,1.966,0.9306,33,0.535,0.8163,0.031481,62.2869,13.1643,-5.0815,0.0837,7071060028.0,630,0.035626,18.85,8.34,16.69,1,0,-2.3078
139130,iM금융지주,2024-01-25,8500,8580,KOSPI,24720,0.9412,0.9681,0.9474,37,0.717,0.8137,0.01484,27.6786,6.1415,-5.0815,0.0312,3061983922.0,556,0.015318,14.22,0.23,6.53,1,0,-2.3078
73010,케이에스피,2024-01-25,3231,3560,KOSDAQ,1716,10.1826,14.3732,0.825,113,0.9356,2.409,0.04643,116.9409,31.0495,-2.8998,0.2325,3863484929.0,113,0.045847,-0.14,-12.08,-10.39,0,0,-4.0492
84370,유진테크,2024-01-25,46300,46600,KOSDAQ,22687,0.6479,3.7347,0.8857,48,0.641,1.3037,0.039839,89.8167,23.1578,-2.8998,0.1139,16066535150.0,537,0.036481,-6.44,-30.04,-19.53,0,0,-4.0492
28300,HLB,2024-01-25,53200,54700,KOSDAQ,71455,2.8195,2.641,0.9444,17,0.7965,1.396,0.04659,98.4473,13.4048,-2.8998,0.1338,190713000000.0,586,0.064508,47.53,15.36,42.23,1,0,-4.0492
950190,고스트스튜디오,2024-01-25,13690,14720,KOSDAQ,1074,7.5237,5.3504,0.8846,237,0.5651,2.1679,0.002285,47.9397,24.5527,-2.8998,0.208,2312464324.0,756,0.046681,-1.36,-18.89,-18.55,0,0,-4.0492
73240,금호타이어,2024-01-25,5770,5900,KOSPI,16632,2.253,4.6269,1.0,43,1.0,0.8725,0.044132,104.1522,14.9511,-5.0815,0.1091,2975845718.0,635,0.031053,14.92,-4.07,10.68,1,0,-2.3078
77500,유니퀘스트,2024-01-26,9295,9460,KOSPI,1339,1.7751,32.2684,0.1337,86,0.8321,7.2179,0.01616,107.6839,57.7438,-5.1632,0.4068,116454000000.0,86,0.070598,1.8,-19.56,-12.05,0,0,-1.9824
8830,대동기어,2024-01-26,12910,13430,KOSDAQ,1594,4.0279,6.4662,0.6287,86,1.0,2.1848,0.060655,163.3333,23.9416,-2.6227,0.2176,57009292616.0,86,0.103606,-1.19,-23.83,-23.01,0,0,-2.4653
5389,현대차3우B,2024-01-26,112500,113100,KOSPI,5760,0.5333,2.3017,0.8333,19,0.8696,1.1592,0.019237,47.0741,6.8718,-5.1632,0.0359,2005017320.0,744,0.011936,41.73,3.18,33.51,1,0,-1.9824
42510,라온시큐어,2024-01-26,14132,14707,KOSDAQ,1028,4.0688,21.8709,0.7128,238,0.8001,3.3198,0.002897,39.3368,21.1702,-2.6227,0.1475,18338303154.0,648,0.05444,-4.42,-15.82,-15.82,0,0,-2.4653
36530,SNT홀딩스,2024-01-26,18240,18280,KOSPI,8494,0.2193,2.5381,0.75,33,0.6122,1.2721,0.010927,23.0976,12.3144,-5.1632,0.0477,301916908.0,637,0.021452,20.35,4.27,14.61,1,0,-1.9824
120,CJ대한통운,2024-01-26,133000,136000,KOSPI,22630,2.2556,1.0932,0.9167,12,0.875,0.6713,0.057972,94.8424,10.5895,-5.1632,0.0704,12967374720.0,735,0.039916,9.19,-7.79,-7.79,0,0,-1.9824
3540,대신증권,2024-01-26,14770,14820,KOSPI,15004,0.3385,5.4117,0.963,74,0.8854,1.1621,0.010603,20.9796,8.6548,-5.1632,0.0518,1442059934.0,580,0.011085,10.26,2.29,9.85,1,0,-1.9824
6800,미래에셋증권,2024-01-26,7640,7680,KOSPI,228252,0.5236,5.2765,0.8966,24,1.0,1.3764,0.007423,27.5748,8.947,-5.1632,0.0963,7456138674.0,671,0.028274,17.45,0.26,12.76,1,0,-1.9824
190510,나무가,2024-01-26,19250,20850,KOSDAQ,3385,8.3117,74.0127,0.9036,221,0.8447,9.7859,-0.012705,98.1939,48.4269,-2.6227,0.36,70768360636.0,221,0.047551,0.24,-22.54,-22.54,0,0,-2.4653
3545,대신증권우,2024-01-29,13830,13960,KOSPI,5772,0.94,2.3141,0.9375,42,0.7544,0.9549,0.010012,17.3109,8.2446,-5.8235,0.0277,867718840.0,583,0.006907,7.09,0.79,5.44,0,0,-1.1098
21240,코웨이,2024-01-29,58100,58200,KOSPI,58822,0.1721,1.5008,0.4783,22,0.52,1.0866,0.01006,44.4169,7.5717,-5.8235,0.0522,6825567680.0,619,0.028105,6.53,-5.33,-5.33,0,0,-1.1098
67630,HLB생명과학,2024-01-29,12151,12862,KOSDAQ,4986,5.8514,35.3809,0.3398,231,0.9682,5.095,-0.003821,57.5067,20.7552,-5.4733,0.2362,74284252413.0,585,0.05865,30.31,4.02,5.46,1,0,-4.5443
1270,부국증권,2024-01-29,22700,22850,KOSPI,7414,0.6608,2.3549,0.9,110,0.8,1.3113,0.009757,20.7717,11.123,-5.8235,0.0464,69361670.0,672,0.018756,16.41,5.47,14.22,1,0,-1.1098
115450,HLB테라퓨틱스,2024-01-29,5913,6116,KOSDAQ,2460,3.4331,35.3492,0.5717,242,0.9441,6.3096,-0.025285,120.0792,51.8942,-5.4733,0.5056,43858839915.0,745,0.063966,36.28,2.01,16.97,1,0,-4.5443
78000,텔코웨어,2024-01-29,10240,10620,KOSPI,1418,3.7109,6.9187,0.88,49,0.8434,1.7992,0.009671,24.9412,12.2363,-5.8235,0.0611,154695782.0,633,0.015133,3.48,-4.71,-1.88,0,0,-1.1098
5385,현대차우,2024-01-29,113500,118700,KOSPI,59053,4.5815,4.0464,1.0,20,0.9748,1.3039,0.016566,48.9335,10.405,-5.8235,0.0797,11042595180.0,752,0.014924,36.56,-1.52,29.4,1,0,-1.1098
138930,BNK금융지주,2024-01-29,7280,7420,KOSPI,51235,1.9231,3.5323,0.8276,248,0.7344,1.2807,0.010041,20.2593,9.7451,-5.8235,0.0552,8182910464.0,559,0.013766,8.09,-0.13,1.08,0,0,-1.1098
24110,기업은행,2024-01-29,12080,12100,KOSPI,173241,0.1656,2.27,0.8571,70,0.6709,1.0125,0.017254,26.1731,7.8471,-5.8235,0.0393,13754749030.0,70,0.011157,15.87,-0.5,12.64,1,0,-1.1098
3547,대신증권2우B,2024-01-29,13180,13290,KOSPI,2115,0.8346,2.7436,0.8148,28,0.4912,1.082,0.00951,15.9686,8.0543,-5.8235,0.0317,540255912.0,583,0.01263,8.5,0.75,6.55,0,0,-1.1098
71320,지역난방공사,2024-01-29,32100,32850,KOSPI,11428,2.3364,19.134,0.8021,246,0.7219,2.9191,-0.000601,41.9006,40.1793,-5.8235,0.2148,1144436280.0,649,0.032833,31.96,-1.37,31.81,1,0,-1.1098
96530,씨젠,2024-01-29,28650,29000,KOSDAQ,14023,1.2216,16.4958,0.7594,240,0.9167,2.6145,-0.006472,51.9916,32.1109,-5.4733,0.2241,69427937740.0,681,0.060961,-7.24,-14.48,-12.07,0,0,-4.5443
5387,현대차2우B,2024-01-29,114200,119200,KOSPI,89857,4.3783,3.6367,0.96,20,0.8403,1.3084,0.015776,49.1865,10.2018,-5.8235,0.0715,12770224840.0,745,0.01558,40.18,-1.68,30.96,1,0,-1.1098
900140,엘브이엠씨홀딩스,2024-01-29,3085,3100,KOSPI,2752,0.4862,4.6353,0.6279,152,0.6172,1.6541,0.031291,85.74,28.5958,-5.8235,0.0941,7814605225.0,742,0.042166,1.94,-26.29,-9.35,0,0,-1.1098
47920,HLB제약,2024-01-30,16830,17900,KOSDAQ,5313,6.3577,5.9226,0.6536,173,0.8964,3.4046,0.003948,50.4202,23.3709,-6.8344,0.2653,49942402136.0,592,0.066002,22.07,-1.12,1.62,1,0,-4.5509
207940,삼성바이오로직스,2024-01-30,1202415,1211245,KOSPI,792964,0.7344,2.2889,0.7931,194,0.6889,1.56,-0.002787,21.0294,10.7142,-6.405,0.0673,93289668032.0,604,0.026645,4.37,-5.95,-5.95,0,0,-1.1903
4700,조광피혁,2024-01-30,51700,51900,KOSPI,4814,0.3868,10.9519,0.1045,200,0.9243,1.8873,0.002752,12.5813,12.3233,-6.405,0.041,220480060.0,747,0.023397,28.13,-3.08,1.93,1,0,-1.1903
1630,종근당홀딩스,2024-01-30,60200,60400,KOSPI,2435,0.3322,1.3789,0.6667,19,0.8108,1.0543,0.014106,30.5946,6.9041,-6.405,0.0239,261592220.0,757,0.022824,4.3,-2.32,-2.32,0,0,-1.1903
3240,태광산업,2024-01-30,820000,823000,KOSPI,9820,0.3659,30.8995,0.114,231,0.9739,6.2098,-0.015696,46.9643,40.8821,-6.405,0.3238,11223178200.0,654,0.053289,14.58,-10.94,-4.5,1,0,-1.1903
85620,미래에셋생명,2024-01-30,5550,5700,KOSPI,16339,2.7027,18.8478,0.8046,56,0.977,2.9455,0.055397,130.303,25.155,-6.405,0.21,4232991297.0,56,0.039474,12.11,-14.39,-14.39,1,0,-1.1903
259960,크래프톤,2024-01-30,218000,218500,KOSPI,118036,0.2294,1.9637,0.36,38,0.5942,1.0053,0.015772,49.1468,17.9984,-6.405,0.0847,35997905400.0,543,0.041517,9.61,-3.2,3.89,0,0,-1.1903
83450,GST,2024-01-30,15610,16788,KOSDAQ,5050,7.5464,27.5511,0.8621,132,0.7676,4.7441,0.008547,65.8402,27.5506,-6.8344,0.2412,28092550112.0,529,0.055767,15.82,-13.43,15.82,1,0,-4.5509
1720,신영증권,2024-01-30,60600,62500,KOSPI,28474,3.1353,10.2425,0.8261,230,0.9318,2.2081,0.00253,16.8224,11.2707,-6.405,0.0549,406486580.0,650,0.012457,10.72,-0.96,5.76,1,0,-1.1903
39980,폴라리스AI,2024-01-30,1375,1385,KOSDAQ,1290,0.7273,2.9001,0.3862,5,0.4654,2.1161,0.022975,79.4041,36.2737,-6.8344,0.2031,10056083122.0,655,0.088706,39.21,-12.71,33.79,1,0,-4.5509
28100,동아지질,2024-01-30,14550,14980,KOSPI,2411,2.9553,67.4831,0.7193,170,0.973,8.0093,0.007167,31.7502,20.4948,-6.405,0.1425,6098160240.0,657,0.032472,-2.87,-8.68,-8.21,0,0,-1.1903
26150,특수건설,2024-01-30,9000,9400,KOSDAQ,1249,4.4444,8.7322,0.973,152,0.8542,2.1627,0.00691,34.8637,23.3152,-6.8344,0.1309,8341535498.0,661,0.041793,-4.15,-16.49,-16.49,0,0,-4.5509
12630,HDC,2024-01-30,7280,7340,KOSPI,11578,0.8242,5.864,0.5366,26,0.8908,1.6814,0.000487,31.0714,14.6645,-6.405,0.0974,1426051174.0,672,0.027735,20.03,-0.27,10.22,1,0,-1.1903
316140,우리금융지주,2024-01-30,13480,13490,KOSPI,219489,0.0742,1.2365,0.2083,248,0.7154,0.8996,0.01289,23.1963,11.4673,-6.405,0.0602,28949258928.0,438,0.015461,11.64,2.89,10.45,1,0,-1.1903
2030,아세아,2024-01-30,187000,194500,KOSPI,5876,4.0107,1.4952,0.9683,21,0.9766,0.8402,0.022578,50.8922,11.1438,-6.405,0.0765,370704680.0,21,0.019721,6.68,-2.83,6.68,0,0,-1.1903
28260,삼성물산,2024-01-31,134000,138000,KOSPI,492082,2.9851,5.8052,0.9647,31,0.9476,1.472,0.012895,37.8621,11.704,-4.2273,0.1284,86921646320.0,751,0.023395,23.48,6.81,18.12,1,0,-1.2597
270,기아,2024-01-31,100000,102900,KOSPI,585229,2.9,2.9412,0.9778,22,0.9887,1.6103,0.014654,54.0419,13.9288,-4.2273,0.1272,318111000000.0,736,0.030126,22.06,3.3,22.06,1,0,-1.2597
3090,대웅,2024-01-31,22150,23200,KOSPI,13605,4.7404,5.2255,0.375,247,0.8995,0.833,0.035584,100.8658,14.9672,-4.2273,0.1427,6699698900.0,759,0.04258,12.5,-5.17,-4.53,1,0,-1.2597
175330,JB금융지주,2024-01-31,11390,11440,KOSPI,48231,0.439,0.8623,1.0,22,0.8556,0.7546,0.022415,40.0245,5.6458,-4.2273,0.0564,4671777306.0,22,0.01973,19.23,2.36,19.23,1,0,-1.2597
107640,한중엔시에스,2024-01-31,21550,21700,KOSDAQ,4220,0.6961,2.6459,0.7273,116,0.4008,1.6703,0.065496,119.1919,26.8781,-8.2988,0.0456,41261120.0,116,0.047926,40.55,1.38,40.55,1,0,-6.794
78930,GS,2024-01-31,45950,46300,KOSPI,59930,0.7617,1.9044,0.9556,249,0.8296,1.1905,0.003862,32.2857,19.6887,-4.2273,0.1221,9039814550.0,673,0.02345,12.74,-1.19,5.94,1,0,-1.2597
252990,샘씨엔에스,2024-01-31,7590,7670,KOSDAQ,5944,1.054,6.1592,0.9538,142,0.5043,4.6866,0.030842,85.9394,38.5195,-8.2988,0.2301,27036782164.0,666,0.063606,6.39,-12.13,-4.3,0,0,-6.794
650,천일고속,2024-01-31,60000,60900,KOSPI,4388,1.5,237.8568,1.0,235,1.0,24.3708,-0.015243,31.5335,34.6342,-4.2273,0.2862,369942800.0,662,0.02551,-10.34,-21.18,-20.77,0,0,-1.2597
126700,하이비젼시스템,2024-01-31,22250,24450,KOSDAQ,2451,9.8876,71.1719,0.85,98,0.913,9.4717,0.006117,46.4072,35.4439,-8.2988,0.2684,99861572138.0,522,0.053111,11.04,-13.09,-6.13,1,0,-6.794
82640,동양생명,2024-02-01,5100,5380,KOSPI,11150,5.4902,12.8975,0.8507,79,0.8024,2.7794,0.018197,58.0029,25.1169,-1.7224,0.2051,3538471600.0,571,0.031134,14.13,-7.06,13.75,1,1,0.5283
71050,한국금융지주,2024-02-01,64400,66200,KOSPI,111452,2.795,4.6592,0.9194,242,0.6992,1.3695,0.00536,39.3684,20.5734,-1.7224,0.1579,12395482040.0,682,0.030211,11.93,-4.08,11.93,1,1,0.5283
105560,KB금융,2024-02-01,57700,61300,KOSPI,508870,6.2392,3.9397,0.9474,250,0.7143,1.7153,0.009108,31.828,20.2911,-1.7224,0.1682,133080000000.0,487,0.027441,13.7,1.63,13.38,1,1,0.5283
1750,한양증권,2024-02-01,9720,9740,KOSPI,2482,0.2058,14.2043,0.3265,28,0.9419,2.2047,0.002287,14.4536,9.5851,-1.7224,0.0757,514721356.0,594,0.020167,10.68,-0.21,8.93,1,1,0.5283
88350,한화생명,2024-02-01,3120,3355,KOSPI,29313,7.5321,26.075,0.6102,91,0.8026,4.4816,0.007985,54.9654,29.532,-1.7224,0.2648,43082088852.0,672,0.041516,9.99,-9.69,-5.81,0,1,0.5283
02826K,삼성물산우B,2024-02-01,106500,112200,KOSPI,2630,5.3521,12.5436,0.6351,250,0.7842,2.6672,-0.000114,37.8378,15.4003,-1.7224,0.1518,1753484680.0,684,0.030621,16.76,-4.37,11.76,1,1,0.5283
3960,사조대림,2024-02-01,34250,37000,KOSPI,3235,8.0292,7.1222,1.0,33,0.9701,1.2998,0.025055,54.8117,15.3937,-1.7224,0.1456,1956863790.0,438,0.033108,6.76,-4.73,2.43,0,1,0.5283
1740,SK네트웍스,2024-02-01,7240,7480,KOSPI,11241,3.3149,26.9493,0.7652,103,0.6834,5.2845,0.026478,92.5354,37.4756,-1.7224,0.2747,40130568064.0,103,0.05911,8.02,-14.3,-13.9,0,1,0.5283
267250,HD현대,2024-02-01,71500,72000,KOSPI,176155,0.6993,2.5855,0.6,90,0.7064,1.2673,0.014935,28.5714,15.1083,-1.7224,0.0856,27583153140.0,674,0.033929,2.22,-5.56,-4.17,0,1,0.5283
2170,삼양통상,2024-02-01,52000,52100,KOSPI,1683,0.1923,3.1931,0.9556,221,0.7955,2.0771,-0.003541,12.043,8.1576,-1.7224,0.0582,327992380.0,675,0.019811,3.07,-2.5,-2.5,0,1,0.5283
30200,KT,2024-02-01,36450,36900,KOSPI,139368,1.2346,3.1416,0.9474,31,0.6914,1.0714,0.01264,27.2414,11.7075,-1.7224,0.0832,32760647190.0,356,0.016841,14.36,2.03,5.42,1,1,0.5283
5940,NH투자증권,2024-02-01,10810,11130,KOSPI,89442,2.9602,7.2177,0.9701,88,0.7887,1.7139,0.013827,30.3279,12.0297,-1.7224,0.1035,11533427504.0,516,0.015595,7.37,-0.72,6.83,0,1,0.5283
64800,포니링크,2024-02-01,1518,1596,KOSDAQ,1010,5.1383,9.7134,0.9115,225,0.9308,1.9611,0.004694,67.1204,22.6973,-7.7945,0.1562,2253404180.0,652,0.054914,97.37,-8.58,97.37,1,0,-6.8051
810,삼성화재,2024-02-01,271000,289500,KOSPI,220854,6.8266,4.5542,0.7424,44,0.8955,1.4454,0.016807,44.8224,17.5224,-1.7224,0.1683,34839497200.0,44,0.032568,15.03,0.52,4.84,1,1,0.5283
402340,SK스퀘어,2024-02-01,52700,53600,KOSPI,663077,1.7078,3.959,0.84,22,0.7192,1.2293,0.026504,50.3506,11.3339,-1.7224,0.0826,20392281720.0,537,0.028585,36.01,10.63,31.9,1,1,0.5283
815,삼성화재우,2024-02-01,192900,203000,KOSPI,11282,5.2359,6.0389,0.7778,38,0.9259,1.2443,0.015405,32.5065,11.0385,-1.7224,0.0882,4085592860.0,38,0.014426,18.97,2.96,18.97,1,1,0.5283
29530,신도리코,2024-02-01,36850,37300,KOSPI,5373,1.2212,3.818,0.4925,174,0.8163,2.6345,0.000761,18.4127,15.442,-1.7224,0.1191,1276827470.0,174,0.034278,12.6,-3.22,4.16,1,1,0.5283
29780,삼성카드,2024-02-01,33050,34900,KOSPI,63722,5.5976,9.9957,0.9556,49,0.8133,2.1427,0.00667,22.4561,12.1655,-1.7224,0.0872,7839658660.0,627,0.017499,12.03,-2.15,12.03,1,1,0.5283
32830,삼성생명,2024-02-01,73800,76000,KOSPI,356600,2.981,6.5635,0.8987,72,0.8333,1.7335,0.001422,26.4559,16.5261,-1.7224,0.1828,49665213540.0,677,0.026034,37.5,1.58,37.5,1,1,0.5283
9970,영원무역홀딩스,2024-02-01,83800,86200,KOSPI,27133,2.864,3.4778,0.8889,114,0.9317,1.0756,0.013757,45.3626,16.0461,-1.7224,0.1497,2735189740.0,114,0.035631,19.49,1.04,10.09,1,1,0.5283
540,흥국화재,2024-02-01,3870,4370,KOSPI,2277,12.9199,67.238,1.0,227,0.9408,8.5992,-0.004922,52.5305,46.6644,-1.7224,0.4257,3619095317.0,687,0.039147,39.36,-6.98,11.33,1,1,0.5283
5945,NH투자증권우,2024-02-01,9980,10130,KOSPI,4133,1.503,6.2251,0.9583,37,0.4386,1.4625,0.010759,18.203,6.4794,-1.7224,0.0444,779960262.0,523,0.012833,6.91,0.1,6.91,0,1,0.5283
5680,삼영전자,2024-02-01,10130,10950,KOSPI,2246,8.0948,26.8654,0.5355,174,0.8659,3.4329,0.007314,38.6076,15.6663,-1.7224,0.1086,9521542968.0,641,0.043118,2.19,-11.78,-9.68,0,1,0.5283
86790,하나금융지주,2024-02-01,51800,52000,KOSPI,285562,0.3861,6.1432,0.9535,250,0.75,2.036,0.005571,38.482,27.4782,-1.7224,0.2027,121412000000.0,251,0.028297,15.77,1.92,14.81,1,1,0.5283
00680K,미래에셋증권2우B,2024-02-01,3845,3910,KOSPI,20775,1.6905,5.3436,0.9535,160,0.7582,1.9435,0.001852,12.8427,8.4073,-1.7224,0.0803,1188421992.0,675,0.018725,6.39,0.64,2.69,0,1,0.5283
5380,현대차,2024-02-02,210000,227000,KOSPI,980790,8.0952,11.7981,0.9286,181,0.8589,2.8805,0.00453,35.9281,19.7518,1.4441,0.198,508337000000.0,757,0.029704,12.56,3.74,10.57,1,1,3.395
58650,세아홀딩스,2024-02-02,115800,118700,KOSPI,6368,2.5043,2.4974,0.8721,230,0.9607,1.6303,-0.001724,15.8049,10.9612,1.4441,0.1038,183100640.0,442,0.031713,4.55,-7.16,-6.4,0,1,3.395
2320,한진,2024-02-02,26000,26400,KOSPI,3030,1.5385,2.54,0.875,39,0.8837,1.7261,0.012768,39.9046,11.1359,1.4441,0.1549,8376615000.0,759,0.051542,0.95,-12.5,-6.82,0,1,3.395
81660,미스토홀딩스,2024-02-02,40800,41400,KOSPI,24290,1.4706,1.5711,0.9429,228,0.5,0.913,0.009957,21.2299,6.3684,1.4441,0.0417,3780581560.0,641,0.020963,1.21,-7.25,-4.35,0,1,3.395
39490,키움증권,2024-02-02,109400,112200,KOSPI,112832,2.5594,3.9173,0.8072,197,0.9425,1.6542,-0.003266,47.0511,17.4118,1.4441,0.1784,14975139500.0,757,0.030876,20.14,-4.01,15.42,1,1,3.395
640,동아쏘시오홀딩스,2024-02-02,106274,107925,KOSPI,6922,1.5535,2.9754,0.4429,78,0.5243,1.4059,0.016695,42.072,7.4775,1.4441,0.0949,1588907512.0,627,0.027835,3.87,-4.32,3.87,0,1,3.395
145020,휴젤,2024-02-02,163500,163800,KOSDAQ,32790,0.1835,0.9618,0.3962,242,1.0,0.6233,0.024503,62.5,10.6456,-7.2365,0.0336,5538731840.0,628,0.03602,27.9,-8.91,27.9,1,0,-4.8869
15360,INVENI,2024-02-02,35550,35700,KOSPI,4389,0.4219,3.2276,0.75,27,0.8852,1.0436,0.003715,15.534,6.2482,1.4441,0.059,171001840.0,653,0.015106,10.64,2.24,8.68,1,1,3.395
43370,피에이치에이,2024-02-02,11350,12590,KOSDAQ,2440,10.9251,54.3324,0.8202,142,1.0,6.7773,0.024616,78.0764,37.5677,-7.2365,0.2801,6664773766.0,658,0.037842,5.88,-7.94,-4.85,0,0,-4.8869
23600,삼보판지,2024-02-02,10870,10940,KOSDAQ,1510,0.644,4.7717,0.5192,239,0.6126,1.9527,0.001982,29.4675,24.3671,-7.2365,0.1008,496577464.0,676,0.02122,7.86,1.74,2.74,0,0,-4.8869
370,한화손해보험,2024-02-02,5150,5320,KOSPI,6853,3.301,13.3728,0.8281,223,0.9348,5.3301,-0.004647,46.7586,32.7299,1.4441,0.2935,47837818245.0,440,0.045717,4.32,-12.12,-7.42,0,1,3.395
7330,푸른저축은행,2024-02-02,11430,11650,KOSDAQ,1584,1.9248,18.58,0.7837,236,0.9362,6.6427,-0.013129,45.2618,44.6185,-7.2365,0.349,56761885622.0,704,0.082955,11.59,-18.88,-17.42,1,0,-4.8869
5830,DB손해보험,2024-02-02,94000,99200,KOSPI,97346,5.5319,2.9794,0.9153,92,0.8107,1.322,0.011386,54.5171,23.9668,1.4441,0.2165,24613099560.0,92,0.032546,2.92,-7.26,-3.12,0,1,3.395
30530,원익홀딩스,2024-02-02,3900,4455,KOSDAQ,30818,14.2308,125.0052,1.0,145,0.8893,14.4181,-0.007112,50.0,41.2214,-7.2365,0.3321,19916636054.0,685,0.042088,2.92,-14.93,-11.9,0,0,-4.8869
39130,하나투어,2024-02-02,65100,65500,KOSPI,7017,0.6144,2.9451,0.7692,228,0.4741,1.647,-0.001296,58.2126,19.8522,1.4441,0.1059,12355069460.0,660,0.02988,3.05,-8.24,2.75,0,1,3.395
55550,신한지주,2024-02-02,43250,45300,KOSPI,399562,4.7399,5.3243,0.962,250,0.6471,2.713,0.01026,39.3846,21.4867,1.4441,0.1716,134855000000.0,252,0.027909,0.66,-8.72,0.66,0,1,3.395
183190,아세아시멘트,2024-02-05,11180,11300,KOSPI,4586,1.0733,2.9453,1.0,173,0.6797,1.2194,0.007219,26.5398,8.5813,0.9148,0.0955,1224259698.0,457,0.024273,2.65,-4.96,-1.42,0,1,2.438
267850,아시아나IDT,2024-02-05,21400,23250,KOSPI,1179,8.6449,2.8771,0.8485,33,0.8222,0.7697,0.034487,118.3099,21.4536,0.9148,0.1852,34216098396.0,755,0.057512,8.82,-26.19,-25.68,0,1,2.438
5440,현대지에프홀딩스,2024-02-05,4821,4910,KOSPI,14437,1.8461,5.8318,0.6739,250,0.7962,4.3334,-0.025497,62.0462,41.1981,0.9148,0.3156,17108767946.0,653,0.04888,7.54,-16.5,-16.5,0,1,2.438
65350,신성델타테크,2024-02-05,89500,102300,KOSDAQ,20091,14.3017,2.4399,0.8964,6,0.6437,1.343,0.20976,1137.0012,49.2175,-8.114,0.4259,306315000000.0,6,0.103617,45.06,-1.66,-0.68,1,0,-5.6328
2810,삼영무역,2024-02-05,13590,13650,KOSPI,3134,0.4415,6.0696,1.0,200,0.5987,2.4559,-0.005111,12.3457,10.9705,0.9148,0.0876,467651654.0,672,0.015332,8.64,-1.47,8.64,0,1,2.438
3650,미창석유,2024-02-05,78300,79200,KOSPI,2093,1.1494,3.5567,0.6667,57,0.5882,2.0802,0.010698,21.8462,9.5455,0.9148,0.0748,226789820.0,411,0.02399,1.64,0.0,0.38,0,1,2.438
1940,KISCO홀딩스,2024-02-05,27000,27550,KOSPI,3246,2.037,2.4209,1.0,14,0.7642,2.1388,0.027229,68.7079,6.2837,0.9148,0.0673,1187332420.0,14,0.051206,4.9,-7.62,-4.17,0,1,2.438
2380,KCC,2024-02-05,266000,271500,KOSPI,42211,2.0677,2.9868,0.6531,91,0.568,2.2115,0.002338,43.2718,21.3825,0.9148,0.2055,27592711800.0,590,0.050013,5.52,-6.26,4.97,0,1,2.438
267260,HD현대일렉트릭,2024-02-06,104400,106800,KOSPI,301715,2.2989,1.6819,0.9831,8,0.4724,1.1081,0.09108,184.4208,16.6497,0.5841,0.0833,33227100080.0,8,0.045479,30.43,-3.09,21.16,1,1,1.8377
4490,세방전지,2024-02-06,65700,66000,KOSPI,8621,0.4566,13.6541,0.5,91,0.8397,2.2862,0.007946,46.3415,8.6874,0.5841,0.1333,13803790240.0,747,0.041126,35.45,17.42,30.3,1,1,1.8377
25900,동화기업,2024-02-06,30881,32843,KOSDAQ,5147,6.3534,12.9813,0.9176,80,0.8443,2.5115,0.013105,134.2916,39.1386,-8.7731,0.316,29395279856.0,549,0.07274,-5.61,-21.46,-18.29,0,0,-5.6969
36830,솔브레인홀딩스,2024-02-06,47550,53700,KOSDAQ,10545,12.9338,11.9799,0.8779,33,0.887,2.2335,0.04188,124.6862,32.6485,-8.7731,0.2721,34601875460.0,748,0.071495,59.03,-8.1,14.15,1,0,-5.6969
6120,SK디스커버리,2024-02-07,44000,44900,KOSPI,9981,2.0455,3.8736,0.8108,44,0.6774,1.7592,0.020039,49.4176,10.8678,2.6593,0.1522,4758200060.0,736,0.026726,6.24,-3.9,-1.78,0,1,3.1495
4990,롯데지주,2024-02-07,32250,33350,KOSPI,31578,3.4109,3.5394,0.9574,248,0.4809,3.4787,-0.005903,36.4008,29.1588,2.6593,0.225,41143258450.0,659,0.04048,-0.75,-14.99,-11.39,0,1,3.1495
15760,한국전력,2024-02-07,20700,20850,KOSPI,368487,0.7246,1.3776,0.9,140,0.4232,1.44,0.005792,28.7832,7.7165,2.6593,0.0806,37793649630.0,763,0.026721,19.18,-2.16,15.11,1,1,3.1495
7860,서연,2024-02-07,9960,11710,KOSPI,2475,17.5703,57.5149,0.8393,179,0.8541,9.3779,-0.003117,76.8882,45.5685,2.6593,0.4473,45935833338.0,663,0.050872,10.25,-12.72,-12.72,1,1,3.1495
3300,한일홀딩스,2024-02-07,12420,12650,KOSPI,4733,1.8519,23.686,0.6829,158,0.7117,3.8784,-0.001208,19.4523,12.9714,2.6593,0.13,1507175954.0,678,0.025184,8.54,-0.24,-0.24,0,1,3.1495
3550,LG,2024-02-07,93500,93900,KOSPI,135715,0.4278,2.6215,0.9388,202,0.5652,2.452,-0.007419,30.9623,16.5031,2.6593,0.1898,84648802920.0,686,0.039556,10.22,-2.02,3.62,1,1,3.1495
92230,KPX홀딩스,2024-02-07,56200,56300,KOSPI,3164,0.1779,3.7651,0.9333,248,0.5,2.6527,-0.000823,15.3689,9.047,2.6593,0.0766,334480660.0,677,0.020173,4.09,-2.13,2.13,0,1,3.1495
35150,백산,2024-02-07,11100,11470,KOSPI,2632,3.3333,2.1545,0.9897,31,0.9888,0.7874,0.020408,56.4802,6.7872,2.6593,0.1167,2520821346.0,434,0.032694,6.19,-4.1,0.61,0,1,3.1495
42700,한미반도체,2024-02-08,66300,78500,KOSPI,179282,18.4012,13.3753,1.0,61,0.7445,2.2589,0.090616,451.6514,29.8996,3.1512,0.3341,239128000000.0,61,0.047589,29.17,-8.79,24.97,1,1,3.5649
320,노루홀딩스,2024-02-08,12500,13560,KOSPI,2711,8.48,121.9107,0.478,52,0.7484,13.9379,0.01378,42.2875,16.8488,3.1512,0.1976,9492340692.0,681,0.045301,-0.59,-16.15,-16.15,0,1,3.5649
90350,노루페인트,2024-02-08,10060,11370,KOSPI,1620,13.0219,134.7218,1.0,53,0.979,14.556,0.011679,52.6174,22.902,3.1512,0.2731,25334378002.0,681,0.03273,5.98,-11.35,-10.55,0,1,3.5649
2310,아세아제지,2024-02-08,9130,9160,KOSPI,3065,0.3286,1.096,0.7059,1,0.52,1.2847,0.021225,37.1257,5.2511,3.1512,0.0643,1209559700.0,670,0.02238,8.08,-3.93,0.44,0,1,3.5649
3580,HLB글로벌,2024-02-08,6750,7580,KOSPI,1092,12.2963,15.9729,0.6848,239,0.645,4.2569,-0.020169,122.6138,61.8107,3.1512,0.4478,16965463882.0,587,0.074538,-3.17,-19.79,-14.25,0,1,3.5649
394280,오픈엣지테크놀로지,2024-02-13,27000,28300,KOSDAQ,3163,4.8148,5.8213,0.4699,28,0.9982,1.1902,0.010448,98.3181,29.2634,-2.6415,0.2495,103322000000.0,28,0.072741,23.67,5.83,16.61,1,0,-1.1046
100790,미래에셋벤처투자,2024-02-13,6740,6800,KOSDAQ,9116,0.8902,1.4212,1.0,10,0.5357,1.2825,0.009031,56.3218,5.8281,-2.6415,0.0647,2339701932.0,479,0.055042,4.71,-13.53,-13.53,0,0,-1.1046
67160,SOOP,2024-02-13,112400,114500,KOSDAQ,8115,1.8683,0.3824,0.641,11,0.6821,0.4026,0.034001,84.0836,17.6013,-2.6415,0.0739,32520562840.0,557,0.054211,13.45,-2.62,11.35,1,0,-1.1046
281820,케이씨텍,2024-02-13,32500,33200,KOSPI,9238,2.1538,2.1946,0.6923,14,0.9726,1.0787,0.047196,99.7593,6.8504,4.9342,0.0975,7473470090.0,695,0.061747,52.11,-1.96,27.11,1,1,4.7075
400,롯데손해보험,2024-02-13,3105,3370,KOSPI,5105,8.5346,61.0178,1.0,95,0.7602,8.8121,0.054061,145.806,31.5031,4.9342,0.3294,27308193029.0,95,0.051929,0.15,-17.95,-17.95,0,1,4.7075
31980,피에스케이홀딩스,2024-02-13,33600,34200,KOSDAQ,15827,1.7857,3.9874,0.2537,131,0.6357,1.955,0.090295,326.9663,38.6256,-2.6415,0.1842,25843181850.0,131,0.066416,27.05,-4.68,20.18,1,0,-1.1046
53030,바이넥스,2024-02-13,11800,12380,KOSDAQ,5092,4.9153,2.0407,0.9815,178,0.5439,4.7905,-0.002083,70.0549,47.9466,-2.6415,0.2993,45007474842.0,739,0.068601,20.84,-13.0,18.66,1,0,-1.1046
348370,엔켐,2024-02-13,209500,267500,KOSDAQ,18070,27.685,2.0537,1.0,3,0.5553,1.7736,0.116928,435.0,189.9669,-2.6415,0.7297,439240000000.0,3,0.098692,24.49,-16.26,-11.03,1,0,-1.1046
23590,다우기술,2024-02-13,23850,24300,KOSPI,21469,1.8868,5.9771,0.8444,242,0.483,4.388,-0.00522,50.9317,30.3665,4.9342,0.2436,10146702720.0,650,0.056232,-3.91,-15.84,-7.2,0,1,4.7075
93520,매커스,2024-02-13,17020,17700,KOSDAQ,3265,3.9953,7.4408,0.6667,173,0.7051,1.425,0.031361,105.0985,59.9748,-2.6415,0.2427,63009679966.0,173,0.088943,1.41,-11.3,-11.3,0,0,-1.1046
399720,가온칩스,2024-02-13,75900,87300,KOSDAQ,7668,15.0198,4.656,0.8471,13,0.9254,1.1331,0.087635,279.5652,54.9975,-2.6415,0.3241,121681000000.0,13,0.085665,30.01,-3.78,12.03,1,0,-1.1046
178320,서진시스템,2024-02-13,21000,21450,KOSDAQ,20003,2.1429,7.5607,0.7222,159,0.9374,1.3749,0.008153,46.7168,13.839,-2.6415,0.0988,15097850122.0,767,0.039927,5.36,-6.9,5.36,0,0,-1.1046
5935,삼성전자우,2024-02-13,63000,63800,KOSPI,899204,1.2698,2.6314,0.619,28,0.7121,1.2187,0.010944,22.6923,1.7548,4.9342,0.0575,113662000000.0,762,0.019369,0.0,-3.76,-0.78,0,1,4.7075
3570,SNT다이내믹스,2024-02-14,16310,16960,KOSPI,16493,3.9853,1.3697,0.9774,44,0.5727,0.865,0.055153,105.0786,12.1878,3.7383,0.1391,2162975864.0,44,0.042748,10.08,-4.95,-1.65,1,1,3.5435
110990,디아이티,2024-02-14,24050,24500,KOSDAQ,3960,1.8711,1.8384,0.8276,60,0.8479,1.2374,0.093354,290.1274,24.5455,-0.7456,0.2038,17052030206.0,60,0.074344,1.22,-18.37,-18.37,0,0,-0.1182
260970,에스앤디,2024-02-14,19000,19030,KOSDAQ,1912,0.1579,1.4457,0.7681,22,0.8063,1.0261,0.003344,45.2672,4.0012,-0.7456,0.0696,299022612.0,763,0.044516,33.47,-6.2,30.06,1,0,-0.1182
2240,고려제강,2024-02-14,27923,28664,KOSPI,5778,2.6537,26.7053,0.1455,120,0.9371,7.101,0.008601,72.3321,51.1687,3.7383,0.4062,92507666668.0,589,0.063591,0.97,-31.34,-30.86,0,1,3.5435
131290,티에스이,2024-02-14,57600,57800,KOSDAQ,8539,0.3472,2.9491,0.7941,150,0.781,2.4046,0.010721,71.5134,27.9183,-0.7456,0.2322,22402626300.0,419,0.056908,6.57,-8.82,0.69,0,0,-0.1182
390,삼화페인트,2024-02-15,6890,7160,KOSPI,1842,3.9187,74.0891,0.5918,33,0.867,9.17,-0.001611,33.3333,11.3925,4.6529,0.1564,7239192290.0,766,0.036014,0.0,-8.66,-8.66,0,1,3.2716
203650,드림시큐리티,2024-02-15,1964,2009,KOSDAQ,1610,2.2912,3.4503,0.84,97,0.8508,0.681,0.011952,37.4145,9.5095,0.5124,0.097,4746665090.0,663,0.034914,-1.74,-8.61,-7.37,0,1,0.5892
101360,에코앤드림,2024-02-15,41080,47425,KOSDAQ,3806,15.4455,7.0307,1.0001,216,0.6452,2.4926,-0.039284,214.907,73.8314,0.5124,0.7765,77338312307.0,216,0.083015,41.14,-4.35,1.84,1,1,0.5892
41190,우리기술투자,2024-02-15,8020,8530,KOSDAQ,6569,6.3591,7.9673,0.8355,23,0.9932,1.2663,0.039093,180.5921,29.9158,0.5124,0.3523,113014000000.0,702,0.053341,31.42,-8.44,2.7,1,1,0.5892
206650,유바이오로직스,2024-02-15,12300,12350,KOSDAQ,4588,0.4065,4.535,0.9274,96,0.605,1.2147,0.035829,94.4882,15.7776,0.5124,0.1444,5075814894.0,584,0.04037,6.48,-4.45,3.24,0,1,0.5892
86450,동국제약,2024-02-15,18650,18920,KOSDAQ,8132,1.4477,3.871,0.4615,22,0.8346,1.0517,0.014546,44.759,4.7742,0.5124,0.0613,5498963238.0,751,0.036356,-0.37,-17.12,-16.12,0,1,0.5892
192080,더블유게임즈,2024-02-15,43358,46000,KOSPI,10820,6.0935,8.6907,0.75,22,0.6471,1.759,0.009822,40.3637,2.6983,4.6529,0.1007,5989366300.0,572,0.033929,5.98,-10.65,-6.96,0,1,3.2716
317330,덕산테코피아,2024-02-15,24600,24950,KOSDAQ,3792,1.4228,1.8061,1.0,208,0.7245,1.3111,-0.009699,78.3417,23.617,0.5124,0.2459,19445763292.0,551,0.054681,54.91,1.4,30.66,1,1,0.5892
3530,한화투자증권,2024-02-15,4400,4555,KOSPI,12980,3.5227,8.8377,0.5304,23,0.7882,1.3703,0.036334,101.5487,26.6151,4.6529,0.2049,70633005192.0,703,0.059746,4.94,-11.31,-10.87,0,1,3.2716
253590,네오셈,2024-02-16,14270,14480,KOSDAQ,6532,1.4716,1.2386,0.8194,17,0.9327,1.1222,0.186852,392.517,33.1432,2.947,0.236,196341000000.0,17,0.093775,11.74,-13.05,11.74,1,1,0.4073
16610,DB증권,2024-02-16,4445,4465,KOSPI,5454,0.4499,0.5716,1.0,250,0.3125,1.5642,-0.000137,18.435,9.6966,8.7385,0.0975,392599804.0,683,0.025276,4.14,-1.46,0.45,0,1,4.6313
16360,삼성증권,2024-02-16,40750,41200,KOSPI,75012,1.1043,3.1451,0.9344,37,0.5317,1.6661,0.014156,34.8609,4.4484,8.7385,0.0897,13302762690.0,603,0.032074,1.82,-4.37,-0.12,0,1,4.6313
89030,테크윙,2024-02-19,18900,21550,KOSDAQ,16841,14.0212,4.6985,0.933,3,0.4759,1.5539,0.114076,281.4159,65.938,2.1587,0.295,74414116906.0,3,0.069274,40.6,-5.57,33.18,1,1,0.5072
71055,한국금융지주우,2024-02-19,47800,50200,KOSPI,8295,5.0209,3.8222,0.8909,1,0.4466,1.7096,0.006146,35.6757,14.5665,9.8449,0.1454,1726839570.0,667,0.028102,-0.2,-5.88,-5.08,0,1,5.8428
3690,코리안리,2024-02-19,6874,6951,KOSPI,22443,1.1202,2.7363,0.5646,54,0.3478,1.6994,0.020154,44.0622,8.3493,9.8449,0.0737,4572527127.0,54,0.029071,2.19,-4.03,1.09,0,1,5.8428
51600,한전KPS,2024-02-19,38650,38950,KOSPI,24435,0.7762,7.5942,0.8333,205,0.8952,2.4095,-0.005953,22.8707,7.4744,9.8449,0.1239,14557415840.0,666,0.023748,-1.41,-7.7,-7.7,0,1,5.8428
1500,현대차증권,2024-02-19,8630,8647,KOSPI,5478,0.197,2.3196,0.6398,248,0.342,1.9962,0.00037,21.4808,6.9433,9.8449,0.0866,966671636.0,766,0.026632,-0.4,-5.27,-3.1,0,1,5.8428
34730,SK,2024-02-19,199000,207500,KOSPI,217146,4.2714,2.8167,0.8571,250,0.4144,1.6953,0.00671,53.8176,27.3905,9.8449,0.1439,49402573060.0,756,0.047676,-1.45,-13.64,-11.95,0,1,5.8428
6805,미래에셋증권우,2024-02-19,4415,4435,KOSPI,2790,0.453,2.38,0.8438,250,0.3614,1.6397,-0.000251,24.2297,11.4957,9.8449,0.1027,265785718.0,698,0.025044,1.47,-4.62,-4.4,0,1,5.8428
2710,TCC스틸,2024-02-19,73100,75900,KOSPI,4270,3.8304,8.1047,0.9804,138,0.7298,2.4431,0.040022,554.8749,33.6333,9.8449,0.4153,70914046100.0,138,0.056183,8.3,-18.97,-16.34,0,1,5.8428
126560,현대퓨처넷,2024-02-19,3510,3565,KOSPI,3526,1.567,1.3662,0.8182,42,0.629,1.1232,0.001122,37.6448,9.987,9.8449,0.1015,855240884.0,717,0.029152,6.59,-4.63,-3.65,0,1,5.8428
21820,세원정공,2024-02-19,9140,9240,KOSPI,1264,1.0941,1.7265,0.3235,174,0.5637,1.4371,0.005522,56.6102,36.3576,9.8449,0.2133,595658790.0,771,0.077613,0.54,-11.26,-11.26,0,1,5.8428
17670,SK텔레콤,2024-02-19,52300,52900,KOSPI,149064,1.1472,1.3207,0.9,54,0.5,1.2875,0.004936,21.4696,-2.7599,9.8449,0.0473,30770899140.0,529,0.013638,2.08,-1.7,0.57,0,1,5.8428
1045,CJ우,2024-02-19,55300,55900,KOSPI,2186,1.085,2.3438,0.8421,203,0.3439,1.7473,-0.002922,34.375,4.587,9.8449,0.084,158035360.0,669,0.027025,8.77,-4.65,6.62,0,1,5.8428
3555,LG우,2024-02-19,68600,70000,KOSPI,2063,2.0408,4.2532,0.9259,203,0.3793,2.1583,-0.003073,25.2236,14.489,9.8449,0.131,1369878060.0,640,0.031531,-1.0,-9.0,-8.86,0,1,5.8428
161390,한국타이어앤테크놀로지,2024-02-19,55500,56200,KOSPI,76679,1.2613,0.3845,0.8889,1,0.5217,1.1597,0.042256,72.1286,9.4757,9.8449,0.1049,17893249280.0,655,0.043404,4.45,-11.03,-11.03,0,1,5.8428
170900,동아에스티,2024-02-19,69545,71016,KOSPI,5004,2.1152,2.8915,0.9355,13,1.0,0.9916,0.023091,46.4338,-6.5639,9.8449,0.0559,3280635176.0,636,0.033645,17.82,-3.87,0.55,1,1,5.8428
166480,코아스템켐온,2024-02-19,7567,8020,KOSDAQ,1576,5.9865,3.4321,0.9703,250,0.4743,2.0891,-0.0039,75.3389,18.8797,2.1587,0.2239,1049385566.0,769,0.047658,15.14,-6.08,15.14,1,1,0.5072
12450,한화에어로스페이스,2024-02-20,154733,156771,KOSPI,637324,1.3171,2.5677,0.2989,1,0.7896,1.1624,0.026941,77.7147,-1.0524,7.4836,0.1035,126740000000.0,1,0.043626,32.55,0.13,24.37,1,1,4.9205
12510,더존비즈온,2024-02-20,52900,55800,KOSPI,27952,5.482,3.5203,0.9153,233,0.5034,1.8587,0.048662,118.8235,19.7684,7.4836,0.1509,41970758360.0,765,0.083909,-4.12,-25.27,-20.16,0,1,4.9205
11280,태림포장,2024-02-20,3210,3315,KOSPI,1409,3.271,16.6251,0.4533,27,0.9018,1.9487,0.00393,47.3333,10.0696,7.4836,0.1647,8819768774.0,743,0.050205,5.43,-7.69,1.06,0,1,4.9205
16800,퍼시스,2024-02-20,32900,33050,KOSPI,4876,0.4559,2.4409,0.7429,39,0.5972,1.2585,0.004964,15.1568,1.2335,7.4836,0.0639,79558380.0,696,0.022801,7.72,-1.06,4.99,0,1,4.9205
114810,한솔아이원스,2024-02-20,10260,10820,KOSDAQ,3806,5.4581,3.9711,0.9425,33,0.915,1.2453,0.015158,55.9078,8.9881,2.7888,0.1281,1812005700.0,545,0.041062,20.7,1.02,20.7,1,1,1.3924
257720,실리콘투,2024-02-21,10310,10400,KOSDAQ,31809,0.8729,21.6431,0.9249,89,0.8794,2.7159,0.072906,261.1111,20.612,2.9035,0.2405,47957257798.0,89,0.048558,4.04,-14.33,4.04,0,1,1.1267
950140,잉글우드랩,2024-02-21,15350,15480,KOSDAQ,2487,0.8469,2.4018,0.9818,25,0.4914,0.9114,0.093204,253.8286,3.1239,2.9035,0.0788,2003041636.0,25,0.048957,4.65,-26.36,-26.03,0,1,1.1267
4380,삼익THK,2024-02-21,16700,18300,KOSPI,2062,9.5808,20.5257,0.5807,225,0.5317,6.7521,-0.015848,87.3081,61.62,7.6677,0.4658,56010260660.0,225,0.08466,0.0,-23.61,-5.74,0,1,4.7088
330860,네패스아크,2024-02-21,30850,36900,KOSDAQ,2125,19.611,17.6119,1.0,30,0.8152,3.5674,0.004668,112.069,23.9007,2.9035,0.3674,80770856960.0,761,0.059911,14.23,-6.78,-5.69,1,1,1.1267
59270,해성에어로보틱스,2024-02-21,16050,18290,KOSDAQ,1554,13.9564,2.8321,0.7576,1,0.4909,1.9219,0.059981,231.3406,92.5025,2.9035,0.5463,9026582704.0,698,0.076584,5.08,-47.29,-21.82,0,1,1.1267
1530,DI동일,2024-02-21,29198,29531,KOSPI,3812,1.1405,1.0118,0.6255,66,0.4634,0.8623,0.02023,73.2633,21.9338,7.6677,0.1373,4345793083.0,616,0.028004,-1.7,-19.29,-17.6,0,1,4.7088
234690,녹십자웰빙,2024-02-22,10310,10460,KOSDAQ,1663,1.4549,0.5931,0.9867,18,0.3788,0.8753,0.025692,72.6073,7.7056,3.571,0.1115,1912206644.0,774,0.064395,14.72,0.38,0.38,1,1,1.8217
196170,알테오젠,2024-02-22,98500,105000,KOSDAQ,210010,6.599,4.9766,1.0,36,0.5971,1.3526,0.059541,228.125,34.5869,3.571,0.2828,212000000000.0,36,0.071429,99.05,24.95,94.29,1,1,1.8217
660,SK하이닉스,2024-02-22,151300,156500,KOSPI,6086100,3.4369,1.7477,1.0,3,0.4355,1.3183,0.046312,98.1013,3.6601,7.4905,0.1018,636037000000.0,3,0.032451,9.84,-1.73,8.5,0,1,5.1064
241710,코스메카코리아,2024-02-22,42000,42250,KOSDAQ,10605,0.5952,2.861,0.1887,29,0.7892,1.3545,0.109817,386.7512,4.6237,3.571,0.0886,7063629300.0,29,0.053677,1.78,-22.6,-19.29,0,1,1.8217
322310,오로스테크놀로지,2024-02-22,34650,35100,KOSDAQ,2492,1.2987,1.2843,0.8358,19,0.5359,0.7111,0.061539,134.0,14.8102,3.571,0.1262,13466461270.0,739,0.068173,8.69,-6.55,-3.99,0,1,1.8217
200470,에이팩트,2024-02-22,4995,5000,KOSDAQ,3249,0.1001,6.6794,0.6634,19,0.8173,1.3327,0.029225,100.4008,4.4204,3.571,0.2405,25305196244.0,636,0.071214,18.2,-9.6,4.6,1,1,1.8217
32620,유비케어,2024-02-23,6700,7170,KOSDAQ,2017,7.0149,29.1225,0.6022,238,0.5827,6.1547,-0.016138,73.1884,37.2719,3.8698,0.3442,162605000000.0,643,0.081441,-9.48,-25.94,-25.94,0,1,1.6262
2350,넥센타이어,2024-02-23,9290,9400,KOSPI,7667,1.1841,3.3585,0.7959,191,0.4262,1.4154,0.001139,35.2518,14.0603,8.0176,0.0986,1592041312.0,653,0.033283,2.34,-14.89,-10.96,0,1,5.2073
33780,KT&G,2024-02-23,92900,93000,KOSPI,182274,0.1076,0.8804,1.0,13,0.3671,0.7827,0.006886,14.3911,0.2478,8.0176,0.0266,17309997300.0,303,0.017742,2.37,-1.83,-0.97,0,1,5.2073
23410,유진기업,2024-02-23,3875,3980,KOSDAQ,3073,2.7097,70.2979,0.337,82,0.7647,8.011,0.005705,24.181,15.8294,3.8698,0.1119,13313584757.0,697,0.033022,-1.01,-7.66,-4.27,0,1,1.6262
270660,에브리봇,2024-02-23,48000,55500,KOSDAQ,3154,15.625,1.0061,0.8182,1,0.5439,0.7037,0.118947,460.6061,154.8714,3.8698,0.6076,60987769900.0,747,0.093179,-29.91,-54.95,-53.96,0,1,1.6262
114840,아이패밀리에스씨,2024-02-23,17529,17630,KOSDAQ,2785,0.5762,0.953,0.622,5,0.329,1.2281,0.05957,189.206,3.1148,3.8698,0.0677,3377301156.0,5,0.069435,14.29,-3.8,14.29,1,1,1.6262
8730,율촌화학,2024-02-23,48400,48450,KOSPI,6473,0.1033,2.7923,0.8312,243,0.2788,2.8856,-0.015954,90.0,80.1377,8.0176,0.3428,19861259220.0,254,0.073271,-1.75,-17.54,-11.15,0,1,5.2073
98460,고영,2024-02-23,21050,21350,KOSDAQ,22073,1.4252,6.8064,0.4818,19,0.8039,1.6775,0.027579,95.8716,12.289,3.8698,0.1607,278298000000.0,698,0.075778,2.58,-11.48,-11.48,0,1,1.6262
200710,에이디테크놀로지,2024-02-23,32850,36350,KOSDAQ,4812,10.6545,10.6457,0.6015,36,0.7382,1.8739,0.037162,109.9942,23.2281,3.8698,0.2539,53626835730.0,36,0.058754,30.95,-4.13,3.99,1,1,1.6262
59210,메타바이오메드,2024-02-26,5080,5440,KOSDAQ,1336,7.0866,10.9258,0.8497,68,0.5299,2.4369,0.057802,153.6131,26.5786,5.3002,0.207,7801665588.0,68,0.056526,-2.94,-19.39,-19.39,0,1,1.4823
405100,큐알티,2024-02-26,29000,29850,KOSDAQ,2124,2.931,5.4485,0.7288,20,0.4515,1.4543,0.08499,169.4043,-2.3692,5.3002,0.1922,39497646570.0,20,0.113137,39.7,4.19,7.87,1,1,1.4823
4840,DRB동일,2024-02-27,6520,7470,KOSPI,1146,14.5706,157.5972,1.0,111,0.7597,16.6991,0.030539,79.3517,36.1049,5.9103,0.2288,11078514664.0,669,0.049149,-6.43,-18.21,-18.21,0,1,3.475
148150,세경하이테크,2024-02-27,8170,8200,KOSDAQ,1713,0.3672,1.6228,0.9012,8,0.5685,1.5371,0.035211,142.1022,8.2431,1.972,0.0954,8952694768.0,610,0.063676,21.95,2.32,20.37,1,0,-0.1209
36930,주성엔지니어링,2024-02-28,36850,40000,KOSDAQ,19380,8.5482,13.0943,0.8864,70,0.7004,2.3712,0.061021,284.2459,15.6267,5.402,0.2467,155365000000.0,70,0.053125,-4.88,-15.62,-7.12,0,1,0.9961
79550,LIG넥스원,2024-02-28,138500,140100,KOSPI,99880,1.1552,0.8391,0.549,44,0.3901,1.0303,0.048743,106.9424,23.0604,6.064,0.1427,77710134780.0,44,0.054298,30.84,2.21,26.27,1,1,4.5176
264450,유비쿼스,2024-02-28,11500,11660,KOSDAQ,1861,1.3913,4.539,0.8741,95,0.89,2.4731,0.0182,37.0797,6.7134,5.402,0.0904,4588635547.0,652,0.040162,2.86,-2.8,2.11,0,1,0.9961
86980,쇼박스,2024-02-28,4355,4420,KOSDAQ,1522,1.4925,17.3192,0.7748,170,0.7706,3.7282,0.006676,67.4242,21.0644,5.402,0.1859,37023616077.0,577,0.048319,1.47,-15.84,-15.38,0,1,0.9961
60250,NHN KCP,2024-02-28,14080,14210,KOSDAQ,9137,0.9233,1.397,0.5125,250,0.4248,2.0835,0.006311,79.1929,9.2873,5.402,0.139,52782802040.0,778,0.070373,0.63,-12.67,-12.6,0,1,0.9961
294870,HDC현대산업개발,2024-02-28,19230,20400,KOSPI,13247,6.0842,2.0457,0.8993,4,0.5487,0.9793,0.054322,104.6138,7.4585,6.064,0.1027,9100734462.0,652,0.034174,-2.6,-17.7,-12.06,0,1,4.5176
39030,이오테크닉스,2024-02-28,195900,202000,KOSDAQ,43488,3.1138,2.9681,0.8996,25,0.8297,1.1791,0.068849,195.754,10.0266,5.402,0.132,40549630260.0,25,0.049116,1.98,-13.66,-5.0,0,1,0.9961
256840,한국비엔씨,2024-02-29,4695,4745,KOSDAQ,3242,1.065,15.8707,0.064,116,0.8,3.9292,0.00026,65.0435,22.8577,5.3855,0.1798,57779316239.0,596,0.050805,91.57,16.54,56.38,1,1,0.9336
28300,HLB,2024-02-29,80700,81500,KOSDAQ,71455,0.9913,0.8391,1.0,6,0.4658,0.8381,0.117823,190.5526,11.3766,5.3855,0.0975,191373000000.0,6,0.063716,48.22,-2.21,29.08,1,1,0.9336
3545,대신증권우,2024-02-29,14950,14960,KOSPI,5772,0.0669,1.5583,0.871,4,0.4519,1.3029,0.014132,24.1494,0.5808,5.7447,0.0219,1351244272.0,604,0.013035,9.89,-2.94,-2.94,0,1,4.0998
73010,케이에스피,2024-02-29,3560,3670,KOSDAQ,1716,3.0899,13.1416,0.5,23,0.9809,2.5768,0.061442,123.6441,11.1224,5.3855,0.099,8284207379.0,23,0.082717,7.08,-7.63,0.27,0,1,0.9336
3540,대신증권,2024-02-29,16340,16430,KOSPI,15004,0.5508,1.2693,0.8478,4,0.5115,0.8681,0.019637,34.1224,0.8743,5.7447,0.0277,1970197232.0,602,0.022302,9.07,-4.81,-4.81,0,1,4.0998
83450,GST,2024-02-29,18793,19444,KOSDAQ,5050,3.4641,1.4502,0.8309,10,0.4629,1.18,0.036784,92.0774,10.4353,5.3855,0.1054,27429527106.0,549,0.083125,58.51,18.43,21.78,1,1,0.9336
2030,아세아,2024-02-29,197900,207500,KOSPI,5876,4.8509,0.7617,1.0,12,0.7936,0.5191,0.032956,57.7947,0.9391,5.7447,0.0663,241629600.0,12,0.03105,19.04,-1.93,15.18,1,1,4.0998
71320,지역난방공사,2024-02-29,43350,46150,KOSPI,11428,6.4591,2.9731,0.7386,8,0.6146,4.4542,0.038679,99.3521,36.6935,5.7447,0.2245,20686395010.0,670,0.091008,-2.17,-20.69,-20.69,0,1,4.0998
319660,피에스케이,2024-02-29,23350,25400,KOSDAQ,16077,8.7794,8.806,0.7887,152,0.6647,2.0647,0.00328,49.7642,17.6169,5.3855,0.1712,15216084650.0,534,0.038245,18.9,0.0,18.9,1,1,0.9336
298040,효성중공업,2024-03-04,214500,222500,KOSPI,213159,3.7296,3.1362,0.8333,60,0.6231,1.339,0.066436,239.1768,22.4156,7.0955,0.2599,24313793500.0,60,0.049952,29.44,2.7,29.44,1,1,5.3228
175330,JB금융지주,2024-03-04,13610,13640,KOSPI,48231,0.2204,1.1206,0.9062,3,0.5228,1.4008,0.042551,66.9523,12.1353,7.0955,0.0803,12803199530.0,3,0.042051,2.71,-7.18,-7.18,0,1,5.3228
160980,싸이맥스,2024-03-04,16800,17110,KOSDAQ,1920,1.8452,2.7952,0.8333,116,0.6675,2.5968,0.010162,41.405,13.6917,9.225,0.1669,1980548292.0,706,0.034399,21.86,11.4,21.27,1,1,2.0822
1270,부국증권,2024-03-04,26600,26650,KOSPI,7414,0.188,0.4075,0.7778,5,0.3857,0.921,0.025533,36.8772,3.4855,7.0955,0.048,103471770.0,5,0.032297,2.25,-9.01,-9.01,0,1,5.3228
3160,디아이,2024-03-04,8900,9040,KOSPI,9042,1.573,1.5138,0.5,110,0.3266,3.7259,-0.00446,95.0378,43.5712,7.0955,0.2545,9188189918.0,628,0.06574,41.04,4.42,35.07,1,1,5.3228
33100,제룡전기,2024-03-04,26500,27200,KOSDAQ,7003,2.6415,19.626,1.0,124,0.8992,2.7081,0.028422,150.23,24.4359,9.225,0.2628,36010664460.0,124,0.04438,70.77,0.37,70.77,1,1,2.0822
24110,기업은행,2024-03-04,14020,14040,KOSPI,173241,0.1427,1.2694,0.7714,9,0.7059,1.1932,0.031806,46.4025,5.0451,7.0955,0.0358,30234144564.0,9,0.028694,11.82,-5.2,-5.2,1,1,5.3228
18310,삼목에스폼,2024-03-04,18490,23700,KOSDAQ,2836,28.1774,64.616,1.0,121,0.9293,7.3894,0.017464,72.9927,36.4419,9.225,0.3168,6977671934.0,461,0.036739,5.06,-5.27,-1.05,0,1,2.0822
5387,현대차2우B,2024-03-04,167100,169000,KOSPI,89857,1.137,1.4581,1.0,9,0.454,1.857,0.045175,83.8955,35.7617,7.0955,0.1061,66893358880.0,9,0.061243,-1.48,-12.37,-12.37,0,1,5.3228
12330,현대모비스,2024-03-04,248500,252000,KOSPI,398316,1.4085,1.5137,0.8889,154,0.5111,1.3347,0.004488,26.6332,12.9045,7.0955,0.0704,73072961100.0,767,0.035714,6.75,-0.79,-0.4,0,1,5.3228
39980,폴라리스AI,2024-03-04,1928,2310,KOSDAQ,1290,19.8133,6.2317,0.7694,6,0.6036,2.1854,0.081683,199.2228,60.5031,9.225,0.4284,29116102194.0,6,0.095918,25.76,-5.63,-3.03,1,1,2.0822
5385,현대차우,2024-03-04,162100,166000,KOSPI,59053,2.4059,1.5207,0.8929,9,0.4419,1.6705,0.045874,84.4444,33.3445,7.0955,0.1062,39225869340.0,9,0.051162,-0.6,-9.52,-9.52,0,1,5.3228
270,기아,2024-03-04,124500,125600,KOSPI,585229,0.8835,1.3225,0.5517,1,0.5968,1.1575,0.03689,66.7995,14.9648,7.0955,0.0777,375806000000.0,1,0.041344,2.31,-13.46,-13.46,0,1,5.3228
36530,SNT홀딩스,2024-03-04,22000,23200,KOSPI,8494,5.4545,3.9297,0.7083,12,0.79,1.1454,0.033139,56.229,13.1118,7.0955,0.1053,659938770.0,660,0.047414,3.02,-11.85,0.65,0,1,5.3228
34950,한국기업평가,2024-03-04,79500,79700,KOSDAQ,4386,0.2516,1.2596,0.75,105,0.3438,1.0706,0.008698,16.0116,-6.3863,9.225,0.0143,153484100.0,780,0.007618,6.15,0.75,5.77,0,1,2.0822
3547,대신증권2우B,2024-03-04,14420,14770,KOSPI,2115,2.4272,1.3742,0.9778,5,0.5374,1.3983,0.015297,28.8831,3.1284,7.0955,0.049,747435216.0,605,0.021617,8.06,-6.16,-6.16,0,1,5.3228
815,삼성화재우,2024-03-05,236000,241500,KOSPI,11282,2.3305,2.0505,0.6071,1,0.6044,1.4351,0.032747,53.3333,14.7594,4.2062,0.0788,5905197000.0,1,0.037711,6.42,-8.9,-8.7,0,1,4.312
32830,삼성생명,2024-03-05,103900,104500,KOSPI,356600,0.5775,1.5835,0.5075,1,0.5906,1.7934,0.032522,73.8769,33.2938,4.2062,0.19,96534515440.0,1,0.060971,1.44,-12.44,-11.1,0,1,4.312
71050,한국금융지주,2024-03-05,73600,74100,KOSPI,111452,0.6793,1.2546,0.4211,1,0.5672,1.2006,0.023708,56.0,7.7274,4.2062,0.0799,12810839860.0,702,0.032581,-1.75,-10.12,-8.91,0,1,4.312
2960,한국쉘석유,2024-03-05,245000,252500,KOSPI,5596,3.0612,4.8397,1.0,68,0.6415,1.7337,0.00236,19.1038,7.0273,4.2062,0.0718,1341154400.0,689,0.016266,1.58,-2.77,1.58,0,1,4.312
5810,풍산홀딩스,2024-03-05,29557,31200,KOSPI,5623,5.5588,2.9958,0.9167,213,0.559,2.089,0.005861,56.6344,16.3922,4.2062,0.1233,2400892892.0,213,0.038967,0.48,-8.49,-8.49,0,1,4.312
5945,NH투자증권우,2024-03-05,10820,10830,KOSPI,4133,0.0924,0.9444,0.3636,1,0.4505,1.1357,0.014369,26.3711,2.704,4.2062,0.0343,724598296.0,543,0.017676,10.62,-3.14,-3.05,1,1,4.312
500,가온전선,2024-03-05,26900,27400,KOSPI,13268,1.8587,7.3463,0.5287,6,0.8188,1.4283,0.04677,84.8853,15.9693,4.2062,0.0975,10320695710.0,677,0.065302,11.31,-2.92,-1.09,1,1,4.312
64800,포니링크,2024-03-05,3100,3150,KOSDAQ,1010,1.6129,0.6673,0.8491,3,0.4462,1.3523,0.067848,229.8429,88.9,8.4684,0.3965,15920270041.0,3,0.09941,14.13,-17.46,-9.21,1,1,1.2887
29780,삼성카드,2024-03-05,38800,39100,KOSPI,63722,0.7732,0.8708,0.8,1,0.6818,1.4144,0.020447,37.193,7.8282,4.2062,0.0732,4744928800.0,1,0.027585,6.14,-6.52,-6.52,0,1,4.312
145020,휴젤,2024-03-06,205500,209500,KOSDAQ,32790,1.9465,1.3404,0.8235,1,0.5257,1.6308,0.046613,107.8373,21.039,6.8608,0.191,22955941300.0,648,0.049506,-3.58,-15.47,-3.58,0,1,1.764
83500,에프엔에스테크,2024-03-06,12650,13010,KOSDAQ,1403,2.8458,25.6578,1.0,42,1.0,3.4407,0.012349,69.6219,16.6909,6.8608,0.2364,10344879818.0,614,0.048479,5.76,-8.3,-5.61,0,1,1.764
82640,동양생명,2024-03-06,6140,6360,KOSPI,11150,3.5831,1.5972,0.7838,2,0.7904,1.5496,0.038956,86.7841,20.8381,1.001,0.1573,4186893710.0,592,0.041779,0.16,-19.81,-19.81,0,1,3.9697
105560,KB금융,2024-03-06,69700,69800,KOSPI,508870,0.1435,0.9911,0.7083,15,0.9091,1.314,0.033086,50.1075,4.278,1.001,0.0581,195763000000.0,15,0.045334,12.61,-3.58,-3.58,1,1,3.9697
141080,리가켐바이오,2024-03-06,65000,77600,KOSDAQ,70292,19.3846,10.0483,1.0,44,0.7872,1.9465,0.033396,136.5854,52.6458,6.8608,0.4335,255181000000.0,782,0.056425,1.8,-16.11,-14.69,0,1,1.764
352480,씨앤씨인터내셔널,2024-03-06,74600,75000,KOSDAQ,4859,0.5362,1.9641,0.9683,29,0.7814,1.8288,0.054249,147.117,11.9981,6.8608,0.0933,16333784320.0,29,0.064286,8.4,-9.6,8.4,0,1,1.764
640,동아쏘시오홀딩스,2024-03-06,111228,112102,KOSPI,6922,0.7858,2.0154,0.9323,17,0.7719,0.9356,0.028064,47.5706,2.8693,1.001,0.0459,946234229.0,647,0.030764,3.12,-2.34,1.04,0,1,3.9697
55550,신한지주,2024-03-06,45300,45600,KOSPI,399562,0.6623,1.2782,0.9667,20,0.6864,1.269,0.022654,40.3077,-0.3388,1.001,0.05,125089000000.0,20,0.037046,12.94,-4.61,-4.61,1,1,3.9697
298380,에이비엘바이오,2024-03-06,25600,27300,KOSDAQ,109351,6.6406,12.1699,0.7284,217,0.6303,2.4146,-0.002671,75.7888,15.0142,6.8608,0.248,56197695760.0,520,0.047096,2.56,-8.97,-8.97,0,1,1.764
104830,원익머트리얼즈,2024-03-06,33150,34500,KOSDAQ,4766,4.0724,6.5191,0.875,164,0.7087,1.485,0.016061,40.5295,10.4861,6.8608,0.1013,3309095560.0,709,0.038199,10.29,-5.07,8.55,1,1,1.764
123890,한국자산신탁,2024-03-06,3445,3490,KOSPI,3169,1.3062,1.5517,0.9286,71,0.6327,1.2102,0.013318,26.4493,4.917,1.001,0.0355,531913440.0,690,0.015043,0.72,-10.46,-10.32,0,1,3.9697
92870,엑시콘,2024-03-07,21000,21622,KOSDAQ,3224,2.9619,9.5621,0.3573,41,0.7357,1.3248,0.060514,162.7856,41.8325,6.854,0.2492,75468448291.0,41,0.053507,47.57,1.55,42.7,1,1,0.8866
211050,인카금융서비스,2024-03-07,4030,4290,KOSDAQ,7188,6.4516,1.2888,0.9096,10,0.7604,0.9206,0.059247,162.2249,11.7198,6.854,0.1026,883843924.0,10,0.058725,9.32,-4.9,-3.73,0,1,0.8866
103140,풍산,2024-03-07,45700,46100,KOSPI,32957,0.8753,8.9872,0.1875,214,0.6727,2.7796,-0.005866,44.5141,13.3658,2.173,0.1265,28669114630.0,696,0.045941,15.18,-3.58,15.18,1,1,4.1757
68790,DMS,2024-03-07,7000,7030,KOSDAQ,1429,0.4286,1.7017,0.9167,34,0.5325,1.3154,0.001286,37.8431,3.334,6.854,0.0591,1086224608.0,768,0.022048,3.98,-8.53,-7.25,0,1,0.8866
78000,텔코웨어,2024-03-08,10990,11040,KOSPI,1418,0.455,3.165,0.4032,21,0.8226,0.8251,0.014242,29.8824,-0.5751,4.0428,0.044,123494072.0,659,0.026915,-2.36,-5.71,-5.07,0,1,5.4218
281740,레이크머티리얼즈,2024-03-08,25250,29650,KOSDAQ,17419,17.4257,14.1797,0.8571,178,0.7578,3.0506,0.035544,382.899,71.7183,8.1967,0.4495,158508000000.0,178,0.071694,3.37,-19.56,-13.49,0,1,1.998
2380,KCC,2024-03-08,286500,291500,KOSPI,42211,1.7452,1.1054,0.875,2,0.619,1.0922,0.022587,53.8259,5.1333,4.0428,0.0732,11918732400.0,611,0.043984,-0.51,-12.52,-11.32,0,1,5.4218
5940,NH투자증권,2024-03-08,11950,11980,KOSPI,89442,0.251,1.0195,0.8182,4,0.3772,1.0203,0.022803,40.281,4.3735,4.0428,0.0345,8727545006.0,539,0.020332,9.02,-5.84,-3.09,0,1,5.4218
47920,HLB제약,2024-03-08,21850,22900,KOSDAQ,5313,4.8055,3.8938,0.746,20,0.8063,0.9759,0.03478,92.437,-3.3912,8.1967,0.1686,36893950280.0,617,0.063755,79.48,14.41,22.49,1,1,1.998
402340,SK스퀘어,2024-03-08,72900,75000,KOSPI,663077,2.8807,1.5471,0.8696,10,0.4306,1.2444,0.059045,110.3787,16.1495,4.0428,0.0963,39928023580.0,560,0.044,6.67,-8.53,0.67,0,1,5.4218
187660,현대ADM,2024-03-08,1596,1634,KOSDAQ,1719,2.381,2.5815,0.9083,168,0.8859,1.0113,0.027882,82.774,2.2833,8.1967,0.1958,1847579534.0,681,0.061068,17.38,-17.26,-0.61,1,1,1.998
191420,테고사이언스,2024-03-08,15470,16400,KOSDAQ,1142,6.0116,3.987,1.0,66,0.6098,2.1695,-0.007249,118.6667,36.936,8.1967,0.321,902844408.0,782,0.04878,52.44,-2.38,52.44,1,1,1.998
39440,에스티아이,2024-03-08,36900,37000,KOSDAQ,5334,0.271,4.396,0.3377,75,0.5259,1.5382,0.089364,245.7944,19.3895,8.1967,0.0916,40764262930.0,75,0.064479,4.73,-8.38,-7.3,0,1,1.998
100,유한양행,2024-03-11,76470,77400,KOSPI,83727,1.2162,5.8159,0.3617,119,0.7409,2.0653,0.019586,61.4215,23.7234,1.926,0.1572,77569394080.0,119,0.043651,2.33,-7.88,-7.88,0,1,4.5782
25320,시노펙스,2024-03-11,8783,10181,KOSDAQ,6937,15.9171,4.6577,0.9551,40,0.7678,0.9633,0.133765,357.3675,46.4673,7.8838,0.3468,80218911334.0,40,0.058632,8.37,-24.43,-19.35,0,1,2.2839
10660,화천기계,2024-03-11,5380,5390,KOSPI,1234,0.1859,11.6493,1.0,182,0.4612,3.4171,0.031443,101.8727,55.6764,1.926,0.2656,18930716667.0,349,0.067917,67.16,-6.31,-1.67,1,1,4.5782
86390,유니테스트,2024-03-11,15610,15730,KOSDAQ,2872,0.7687,2.7457,0.8768,177,0.8416,1.4981,0.008041,46.3256,9.5919,7.8838,0.1326,8751549416.0,572,0.040914,13.54,-4.32,-3.05,1,1,2.2839
58470,리노공업,2024-03-11,46854,48556,KOSDAQ,71868,3.6326,6.3146,0.8401,32,0.9214,1.5206,0.047475,118.8686,16.7946,7.8838,0.1604,86662001185.0,32,0.047631,11.13,-2.89,2.47,1,1,2.2839
2450,삼익악기,2024-03-11,1290,1292,KOSPI,1037,0.155,1.225,0.7619,2,0.2605,2.0105,-0.00678,26.2952,21.5922,1.926,0.1177,408973944.0,672,0.027753,0.15,-2.4,0.08,0,1,4.5782
115450,HLB테라퓨틱스,2024-03-11,8335,8688,KOSDAQ,2460,4.2352,2.5162,0.8492,12,0.8797,1.0142,0.078482,212.6304,4.0173,7.8838,0.1308,21957604568.0,772,0.075498,80.81,0.87,80.81,1,1,2.2839
4560,현대비앤지스틸,2024-03-12,20050,20900,KOSPI,2642,4.2394,4.8454,0.7348,219,1.0,0.8111,0.013629,99.0476,11.4258,2.3467,0.1112,15035438464.0,706,0.04959,6.22,-8.66,-2.87,0,1,5.4032
1630,종근당홀딩스,2024-03-12,63000,63700,KOSPI,2435,1.1111,2.8208,1.0,15,1.0,1.4423,0.018207,37.7297,0.5613,2.3467,0.0486,665425520.0,784,0.026912,0.16,-6.28,-3.77,0,1,5.4032
365270,큐라클,2024-03-12,13958,14107,KOSDAQ,2385,1.0675,1.43,0.7749,155,0.5572,1.7254,0.016893,93.6445,33.0106,7.6375,0.3048,5593637505.0,634,0.067277,26.78,-9.2,15.53,1,1,3.8593
178320,서진시스템,2024-03-13,22500,22600,KOSDAQ,20003,0.4444,0.7129,1.0,19,0.5162,0.9555,0.02752,54.5828,0.0628,5.2985,0.049,9651363090.0,787,0.039633,12.83,-4.42,8.41,1,1,3.8523
79940,가비아,2024-03-13,19150,21450,KOSDAQ,4449,12.0104,29.0688,1.0,32,1.0,3.7406,0.042633,91.0062,18.7617,5.2985,0.2159,10610379666.0,673,0.047919,1.86,-11.61,-11.61,0,1,3.8523
67630,HLB생명과학,2024-03-13,16760,18358,KOSDAQ,4986,9.5346,10.5151,0.6267,23,0.9224,1.8077,0.03921,124.8102,9.439,5.2985,0.2578,152804000000.0,614,0.059044,28.98,-15.6,-14.54,1,1,3.8523
389020,자람테크놀로지,2024-03-13,80600,82700,KOSDAQ,2389,2.6055,9.3816,0.1057,1,0.8672,3.0487,0.04391,258.0087,101.7103,5.2985,0.7104,180238000000.0,1,0.100492,42.2,-18.38,42.2,1,1,3.8523
86790,하나금융지주,2024-03-13,60200,60800,KOSPI,285562,0.9967,0.9435,0.4054,7,0.4712,0.9487,0.037719,61.9174,7.8916,1.658,0.0576,75831643980.0,7,0.048637,6.25,-8.55,-4.61,0,1,5.8284
24720,콜마홀딩스,2024-03-13,8310,8500,KOSPI,3313,2.2864,2.7396,1.0,249,0.7265,1.4381,0.004663,39.1162,7.5965,1.658,0.0978,1884904028.0,687,0.023782,0.35,-8.0,-8.0,0,1,5.8284
17940,E1,2024-03-13,67800,68500,KOSPI,5913,1.0324,3.6403,0.7222,52,0.7284,1.0997,0.028563,52.5612,3.0821,1.658,0.0507,2361891900.0,52,0.029197,2.77,-5.26,-2.48,0,1,5.8284
267260,HD현대일렉트릭,2024-03-13,139300,147000,KOSPI,301715,5.5276,2.4814,0.9545,11,0.5379,1.089,0.109663,291.478,34.9591,1.658,0.1397,44232836040.0,11,0.060641,57.82,0.68,57.82,1,1,5.8284
3850,보령,2024-03-13,12820,13190,KOSPI,7695,2.8861,2.8545,0.7097,28,0.6766,1.1996,0.036659,74.2404,6.6343,1.658,0.0706,8099478378.0,706,0.033521,2.12,-14.33,-14.1,0,1,5.8284
171090,선익시스템,2024-03-14,40800,46050,KOSDAQ,5613,12.8676,20.5336,0.8528,217,0.8143,4.0431,-0.030648,153.022,80.5588,4.0103,0.6736,83211703430.0,217,0.065457,-5.75,-19.33,-16.18,0,1,3.5433
25950,동신건설,2024-03-14,24500,26500,KOSDAQ,1546,8.1633,2.8259,0.7889,48,0.6968,0.6086,0.060848,199.7738,23.3935,4.0103,0.242,5683685940.0,721,0.055229,16.42,-24.53,-21.32,1,1,3.5433
6340,대원전선,2024-03-14,1320,1358,KOSPI,2721,2.8788,40.9564,0.2545,181,0.8551,5.4846,0.002029,33.925,5.9402,3.7528,0.0933,4464611231.0,676,0.042394,75.63,1.4,75.63,1,1,6.7801
316140,우리금융지주,2024-03-14,15060,15160,KOSPI,219489,0.664,6.1631,0.7538,17,0.9313,2.1377,0.023475,38.4475,4.3784,3.7528,0.0356,88054059418.0,467,0.029589,0.86,-11.54,-11.54,0,1,6.7801
53030,바이넥스,2024-03-14,14960,16300,KOSDAQ,5092,8.9572,3.4356,1.0,2,0.9192,1.7745,0.020628,123.9011,29.9256,4.0103,0.3521,102616000000.0,760,0.059991,8.9,-25.21,-16.56,0,1,3.5433
35150,백산,2024-03-14,12180,12290,KOSPI,2632,0.9031,1.1855,0.8491,14,0.9385,0.8779,0.040749,67.6671,4.1488,3.7528,0.0596,2163584672.0,457,0.03987,10.9,-7.65,9.68,1,1,6.7801
28260,삼성물산,2024-03-14,170400,170800,KOSPI,492082,0.2347,1.4469,1.0,17,0.3968,0.8877,0.046686,70.6294,8.3207,3.7528,0.0536,77409471260.0,17,0.0432,-3.4,-17.97,-17.97,0,1,6.7801
5830,DB손해보험,2024-03-14,102100,106200,KOSPI,97346,4.0157,3.0366,0.7031,17,0.7884,1.3284,0.020586,52.8058,7.8018,3.7528,0.0888,25215637600.0,17,0.0417,-1.6,-17.04,-17.04,0,1,6.7801
138930,BNK금융지주,2024-03-14,8020,8340,KOSPI,51235,3.99,2.4388,0.8444,17,0.5505,1.2628,0.016214,35.1702,4.9825,3.7528,0.0657,12718948396.0,589,0.026721,0.24,-9.95,-9.95,0,1,6.7801
255220,SG,2024-03-14,1784,1901,KOSDAQ,2786,6.5583,13.6679,0.8394,59,0.6333,2.9914,0.032308,95.7775,44.0426,4.0103,0.29,4016656555.0,720,0.071616,29.77,-29.56,-29.56,1,1,3.5433
67990,도이치모터스,2024-03-15,5910,6000,KOSDAQ,1249,1.5228,3.2945,0.92,250,0.9902,2.6583,-0.004862,34.0782,14.9436,2.4732,0.1173,3347231020.0,472,0.031905,0.0,-13.83,-13.83,0,1,2.7027
2840,미원상사,2024-03-15,177100,178800,KOSPI,6479,0.9599,2.1543,0.9535,250,0.6382,1.8089,0.001694,12.8076,5.2937,2.0292,0.0578,492228180.0,733,0.017178,7.61,0.34,4.87,0,1,4.7184
212560,네오오토,2024-03-15,7808,7968,KOSDAQ,1296,2.0492,2.5948,0.9546,56,0.5788,1.6955,0.035679,92.278,24.0231,2.4732,0.1161,4471497454.0,669,0.06432,0.75,-16.25,-16.25,0,1,2.7027
103590,일진전기,2024-03-15,14673,14680,KOSPI,28516,0.0477,5.6693,0.6389,101,0.5147,2.6693,0.04487,201.5612,28.1126,2.0292,0.2415,35891816870.0,101,0.058826,58.04,12.47,35.08,1,1,4.7184
397030,에이프릴바이오,2024-03-15,16850,17050,KOSDAQ,14286,1.1869,9.8982,0.3895,51,0.5979,3.8316,0.023875,85.2455,25.2422,2.4732,0.2,57854621274.0,51,0.084751,3.64,-17.89,-15.54,0,1,2.7027
237690,에스티팜,2024-03-18,91800,96300,KOSDAQ,31860,4.902,23.0598,0.8548,212,0.7373,4.4768,-0.02037,59.4371,49.5335,4.3004,0.3828,74274150520.0,545,0.054814,-2.49,-18.28,-14.85,0,1,4.3166
150,두산,2024-03-18,149100,162000,KOSPI,135542,8.6519,3.596,0.9289,124,0.7764,3.1028,0.013866,121.3115,73.5461,1.3999,0.5068,100786000000.0,124,0.056878,1.23,-14.81,-13.33,0,1,5.44
253590,네오셈,2024-03-18,16050,16180,KOSDAQ,6532,0.81,0.5271,0.9107,1,0.5777,1.3779,0.212247,450.3401,7.44,4.3004,0.1322,97892601878.0,1,0.088999,-2.29,-32.51,-32.51,0,1,4.3166
11790,SKC,2024-03-18,116300,121800,KOSPI,42299,4.7291,2.1625,1.0,232,0.4121,2.1538,-0.000105,77.8102,45.7015,1.3999,0.2544,68146589960.0,567,0.051196,19.29,-8.7,-5.67,1,1,5.44
219130,타이거일렉,2024-03-18,35200,37650,KOSDAQ,2295,6.9602,4.7386,0.7299,161,0.7403,1.4273,0.039788,115.389,17.1512,4.3004,0.1655,7496205950.0,161,0.08082,5.05,-27.76,-27.76,0,1,4.3166
107640,한중엔시에스,2024-03-18,30500,30600,KOSDAQ,4220,0.3279,3.1309,0.7647,12,0.4348,0.627,0.111631,209.0909,19.0867,4.3004,0.0558,30342020.0,12,0.064893,24.67,-0.65,23.53,1,1,4.3166
950160,코오롱티슈진,2024-03-18,13180,13430,KOSDAQ,85468,1.8968,1.7898,0.9907,42,0.7312,0.9624,0.002146,65.598,26.4689,4.3004,0.275,4530902072.0,344,0.046218,18.54,-19.73,-19.73,1,1,4.3166
232140,와이씨,2024-03-18,7300,7390,KOSDAQ,14735,1.2329,0.4278,0.8462,37,0.4292,0.698,0.064911,134.6032,18.6614,4.3004,0.1109,25571022568.0,761,0.078098,7.31,-16.24,-16.24,0,1,4.3166
104700,한국철강,2024-03-19,7460,8470,KOSPI,3361,13.5389,66.1539,0.7551,10,1.0,7.796,0.006326,49.6466,22.2455,-0.8988,0.1752,7348287848.0,713,0.038202,37.31,8.74,37.31,1,1,4.257
69620,대웅제약,2024-03-19,119400,123600,KOSPI,18793,3.5176,3.7614,0.8929,23,0.96,1.2151,0.004462,34.6405,6.2696,-0.8988,0.0639,5019803540.0,403,0.029011,2.67,-12.54,-12.54,0,1,4.257
214430,아이쓰리시스템,2024-03-19,39250,41450,KOSDAQ,8747,5.6051,12.2062,0.9186,119,0.8943,3.3644,0.040179,119.1962,28.3216,3.8953,0.2357,13011117270.0,119,0.047992,18.21,-2.29,-2.29,1,1,3.9947
390,삼화페인트,2024-03-19,7160,8580,KOSPI,1842,19.8324,68.1116,1.0,22,1.0,7.1684,0.00556,59.7765,22.9472,-0.8988,0.2526,22420778772.0,788,0.033883,12.0,-12.82,-12.82,1,1,4.257
39130,하나투어,2024-03-19,67500,68100,KOSPI,7017,0.8889,0.756,0.5385,10,0.6418,0.7138,0.019875,64.4928,8.1429,-0.8988,0.036,8533967160.0,689,0.022761,3.08,-22.76,-20.85,0,1,4.257
112040,위메이드,2024-03-19,71500,72400,KOSDAQ,10151,1.2587,4.9019,0.7119,66,0.7351,3.2005,0.010536,115.7973,37.7877,3.8953,0.3462,284680000000.0,573,0.090815,5.11,-34.53,-34.53,0,1,3.9947
71280,로체시스템즈,2024-03-19,9530,9920,KOSDAQ,1527,4.0923,6.4763,0.6923,239,0.7479,1.3551,0.019577,81.3528,17.972,3.8953,0.1075,3740021884.0,265,0.05494,22.88,-1.71,12.6,1,1,3.9947
166480,코아스템켐온,2024-03-19,9063,9234,KOSDAQ,1576,1.8868,0.9755,0.9113,1,0.4542,1.694,0.021654,101.8802,11.2419,3.8953,0.125,2156024292.0,789,0.051193,13.89,-9.91,13.89,1,1,3.9947
199800,툴젠,2024-03-19,80400,92600,KOSDAQ,5349,15.1741,27.2555,0.7702,71,0.9888,4.9347,0.014811,246.8165,69.5129,3.8953,0.6787,51133873580.0,623,0.065258,4.97,-37.15,-36.18,0,1,3.9947
230360,에코마케팅,2024-03-20,12830,12950,KOSDAQ,4926,0.9353,6.5057,0.5354,240,0.7908,2.61,-0.004262,42.1515,27.8895,2.9186,0.2043,7912160206.0,777,0.034142,14.59,-0.08,14.59,1,1,3.9146
57050,현대홈쇼핑,2024-03-20,50800,51600,KOSPI,6792,1.5748,1.4888,0.8182,211,0.575,0.9377,-0.003126,27.7228,9.9897,1.2172,0.0786,1562211520.0,700,0.023256,18.02,-1.94,14.34,1,1,5.5623
14160,대영포장,2024-03-20,1453,1725,KOSPI,1098,18.7199,46.4133,1.0,224,0.9643,7.8178,-0.012857,61.0644,35.9052,1.2172,0.4029,43177489910.0,762,0.046584,10.26,-25.8,-23.25,1,1,5.5623
183300,코미코,2024-03-20,68200,71300,KOSDAQ,11904,4.5455,3.3893,0.8974,53,0.9932,2.2237,0.031807,69.56,18.9617,2.9186,0.1621,22639636840.0,616,0.054498,24.82,-2.38,24.82,1,1,3.9146
31980,피에스케이홀딩스,2024-03-20,43450,45500,KOSDAQ,15827,4.7181,3.8935,0.7302,14,0.6099,1.1061,0.133032,454.2022,29.5414,2.9186,0.1064,26078999850.0,14,0.066091,15.16,-9.01,15.16,1,1,3.9146
243840,신흥에스이씨,2024-03-20,11420,11440,KOSDAQ,2371,0.1751,5.8371,0.5208,224,0.6853,3.2331,0.007386,56.9273,22.3826,2.9186,0.1486,8740698360.0,633,0.044268,10.49,-1.75,-1.75,1,1,3.9146
176750,듀켐바이오,2024-03-20,6600,7000,KOSDAQ,2962,6.0606,1.486,1.0,247,0.4964,2.2695,0.003563,32.0755,3.9516,2.9186,0.0848,158200342.0,681,0.044184,11.43,-1.57,1.43,1,1,3.9146
140670,알에스오토메이션,2024-03-20,18458,20675,KOSDAQ,2831,12.0111,13.7062,0.8117,126,0.9451,3.0459,0.01091,116.1752,31.6317,2.9186,0.3633,101056000000.0,487,0.048592,8.56,-24.55,-21.08,0,1,3.9146
9290,광동제약,2024-03-20,7990,8000,KOSPI,2958,0.1252,40.4366,0.7,101,1.0,4.2755,0.017197,47.3297,1.4786,1.2172,0.0984,26636934856.0,790,0.028661,-1.75,-17.5,-16.38,0,1,5.5623
1045,CJ우,2024-03-21,60800,61100,KOSPI,2186,0.4934,5.8936,0.8529,3,0.4643,2.2521,0.011694,46.875,6.661,3.8273,0.0781,695795580.0,691,0.025953,3.93,-7.04,-6.38,0,1,8.0604
5250,녹십자홀딩스,2024-03-21,17240,17470,KOSPI,6984,1.3341,1.8955,0.9756,228,1.0,1.1371,0.006431,34.5917,-0.2093,3.8273,0.0332,1325162492.0,793,0.023019,1.89,-13.34,-13.34,0,1,8.0604
257720,실리콘투,2024-03-21,10750,10820,KOSDAQ,31809,0.6512,3.4831,0.6429,1,0.9768,1.0873,0.0679,275.6944,-0.6163,4.6547,0.1391,29667013058.0,1,0.053802,27.17,3.97,18.39,1,1,5.3738
5935,삼성전자우,2024-03-21,63800,65800,KOSPI,899204,3.1348,2.7544,1.0,26,0.9583,1.237,0.011601,26.5385,0.4516,3.8273,0.0463,132331000000.0,788,0.015089,6.23,-0.91,-0.91,0,1,8.0604
74600,원익QnC,2024-03-21,32700,33000,KOSDAQ,7058,0.9174,4.7321,0.8158,52,0.6897,1.4564,0.014698,54.5667,13.6249,4.6547,0.1364,17045478200.0,452,0.040043,3.33,-4.55,-4.55,0,1,5.3738
810,삼성화재,2024-03-21,333000,343000,KOSPI,220854,3.003,1.901,0.9231,27,0.7311,1.2691,0.031002,71.0723,9.7489,3.8273,0.1146,54147204900.0,27,0.042899,-2.33,-19.24,-19.1,0,1,8.0604
1040,CJ,2024-03-21,114900,119200,KOSPI,61709,3.7424,4.236,0.7455,226,0.8447,1.8757,0.011989,96.6997,11.9009,3.8273,0.1943,47271891360.0,784,0.041527,10.82,-4.78,-2.6,1,1,8.0604
357780,솔브레인,2024-03-21,309000,313500,KOSDAQ,32359,1.4563,2.9117,0.4688,54,0.7059,1.3008,0.023776,51.4493,8.3183,4.6547,0.1102,15607874000.0,655,0.039303,0.32,-7.18,-5.1,0,1,5.3738
259960,크래프톤,2024-03-21,239500,240500,KOSPI,118036,0.4175,0.7223,0.9231,25,0.6462,1.2781,0.016704,64.1638,2.5886,3.8273,0.0563,25460329100.0,577,0.04455,8.11,-1.87,5.61,0,1,8.0604
1750,한양증권,2024-03-21,10780,10800,KOSPI,2482,0.1855,0.7673,1.0,22,0.5588,0.6285,0.017377,26.9095,-0.0809,3.8273,0.0255,177340676.0,626,0.019246,2.22,-6.67,-6.02,0,1,8.0604
89030,테크윙,2024-03-21,30300,30600,KOSDAQ,16841,0.9901,1.2538,0.4545,4,0.3723,0.859,0.192144,441.5929,44.6136,4.6547,0.2277,41959528540.0,4,0.078081,26.63,1.31,15.69,1,1,5.3738
5290,동진쎄미켐,2024-03-21,42500,47950,KOSDAQ,26324,12.8235,19.4031,0.8864,38,0.7774,2.7587,0.01914,63.0952,20.8688,4.6547,0.2237,159554000000.0,546,0.04454,4.48,-8.76,-7.51,0,1,5.3738
403550,쏘카,2024-03-21,21150,21200,KOSPI,3862,0.2364,0.3558,0.8571,8,0.3402,0.8781,0.015617,86.4556,10.0288,3.8273,0.0683,635004720.0,385,0.037904,4.95,-9.2,-2.36,0,1,8.0604
00104K,CJ4우(전환),2024-03-21,86100,88100,KOSPI,7265,2.3229,4.1899,0.7778,226,0.8352,1.9095,0.005371,66.5406,9.5575,3.8273,0.1465,2526460940.0,690,0.031701,3.29,-11.46,-7.83,0,1,8.0604
5430,한국공항,2024-03-22,59800,61500,KOSPI,2137,2.8428,12.8851,0.4138,24,1.0,2.0972,0.035973,71.7877,4.5421,3.1637,0.1204,3202324900.0,24,0.048316,11.06,-7.64,11.06,1,1,7.7788
15360,INVENI,2024-03-22,39500,39800,KOSPI,4389,0.7595,1.7235,0.6842,22,0.4516,1.2302,0.017039,26.7516,-0.8501,3.1637,0.0274,301592060.0,685,0.023151,4.02,-4.02,-2.26,0,1,7.7788
3690,코리안리,2024-03-22,7103,7222,KOSPI,22443,1.6753,1.2038,0.8146,6,0.5008,0.9624,0.02435,49.6788,5.0959,3.1637,0.042,3504836815.0,6,0.021798,-1.88,-10.34,-6.23,0,1,7.7788
16360,삼성증권,2024-03-22,41950,42000,KOSPI,75012,0.1192,1.1476,0.5,14,0.5946,1.323,0.01548,37.4795,0.9255,3.1637,0.027,15042476380.0,627,0.027721,-1.19,-14.52,-10.83,0,1,7.7788
29530,신도리코,2024-03-22,42000,42700,KOSPI,5373,1.6667,1.0982,0.7381,23,0.7569,0.8118,0.009412,35.5556,2.3987,3.1637,0.1026,1715769570.0,23,0.033038,-1.17,-16.51,-13.11,0,1,7.7788
260970,에스앤디,2024-03-22,25400,27550,KOSDAQ,1912,8.4646,12.3332,0.7792,7,0.4372,2.7958,0.040424,110.3053,38.1909,3.8926,0.2317,5335829850.0,789,0.076069,13.25,-0.73,13.25,1,1,5.3055
114840,아이패밀리에스씨,2024-03-25,19070,20150,KOSDAQ,2785,5.6633,2.8037,0.9038,10,0.7453,0.9262,0.054968,203.4182,9.0991,5.1947,0.1187,6079284174.0,10,0.053917,28.29,-2.83,28.29,1,1,6.4015
317330,덕산테코피아,2024-03-25,38650,40300,KOSDAQ,3792,4.2691,3.0392,0.5473,15,0.6329,0.9332,0.081363,188.0629,37.7131,5.1947,0.2069,46757388700.0,15,0.091102,9.18,-10.79,-7.44,0,1,6.4015
3580,HLB글로벌,2024-03-25,7580,8110,KOSPI,1092,6.9921,6.1935,0.8741,29,0.7931,1.6898,0.018335,138.1791,13.7367,2.6191,0.2182,15474272746.0,616,0.066584,6.66,-21.21,-12.7,0,1,7.3141
250,삼천당제약,2024-03-25,98000,111100,KOSDAQ,109312,13.3673,7.5515,1.0,231,0.7564,2.572,0.024622,122.4224,45.9617,5.1947,0.372,113033000000.0,231,0.063842,26.64,-14.13,-8.46,1,1,6.4015
131030,옵투스제약,2024-03-25,7350,7630,KOSDAQ,1369,3.8095,59.4505,1.0,220,0.7778,6.5971,-0.007565,63.2086,37.6891,5.1947,0.3125,8814364178.0,792,0.043906,10.75,-23.85,-20.84,1,1,6.4015
196170,알테오젠,2024-03-25,209000,213500,KOSDAQ,210010,2.1531,0.6918,0.8634,4,0.2872,0.84,0.234125,480.163,57.5339,5.1947,0.1312,263799000000.0,4,0.070325,2.81,-24.68,-18.55,0,1,6.4015
65680,우주일렉트로,2024-03-25,17250,18570,KOSDAQ,3008,7.6522,7.3919,1.0,192,0.993,1.2623,0.027549,63.7566,7.968,5.1947,0.1323,1568826392.0,773,0.035964,14.16,-5.76,-1.24,1,1,6.4015
123410,코리아에프티,2024-03-26,5860,6060,KOSDAQ,2099,3.413,0.9825,0.7143,26,0.6569,0.8232,0.05775,123.2044,12.746,5.6133,0.1016,14787018022.0,26,0.067185,25.58,-5.94,21.29,1,1,6.6485
12450,한화에어로스페이스,2024-03-26,207806,220030,KOSPI,637324,5.8824,1.4207,0.7501,14,0.5827,1.0541,0.07088,137.6262,25.8079,4.1559,0.1243,203425000000.0,14,0.047154,11.81,-5.32,11.81,1,1,8.0395
520,삼일제약,2024-03-26,10710,11610,KOSPI,2280,8.4034,8.6295,0.572,41,0.8408,1.9726,0.027024,98.8014,18.9618,4.1559,0.2322,20678711884.0,41,0.065338,1.55,-20.76,-19.47,0,1,8.0395
660,SK하이닉스,2024-03-26,171900,176600,KOSPI,6086100,2.7341,1.6206,0.6184,12,0.9695,1.2363,0.055933,111.244,4.9912,4.1559,0.0749,1022280000000.0,12,0.038707,6.68,-3.17,1.81,0,1,8.0395
5930,삼성전자,2024-03-26,79600,79900,KOSPI,8944573,0.3769,1.657,0.7778,57,0.7976,1.3989,0.010472,32.7243,5.5968,4.1559,0.0713,2679970000000.0,791,0.02074,6.76,-5.51,-1.63,0,1,8.0395
145990,삼양사,2024-03-26,53300,55400,KOSPI,4894,3.94,53.0758,0.5789,217,0.9392,6.1696,0.005886,41.3265,9.9533,4.1559,0.1596,9613128770.0,618,0.038873,-3.61,-13.9,-9.39,0,1,8.0395
42700,한미반도체,2024-03-26,101400,112500,KOSPI,179282,10.9467,3.0576,0.7447,14,0.6216,0.8989,0.145502,613.8325,40.6317,4.1559,0.1713,311050000000.0,14,0.053905,30.04,1.69,26.76,1,1,8.0395
17670,SK텔레콤,2024-03-26,54000,54100,KOSPI,149064,0.1852,1.023,0.75,8,0.3889,1.0233,0.00678,24.225,-1.8875,4.1559,0.024,20481031000.0,554,0.014391,0.0,-7.39,-5.55,0,1,8.0395
24850,HLB이노베이션,2024-03-26,5410,6030,KOSDAQ,3775,11.4603,7.2052,0.8857,225,0.7101,2.7226,-0.020413,159.3548,72.789,5.6133,0.5288,29830526408.0,225,0.072435,9.45,-19.24,-15.59,0,1,6.6485
43260,성호전자,2024-03-26,1978,2150,KOSDAQ,11922,8.6957,35.5009,0.641,198,0.8891,6.0507,-0.004841,99.0741,47.3027,5.6133,0.377,25456613634.0,657,0.043887,2.33,-26.37,-21.77,0,1,6.6485
112290,와이씨켐,2024-03-27,16390,18070,KOSDAQ,2300,10.2502,5.0733,1.0,244,0.9355,0.7907,0.023261,116.1483,13.4912,6.735,0.2214,20303890924.0,416,0.071468,72.66,2.99,31.16,1,1,6.0584
16800,퍼시스,2024-03-27,35600,35750,KOSPI,4876,0.4213,0.5887,0.8,13,0.4194,1.1162,0.0173,24.5645,2.8886,4.9546,0.034,90411480.0,721,0.028172,5.03,-3.64,5.03,0,1,7.9294
413630,씨피시스템,2024-03-27,3745,3810,KOSDAQ,1656,1.7356,5.0583,0.4,107,0.1293,5.5058,0.013736,22.9032,-4.9993,6.735,0.036,844173833.0,107,0.39042,28.61,1.05,28.61,1,1,6.0584
7660,이수페타시스,2024-03-27,40700,42547,KOSPI,81558,4.5381,3.6076,0.8467,165,0.5143,1.3304,0.09426,402.9196,45.1336,4.9546,0.1883,237808000000.0,165,0.064247,2.63,-19.32,-16.34,0,1,7.9294
29460,케이씨,2024-03-27,24350,24600,KOSPI,4174,1.0267,15.5276,0.6067,31,0.855,2.3692,0.011382,63.2382,7.8895,4.9546,0.1393,8173622610.0,773,0.047793,4.07,-14.63,-12.8,0,1,7.9294
122640,예스티,2024-03-27,25850,28350,KOSDAQ,4697,9.6712,12.5682,0.7597,137,0.9014,2.2526,0.077875,214.3016,20.3951,6.735,0.2737,41462600440.0,137,0.071555,-3.7,-33.37,-25.93,0,1,6.0584
399720,가온칩스,2024-03-28,113500,123000,KOSDAQ,7668,8.37,4.2345,0.8304,23,0.836,0.9024,0.160838,392.0,9.9803,5.4043,0.2136,153108000000.0,23,0.06597,-8.13,-25.61,-25.45,0,1,5.8942
99320,쎄트렉아이,2024-03-28,41550,43000,KOSDAQ,20840,3.4898,41.2802,0.7432,232,0.9007,5.1595,-0.005063,66.9903,24.3091,5.4043,0.2475,20933325350.0,770,0.040532,17.21,-10.7,17.21,1,1,5.8942
131290,티에스이,2024-03-28,61600,62600,KOSDAQ,8539,1.6234,2.9428,0.5652,12,0.8618,0.8801,0.042483,83.5777,8.8293,5.4043,0.0601,13520590040.0,449,0.053628,26.2,-14.06,26.2,1,1,5.8942
9470,삼화전기,2024-03-28,29700,30700,KOSPI,3333,3.367,1.8171,0.8133,221,0.479,0.8866,-0.0072,122.9484,74.4446,3.5264,0.3408,11655020530.0,676,0.066077,73.29,-1.63,73.29,1,1,7.538
119850,지엔씨에너지,2024-03-28,6230,6350,KOSDAQ,5658,1.9262,15.7703,0.7642,206,0.8215,3.3582,-0.014994,78.8732,33.5454,5.4043,0.2974,21713217212.0,787,0.054949,37.64,-2.36,21.73,1,1,5.8942
78020,LS증권,2024-03-29,4710,5020,KOSDAQ,2957,6.5817,9.7046,0.3993,10,0.8455,1.2958,-0.000776,33.8667,10.6056,4.9295,0.1291,4832742256.0,660,0.055777,0.2,-12.75,0.2,0,1,5.3496
39030,이오테크닉스,2024-03-29,206000,208500,KOSDAQ,43488,1.2136,3.9558,0.6622,17,0.7996,1.189,0.07153,174.7036,-2.9736,4.9295,0.0941,58858528880.0,17,0.052038,30.94,-5.47,17.03,1,1,5.3496
100840,SNT에너지,2024-03-29,10380,11088,KOSPI,8634,6.8208,35.7004,0.6951,109,0.799,4.4165,0.005657,60.7889,30.6333,3.9461,0.2935,13336635747.0,109,0.048495,9.82,-9.36,-3.41,0,1,7.5421
78350,한양디지텍,2024-03-29,17870,19230,KOSDAQ,3971,7.6105,6.6205,0.7463,182,0.6717,1.7122,0.019978,81.4151,29.1709,4.9295,0.1891,9661673772.0,530,0.052894,41.45,-1.2,40.15,1,1,5.3496
319660,피에스케이,2024-03-29,29300,30200,KOSDAQ,16077,3.0717,2.7199,0.7447,6,0.5536,1.6782,0.031496,75.9907,13.9681,4.9295,0.1096,14663873320.0,6,0.047067,10.26,-3.81,-1.16,1,1,5.3496
64760,티씨케이,2024-03-29,117300,130100,KOSDAQ,23197,10.9122,5.841,1.0,60,0.6839,2.1359,0.002793,59.0465,32.4517,4.9295,0.2506,10569094500.0,721,0.043044,5.84,-9.3,-4.38,0,1,5.3496
240810,원익IPS,2024-03-29,37750,41500,KOSDAQ,50507,9.9338,22.8424,0.7143,162,0.6784,3.8312,0.013349,45.614,21.5948,4.9295,0.1712,85971410010.0,737,0.043201,1.45,-14.46,-9.64,0,1,5.3496
388720,유일로보틱스,2024-04-01,33750,36600,KOSDAQ,15124,8.4444,18.5076,0.8143,234,0.9342,3.2363,0.008548,93.1398,31.7904,4.5225,0.2725,14988498960.0,381,0.049961,-14.75,-32.65,-30.87,0,1,6.1357
298040,효성중공업,2024-04-01,284000,288000,KOSPI,213159,1.4085,0.7726,0.9048,1,0.875,0.9056,0.102481,339.0244,26.6864,2.7518,0.176,26014102000.0,1,0.062996,18.06,-5.73,8.68,1,1,7.5614
200470,에이팩트,2024-04-01,5910,5960,KOSDAQ,3249,0.846,1.3097,0.375,11,0.8378,1.6119,0.064991,138.8778,17.4836,4.5225,0.1349,58619527364.0,11,0.095698,5.7,-17.28,1.17,0,1,6.1357
14830,유니드,2024-04-01,82000,82500,KOSPI,5394,0.6098,0.896,0.7,19,0.8194,1.1068,0.019741,55.3672,3.6998,2.7518,0.087,6676020840.0,623,0.034978,17.58,-1.33,16.61,1,1,7.5614
161580,필옵틱스,2024-04-01,22100,22600,KOSDAQ,12474,2.2624,4.8474,0.3559,175,0.7942,1.7716,0.0547,170.6587,65.9149,4.5225,0.434,224350000000.0,175,0.081131,45.58,2.88,32.74,1,1,6.1357
33100,제룡전기,2024-04-01,43700,46450,KOSDAQ,7003,6.2929,3.1949,0.646,1,0.6926,2.0129,0.086145,289.6812,66.2496,4.5225,0.3656,167047000000.0,1,0.071505,34.55,-4.84,33.69,1,1,6.1357
214420,토니모리,2024-04-01,7010,7220,KOSPI,2098,2.9957,16.8883,0.5325,44,0.8555,2.3108,0.015773,77.6138,21.3032,2.7518,0.2414,7718842488.0,694,0.051049,19.11,-6.09,19.11,1,1,7.5614
34950,한국기업평가,2024-04-02,84600,85000,KOSDAQ,4386,0.4728,2.3207,0.9091,7,0.3061,1.3104,0.012092,23.0101,2.8104,2.911,0.0263,219356900.0,801,0.009664,0.82,-1.88,0.12,0,1,3.7045
95610,테스,2024-04-02,23400,25150,KOSDAQ,13383,7.4786,50.7306,0.6154,174,0.849,6.98,-0.006095,36.908,20.3733,2.911,0.233,47889868370.0,724,0.043113,18.29,-6.96,-3.38,1,1,3.7045
2960,한국쉘석유,2024-04-02,255500,256500,KOSPI,5596,0.3914,0.8429,1.0,1,0.5,0.9396,0.008984,20.9906,-2.3322,3.9164,0.0252,653757200.0,709,0.012114,5.46,-1.17,5.07,0,1,7.7453
166090,하나머티리얼즈,2024-04-02,55800,56600,KOSDAQ,11965,1.4337,6.0227,0.3878,61,0.6357,2.0869,0.01149,41.8546,13.0726,2.911,0.1177,16659343580.0,477,0.047514,5.12,-8.66,-3.18,0,1,3.7045
31330,에스에이엠티,2024-04-02,3255,3380,KOSDAQ,4570,3.8402,23.4635,0.5056,207,0.7346,4.4237,-0.006431,33.3333,16.313,2.911,0.1405,6634858072.0,652,0.03339,9.47,-6.21,7.99,0,1,3.7045
114810,한솔아이원스,2024-04-03,13060,13440,KOSDAQ,3806,2.9096,3.1959,0.8693,15,1.0,1.4449,0.048327,76.8421,8.8267,1.067,0.0416,8242524804.0,15,0.856983,4.91,-12.2,-3.72,0,1,2.3553
3160,디아이,2024-04-03,12750,13700,KOSPI,9042,7.451,3.3505,0.9892,3,0.7411,2.0428,0.055842,144.6429,11.0257,2.4789,0.2568,81481269946.0,3,0.085871,77.37,9.78,44.16,1,1,5.9215
18290,브이티,2024-04-03,21400,22250,KOSDAQ,6960,3.972,4.0547,0.9694,93,0.757,1.7887,0.075928,281.6467,41.4698,1.067,0.2996,48504145546.0,93,0.057881,0.22,-15.96,-3.82,0,1,2.3553
352480,씨앤씨인터내셔널,2024-04-03,80900,81300,KOSDAQ,4859,0.4944,0.7705,0.9259,1,0.6644,0.9274,0.050627,123.3516,7.333,1.067,0.1,9777238200.0,1,0.04472,4.18,-5.66,-2.09,0,1,2.3553
71970,HD현대마린엔진,2024-04-03,13060,13350,KOSPI,28664,2.2205,3.8268,0.8621,154,0.5806,1.4255,0.056837,165.4076,29.4381,2.4789,0.1909,4303613046.0,154,0.042483,25.09,-8.01,16.33,1,1,5.9215
126560,현대퓨처넷,2024-04-04,3800,3900,KOSPI,3526,2.6316,1.5508,0.7647,25,0.4603,1.2777,0.012147,50.5792,5.2219,3.5647,0.0892,1572295485.0,749,0.02967,22.56,-6.79,15.64,1,1,7.2704
122990,와이솔,2024-04-04,8310,8380,KOSDAQ,1612,0.8424,1.7387,0.7,74,0.4488,2.33,0.011559,39.8998,16.0995,2.2621,0.0606,1077308312.0,799,0.030174,9.43,-4.89,8.95,0,1,2.7055
17810,풀무원,2024-04-04,12100,12110,KOSPI,4868,0.0826,9.5251,0.9328,197,0.7833,2.391,-0.004282,28.967,11.6589,3.5647,0.1394,1900332182.0,714,0.029963,2.31,-9.5,2.31,0,1,7.2704
89010,켐트로닉스,2024-04-04,26700,28050,KOSDAQ,5564,5.0562,48.5223,0.9328,190,0.9846,5.8615,-0.001445,57.9392,26.1132,2.2621,0.1872,41513834990.0,779,0.044181,8.73,-12.83,8.73,0,1,2.7055
348370,엔켐,2024-04-04,333000,335500,KOSDAQ,18070,0.7508,1.1694,0.7286,31,0.8828,0.722,0.186788,571.0,35.8038,2.2621,0.3729,412141000000.0,31,0.067277,8.94,-22.65,-22.65,0,1,2.7055
103140,풍산,2024-04-04,50700,53100,KOSPI,32957,4.7337,1.7378,0.9688,6,0.4944,1.036,0.020789,66.4577,11.6197,3.5647,0.0979,17040917880.0,6,0.041095,41.43,-2.64,41.43,1,1,7.2704
67310,하나마이크론,2024-04-04,28381,28466,KOSDAQ,23999,0.2995,13.7404,0.8097,101,0.776,3.4363,0.042686,128.8816,22.9237,2.2621,0.1939,310929000000.0,101,0.060057,-3.0,-20.57,-16.22,0,1,2.7055
68930,디지털대성,2024-04-04,6680,6810,KOSDAQ,2256,1.9461,1.574,0.9677,179,0.7941,0.7467,0.004334,22.482,6.8725,2.2621,0.0575,423868392.0,604,0.029578,5.14,-3.38,1.62,0,1,2.7055
500,가온전선,2024-04-05,30500,31800,KOSPI,13268,4.2623,13.3373,0.1849,14,1.0,1.9729,0.052887,112.3823,11.904,1.2633,0.1071,34211785110.0,700,0.062444,63.84,7.55,59.75,1,1,6.1635
84370,유진테크,2024-04-05,46600,49950,KOSDAQ,22687,7.1888,3.2737,0.8981,48,0.5635,1.3579,0.024302,81.9672,36.9512,-0.1019,0.2524,27386465240.0,585,0.055198,15.32,-3.3,6.91,1,1,1.471
377450,리파인,2024-04-05,10300,10410,KOSDAQ,2087,1.068,2.3839,0.7067,46,0.6477,0.8006,0.013271,49.3544,16.6753,-0.1019,0.1075,1423673146.0,583,0.027583,5.57,-8.65,-0.77,0,1,1.471
10120,LS ELECTRIC,2024-04-05,115500,118600,KOSPI,157500,2.684,5.2398,0.9034,171,0.6595,1.4668,0.034518,117.2161,48.4842,1.2633,0.2657,92248606680.0,171,0.048964,48.9,4.05,39.04,1,1,6.1635
10950,S-Oil,2024-04-05,82800,83500,KOSPI,113934,0.8454,3.4855,0.8148,240,0.5769,1.1011,0.005788,31.7035,10.9679,1.2633,0.0672,33143227840.0,450,0.023097,-0.6,-16.05,-15.69,0,1,6.1635
265520,AP시스템,2024-04-05,23550,23900,KOSDAQ,3063,1.4862,12.2818,0.8085,64,0.7284,2.3797,0.001778,46.8059,9.4841,-0.1019,0.1125,6502386810.0,688,0.031082,47.49,-2.3,46.03,1,1,1.471
9150,삼성전기,2024-04-05,158100,158900,KOSPI,211383,0.506,2.5818,0.8876,65,0.4525,1.2725,0.001413,29.082,16.0927,1.2633,0.0801,103680000000.0,788,0.030432,-0.57,-10.07,-1.45,0,1,6.1635
26890,스틱인베스트먼트,2024-04-05,7840,7860,KOSPI,4664,0.2551,2.4825,0.9167,147,0.6395,1.5984,0.023955,46.0967,10.2261,1.2633,0.0547,1051320302.0,737,0.034442,15.14,0.89,14.76,1,1,6.1635
9155,삼성전기우,2024-04-05,74400,75500,KOSPI,3523,1.4785,2.4997,0.9167,246,0.4,1.2627,0.001474,24.1776,9.9297,1.2633,0.0496,953160980.0,788,0.019678,-0.13,-6.36,-1.19,0,1,6.1635
17510,세명전기,2024-04-05,3560,3710,KOSDAQ,1442,4.2135,317.9035,0.8212,197,0.8616,34.1957,-0.014878,44.0777,30.2774,-0.1019,0.2539,9336911482.0,669,0.043512,86.25,-7.28,86.25,1,1,1.471
204270,제이앤티씨,2024-04-05,15080,17100,KOSDAQ,13132,13.3952,18.4115,0.7596,90,0.6593,3.0734,0.053574,135.2132,21.2067,-0.1019,0.2422,51844046936.0,90,0.071429,32.16,6.55,6.55,1,1,1.471
115450,HLB테라퓨틱스,2024-04-08,13985,15709,KOSDAQ,2460,12.3275,4.9887,0.6809,7,0.5951,1.6137,0.157815,465.2753,82.5662,-1.7536,0.3339,126616000000.0,7,0.098233,-15.04,-40.03,-40.03,0,1,0.1179
83500,에프엔에스테크,2024-04-08,13760,15220,KOSDAQ,1403,10.6105,29.8525,0.2331,21,0.9855,4.5972,0.035385,88.8337,15.251,-1.7536,0.1979,43736526836.0,637,0.069786,-13.53,-30.03,-26.41,0,1,0.1179
36530,SNT홀딩스,2024-04-09,23900,24300,KOSPI,8494,1.6736,0.3055,0.8667,24,0.3082,2.5898,0.032633,63.6364,12.1526,0.8707,0.0941,540110990.0,24,0.049677,3.5,-7.41,0.62,0,1,5.7705
12510,더존비즈온,2024-04-09,55800,57800,KOSPI,27952,3.5842,6.4954,0.8727,34,0.8701,1.535,0.043303,126.6667,34.4923,0.8707,0.2652,90919831610.0,799,0.054807,3.63,-10.55,-10.55,0,1,5.7705
38460,바이오스마트,2024-04-09,4060,4090,KOSDAQ,1261,0.7389,37.9089,0.5569,140,0.9112,4.9104,0.006186,36.1065,20.4389,-3.4146,0.1423,6348396310.0,679,0.047765,43.52,9.17,38.63,1,0,-0.0098
340570,티앤엘,2024-04-09,57900,59400,KOSDAQ,4405,2.5907,2.051,0.9118,210,0.507,1.3564,-0.005734,57.7689,31.4318,-3.4146,0.1299,8146880180.0,629,0.040404,5.56,-2.86,-0.67,0,0,-0.0098
64350,현대로템,2024-04-09,39350,41150,KOSPI,230836,4.5743,5.5997,0.8272,198,0.4226,2.0655,0.00967,76.9892,36.296,0.8707,0.1926,189986000000.0,198,0.044437,1.7,-9.36,-8.63,0,1,5.7705
2450,삼익악기,2024-04-11,1294,1295,KOSPI,1037,0.0773,0.3956,1.0,9,0.3551,0.9575,0.00451,26.5885,0.6748,0.4971,0.0106,238875835.0,694,0.020518,1.16,-1.62,1.16,0,1,5.8207
161390,한국타이어앤테크놀로지,2024-04-11,58700,60500,KOSPI,76679,3.0664,1.9281,1.0,32,0.7358,0.7761,0.043734,84.1705,16.751,0.4971,0.1219,14602277220.0,32,0.042031,4.3,-28.93,-28.6,0,1,5.8207
5810,풍산홀딩스,2024-04-11,31350,31600,KOSPI,5623,0.7974,2.0391,0.8077,23,0.9241,0.908,0.023001,52.4361,5.0121,0.4971,0.0626,1650779030.0,23,0.027916,3.16,-8.07,2.85,0,1,5.8207
389020,자람테크놀로지,2024-04-11,112500,117600,KOSDAQ,2389,4.5333,1.1657,0.8889,1,0.5152,1.6332,0.142189,409.0909,45.7774,-3.5767,0.4009,156375000000.0,1,0.103741,-1.36,-27.64,-22.79,0,0,-0.1352
2030,아세아,2024-04-11,247000,260500,KOSPI,5876,5.4656,1.3196,1.0,9,0.5631,1.7437,0.056796,98.0989,22.3802,0.4971,0.0921,1031896400.0,9,0.042638,0.19,-11.9,-2.3,0,1,5.8207
267260,HD현대일렉트릭,2024-04-11,211500,232000,KOSPI,301715,9.6927,2.2115,0.8246,1,0.5229,1.3293,0.158736,510.5263,57.326,0.4971,0.3005,125095000000.0,1,0.0621,15.95,-10.99,10.78,1,1,5.8207
211050,인카금융서비스,2024-04-12,4690,4900,KOSDAQ,7188,4.4776,2.1336,0.9286,21,0.8465,1.0225,0.048061,149.237,10.2688,-3.0478,0.1297,968128320.0,21,0.050087,24.49,-2.04,21.84,1,1,0.1558
3230,삼양식품,2024-04-12,234500,240000,KOSPI,82938,2.3454,1.9175,0.4167,69,0.5743,1.0037,0.055931,131.2139,31.1586,-1.3587,0.1445,16496434400.0,69,0.046339,39.79,1.04,39.79,1,1,4.8222
58470,리노공업,2024-04-12,53962,54963,KOSDAQ,71868,1.855,1.6302,0.7873,7,0.805,0.9472,0.071736,147.7485,15.5478,-3.0478,0.0694,45080627250.0,7,0.052175,8.56,-11.66,5.47,0,1,0.1558
73010,케이에스피,2024-04-12,3930,3985,KOSDAQ,1716,1.3995,0.856,0.6212,18,0.6457,0.4672,0.058071,142.8397,8.8911,-3.0478,0.054,1439892003.0,18,0.055476,28.73,-4.52,25.47,1,1,0.1558
6340,대원전선,2024-04-12,2290,2385,KOSPI,2721,4.1485,1.0494,0.4643,1,0.6752,4.4876,0.034878,135.2071,76.9846,-1.3587,0.4418,127089000000.0,696,0.062683,104.82,-7.97,102.94,1,1,4.8222
5180,빙그레,2024-04-15,59300,61900,KOSPI,7071,4.3845,6.2305,0.8913,99,0.6117,2.0206,0.014545,50.0606,16.4379,0.1346,0.1001,3754067780.0,699,0.028041,22.13,-0.65,22.13,1,1,4.3591
206650,유바이오로직스,2024-04-15,13150,13900,KOSDAQ,4588,5.7034,13.964,0.7854,25,1.0,2.5006,0.047821,118.8976,12.2043,-3.1847,0.1274,21062171834.0,624,0.054522,0.07,-9.71,-8.42,0,0,-0.7678
12630,HDC,2024-04-15,8810,8860,KOSPI,11578,0.5675,1.6594,1.0,44,0.6552,0.5405,0.023409,58.2143,14.9303,0.1346,0.0751,1436727052.0,722,0.029265,-0.56,-8.47,-6.88,0,1,4.3591
4090,한국석유,2024-04-15,16870,18830,KOSPI,1837,11.6183,17.1929,0.4089,113,0.8172,5.7144,0.027477,104.6739,50.5054,0.1346,0.3685,106713000000.0,737,0.075108,11.52,-19.81,-18.8,1,1,4.3591
6260,LS,2024-04-15,122600,124800,KOSPI,62386,1.7945,2.6466,0.3333,161,0.8855,1.4838,0.026982,64.6438,19.7501,0.1346,0.1178,75992779180.0,161,0.057978,29.41,-9.46,29.41,1,1,4.3591
4490,세방전지,2024-04-15,89400,94700,KOSPI,8621,5.9284,1.5355,0.9703,27,0.7416,0.7221,0.055466,109.9778,18.9849,0.1346,0.1728,12882298780.0,792,0.03892,23.65,-4.12,13.83,1,1,4.3591
36810,에프에스티,2024-04-15,28164,31752,KOSDAQ,9452,12.7397,11.8017,0.5878,178,0.8985,4.2589,0.00279,86.3818,40.9255,-3.1847,0.3303,115084000000.0,780,0.060597,4.34,-11.3,-1.7,0,0,-0.7678
8110,대동전자,2024-04-16,9290,11800,KOSPI,1578,27.0183,125.273,1.0,113,0.9291,14.4323,-0.021296,157.0806,82.9901,-2.8375,0.6994,1707998504.0,407,0.042857,18.9,-5.25,18.9,1,1,1.9799
97950,CJ제일제당,2024-04-16,328500,332500,KOSPI,31539,1.2177,4.1624,0.6562,221,0.5577,1.6867,-0.00227,26.9084,16.1254,-2.8375,0.0858,19152086400.0,663,0.029001,5.26,-1.5,0.3,0,1,1.9799
104700,한국철강,2024-04-17,11590,11630,KOSPI,3361,0.3451,0.6933,1.0,2,0.4062,0.9684,0.056988,105.477,40.0184,-2.7103,0.1463,4166992724.0,733,0.030832,8.34,-0.69,-0.69,0,1,0.9826
36200,유니셈,2024-04-17,10400,11700,KOSDAQ,3158,12.5,37.5258,0.8889,184,0.991,4.9446,0.010084,69.5652,40.1632,-6.6016,0.2686,78570577780.0,733,0.050122,0.09,-18.46,-11.11,0,0,-2.9768
166480,코아스템켐온,2024-04-17,9738,10517,KOSDAQ,1576,7.9996,7.9883,0.6355,11,1.0,1.9132,0.03331,129.93,20.4959,-6.6016,0.1679,5540389089.0,809,0.067075,3.25,-17.49,-8.95,0,0,-2.9768
148150,세경하이테크,2024-04-17,10000,10550,KOSDAQ,1713,5.5,2.3258,0.9375,15,1.0,0.7755,0.058705,211.4851,18.8356,-6.6016,0.0711,8168958682.0,644,0.043399,20.38,-11.56,17.82,1,0,-2.9768
78150,HB테크놀러지,2024-04-17,3780,3900,KOSDAQ,1910,3.1746,2.3827,0.9072,147,0.2779,4.1439,0.013119,85.7143,69.1016,-6.6016,0.2633,115353000000.0,741,0.1087,0.13,-14.87,-7.95,0,0,-2.9768
110990,디아이티,2024-04-17,24800,28100,KOSDAQ,3960,13.3065,7.9799,1.0,31,0.7885,2.0013,0.074117,282.3129,45.0252,-6.6016,0.4087,34319101220.0,31,0.077453,11.21,-11.74,-4.98,1,0,-2.9768
39440,에스티아이,2024-04-18,38750,42000,KOSDAQ,5334,8.3871,4.8914,0.9137,26,0.7913,1.0603,0.0734,263.6364,18.927,-4.0159,0.1885,50632706640.0,26,0.058844,-9.05,-24.17,-17.14,0,0,-0.3284
232140,와이씨,2024-04-18,7930,9460,KOSDAQ,14735,19.2938,10.2054,1.0,20,0.994,1.4797,0.06571,200.3175,23.3098,-4.0159,0.3114,106867000000.0,20,0.06939,74.84,3.81,70.08,1,0,-0.3284
199820,제일일렉트릭,2024-04-18,7653,7963,KOSDAQ,2169,4.0507,22.1047,1.0,194,0.7047,6.9408,-0.001,75.5511,59.9392,-4.0159,0.4239,52268858464.0,799,0.081834,66.46,-6.47,59.99,1,0,-0.3284
6620,동구바이오제약,2024-04-18,6590,6850,KOSDAQ,1472,3.9454,1.5664,0.8723,248,0.6807,0.5027,0.00692,44.3625,17.4265,-4.0159,0.1023,2744181182.0,776,0.032221,15.04,-8.61,7.45,1,0,-0.3284
402340,SK스퀘어,2024-04-18,80000,83700,KOSPI,663077,4.625,0.8181,0.9643,18,0.8529,0.7763,0.063265,113.2484,22.666,-2.0609,0.0777,55502619200.0,18,0.046766,2.15,-10.63,-2.27,0,1,2.9462
90430,아모레퍼시픽,2024-04-18,145000,146500,KOSPI,80837,1.0345,1.8743,0.7037,108,0.6427,1.4128,0.020215,54.699,31.4778,-2.0609,0.1324,46293638600.0,715,0.04666,26.14,-3.28,26.14,1,1,2.9462
31980,피에스케이홀딩스,2024-04-18,49000,52400,KOSDAQ,15827,6.9388,2.2157,0.8146,15,0.7816,0.7535,0.119881,487.4439,19.1808,-4.0159,0.1492,26506004920.0,15,0.07136,6.49,-14.41,3.63,0,0,-0.3284
252990,샘씨엔에스,2024-04-18,8160,8590,KOSDAQ,5944,5.2696,9.3722,0.5071,48,0.7537,2.0788,0.033583,86.3341,25.5152,-4.0159,0.1779,46558620942.0,718,0.072593,2.44,-18.16,-6.64,0,0,-0.3284
183300,코미코,2024-04-18,85900,89000,KOSDAQ,11904,3.6088,1.7609,0.7442,3,0.5973,1.402,0.036881,111.6528,28.8406,-4.0159,0.1646,19329043340.0,3,0.05634,8.99,-10.22,4.16,0,0,-0.3284
10140,삼성중공업,2024-04-18,9170,9540,KOSPI,242440,4.0349,5.2186,0.8132,167,0.8944,1.278,0.029532,81.7143,10.3469,-2.0609,0.0856,135272000000.0,167,0.038335,6.6,-1.57,2.73,0,1,2.9462
64820,케이프,2024-04-18,5100,5220,KOSDAQ,3405,2.3529,3.0268,0.8305,179,0.6852,1.5073,0.011872,53.9823,17.248,-4.0159,0.0648,635713478.0,796,0.039614,22.61,-0.38,13.41,1,0,-0.3284
230360,에코마케팅,2024-04-18,14600,14840,KOSDAQ,4926,1.6438,1.2069,0.871,1,0.6923,1.0849,0.022422,62.8979,18.6105,-4.0159,0.0981,4229367304.0,797,0.040768,-2.49,-16.24,-12.67,0,0,-0.3284
75580,세진중공업,2024-04-18,7300,7370,KOSPI,10597,0.9589,2.4853,0.8772,187,0.8083,0.9037,0.004572,72.5995,12.2253,-2.0609,0.094,3050383986.0,406,0.047296,-0.54,-11.4,-9.77,0,1,2.9462
4080,신흥,2024-04-18,14840,14950,KOSPI,1286,0.7412,4.7166,0.8333,225,0.537,1.1149,0.001868,7.6314,5.8083,-2.0609,0.0306,103927920.0,630,0.011085,6.15,-3.21,-1.67,0,1,2.9462
24060,흥구석유,2024-04-19,16700,17050,KOSDAQ,2067,2.0958,6.3157,0.7283,127,0.5592,2.9824,0.09295,259.3256,78.9467,-6.8982,0.2824,198255000000.0,127,0.118224,-8.97,-28.27,-26.69,0,0,-1.9105
2840,미원상사,2024-04-19,192400,192500,KOSPI,6479,0.052,2.643,0.8791,5,0.8844,1.4394,0.009413,21.4511,12.3881,-5.9168,0.045,527125780.0,757,0.031317,10.65,-1.92,1.04,1,1,1.2702
260970,에스앤디,2024-04-22,30250,31200,KOSDAQ,1912,3.1405,1.1438,0.8776,3,0.7549,0.8668,0.082889,138.1679,19.6824,-6.4338,0.0994,3203354280.0,809,0.038576,28.04,-1.44,2.4,1,0,-1.4428
264660,씨앤지하이테크,2024-04-22,15158,17397,KOSDAQ,1686,14.7711,182.8878,0.8763,183,0.8474,20.3404,0.007328,46.9465,40.0718,-6.4338,0.272,34031949581.0,668,0.071096,9.39,-16.41,-16.23,0,0,-1.4428
5430,한국공항,2024-04-22,66400,68300,KOSPI,2137,2.8614,0.7673,0.8108,1,0.76,0.8461,0.053828,90.7821,15.3908,-4.3339,0.0978,1037324320.0,1,0.046957,5.42,-4.83,0.88,0,1,2.7255
1680,대상,2024-04-22,21450,21900,KOSPI,7345,2.0979,5.5168,0.9,91,0.8773,1.9089,0.007597,33.1307,15.445,-4.3339,0.0902,4441169540.0,725,0.025603,9.59,-2.97,7.76,0,1,2.7255
108380,대양전기공업,2024-04-23,13700,14080,KOSDAQ,2665,2.7737,4.1594,0.9231,186,0.8485,1.1486,0.005405,33.4597,12.5443,-7.4697,0.0732,578355688.0,732,0.033279,17.61,-2.41,13.99,1,0,-1.4777
114840,아이패밀리에스씨,2024-04-23,24950,25850,KOSDAQ,2785,3.6072,0.992,0.7273,10,0.4292,0.7954,0.082518,191.8595,35.7576,-7.4697,0.0989,4580994040.0,10,0.061343,39.26,-2.51,36.17,1,0,-1.4777
12750,에스원,2024-04-23,63000,63200,KOSPI,30513,0.3175,1.4333,0.9677,88,0.8,1.6112,0.011157,27.163,12.0342,-4.1844,0.0477,4250136720.0,811,0.022378,-0.16,-5.38,-2.06,0,1,2.46
6060,화승인더,2024-04-23,4045,4055,KOSPI,1787,0.2472,1.2644,0.8696,237,0.5429,1.6803,-0.003833,28.7302,20.875,-4.1844,0.1114,980121696.0,728,0.030914,7.27,-4.32,-3.45,0,1,2.46
400,롯데손해보험,2024-04-23,3375,3850,KOSPI,5105,14.0741,8.6631,0.944,47,0.7093,1.6323,0.059066,153.6232,40.7092,-4.1844,0.238,31294627730.0,47,0.06308,-1.43,-13.25,-13.25,0,1,2.46
12450,한화에어로스페이스,2024-04-24,245497,246006,KOSPI,637324,0.2073,0.856,0.6897,15,0.6044,0.7827,0.076075,156.9173,14.7559,-2.9502,0.0946,227199000000.0,15,0.058267,-0.21,-16.77,-12.63,0,1,4.497
950170,JTC,2024-04-24,5290,5310,KOSDAQ,2851,0.3781,1.4022,0.7368,164,0.5435,1.221,0.02162,59.6992,17.6688,-5.8793,0.0784,372960920.0,707,0.031208,10.73,-2.82,-1.32,1,1,0.4824
101930,인화정공,2024-04-24,12860,13080,KOSDAQ,3836,1.7107,8.2475,0.9857,192,0.8897,1.6739,0.005394,39.7436,12.6548,-5.8793,0.0711,446340526.0,559,0.030526,2.29,-1.83,0.46,0,1,0.4824
16800,퍼시스,2024-04-25,37500,37550,KOSPI,4876,0.1333,0.355,0.8462,1,0.7816,1.0602,0.020167,30.8362,9.6261,-4.5911,0.0399,46557460.0,741,0.033004,10.52,-0.27,10.52,1,1,2.6512
280360,롯데웰푸드,2024-04-25,134200,135100,KOSPI,11119,0.6706,1.8423,0.85,72,0.8148,1.0812,0.015102,45.2688,15.7845,-4.5911,0.0811,2028162040.0,729,0.028973,10.88,-0.81,8.51,1,1,2.6512
178320,서진시스템,2024-04-25,25500,26050,KOSDAQ,20003,2.1569,1.5461,0.6176,18,1.0,0.6445,0.030348,78.1806,9.1251,-6.3638,0.0719,11892971240.0,817,0.040718,25.72,-9.79,22.65,1,0,-0.542
123410,코리아에프티,2024-04-25,7610,7870,KOSDAQ,2099,3.4166,1.4854,0.9451,3,0.5696,1.1601,0.082606,174.216,42.7589,-6.3638,0.1767,43659706916.0,3,0.08713,-1.52,-19.31,-15.12,0,0,-0.542
160980,싸이맥스,2024-04-25,20850,22150,KOSDAQ,1920,6.235,2.6569,0.9351,31,0.7937,1.8155,0.035264,83.0579,22.5148,-6.3638,0.1492,8998598330.0,743,0.068978,0.0,-11.11,-1.81,0,0,-0.542
413630,씨피시스템,2024-04-25,4630,4900,KOSDAQ,1656,5.8315,1.3132,0.9722,1,0.5939,0.8167,0.024557,58.0645,34.9727,-6.3638,0.1713,577549372.0,1,0.033236,0.61,-18.16,-18.16,0,0,-0.542
1820,삼화콘덴서,2024-04-25,47050,48200,KOSPI,3150,2.4442,4.2367,0.5263,214,0.4609,4.0735,-0.011802,55.7351,49.9908,-4.5911,0.192,22967434540.0,801,0.068613,8.92,-1.87,-1.87,0,1,2.6512
82740,한화엔진,2024-04-25,12580,13210,KOSPI,44561,5.0079,5.8085,0.8318,179,0.5606,3.5456,0.007471,72.6797,41.058,-4.5911,0.2472,61669450578.0,179,0.054558,1.44,-8.93,-0.53,0,1,2.6512
131290,티에스이,2024-04-26,67700,79000,KOSDAQ,8539,16.6913,4.6898,0.7462,1,1.0,1.3992,0.023363,131.6716,32.0472,-5.8491,0.2761,39032792820.0,469,0.067812,5.32,-26.33,-26.33,0,0,-0.1078
102710,이엔에프테크놀로지,2024-04-26,28200,28350,KOSDAQ,7601,0.5319,1.3842,0.45,75,0.7083,1.7336,0.008663,51.3615,15.3086,-5.8491,0.0679,3924518110.0,803,0.059083,5.11,-6.7,5.11,0,0,-0.1078
860,강남제비스코,2024-04-26,14481,14906,KOSPI,2174,2.9349,3.314,0.534,250,0.5867,1.0529,0.015718,60.314,24.3969,-3.2591,0.1153,875053964.0,684,0.033246,-5.54,-13.76,-11.75,0,1,3.7205
103590,일진전기,2024-04-26,23200,23300,KOSPI,28516,0.431,4.4292,0.831,15,0.8095,1.1345,0.100243,252.6029,17.1956,-3.2591,0.1555,88315882670.0,15,0.079798,22.75,-10.73,22.75,1,1,3.7205
35150,백산,2024-04-26,13630,13710,KOSPI,2632,0.5869,0.7093,1.0,12,0.4,0.8272,0.053511,87.0396,14.9951,-3.2591,0.0554,1561252878.0,12,0.042201,9.41,-2.04,-0.58,0,1,3.7205
88130,동아엘텍,2024-04-26,5115,5250,KOSDAQ,1084,2.6393,17.2213,0.6343,231,0.8882,1.9344,-0.003353,104.2802,31.4472,-5.8491,0.2177,16431948812.0,683,0.056803,1.14,-12.57,-11.62,0,0,-0.1078
99320,쎄트렉아이,2024-04-26,49300,50400,KOSDAQ,20840,2.2312,2.705,1.0,2,0.9147,2.1137,0.03315,95.7282,23.0584,-5.8491,0.1798,31395378370.0,790,0.052154,11.11,-1.49,-1.49,1,0,-0.1078
9450,경동나비엔,2024-04-26,59500,59900,KOSPI,8217,0.6723,0.694,0.7059,171,0.8298,1.0595,0.018989,72.6225,15.6419,-3.2591,0.075,4393609580.0,668,0.041021,-0.17,-18.86,-13.19,0,1,3.7205
171090,선익시스템,2024-04-26,46050,56300,KOSDAQ,5613,22.2584,5.4761,1.0,30,0.851,1.2255,0.032993,209.3407,39.8967,-5.8491,0.3623,51698846350.0,30,0.075235,25.75,-3.02,3.02,1,0,-0.1078
138930,BNK금융지주,2024-04-26,8360,8390,KOSPI,51235,0.3589,0.9359,0.4444,25,0.6095,0.8708,0.013301,27.8963,8.397,-3.2591,0.0682,13080801232.0,619,0.02537,3.22,-1.07,0.0,0,1,3.7205
272210,한화시스템,2024-04-26,19350,19940,KOSPI,176451,3.0491,5.5624,0.9649,78,0.859,1.576,0.020314,70.1365,19.122,-3.2591,0.1366,97218011936.0,759,0.036287,2.06,-10.83,-10.83,0,1,3.7205
9470,삼화전기,2024-04-26,47550,53200,KOSPI,3333,11.8822,2.1297,0.7762,2,0.7729,1.4328,0.090765,286.3471,76.549,-3.2591,0.3562,40611457200.0,2,0.09573,51.5,3.38,28.01,1,1,3.7205
147830,제룡산업,2024-04-26,4905,5090,KOSDAQ,1408,3.7717,18.4762,0.8729,195,0.9756,2.3694,-0.014053,61.0759,40.6836,-5.8491,0.2308,10911544253.0,640,0.060834,60.12,13.95,13.95,1,0,-0.1078
214320,이노션,2024-04-29,22900,23000,KOSPI,7436,0.4367,0.9526,1.0,89,0.6,0.8408,0.010944,22.6667,8.6365,-2.155,0.0523,1052314030.0,814,0.021429,3.26,-5.22,-5.22,0,1,4.9131
112290,와이씨켐,2024-04-29,31200,31300,KOSDAQ,2300,0.3205,4.058,1.0,7,0.4991,1.149,0.117199,274.4019,72.1406,-3.9514,0.1617,86664100160.0,7,0.105888,8.63,-20.93,-20.93,0,1,1.4089
145020,휴젤,2024-04-29,209500,221000,KOSDAQ,32790,5.4893,1.4656,0.8621,37,0.6472,0.7193,0.068985,119.246,19.5977,-3.9514,0.0907,9867115200.0,685,0.035359,-0.45,-12.99,-12.99,0,1,1.4089
257720,실리콘투,2024-04-29,13760,14280,KOSDAQ,31809,3.7791,0.9009,0.6355,11,0.6403,0.5434,0.072542,364.3902,25.1738,-3.9514,0.1055,13795295424.0,11,0.058974,174.51,3.64,173.11,1,1,1.4089
4560,현대비앤지스틸,2024-04-29,22200,22550,KOSPI,2642,1.5766,2.3279,0.8529,21,0.7412,0.7532,0.028826,100.9804,10.0497,-2.155,0.1011,5549800070.0,739,0.040925,1.11,-9.76,-6.87,0,1,4.9131
241590,화승엔터프라이즈,2024-04-29,9470,9480,KOSPI,3048,0.1056,1.1468,0.8966,86,0.3425,2.8374,-4.4e-05,42.3423,32.5539,-2.155,0.1704,4806392838.0,732,0.050934,5.49,-11.92,-6.86,0,1,4.9131
9540,HD한국조선해양,2024-04-29,129400,132700,KOSPI,283800,2.5502,1.7999,0.9474,193,0.638,1.5112,0.006212,60.6538,14.2327,-2.155,0.0991,62077464820.0,732,0.040478,3.77,-3.32,-1.43,0,1,4.9131
78020,LS증권,2024-04-29,5020,5030,KOSDAQ,2957,0.1992,0.4363,0.8462,20,0.3584,0.3041,0.001882,34.1333,4.1506,-3.9514,0.0971,715752574.0,680,0.029324,10.54,-3.18,9.15,1,1,1.4089
229640,LS에코에너지,2024-04-29,22550,27150,KOSPI,11928,20.3991,11.0447,1.0,75,0.875,2.4309,0.090787,302.819,46.4164,-2.155,0.4071,49582770300.0,75,0.057958,57.46,5.71,51.2,1,1,4.9131
214420,토니모리,2024-04-30,8130,8600,KOSPI,2098,5.7811,6.8034,0.7405,7,0.6102,1.9845,0.035028,111.5621,21.1442,-2.0307,0.1478,7342481092.0,714,0.064618,24.53,0.81,24.3,1,1,5.0656
90435,아모레퍼시픽우,2024-04-30,43400,46500,KOSPI,5437,7.1429,4.7425,1.0,1,0.715,1.4935,0.020603,53.719,25.7009,-2.0307,0.1719,1337951140.0,728,0.035177,17.63,-1.61,17.63,1,1,5.0656
73240,금호타이어,2024-04-30,6780,7040,KOSPI,16632,3.8348,6.8142,0.4878,50,0.5059,1.6866,0.028691,69.2308,22.3726,-2.0307,0.1182,6030860870.0,699,0.040584,17.05,0.99,1.7,1,1,5.0656
33790,피노,2024-04-30,1815,2000,KOSDAQ,3456,10.1928,2.1111,0.5,250,0.9529,3.6921,-0.009884,106.1856,48.7581,-4.7696,0.3745,2568475924.0,261,0.0625,303.5,30.0,233.5,1,1,1.3177
78350,한양디지텍,2024-04-30,27200,28950,KOSDAQ,3971,6.4338,2.5439,0.5647,2,0.7315,1.7398,0.042751,173.1132,57.138,-4.7696,0.2706,33579475130.0,2,0.083987,-2.42,-16.75,-16.75,0,1,1.3177
237880,클리오,2024-04-30,33550,35000,KOSDAQ,2340,4.3219,3.7165,0.8182,75,0.5817,1.4405,0.037174,103.9627,15.8807,-4.7696,0.1408,5010998510.0,75,0.049796,18.14,-3.14,18.14,1,1,1.3177
44990,에이치엔에스하이텍,2024-05-02,23550,23700,KOSDAQ,1238,0.6369,2.631,0.0714,65,0.85,0.9335,0.041517,71.7391,6.1976,-2.7042,0.055,144229080.0,65,0.043701,24.26,0.84,20.89,1,1,1.1485
12200,계양전기,2024-05-02,2385,2555,KOSPI,2175,7.1279,119.5027,1.0,239,0.8107,12.9393,-0.019648,50.8264,49.7022,-2.5247,0.3734,10799744940.0,683,0.059659,-4.89,-29.94,-29.94,0,1,4.7053
33100,제룡전기,2024-05-02,62500,65200,KOSDAQ,7003,4.32,1.3137,0.625,2,0.3314,1.3101,0.151027,344.4444,36.4477,-2.7042,0.224,172830000000.0,2,0.095695,17.48,-2.3,12.27,1,1,1.1485
317330,덕산테코피아,2024-05-02,44000,44500,KOSDAQ,3792,1.1364,1.0228,0.8205,23,0.6106,0.4181,0.102764,218.0843,17.1,-2.7042,0.1322,25175924890.0,23,0.063403,-6.18,-22.02,-20.45,0,1,1.1485
14830,유니드,2024-05-02,97000,98900,KOSPI,5394,1.9588,1.0967,0.7609,2,0.5163,1.826,0.029456,86.2524,23.1345,-2.5247,0.13,17384419260.0,644,0.045212,16.68,-1.11,8.09,1,1,4.7053
183490,엔지켐생명과학,2024-05-03,2030,2055,KOSDAQ,1049,1.2315,1.4886,0.8507,27,0.6366,1.3516,0.007641,81.6976,16.3094,-1.633,0.1209,1343554985.0,750,0.032847,7.79,-9.34,-4.67,0,1,0.9251
237690,에스티팜,2024-05-03,96300,96500,KOSDAQ,31860,0.2077,1.4356,0.9405,32,0.6335,0.8807,0.00898,59.7682,24.2506,-1.633,0.139,33838383880.0,577,0.049001,5.49,-7.25,-0.21,0,1,0.9251
106190,하이텍팜,2024-05-03,10967,12200,KOSDAQ,1275,11.2428,15.619,0.9324,156,0.7222,2.9398,0.015409,54.2351,28.0579,-1.633,0.1904,1444926162.0,814,0.046838,34.43,-1.56,24.26,1,1,0.9251
51360,토비스,2024-05-03,19500,19740,KOSDAQ,2268,1.2308,1.7685,0.7742,165,0.5288,1.2049,0.01897,88.3588,22.2195,-1.633,0.156,3537285636.0,165,0.032892,3.09,-6.53,1.82,0,1,0.9251
37460,삼지전자,2024-05-07,9210,9300,KOSDAQ,3484,0.9772,1.0168,0.9048,3,0.4217,0.9681,0.003633,27.923,7.4828,-1.3184,0.0396,357334410.0,807,0.022734,0.65,-5.81,-5.59,0,1,1.5906
92230,KPX홀딩스,2024-05-07,58600,58900,KOSPI,3164,0.5119,1.0486,1.0,56,0.45,0.7402,0.01058,20.6967,2.7134,-0.2786,0.0345,155282740.0,735,0.014067,3.9,-2.89,-1.19,0,1,6.6156
211270,AP위성,2024-05-07,18490,18500,KOSDAQ,3062,0.0541,0.9127,0.9091,80,0.3429,1.0238,0.027132,71.2963,7.5792,-1.3184,0.0738,8081645240.0,271,0.048108,9.73,-16.11,-16.11,0,1,1.5906
103140,풍산,2024-05-07,74900,75100,KOSPI,32957,0.267,1.0733,0.54,1,0.556,1.3068,0.049819,135.4232,41.7099,-0.2786,0.2128,85248628060.0,1,0.053453,2.93,-22.5,-22.5,0,1,6.6156
65710,서호전기,2024-05-07,20250,20350,KOSDAQ,2626,0.4938,9.1794,0.951,88,0.8765,2.3571,0.004991,13.8143,6.9229,-1.3184,0.0543,714363658.0,700,0.017796,1.72,-3.29,-3.19,0,1,1.5906
297890,HB솔루션,2024-05-07,7150,7570,KOSDAQ,1616,5.8741,6.2981,0.812,67,0.5953,1.6084,0.028588,117.5913,35.064,-1.3184,0.3086,72178643136.0,680,0.05586,0.79,-12.95,-6.34,0,1,1.5906
89010,켐트로닉스,2024-05-07,30100,30500,KOSDAQ,5564,1.3289,2.1655,0.6842,2,0.503,2.099,0.008673,71.7342,10.0528,-1.3184,0.1317,134438000000.0,799,0.070492,14.1,-9.18,-5.08,1,1,1.5906
17810,풀무원,2024-05-07,12340,12390,KOSPI,4868,0.4052,0.9094,0.2381,6,0.2773,1.169,0.009241,31.9489,2.5908,-0.2786,0.0453,727527948.0,734,0.033552,28.57,-1.78,15.9,1,1,6.6156
100840,SNT에너지,2024-05-07,12177,12260,KOSPI,8634,0.6816,5.7931,0.6217,18,0.6048,1.0013,0.03437,68.0603,1.5675,-0.2786,0.1048,5933878312.0,18,0.090655,6.12,-21.45,-12.56,0,1,6.6156
357780,솔브레인,2024-05-07,314500,315000,KOSDAQ,32359,0.159,1.1076,0.375,19,0.5904,0.7716,0.020612,50.358,2.2799,-1.3184,0.0498,9706191800.0,685,0.039569,9.05,-6.03,-0.63,0,1,1.5906
31330,에스에이엠티,2024-05-07,3700,3840,KOSDAQ,4570,3.7838,1.0576,0.9091,7,0.4467,0.8099,0.014501,51.4793,17.682,-1.3184,0.091,1620764669.0,674,0.042411,1.04,-13.28,-11.33,0,1,1.5906
2960,한국쉘석유,2024-05-07,270500,272000,KOSPI,5596,0.5545,1.0661,0.9,3,0.35,0.8976,0.017306,28.3019,7.5765,-0.2786,0.0214,673249100.0,731,0.018776,11.76,2.57,9.19,1,1,6.6156
219130,타이거일렉,2024-05-07,39550,42000,KOSDAQ,2295,6.1947,3.5619,0.6481,25,0.5718,1.2363,0.020731,140.2746,22.3558,-1.3184,0.3101,11848065670.0,25,0.078827,1.9,-25.48,-25.48,0,1,1.5906
1040,CJ,2024-05-08,132100,133400,KOSPI,61709,0.9841,1.2016,0.2174,21,0.5101,0.7358,0.061343,120.132,2.5963,1.1362,0.0851,22885333120.0,21,0.046155,14.47,-7.87,-4.57,1,1,6.9969
3960,사조대림,2024-05-08,39500,40400,KOSPI,3235,2.2785,3.7767,1.0,50,0.4722,1.0639,0.03215,69.0377,19.8218,1.1362,0.1072,1026871360.0,50,0.035184,15.22,0.5,4.83,1,1,6.9969
74600,원익QnC,2024-05-08,34100,35900,KOSDAQ,7058,5.2786,2.0853,0.9811,20,0.7863,0.8729,0.012782,52.4416,5.2637,0.0149,0.1004,16216469800.0,483,0.041882,14.07,-8.36,14.07,1,1,1.7303
39980,폴라리스AI,2024-05-08,2905,3740,KOSDAQ,1290,28.7435,7.5455,1.0,41,0.7961,3.1353,0.102217,384.456,84.2215,0.0149,0.7692,200541000000.0,41,0.078667,3.07,-19.65,-19.65,0,1,1.7303
17510,세명전기,2024-05-08,5880,6910,KOSDAQ,1442,17.517,7.0727,0.6076,1,0.7201,2.9374,0.028221,168.3495,86.2385,0.0149,0.6289,45725782950.0,689,0.086107,-0.29,-37.34,-37.34,0,1,1.7303
15360,INVENI,2024-05-08,41400,41500,KOSPI,4389,0.2415,2.1883,0.75,29,0.6049,0.9337,0.021066,31.746,7.0776,1.1362,0.0573,362095040.0,29,0.015749,12.05,-1.2,10.48,1,1,6.9969
126720,수산인더스트리,2024-05-08,24150,24450,KOSPI,3421,1.2422,1.3138,0.9474,215,0.5417,0.5576,-0.000952,37.5914,1.5949,1.1362,0.0769,945327990.0,418,0.028484,23.72,-5.52,5.11,1,1,6.9969
00104K,CJ4우(전환),2024-05-08,91000,91900,KOSPI,7265,0.989,1.456,0.4516,25,0.3721,0.7267,0.035534,73.724,6.2236,1.1362,0.0873,1537305700.0,721,0.030857,13.6,-6.53,-2.61,1,1,6.9969
241710,코스메카코리아,2024-05-09,43000,44200,KOSDAQ,10605,2.7907,4.8539,0.8421,50,0.8136,1.2943,0.043632,376.8069,21.4943,1.1132,0.1817,14518034170.0,50,0.050339,39.37,-2.26,36.88,1,1,1.4791
500,가온전선,2024-05-09,52100,56900,KOSPI,13268,9.2131,1.6046,0.8545,2,0.5833,1.6923,0.113936,274.7366,66.577,-0.2027,0.2993,69446264000.0,2,0.085802,16.52,-17.14,-12.21,1,1,5.6892
309960,LB인베스트먼트,2024-05-09,5990,7210,KOSDAQ,1377,20.3673,32.5187,1.0,248,0.9547,4.0852,-0.012588,90.9934,73.252,1.1132,0.6368,4906100292.0,271,0.046216,-13.87,-34.74,-33.77,0,1,1.4791
41020,폴라리스오피스,2024-05-09,8980,9660,KOSDAQ,2277,7.5724,11.6286,0.8278,70,0.8844,2.6345,0.065228,383.0,58.8206,1.1132,0.4553,222084000000.0,70,0.065513,4.76,-17.08,-17.08,0,1,1.4791
214150,클래시스,2024-05-09,41700,48500,KOSDAQ,47492,16.307,21.4398,0.8571,106,0.8865,2.9358,0.018472,104.6414,33.9843,1.1132,0.2581,67233683190.0,106,0.046907,3.71,-4.54,-2.27,0,1,1.4791
259960,크래프톤,2024-05-09,260000,263500,KOSPI,118036,1.3462,2.7183,0.5312,13,0.75,1.3561,0.028121,79.8635,8.4163,-0.2027,0.0663,57452855200.0,609,0.042423,-1.33,-7.4,-3.42,0,1,5.6892
17940,E1,2024-05-09,70400,70500,KOSPI,5913,0.142,0.5565,0.6,36,0.4933,0.6157,0.027818,48.1092,5.4266,-0.2027,0.046,687172520.0,36,0.021682,5.39,0.0,0.57,0,1,5.6892
26890,스틱인베스트먼트,2024-05-09,9050,9140,KOSPI,4664,0.9945,0.547,1.0,2,0.4029,0.8567,0.030103,63.5063,15.4613,-0.2027,0.0669,1163500076.0,758,0.028134,22.76,-0.22,17.07,1,1,5.6892
10120,LS ELECTRIC,2024-05-10,176600,178000,KOSPI,157500,0.7928,0.7689,0.8762,6,0.3344,1.0955,0.094253,190.8497,42.8336,0.8306,0.1302,120623000000.0,6,0.078371,30.06,-4.21,9.44,1,1,6.2723
251270,넷마블,2024-05-10,68000,69400,KOSPI,43750,2.0588,13.4538,0.4915,248,0.7882,3.2194,0.015548,86.5591,16.0044,0.8306,0.2096,43927961200.0,753,0.047859,-4.03,-19.16,-19.16,0,1,6.2723
105560,KB금융,2024-05-10,78600,79300,KOSPI,508870,0.8906,0.8705,0.5652,38,0.4301,0.8311,0.041467,70.5376,13.9306,0.8306,0.1204,102483000000.0,38,0.046028,2.9,-3.78,-1.13,0,1,6.2723
352480,씨앤씨인터내셔널,2024-05-10,84700,84900,KOSDAQ,4859,0.2361,1.392,0.3137,6,0.8511,1.1116,0.052951,124.0106,10.1289,0.5621,0.0443,12437944300.0,6,0.05191,11.31,-6.95,9.54,1,1,0.7994
18290,브이티,2024-05-10,22300,25400,KOSDAQ,6960,13.9013,4.9101,0.8649,10,0.6764,1.3119,0.077439,324.0401,28.9637,0.5621,0.197,47984872680.0,10,0.063667,37.01,-5.51,32.87,1,1,0.7994
2380,KCC,2024-05-10,291500,292000,KOSPI,42211,0.1715,1.2518,0.7037,42,0.6901,1.1661,0.022332,54.0897,16.4384,0.8306,0.1568,17834599100.0,653,0.037427,10.27,-4.11,-4.11,1,1,6.2723
35760,CJ ENM,2024-05-10,86200,88600,KOSDAQ,14956,2.7842,4.2104,0.9556,60,0.7396,1.0932,0.016573,76.494,13.1735,0.5621,0.1558,12812484760.0,701,0.034505,2.82,-8.47,-5.08,0,1,0.7994
24720,콜마홀딩스,2024-05-10,8530,8750,KOSPI,3313,2.5791,6.9805,0.5,23,0.7792,1.3435,0.016666,43.2079,8.5444,0.8306,0.0669,2352867666.0,726,0.032,16.57,-0.46,-0.46,1,1,6.2723
9240,한샘,2024-05-10,60400,63800,KOSPI,10626,5.6291,5.4551,1.0,168,0.5358,1.7814,0.018879,57.5309,31.9477,0.8306,0.2211,3569244480.0,694,0.044447,3.92,-15.2,-14.89,0,1,6.2723
1045,CJ우,2024-05-10,63500,63600,KOSPI,2186,0.1575,3.4459,0.8667,27,0.5309,0.8029,0.029397,52.8846,6.4206,0.8306,0.0724,379824260.0,724,0.020889,5.03,-4.56,-2.83,0,1,6.2723
1440,대한전선,2024-05-10,14407,14600,KOSPI,49875,1.3396,1.5038,0.6,241,0.5786,1.5724,0.002536,72.2714,11.4771,0.8306,0.1015,147243000000.0,721,0.058562,34.79,5.48,5.62,1,1,6.2723
11560,세보엠이씨,2024-05-13,9950,9980,KOSDAQ,1527,0.3015,7.1394,0.2353,208,0.7778,1.312,-0.000743,22.1542,7.2799,-0.4277,0.0584,1574552848.0,477,0.019324,45.29,-0.3,24.55,1,0,-0.31
79430,현대리바트,2024-05-13,9190,10300,KOSPI,1320,12.0783,64.2927,0.8203,151,0.881,10.3346,-0.010644,49.2754,37.1368,0.7481,0.3384,16626901084.0,695,0.039528,11.94,-12.14,-10.87,1,1,6.2335
192820,코스맥스,2024-05-13,153500,157700,KOSPI,21485,2.7362,3.1985,0.5858,168,0.7013,1.1347,0.038024,112.5337,25.1099,0.7481,0.1534,26626246460.0,168,0.045203,9.32,-1.4,7.86,0,1,6.2335
25820,이구산업,2024-05-13,6790,7110,KOSPI,1813,4.7128,5.1628,0.6989,14,0.6839,1.1494,0.036382,105.7887,26.6713,0.7481,0.1199,55815292072.0,259,0.066606,10.83,-24.47,-24.47,1,1,6.2335
340570,티앤엘,2024-05-13,62700,66100,KOSDAQ,4405,5.4226,6.8921,0.7069,14,1.0,1.8512,0.01817,75.5644,10.7783,-0.4277,0.0962,20984276600.0,14,0.04625,7.11,-18.0,-6.05,0,0,-0.31
119850,지엔씨에너지,2024-05-13,8740,9860,KOSDAQ,5658,12.8146,3.1609,1.0,18,0.8397,0.7379,0.072109,158.7927,24.1416,-0.4277,0.235,15817999030.0,18,0.0694,0.91,-26.98,-20.49,0,0,-0.31
251970,펌텍코리아,2024-05-13,29200,30200,KOSDAQ,7849,3.4247,5.2383,0.6667,171,0.5253,1.9261,0.018177,66.9431,27.3184,-0.4277,0.1474,5111156800.0,171,0.050733,34.93,-2.15,34.93,1,0,-0.31
34950,한국기업평가,2024-05-13,85700,85800,KOSDAQ,4386,0.1167,0.864,0.8,25,0.3548,0.7003,0.012958,19.0014,2.207,-0.4277,0.0128,147533320.0,827,0.008492,4.55,0.23,4.43,0,0,-0.31
36530,SNT홀딩스,2024-05-13,25150,25350,KOSPI,8494,0.7952,2.6385,0.459,2,0.9158,0.709,0.038721,70.7071,3.1454,0.7481,0.0901,1347290920.0,2,0.03987,-4.14,-16.77,-16.77,0,1,6.2335
100700,세운메디칼,2024-05-13,2920,3060,KOSDAQ,1023,4.7945,105.1214,0.5049,81,0.8705,10.8248,-0.000905,23.8866,13.5515,-0.4277,0.1135,7948731763.0,794,0.023926,7.19,-6.37,-4.74,0,0,-0.31
71970,HD현대마린엔진,2024-05-13,16700,16710,KOSPI,28664,0.0599,1.7834,0.5369,8,0.4313,1.0914,0.069739,232.2068,35.3268,0.7481,0.1019,5519428944.0,8,0.059545,3.83,-11.67,-6.7,0,1,6.2335
134380,미원화학,2024-05-13,74700,74800,KOSPI,2111,0.1339,4.4363,0.8182,169,0.6316,1.0983,0.010296,17.2414,5.8046,0.7481,0.0439,63235000.0,771,0.008212,8.29,0.13,8.02,0,1,6.2335
39570,HDC랩스,2024-05-13,8620,9700,KOSPI,2097,12.529,374.9891,0.6045,232,1.0,38.1372,0.000475,35.6643,14.0448,0.7481,0.1691,5765526388.0,711,0.033873,13.3,-8.66,-6.49,1,1,6.2335
2450,삼익악기,2024-05-13,1309,1310,KOSPI,1037,0.0764,0.6393,0.6154,19,0.4583,0.4515,0.00745,28.0547,0.4102,0.7481,0.0148,128882461.0,714,0.016249,6.26,-10.53,-10.53,0,1,6.2335
150,두산,2024-05-13,164000,170400,KOSPI,135542,3.9024,0.5282,0.84,19,0.3553,0.5397,0.057723,132.7869,11.5049,0.7481,0.1509,22653259780.0,19,0.05508,30.87,-4.46,30.87,1,1,6.2335
32820,우리기술,2024-05-13,1612,1795,KOSDAQ,14525,11.3524,20.5594,0.9475,220,0.7057,2.3851,-0.004892,43.8301,33.194,-0.4277,0.2548,37384411789.0,694,0.038082,47.63,6.02,31.48,1,0,-0.31
64800,포니링크,2024-05-14,3595,3855,KOSDAQ,1010,7.2323,3.8712,1.0,43,0.5223,0.9887,0.103882,303.6649,46.1046,0.1952,0.373,9467314613.0,43,0.067908,-9.47,-24.64,-21.66,0,1,0.6212
5810,풍산홀딩스,2024-05-14,32600,32650,KOSPI,5623,0.1534,1.2708,0.381,5,0.6226,1.4706,0.022911,57.5012,1.1876,1.8092,0.0642,2316038400.0,5,0.037957,0.46,-15.16,-14.85,0,1,6.33
3230,삼양식품,2024-05-14,329000,335500,KOSPI,82938,1.9757,0.9666,0.6279,1,0.4733,1.0256,0.097272,223.2177,37.9824,1.8092,0.1496,29291893400.0,1,0.051203,84.5,2.38,82.41,1,1,6.33
2790,아모레퍼시픽홀딩스,2024-05-14,35050,35500,KOSPI,22685,1.2839,0.7842,1.0,2,0.4268,1.5812,0.017828,44.3089,24.0773,1.8092,0.1189,8793627400.0,726,0.042656,8.31,-5.35,1.27,0,1,6.33
323280,태성,2024-05-14,5030,5413,KOSDAQ,22323,7.6143,10.0862,0.8337,73,0.5761,4.1406,0.034,211.8088,52.5418,0.1952,0.4261,43422988243.0,73,0.076641,121.25,-5.49,103.36,1,1,0.6212
25620,차AI헬스케어,2024-05-16,8880,9580,KOSPI,2223,7.8829,4.5534,0.6442,183,0.6165,4.373,0.009029,82.1293,52.4275,3.092,0.3345,3961080256.0,683,0.075306,-1.67,-29.65,-13.88,0,1,7.1823
49520,유아이엘,2024-05-16,4224,4366,KOSDAQ,1158,3.3617,5.6998,0.976,188,0.8754,3.3583,0.026424,80.1898,20.0201,2.1058,0.2092,6581860907.0,188,0.04144,14.41,-6.96,-5.27,1,1,1.6122
52260,현대바이오랜드,2024-05-16,6440,6500,KOSDAQ,1260,0.9317,2.5203,0.4795,248,0.3152,3.6027,-0.015065,54.2112,48.1832,2.1058,0.2706,4610649518.0,803,0.046374,7.38,-15.23,-14.92,0,1,1.6122
660,SK하이닉스,2024-05-16,188400,193000,KOSPI,6086100,2.4416,1.2381,0.6552,22,0.6889,0.7932,0.046695,123.6385,-0.5415,3.092,0.0855,618966000000.0,22,0.031014,15.03,-1.97,14.51,1,1,7.1823
43260,성호전자,2024-05-16,2200,2245,KOSDAQ,11922,2.0455,5.124,0.5465,31,0.5469,2.7664,0.008394,67.5373,19.0491,2.1058,0.2436,27084199898.0,31,0.070379,-2.9,-23.83,-22.76,0,1,1.6122
300720,한일시멘트,2024-05-16,13350,14150,KOSPI,12488,5.9925,4.4076,1.0,229,0.7611,1.8676,0.006179,25.8897,8.8542,3.092,0.0977,1606404148.0,579,0.024028,2.4,-6.64,-2.47,0,1,7.1823
6340,대원전선,2024-05-16,4885,4910,KOSPI,2721,0.5118,0.7095,0.5429,2,0.426,2.314,0.178612,384.2209,79.4359,3.092,0.4655,307723000000.0,2,0.105761,-9.57,-32.08,-26.27,0,1,7.1823
38460,바이오스마트,2024-05-16,5870,6300,KOSDAQ,1261,7.3254,3.4445,0.8785,5,0.6573,1.5578,0.059418,109.6506,16.3153,2.1058,0.1847,29248971916.0,702,0.093311,4.13,-28.73,-26.27,0,1,1.6122
3350,한국화장품제조,2024-05-16,34150,36700,KOSPI,2237,7.4671,37.0513,1.0,182,0.8099,5.7457,0.007563,72.7059,40.8296,3.092,0.3499,12852010830.0,727,0.039607,61.31,-8.58,61.31,1,1,7.1823
59090,미코,2024-05-16,13720,14500,KOSDAQ,5885,5.6851,6.3602,0.7812,199,0.5455,2.6448,0.00533,83.5443,26.3265,2.1058,0.2639,32576124238.0,815,0.067044,22.48,-2.07,16.55,1,1,1.6122
810,삼성화재,2024-05-16,343000,370000,KOSPI,220854,7.8717,2.5941,0.8649,36,0.6195,0.9234,0.028966,70.1149,24.7146,3.092,0.2008,44773697700.0,36,0.035907,1.08,-10.68,-10.0,0,1,7.1823
6260,LS,2024-05-16,150800,161500,KOSPI,62386,7.0955,1.5914,0.9646,1,0.4163,1.3046,0.045572,111.1111,26.315,3.092,0.2059,115178000000.0,1,0.060991,16.1,-11.33,-9.78,1,1,7.1823
2030,아세아,2024-05-16,261000,264500,KOSPI,5876,1.341,1.0024,0.96,21,0.4105,0.6067,0.057632,101.1407,1.6605,3.092,0.0827,507626000.0,21,0.033351,4.35,-9.26,-5.29,0,1,7.1823
815,삼성화재우,2024-05-16,257000,272500,KOSPI,11282,6.0311,2.597,0.7955,34,0.7455,0.9556,0.034809,62.2024,14.8734,3.092,0.1374,7593243100.0,34,0.027523,3.3,-6.61,-6.61,0,1,7.1823
211050,인카금융서비스,2024-05-16,6100,6270,KOSDAQ,7188,2.7869,1.0168,1.0,3,0.1049,1.4547,0.066647,180.914,25.8534,2.1058,0.1879,1185112136.0,3,0.229893,-5.26,-14.67,-14.35,0,1,1.6122
5830,DB손해보험,2024-05-16,106200,111500,KOSPI,97346,4.9906,1.6381,0.7033,41,0.6893,0.8068,0.025452,57.0423,19.9764,3.092,0.1641,20181080440.0,41,0.039334,-0.9,-11.03,-6.91,0,1,7.1823
7660,이수페타시스,2024-05-16,43666,49404,KOSPI,81558,13.1407,4.0635,1.0,31,0.6231,0.923,0.030748,461.9838,22.3402,3.092,0.2814,276445000000.0,31,0.051462,4.33,-6.5,1.18,0,1,7.1823
5180,빙그레,2024-05-16,74200,75600,KOSPI,7071,1.8868,2.3139,0.7119,2,0.5444,1.4843,0.045536,78.0919,19.0405,3.092,0.0837,9444249600.0,2,0.037509,48.28,12.7,43.39,1,1,7.1823
390,삼화페인트,2024-05-17,9610,9770,KOSPI,1842,1.6649,15.717,1.0,37,1.0,1.7757,0.017742,69.3241,25.1692,4.4064,0.2751,41642463460.0,827,0.046352,-0.2,-18.83,-18.83,0,1,6.0517
71320,지역난방공사,2024-05-17,46150,46550,KOSPI,11428,0.8667,1.115,0.8,51,0.7043,1.1015,0.051312,101.0799,15.1058,4.4064,0.1213,3804944850.0,721,0.047414,5.48,-4.3,3.11,0,1,6.0517
950140,잉글우드랩,2024-05-17,16200,17190,KOSDAQ,2487,6.1111,1.8367,0.8983,55,0.5844,2.0038,0.041603,255.9006,25.4207,2.6717,0.1683,10514303812.0,55,0.061331,52.41,7.27,37.58,1,0,-0.1305
298040,효성중공업,2024-05-17,340000,370500,KOSPI,213159,8.9706,13.1787,0.5706,21,0.7627,2.1784,0.10038,390.0794,22.4772,4.4064,0.2054,181949000000.0,21,0.071621,21.32,-1.48,1.21,1,1,6.0517
1750,한양증권,2024-05-17,11040,11060,KOSPI,2482,0.1812,1.8021,1.0,33,0.4762,0.7367,0.016918,29.9647,5.0986,4.4064,0.0505,144987542.0,663,0.013175,3.25,-0.54,3.25,0,1,6.0517
94280,효성ITX,2024-05-17,13130,13160,KOSPI,1445,0.2285,7.4376,0.459,216,0.5565,1.7561,-0.000311,9.6667,1.2964,4.4064,0.0351,360269206.0,697,0.010747,5.93,-1.14,1.06,0,1,6.0517
8110,대동전자,2024-05-17,13040,14030,KOSPI,1578,7.592,0.998,0.9576,12,0.695,0.4246,0.094061,205.6645,14.4919,4.4064,0.1559,367960962.0,427,0.049079,15.82,-8.7,-7.63,1,1,6.0517
210,DL,2024-05-17,58200,58500,KOSPI,8435,0.5155,1.3581,0.7586,68,0.484,1.3252,0.029868,61.8257,12.1275,4.4064,0.0991,3098170440.0,752,0.035958,3.08,-8.55,-3.42,0,1,6.0517
86710,선진뷰티사이언스,2024-05-20,10560,10580,KOSDAQ,1147,0.1894,3.4602,0.4583,217,0.4461,4.0184,-0.007399,43.3604,33.9544,1.6866,0.1667,5631068250.0,813,0.062584,109.83,9.64,100.85,1,0,-1.012
89030,테크윙,2024-05-20,38750,41000,KOSDAQ,16841,5.8065,1.6374,0.871,19,0.9336,1.1203,0.191605,526.9113,8.5284,1.6866,0.1883,64581390570.0,19,0.071951,21.22,-5.0,21.22,1,0,-1.012
00279K,아모레퍼시픽홀딩스3우C,2024-05-20,23650,23700,KOSPI,1596,0.2114,1.9154,0.5625,5,0.2524,1.368,0.010908,38.6776,12.4467,6.1126,0.0719,178417810.0,729,0.03044,4.22,-4.64,-0.63,0,1,6.7061
353810,이지바이오,2024-05-20,4315,4390,KOSDAQ,2346,1.7381,2.2925,0.9808,249,0.5349,0.998,0.008349,43.4641,15.0687,1.6866,0.0715,806929625.0,827,0.027172,9.0,-5.24,5.01,0,0,-1.012
148150,세경하이테크,2024-05-21,12700,12960,KOSDAQ,1713,2.0472,3.6207,0.8247,2,0.8404,3.1177,0.066014,282.6395,25.5639,-1.0682,0.2442,73722517258.0,2,0.053075,-1.77,-20.52,-17.82,0,0,-1.0304
12510,더존비즈온,2024-05-21,59900,60300,KOSPI,27952,0.6678,0.6239,0.7619,12,0.6984,0.701,0.07299,136.4706,2.5792,3.3962,0.0937,29555254380.0,825,0.057332,16.25,-2.82,1.0,1,1,5.9875
69510,에스텍,2024-05-21,9640,9910,KOSDAQ,1612,2.8008,6.0511,0.8864,100,0.9176,2.6504,0.010448,35.7534,19.4672,-1.0682,0.1304,346277164.0,728,0.026669,3.23,-0.3,0.91,0,0,-1.0304
170920,엘티씨,2024-05-21,18350,18530,KOSDAQ,2678,0.9809,4.986,0.6,76,0.9436,1.3642,0.040637,141.276,18.5698,-1.0682,0.2128,9256813402.0,76,0.057282,4.91,-27.47,-24.88,0,0,-1.0304
18670,SK가스,2024-05-21,169900,174700,KOSPI,20709,2.8252,3.8645,0.4792,143,0.5258,1.2207,0.027956,45.8264,11.0861,3.3962,0.0695,2120873780.0,655,0.025636,9.04,-4.75,0.29,0,1,5.9875
32940,원익,2024-05-21,4375,5120,KOSDAQ,2376,17.0286,69.8283,0.7722,70,0.8316,7.5459,0.000782,62.0253,42.3096,-1.0682,0.3326,11197046501.0,716,0.039551,25.0,-2.34,-2.34,1,0,-1.0304
7390,네이처셀,2024-05-21,10790,12300,KOSDAQ,15787,13.9944,13.8779,0.8144,250,0.7455,1.9868,0.01595,76.9784,40.9999,-1.0682,0.3077,26311102112.0,694,0.045064,-2.52,-19.59,-19.59,0,0,-1.0304
60370,LS마린솔루션,2024-05-21,11883,12419,KOSDAQ,15410,4.5106,10.0792,0.237,185,0.6273,4.0674,0.03187,108.0932,42.7244,-1.0682,0.2361,53347045126.0,185,0.063394,33.22,3.88,18.44,1,0,-1.0304
90430,아모레퍼시픽,2024-05-21,179700,184800,KOSPI,80837,2.8381,1.1152,0.973,1,0.3721,1.0149,0.050578,95.1426,22.7471,3.3962,0.1336,45317762400.0,735,0.038459,5.09,-4.71,-3.46,0,1,5.9875
213500,한솔제지,2024-05-21,11390,11450,KOSPI,1959,0.5268,2.7977,0.8261,250,0.3974,1.5833,-0.00071,15.5399,10.6476,3.3962,0.0642,1609439422.0,669,0.020774,0.87,-4.63,-2.79,0,1,5.9875
377450,리파인,2024-05-22,10990,11310,KOSDAQ,2087,2.9117,1.185,0.7885,12,0.8967,1.2667,0.027792,62.2669,10.976,0.4525,0.0782,1656662482.0,612,0.044335,14.94,-2.03,14.94,1,0,-1.0683
441270,파인엠텍,2024-05-22,10970,11130,KOSDAQ,3678,1.4585,5.0675,0.5081,246,0.5128,3.5357,0.006662,61.0709,37.9803,0.4525,0.2078,29644629800.0,265,0.049352,-3.32,-19.23,-18.96,0,0,-1.0683
5389,현대차3우B,2024-05-22,160300,164000,KOSPI,5760,2.3082,2.1691,0.9583,62,0.66,0.8178,0.040168,64.8241,8.8115,5.0774,0.0723,3622395380.0,62,0.016855,1.04,-7.07,0.67,0,1,5.9416
215100,로보로보,2024-05-22,6170,6290,KOSDAQ,2080,1.9449,54.684,0.6012,169,0.9867,9.6425,-0.004583,55.1171,45.1493,0.4525,0.3627,42941602380.0,530,0.049796,0.16,-22.26,-22.26,0,0,-1.0683
5380,현대차,2024-05-22,255500,277000,KOSPI,980790,8.4149,3.3411,0.9811,53,0.7882,0.8579,0.021697,63.2292,12.7949,5.0774,0.1159,304739000000.0,828,0.027076,3.43,-8.66,3.07,0,1,5.9416
5385,현대차우,2024-05-22,166000,166600,KOSPI,59053,0.3614,2.3556,0.9596,53,0.67,0.7796,0.040237,67.2691,9.3456,5.0774,0.0704,12216482920.0,53,0.019122,0.24,-7.92,0.18,0,1,5.9416
49630,재영솔루텍,2024-05-22,780,784,KOSDAQ,5547,0.5128,1.1879,0.6897,1,0.6069,2.2449,0.006516,49.9044,22.2392,0.4525,0.1422,642754762.0,666,0.044734,-0.38,-14.8,-12.37,0,0,-1.0683
232140,와이씨,2024-05-22,16540,16790,KOSDAQ,14735,1.5115,2.2208,0.5498,4,0.3931,1.2015,0.197508,433.0159,70.5251,0.4525,0.1829,239225000000.0,4,0.09253,30.43,-17.93,9.17,1,0,-1.0683
3650,미창석유,2024-05-22,80500,80600,KOSPI,2093,0.1242,0.3842,0.8571,65,0.2381,0.3138,0.017552,24.0,-1.7441,5.0774,0.0119,62520340.0,481,0.011521,2.85,-3.23,-3.23,0,1,5.9416
220100,퓨쳐켐,2024-05-22,14790,14850,KOSDAQ,5405,0.4057,1.5977,0.8428,151,0.394,1.1746,0.046603,106.5369,57.6944,0.4525,0.1491,14044263906.0,833,0.070659,14.41,-7.07,-2.02,1,0,-1.0683
51980,중앙첨단소재,2024-05-22,5700,6010,KOSDAQ,2755,5.4386,9.022,0.8409,38,0.9566,1.5042,0.028047,342.5626,16.9303,0.4525,0.2446,37821507175.0,832,0.074043,140.43,21.96,111.98,1,0,-1.0683
42700,한미반도체,2024-05-22,146300,147300,KOSPI,179282,0.6835,1.1156,0.7757,24,0.4677,0.5571,0.151573,651.5306,2.9138,5.0774,0.0665,228782000000.0,24,0.040491,28.31,-0.61,21.72,1,1,5.9416
97950,CJ제일제당,2024-05-22,350000,354000,KOSPI,31539,1.1429,2.3988,0.8889,6,1.0,1.4138,0.02171,35.1145,0.5942,5.0774,0.0448,21877171000.0,686,0.034504,12.01,-4.24,11.3,1,1,5.9416
268280,미원에스씨,2024-05-23,160900,164000,KOSPI,6500,1.9267,3.9079,0.7857,214,0.5503,1.6447,-0.004322,28.025,14.7279,3.5129,0.1363,246847860.0,641,0.0223,-2.99,-9.76,-9.76,0,1,5.8508
51160,지어소프트,2024-05-23,10810,11260,KOSDAQ,1178,4.1628,3.9594,0.7113,111,0.4221,3.654,0.017173,89.2437,54.5805,0.0899,0.3048,4866624804.0,683,0.051573,6.22,-10.12,6.22,0,0,-0.9363
107640,한중엔시에스,2024-05-23,38150,39700,KOSDAQ,4220,4.0629,7.115,0.9259,26,0.7406,1.6284,0.087704,297.0,12.057,0.0899,0.1983,85587570.0,26,0.06882,38.54,1.89,38.54,1,0,-0.9363
2390,한독,2024-05-24,15370,17390,KOSPI,1532,13.1425,166.4964,0.8703,245,0.966,18.2268,0.001611,50.0431,27.411,2.462,0.2515,15901722638.0,833,0.038323,-2.24,-16.85,-16.85,0,1,4.5033
97955,CJ제일제당 우,2024-05-24,153000,155100,KOSPI,1819,1.3725,2.1526,0.7969,246,0.4571,1.4388,0.012646,26.0976,5.0969,2.462,0.0484,675115680.0,818,0.017915,3.93,-4.32,0.45,0,1,4.5033
267260,HD현대일렉트릭,2024-05-24,269000,283000,KOSPI,301715,5.2045,1.9865,0.9155,10,0.7018,0.9817,0.185122,520.614,15.4546,2.462,0.1152,183668000000.0,10,0.059187,12.01,-8.13,6.01,1,1,4.5033
6910,보성파워텍,2024-05-24,4080,4090,KOSDAQ,3665,0.2451,1.2595,0.8462,234,0.3238,2.9281,-0.002878,54.6314,41.7477,-0.7132,0.1424,30921758095.0,532,0.062871,3.3,-14.55,-10.39,0,0,-1.7498
339770,교촌에프앤비,2024-05-24,4538,4693,KOSPI,2109,3.4156,25.0581,0.8294,236,0.7119,4.866,0.000153,34.0091,15.216,2.462,0.1324,1628855993.0,701,0.024124,25.51,4.71,13.23,1,1,4.5033
71280,로체시스템즈,2024-05-27,12190,12520,KOSDAQ,1527,2.7071,1.7285,0.7561,33,0.794,0.6772,0.064416,128.8848,16.4086,-1.6515,0.1003,1641848752.0,33,0.045014,46.96,-4.63,32.99,1,0,-0.7074
83650,비에이치아이,2024-05-27,11160,11360,KOSDAQ,21568,1.7921,9.4009,0.4636,211,0.7606,2.6746,0.011669,77.5,32.8294,-1.6515,0.2108,39374170132.0,425,0.054326,1.58,-11.18,-11.18,0,0,-0.7074
199820,제일일렉트릭,2024-05-27,13255,13310,KOSDAQ,2169,0.4149,1.9134,0.2997,7,0.6119,1.1,0.078284,193.4303,65.0045,-1.6515,0.2128,66717258642.0,823,0.147735,5.94,-34.94,-34.94,0,0,-0.7074
130660,한전산업,2024-05-27,9410,10330,KOSPI,4238,9.7768,55.719,0.738,211,0.7634,6.5888,0.003195,52.5849,44.3448,1.7655,0.2866,42119842660.0,635,0.042387,29.72,-8.03,20.81,1,1,5.8558
34020,두산에너빌리티,2024-05-27,19280,21300,KOSPI,554085,10.4772,14.6846,0.7805,229,0.702,2.3447,-0.001003,58.7183,33.3011,1.7655,0.2141,366369000000.0,731,0.034541,2.35,-10.23,-3.76,0,1,5.8558
4800,효성,2024-05-27,53230,53846,KOSPI,23135,1.1572,1.2353,1.0,115,0.7833,0.6676,0.003148,25.9467,18.1321,1.7655,0.1466,1827420272.0,703,0.026065,-12.59,-19.03,-17.17,0,1,5.8558
86390,유니테스트,2024-05-27,17860,18730,KOSDAQ,2872,4.8712,10.1173,0.7491,48,0.8816,4.6131,0.004888,73.7477,33.1824,-1.6515,0.2525,148558000000.0,623,0.062543,-2.62,-26.11,-26.11,0,0,-0.7074
155,두산우,2024-05-27,81800,84400,KOSPI,18384,3.1785,1.6398,0.68,169,0.6524,0.706,0.03842,86.9324,26.502,1.7655,0.1653,1527683860.0,536,0.0413,3.55,-4.27,0.36,0,1,5.8558
29480,광무,2024-05-27,5150,5200,KOSDAQ,1368,0.9709,10.1209,0.7345,64,0.7446,3.1944,0.01348,161.8328,73.5524,-1.6515,0.4965,27691561815.0,613,0.075275,29.42,-11.92,-9.33,1,0,-0.7074
9150,삼성전기,2024-05-27,158900,159500,KOSPI,211383,0.3776,0.7486,0.8333,32,0.3964,0.7893,0.00449,29.5695,6.0048,1.7655,0.0365,75084256780.0,820,0.025123,0.06,-7.21,-5.64,0,1,5.8558
47810,한국항공우주,2024-05-28,57300,58600,KOSPI,156155,2.2688,5.4399,0.8235,230,0.8875,1.3069,0.003192,32.5792,8.0343,3.5848,0.0843,52621499440.0,422,0.028157,-3.58,-12.97,-11.26,0,1,5.8318
7310,오뚜기,2024-05-28,459000,460500,KOSPI,15210,0.3268,2.3898,0.8696,246,0.5185,2.0551,0.016619,32.9004,3.8831,3.5848,0.0553,4242417600.0,792,0.028075,8.03,-5.54,-5.54,0,1,5.8318
176750,듀켐바이오,2024-05-28,7800,7980,KOSDAQ,2962,2.3077,6.3091,0.8667,35,0.9302,1.2325,0.018726,50.566,8.1015,-0.2637,0.1074,83093554.0,726,0.030881,29.57,0.25,28.95,1,0,-0.3042
3570,SNT다이내믹스,2024-05-28,18670,19060,KOSPI,16493,2.0889,2.5421,0.9209,58,0.5953,0.733,0.04889,102.1209,12.2111,3.5848,0.1361,1684621292.0,58,0.029119,14.38,-3.25,13.59,1,1,5.8318
86450,동국제약,2024-05-28,18920,19430,KOSDAQ,8132,2.6956,6.2207,0.7097,68,0.7132,2.0693,0.024042,48.6611,22.1583,-0.2637,0.1203,9705682310.0,819,0.032792,0.21,-9.47,-1.54,0,0,-0.3042
388720,유일로보틱스,2024-05-28,36600,37850,KOSDAQ,15124,3.4153,3.4623,1.0,37,0.8111,1.3109,0.014259,99.7361,51.0605,-0.2637,0.4484,7947747910.0,418,0.0602,-12.95,-31.44,-17.83,0,0,-0.3042
16800,퍼시스,2024-05-28,41100,41500,KOSPI,4876,0.9732,1.286,0.7586,5,0.3737,1.2188,0.028978,44.3478,6.9345,3.5848,0.0587,109771660.0,761,0.028485,30.12,4.34,22.89,1,1,5.8318
36810,에프에스티,2024-05-28,33129,34849,KOSDAQ,9452,5.1918,6.2556,0.5833,18,0.828,0.9606,0.038046,104.5609,14.9891,-0.2637,0.0997,57241273388.0,808,0.054904,14.53,-3.8,5.22,1,0,-0.3042
114840,아이패밀리에스씨,2024-05-29,36000,39300,KOSDAQ,2785,9.1667,3.0305,0.6,6,0.5234,1.5211,0.127709,295.6907,52.144,-2.144,0.2616,15741492130.0,6,0.089604,8.91,-11.32,-8.65,0,0,-1.7173
103590,일진전기,2024-05-29,28000,28600,KOSPI,28516,2.1429,1.4605,0.4762,1,0.8789,0.7903,0.110491,323.1395,21.9573,0.7894,0.1878,101546000000.0,1,0.083292,-1.4,-18.01,-9.44,0,1,4.0593
102710,이엔에프테크놀로지,2024-05-29,29550,29800,KOSDAQ,7601,0.846,4.5288,0.619,15,1.0,1.2526,0.013724,59.103,7.2586,-2.144,0.0666,7145712190.0,823,0.043504,11.07,-4.19,-3.52,1,0,-1.7173
36200,유니셈,2024-05-29,11710,11940,KOSDAQ,3158,1.9641,13.7362,0.7778,26,0.9078,1.6719,0.015198,73.0435,9.7115,-2.144,0.1466,66301364914.0,760,0.045106,-6.87,-15.83,-6.87,0,0,-1.7173
68930,디지털대성,2024-05-30,7160,7220,KOSDAQ,2256,0.838,1.3939,1.0,18,0.4808,0.5863,0.012697,29.8561,7.0409,-4.3382,0.0258,124360944.0,640,0.018104,2.35,-0.55,2.35,0,0,-2.4301
161890,한국콜마,2024-05-30,58100,59000,KOSPI,15886,1.5491,2.9715,0.8788,192,0.6542,1.4463,0.013904,56.9149,21.6104,-1.9349,0.1005,20012326000.0,737,0.049274,23.73,4.75,20.68,1,1,2.4285
1720,신영증권,2024-05-30,69200,69900,KOSPI,28474,1.0116,2.1325,0.7778,71,1.0,0.8783,0.020604,30.6542,6.2633,-1.9349,0.0288,407338120.0,71,0.018802,7.87,1.72,2.72,0,1,2.4285
78600,대주전자재료,2024-05-30,115800,121300,KOSDAQ,11703,4.7496,10.5927,0.9045,211,0.8113,1.9534,-0.00175,77.0803,30.6923,-4.3382,0.2184,76126981440.0,278,0.045872,31.9,-3.96,17.89,1,0,-2.4301
12750,에스원,2024-05-31,63200,63600,KOSPI,30513,0.6329,1.1329,1.0,25,0.9184,0.7889,0.017193,27.9678,8.4176,-2.0631,0.0244,3036650680.0,836,0.023023,-1.26,-10.69,-7.7,0,1,2.4643
90435,아모레퍼시픽우,2024-05-31,54300,54700,KOSPI,5437,0.7366,2.0492,0.3684,6,0.5143,1.2184,0.04804,80.8264,19.6975,-2.0631,0.0874,1709092300.0,748,0.038848,-2.19,-15.54,-13.89,0,1,2.4643
237880,클리오,2024-05-31,41050,41350,KOSDAQ,2340,0.7308,1.7648,0.3469,1,0.5126,1.3049,0.064986,140.9674,21.4745,-3.3317,0.1198,8194679800.0,1,0.057091,4.35,-9.55,-9.55,0,0,-1.4466
175330,JB금융지주,2024-05-31,14010,14620,KOSPI,48231,4.354,3.2637,1.0,57,0.8793,1.1091,0.045187,78.9474,11.9053,-2.0631,0.0946,6209872004.0,57,0.027311,0.14,-8.69,-1.3,0,1,2.4643
12210,삼미금속,2024-05-31,2200,2280,KOSDAQ,3648,3.6364,0.0057,0.5,4,0.4655,0.9922,0.026791,159.0909,31.4216,-3.3317,0.124,1342852.0,255,0.040727,0.88,-6.58,-2.85,0,0,-1.4466
362320,청담글로벌,2024-05-31,8870,8930,KOSDAQ,1182,0.6764,1.6436,0.6176,4,0.5033,2.2449,0.014971,43.109,16.8006,-3.3317,0.0851,4604642962.0,484,0.049112,46.7,-7.05,24.19,1,0,-1.4466
95190,이엠코리아,2024-05-31,3195,3200,KOSDAQ,1556,0.1565,1.7537,0.871,192,0.398,1.9101,0.010373,47.1264,17.6174,-3.3317,0.0916,810020932.0,824,0.035156,11.25,-18.28,-18.28,1,0,-1.4466
03473K,SK우,2024-05-31,161800,177000,KOSPI,1243,9.3943,156.8291,1.0,65,1.0,18.4682,0.001227,47.8697,34.8463,-2.0631,0.3325,12959967100.0,824,0.039064,18.93,-21.47,-21.47,1,1,2.4643
9155,삼성전기우,2024-06-03,75500,75700,KOSPI,3523,0.2649,0.9602,0.8667,37,0.8571,1.1841,0.006808,24.5066,2.6166,-0.0421,0.019,693971440.0,825,0.021891,-3.7,-5.94,-5.15,0,1,4.2359
214420,토니모리,2024-06-03,10710,12640,KOSPI,2098,18.0205,2.5675,0.9027,3,0.7751,1.5615,0.089048,210.9471,45.8322,-0.0421,0.2992,22107955930.0,3,0.07804,24.21,-12.97,-12.97,1,1,4.2359
36460,한국가스공사,2024-06-03,30600,38700,KOSPI,36233,26.4706,60.8691,1.0,70,0.8387,6.8917,0.015873,69.7368,41.5412,-0.0421,0.3329,108051000000.0,655,0.035437,64.08,-1.29,19.51,1,1,4.2359
257720,실리콘투,2024-06-03,39200,43100,KOSDAQ,31809,9.949,2.5943,0.8333,3,0.2798,0.8925,0.24981,755.1587,192.8594,-2.6237,0.4434,121366000000.0,3,0.086427,22.51,-3.71,1.51,1,0,-0.8476
267290,경동도시가스,2024-06-03,21600,22100,KOSPI,1259,2.3148,228.1573,0.5551,155,0.9739,23.3406,-0.000464,16.6227,14.4906,-0.0421,0.1295,14087482192.0,558,0.022818,-8.6,-11.9,-11.31,0,1,4.2359
194370,제이에스코퍼레이션,2024-06-03,10250,10325,KOSPI,3531,0.7317,12.9332,0.6667,71,0.9831,4.4842,0.028223,82.5818,8.8982,-0.0421,0.1533,18004165960.0,540,0.056001,-6.54,-17.43,-7.99,0,1,4.2359
37350,성도이엔지,2024-06-03,4795,4910,KOSDAQ,1097,2.3983,4.0748,0.9024,215,0.6105,0.9282,-0.001739,31.8121,24.763,-2.6237,0.1245,955194836.0,715,0.034405,-1.22,-8.15,-8.15,0,0,-0.8476
33790,피노,2024-06-03,8070,8670,KOSDAQ,3456,7.4349,1.9182,1.0,11,0.3041,1.8846,0.310379,793.8144,236.0852,-2.6237,0.4534,19826368462.0,11,0.146194,23.64,-20.65,-18.8,1,0,-0.8476
11790,SKC,2024-06-03,145300,145700,KOSPI,42299,0.2753,1.462,0.3636,36,0.412,1.5824,0.022368,112.7007,27.9613,-0.0421,0.2133,164128000000.0,618,0.064075,34.04,1.58,7.76,1,1,4.2359
39200,오스코텍,2024-06-03,35000,37300,KOSDAQ,19397,6.5714,7.363,0.8289,203,0.8585,1.689,0.020142,98.9333,24.3203,-2.6237,0.1941,29356906770.0,841,0.07028,10.99,-11.8,-2.28,1,0,-0.8476
75580,세진중공업,2024-06-03,7370,7590,KOSPI,10597,2.9851,3.0589,0.8732,29,0.5956,1.1126,0.006849,77.7518,10.0421,-0.0421,0.0907,3251985264.0,435,0.051007,37.29,-3.56,37.02,1,1,4.2359
192400,쿠쿠홀딩스,2024-06-03,21500,21750,KOSPI,9602,1.1628,0.3818,1.0,183,0.8259,0.7444,0.031847,48.8706,9.0647,-0.0421,0.0386,497815460.0,764,0.031034,2.07,-1.61,0.92,0,1,4.2359
31980,피에스케이홀딩스,2024-06-04,55800,56100,KOSDAQ,15827,0.5376,0.998,0.3077,11,0.5376,0.5839,0.08211,444.1319,22.6679,-2.2817,0.0722,17030626500.0,11,0.068946,44.74,14.08,14.08,1,0,-0.6856
196170,알테오젠,2024-06-04,219500,233500,KOSDAQ,210010,6.3781,3.0825,0.8715,46,0.8508,1.1951,0.152564,512.8609,34.0537,-2.2817,0.2605,526286000000.0,46,0.05494,23.98,1.93,10.71,1,0,-0.6856
24060,흥구석유,2024-06-04,17050,19240,KOSDAQ,2067,12.8446,4.4418,0.5029,29,0.9631,0.9927,0.084701,305.4795,42.8222,-2.2817,0.4601,177762000000.0,29,0.070055,-9.04,-28.27,-25.1,0,0,-0.6856
280360,롯데웰푸드,2024-06-04,149800,156900,KOSPI,11119,4.7397,6.945,0.5726,9,0.8327,1.833,0.04013,68.7097,15.4879,-0.5428,0.0809,5235593700.0,754,0.041655,23.2,1.08,12.3,1,1,3.426
4140,동방,2024-06-04,3065,3075,KOSPI,1190,0.3263,13.8864,0.27,94,0.9333,2.9522,0.013346,69.9834,41.2751,-0.5428,0.3113,39949618865.0,813,0.046341,14.31,-15.61,-4.39,1,1,3.426
6660,삼성공조,2024-06-04,12270,14990,KOSPI,1064,22.1679,12.8614,0.7316,2,0.9913,6.2023,-0.004206,87.375,66.5451,-0.5428,0.5389,107370000000.0,703,0.067807,29.82,-19.21,19.21,1,1,3.426
200470,에이팩트,2024-06-04,6300,7250,KOSDAQ,3249,15.0794,9.2084,1.0,41,0.8945,1.5261,0.049786,190.5812,30.1476,-2.2817,0.2576,50487085660.0,41,0.066108,-13.1,-18.48,-16.97,0,0,-0.6856
1340,PKC,2024-06-04,12882,13840,KOSPI,2664,7.4367,4.4878,0.7085,240,0.4882,3.4878,-0.000559,100.8708,73.5428,-0.5428,0.5268,44370305548.0,240,0.078602,27.53,-9.32,-9.32,1,1,3.426
4090,한국석유,2024-06-04,21000,23300,KOSPI,1837,10.9524,3.4516,1.0,29,1.0,0.7035,0.047086,153.2609,36.4029,-0.5428,0.4823,87004090584.0,770,0.054384,0.0,-26.57,-22.7,0,1,3.426
92730,네오팜,2024-06-04,14901,15055,KOSDAQ,3246,1.0335,7.5451,0.2552,97,0.5562,1.9856,0.01537,48.1208,16.4645,-2.2817,0.0876,3970289252.0,744,0.037657,12.92,-4.09,-4.09,1,0,-0.6856
8970,KBI동양철관,2024-06-04,2001,2183,KOSPI,1854,9.0955,19.678,0.5,250,1.0,4.7575,-0.025371,75.2006,67.1841,-0.5428,0.571,3239690586.0,728,0.043256,29.96,-15.16,-15.16,1,1,3.426
203400,에이비온,2024-06-04,4246,4711,KOSDAQ,3262,10.9515,11.4054,1.0,197,0.9365,1.5561,0.014563,109.7507,33.1065,-2.2817,0.2234,6544748663.0,666,0.072217,24.77,-16.32,-14.71,1,0,-0.6856
166480,코아스템켐온,2024-06-05,10859,11389,KOSDAQ,1576,4.8807,1.9694,0.9722,31,0.5813,0.7412,0.055025,148.9943,22.0367,-2.3541,0.1779,2303895458.0,841,0.052187,3.9,-12.92,-11.04,0,0,-0.0847
100,유한양행,2024-06-05,79200,79600,KOSPI,83727,0.5051,2.3779,0.6744,43,1.0,2.0341,0.014049,47.9912,11.7374,-1.6406,0.0919,140075000000.0,43,0.051328,5.28,-6.66,0.38,0,1,4.4671
74600,원익QnC,2024-06-07,35900,40950,KOSDAQ,7058,14.0669,11.6968,0.9903,20,0.9091,1.9849,0.020859,73.8854,14.7821,-0.7153,0.1785,54254534480.0,20,0.042037,-5.74,-12.58,-10.13,0,1,1.753
51360,토비스,2024-06-07,20350,21450,KOSDAQ,2268,5.4054,1.7275,0.9734,19,1.0,0.8488,0.031327,84.1202,6.3803,-0.7153,0.1114,3629617624.0,19,0.03673,7.93,-3.26,-3.03,0,1,1.753
27360,아주IB투자,2024-06-07,3145,3180,KOSDAQ,5494,1.1129,34.4756,0.6106,98,1.0,4.3576,0.028869,59.1592,11.71,-0.7153,0.0847,9463940777.0,777,0.052336,10.53,-8.81,-8.81,1,1,1.753
1680,대상,2024-06-07,24000,24400,KOSPI,7345,1.6667,2.3945,0.8333,11,0.5342,1.5885,0.03101,48.3283,11.977,-0.8153,0.056,6354118070.0,755,0.041423,23.77,3.69,3.69,1,1,5.7314
217730,강스템바이오텍,2024-06-07,2658,3050,KOSDAQ,2032,14.7479,6.5615,1.0,248,0.6511,1.5645,-0.000462,172.3214,44.1772,-0.7153,0.3455,10927893234.0,841,0.072248,0.39,-42.23,-42.23,0,1,1.753
402340,SK스퀘어,2024-06-07,85500,87500,KOSPI,663077,2.3392,1.743,1.0,28,1.0,1.0018,0.065159,117.9328,12.1384,-0.8153,0.0783,46581127540.0,28,0.043673,19.09,0.69,19.09,1,1,5.7314
319660,피에스케이,2024-06-07,33300,33500,KOSDAQ,16077,0.6006,2.648,0.8,32,0.5489,0.8005,0.039436,95.2214,12.7554,-0.7153,0.0848,11619154260.0,32,0.04435,12.84,-1.94,10.9,1,1,1.753
101170,우림피티에스,2024-06-07,7670,8390,KOSDAQ,2392,9.3872,53.4818,0.7302,178,0.9856,9.7434,-0.008229,58.9015,43.6454,-0.7153,0.3847,54251086906.0,483,0.070492,0.36,-22.88,-22.65,0,1,1.753
237690,에스티팜,2024-06-07,101800,109600,KOSDAQ,31860,7.6621,6.4913,0.9306,14,0.9322,1.4617,0.026966,81.457,18.8187,-0.7153,0.1503,48747130840.0,599,0.049205,-4.38,-23.54,-15.97,0,1,1.753
160980,싸이맥스,2024-06-07,22150,22300,KOSDAQ,1920,0.6772,0.9334,0.5,27,0.6166,1.1026,0.043029,71.6705,3.244,-0.7153,0.0545,5092170550.0,770,0.057944,3.14,-17.71,-17.71,0,1,1.753
4970,신라교역,2024-06-10,10560,10810,KOSPI,1454,2.3674,3.4448,0.8923,241,0.5,1.9639,0.009531,33.6218,22.0018,-0.4045,0.0787,664535560.0,736,0.029734,14.62,-0.46,5.92,1,1,4.8762
72710,농심홀딩스,2024-06-10,74200,75600,KOSPI,4002,1.8868,5.2274,0.8718,245,0.5312,2.1215,0.00499,22.9268,13.2403,-0.4045,0.0759,864434640.0,755,0.025416,6.08,-4.76,-4.76,0,1,4.8762
36830,솔브레인홀딩스,2024-06-10,85400,89500,KOSDAQ,10545,4.8009,2.7032,0.7279,73,0.7988,1.3361,0.101723,259.4378,22.7261,-0.6252,0.268,57985484000.0,73,0.067518,-0.78,-25.14,-14.64,0,1,1.6081
43370,피에이치에이,2024-06-10,13330,13430,KOSDAQ,2440,0.7502,2.7542,0.4032,75,0.5578,1.4598,0.017481,56.8925,23.05,-0.6252,0.107,1704781642.0,75,0.041804,5.21,-7.15,-6.55,0,1,1.6081
264900,크라운제과,2024-06-10,9220,11140,KOSPI,1055,20.8243,259.0976,1.0,239,0.942,26.9208,0.00307,41.9108,35.4348,-0.4045,0.2929,13230513412.0,773,0.031611,-0.72,-18.94,-15.62,0,1,4.8762
14830,유니드,2024-06-10,115400,116500,KOSPI,5394,0.9532,1.0221,1.0,12,0.5072,0.7025,0.069524,119.3974,13.6212,-0.4045,0.0755,6545143320.0,668,0.047762,-2.83,-19.83,-17.17,0,1,4.8762
9470,삼화전기,2024-06-10,80600,81000,KOSPI,3333,0.4963,0.7093,1.0,18,0.5962,0.5842,0.243145,488.2353,21.3,-0.4045,0.128,22672232880.0,18,0.079101,3.83,-20.99,-20.99,0,1,4.8762
4370,농심,2024-06-10,488000,528000,KOSPI,24574,8.1967,3.6941,0.8395,139,0.6443,1.7177,0.008931,51.7241,33.2347,-0.4045,0.1995,27666840300.0,139,0.047213,8.9,-14.39,-14.11,0,1,4.8762
317330,덕산테코피아,2024-06-10,44500,51000,KOSDAQ,3792,14.6067,5.7797,0.7787,24,0.8956,1.2081,0.094175,264.5461,33.0927,-0.6252,0.3548,61383318430.0,24,0.065196,20.39,-1.37,4.12,1,1,1.6081
108380,대양전기공업,2024-06-10,16560,16720,KOSDAQ,2665,0.9662,3.4699,0.6107,18,1.0,3.7988,0.024236,58.4834,9.3378,-0.6252,0.042,49962797418.0,762,0.094797,-1.38,-21.53,-21.53,0,1,1.6081
304360,에스바이오메딕스,2024-06-10,44150,46300,KOSDAQ,3908,4.8698,1.4513,0.7632,30,0.6952,0.692,0.232471,565.2299,13.6899,-0.6252,0.2463,32163013290.0,30,0.110383,5.51,-27.54,-13.39,0,1,1.6081
101530,해태제과식품,2024-06-10,6160,7820,KOSPI,1960,26.9481,33.9224,1.0,238,0.8049,4.4269,0.006026,55.7769,45.2193,-0.4045,0.3138,2615819432.0,753,0.040007,19.05,-14.45,-6.78,1,1,4.8762
241710,코스메카코리아,2024-06-11,61600,62600,KOSDAQ,10605,1.6234,0.9933,0.6944,6,0.3882,1.5658,0.07145,322.4022,34.7192,0.486,0.2031,19116946680.0,6,0.072056,38.98,7.35,32.91,1,1,2.0633
145020,휴젤,2024-06-11,221000,242000,KOSDAQ,32790,9.5023,16.1404,0.4875,27,0.958,2.6023,0.064977,140.0794,19.6132,0.486,0.1663,52347432700.0,712,0.058648,2.48,-8.88,-8.47,0,1,2.0633
136540,윈스테크넷,2024-06-11,13670,13850,KOSDAQ,1325,1.3168,3.6259,0.5556,186,0.6619,1.661,0.007603,21.0664,7.6326,0.486,0.0514,585409198.0,846,0.01738,6.28,-2.17,-1.44,0,1,2.0633
70960,모나용평,2024-06-11,3500,3710,KOSPI,1497,6.0,80.5125,0.5778,199,0.7872,9.3906,0.001174,36.1468,30.9934,-0.8179,0.1911,3487511457.0,730,0.036869,-0.4,-9.7,-6.74,0,1,5.0141
5720,넥센,2024-06-11,4595,4610,KOSPI,3106,0.3264,1.7778,0.8125,245,0.4324,1.929,0.006586,22.7696,10.4493,-0.8179,0.0391,478992150.0,724,0.030369,5.53,3.58,3.8,0,1,5.0141
77970,STX엔진,2024-06-12,15660,15700,KOSPI,13008,0.2554,2.6183,0.9769,222,0.6408,1.9992,-0.002426,38.9381,8.3154,0.0352,0.1231,3075816282.0,765,0.040992,14.33,-0.76,3.76,1,1,5.8687
150,두산,2024-06-12,220000,223000,KOSPI,135542,1.3636,1.1021,0.7593,10,0.5296,0.6945,0.089167,204.6448,30.8333,0.0352,0.1544,25577537000.0,10,0.071012,4.93,-10.09,4.71,0,1,5.8687
259960,크래프톤,2024-06-12,263500,265000,KOSPI,118036,0.5693,1.3348,0.7826,22,0.7963,0.7282,0.040739,80.8874,2.0843,0.0352,0.0444,25796363100.0,631,0.036388,12.08,0.19,6.79,1,1,5.8687
89970,브이엠,2024-06-12,19190,19400,KOSDAQ,6677,1.0943,13.42,0.8929,221,1.0,3.5681,-0.009617,59.934,25.5632,1.9007,0.2432,28693182520.0,774,0.054234,-1.55,-24.69,-24.48,0,1,2.3535
18290,브이티,2024-06-12,34800,35000,KOSDAQ,6960,0.5747,0.8085,0.5556,4,0.4051,1.0065,0.125582,416.9867,43.9327,1.9007,0.1612,55729430060.0,4,0.068673,9.71,-16.14,-11.0,0,1,2.3535
5850,에스엘,2024-06-12,40950,41600,KOSPI,24618,1.5873,10.2723,0.4184,224,0.7617,2.4753,-0.002249,44.6957,26.0254,0.0352,0.1595,18970216680.0,224,0.042067,8.77,-1.08,-1.08,0,1,5.8687
42000,카페24,2024-06-12,32750,35850,KOSDAQ,8743,9.4656,5.5944,0.776,113,0.689,2.4948,0.063325,334.5455,95.0773,1.9007,0.4892,99534064970.0,697,0.072026,16.46,-19.8,-7.39,1,1,2.3535
950170,JTC,2024-06-12,5880,5990,KOSDAQ,2851,1.8707,4.1729,1.0,27,0.7706,1.2054,0.039418,80.1504,6.2221,1.9007,0.1044,820712780.0,738,0.055092,1.0,-10.35,-7.68,0,1,2.3535
214150,클래시스,2024-06-12,50300,53800,KOSDAQ,47492,6.9583,2.9357,0.916,15,1.0,0.8238,0.049607,97.0696,11.8414,1.9007,0.1043,24855708430.0,15,0.048261,2.79,-7.99,-4.46,0,1,2.3535
251970,펌텍코리아,2024-06-12,37300,40750,KOSDAQ,7849,9.2493,4.4792,1.0,6,0.5966,2.4197,0.029106,95.9135,33.0331,1.9007,0.2516,8215478360.0,6,0.056705,16.2,3.19,13.99,1,1,2.3535
314930,바이오다인,2024-06-12,15421,15500,KOSDAQ,4006,0.5123,1.7151,0.6322,181,0.9316,3.6427,-0.002183,99.9484,69.37,1.9007,0.4682,29721699298.0,774,0.05659,4.13,-15.29,-6.45,0,1,2.3535
17810,풀무원,2024-06-12,15930,16650,KOSPI,4868,4.5198,2.7959,0.8627,12,0.661,1.6209,0.042262,77.3163,26.1012,0.0352,0.1351,16440725920.0,758,0.066238,5.77,-16.1,-11.65,0,1,5.8687
352480,씨앤씨인터내셔널,2024-06-12,94500,102600,KOSDAQ,4859,8.5714,1.6875,0.9048,2,0.6734,1.1037,0.06149,154.5906,21.2686,1.9007,0.1587,9635687380.0,2,0.048733,31.97,-1.36,21.35,1,1,2.3535
134380,미원화학,2024-06-13,81000,81100,KOSPI,2111,0.1235,0.5548,0.4286,3,0.2857,2.0633,0.016262,27.116,7.3785,0.8992,0.0272,162837480.0,792,0.013916,0.12,-2.34,-1.36,0,1,6.8581
82740,한화엔진,2024-06-13,13400,13550,KOSPI,44561,1.1194,1.0043,0.6377,12,0.786,0.4681,0.013377,76.893,3.3316,0.8992,0.0614,11480388224.0,12,0.046811,19.34,2.29,6.05,1,1,6.8581
3960,사조대림,2024-06-13,46550,47400,KOSPI,3235,1.826,2.6486,0.8281,17,1.0,1.0736,0.058329,98.3264,15.8496,0.8992,0.0631,2273828650.0,17,0.037673,109.92,29.96,85.65,1,1,6.8581
33920,무학,2024-06-13,5900,5930,KOSPI,2468,0.5085,2.7647,0.6,249,0.9231,4.5394,0.000505,22.268,10.567,0.8992,0.0696,8187187750.0,671,0.042881,19.39,-2.19,2.87,1,1,6.8581
260970,에스앤디,2024-06-13,39950,46850,KOSDAQ,1912,17.2716,8.4288,1.0,18,0.8955,1.4735,0.105023,257.6336,35.1271,1.0648,0.3773,21719145130.0,843,0.061519,20.17,-17.93,-12.27,1,1,2.4353
137400,피엔티,2024-06-13,80900,83500,KOSDAQ,12201,3.2138,1.4888,0.7059,215,0.2275,2.6362,-0.026422,131.9444,87.6358,1.0648,0.3806,89833975060.0,215,0.071557,1.56,-30.78,-30.78,0,1,2.4353
192820,코스맥스,2024-06-13,172400,184100,KOSPI,21485,6.7865,2.5533,0.8284,16,1.0,1.1434,0.047333,111.3662,13.8049,0.8992,0.1087,33059493240.0,16,0.047257,7.44,-4.35,-4.35,0,1,6.8581
29780,삼성카드,2024-06-13,41500,43300,KOSPI,63722,4.3373,2.4541,1.0,53,1.0,0.9412,0.032122,51.9298,8.7211,0.8992,0.0921,2986970800.0,53,0.028456,-7.85,-14.9,-7.85,0,1,6.8581
297890,HB솔루션,2024-06-14,7630,8480,KOSDAQ,1616,11.1402,4.5509,0.6319,15,0.8016,0.9045,0.043159,121.2944,20.041,-0.9398,0.1684,48429300090.0,15,0.056688,19.22,-29.01,-29.01,1,1,1.375
64760,티씨케이,2024-06-14,137700,141400,KOSDAQ,23197,2.687,4.8098,0.5874,40,0.7971,1.352,0.022799,72.8606,19.7634,-0.9398,0.1673,17354089060.0,771,0.055213,0.42,-9.12,-6.86,0,1,1.375
14710,사조씨푸드,2024-06-14,5850,6090,KOSPI,1412,4.1026,12.0853,1.0,250,0.8476,2.2324,0.008282,83.7104,54.5681,0.1969,0.3293,14875673542.0,526,0.079815,34.48,-4.76,12.97,1,1,6.9455
8040,사조동아원,2024-06-14,1189,1211,KOSPI,1496,1.8503,77.4112,0.6935,242,0.9446,8.5932,0.002746,36.0674,14.2644,0.1969,0.141,12700889828.0,508,0.039696,-2.64,-15.85,-10.24,0,1,6.9455
101930,인화정공,2024-06-14,13380,14060,KOSDAQ,3836,5.0822,6.0703,0.854,31,1.0,1.8623,0.014355,50.2137,9.0105,-0.9398,0.0775,884101688.0,592,0.034343,97.37,3.41,55.05,1,1,1.375
9540,HD한국조선해양,2024-06-14,137700,138900,KOSPI,283800,0.8715,1.7673,0.9437,20,0.6475,0.8794,0.009925,53.8206,0.6746,0.1969,0.0451,30439051920.0,762,0.029518,20.3,-0.86,19.29,1,1,6.9455
7160,사조산업,2024-06-14,44450,49700,KOSPI,2920,11.811,214.0465,1.0,77,1.0,22.4787,-0.004745,40.0,32.16,0.1969,0.3079,11763043440.0,743,0.029822,1.01,-15.29,-12.98,0,1,6.9455
3300,한일홀딩스,2024-06-14,13730,13940,KOSPI,4733,1.5295,1.2202,1.0,77,0.5448,1.2065,0.018575,31.6336,5.0901,0.1969,0.0364,104558526.0,762,0.026747,-2.37,-4.95,-3.8,0,1,6.9455
145990,삼양사,2024-06-14,55400,58900,KOSPI,4894,6.3177,29.4168,0.6735,53,0.9394,3.6006,0.02305,50.2551,15.5202,0.1969,0.1475,11736661060.0,671,0.031834,5.09,-15.45,-14.94,0,1,6.9455
3350,한국화장품제조,2024-06-14,56500,59200,KOSPI,2237,4.7788,1.3162,0.7742,8,0.4917,0.8082,0.086352,178.5882,61.111,0.1969,0.2512,12674531760.0,8,0.094896,15.37,-13.68,7.26,1,1,6.9455
1130,대한제분,2024-06-14,143200,144100,KOSPI,2388,0.6285,4.5029,0.7606,74,0.8462,1.4665,0.00633,18.9926,3.0266,0.1969,0.0402,420741080.0,527,0.024487,1.18,-3.12,-1.6,0,1,6.9455
3230,삼양식품,2024-06-14,619000,647000,KOSPI,82938,4.5234,2.6189,0.3167,4,0.4389,1.4657,0.208917,523.3141,88.1583,0.1969,0.179,114296000000.0,4,0.070325,10.05,-9.12,-8.35,1,1,6.9455
270,기아,2024-06-17,128500,129100,KOSPI,585229,0.4669,1.774,0.9464,62,0.5244,0.872,0.041684,67.8804,13.8369,0.715,0.0711,206546000000.0,62,0.027332,2.48,-7.05,-7.05,0,1,6.3409
194480,데브시스터즈,2024-06-17,58000,58500,KOSDAQ,4324,0.8621,3.4731,0.88,18,0.8878,0.9597,0.039605,74.8879,3.4515,0.4561,0.085,7489763440.0,662,0.047375,29.4,-16.75,-9.23,1,1,1.0061
660,SK하이닉스,2024-06-17,222000,223000,KOSPI,6086100,0.4505,0.5864,0.381,2,0.569,0.8389,0.05989,103.2817,16.7153,0.715,0.0985,723902000000.0,2,0.034753,8.07,0.0,3.14,0,1,6.3409
64350,현대로템,2024-06-17,41850,42600,KOSPI,230836,1.7921,5.3579,0.9036,43,0.7945,0.903,0.025373,83.2258,12.7338,0.715,0.1195,139769000000.0,43,0.037056,0.82,-11.62,0.82,0,1,6.3409
26960,동서,2024-06-17,20400,20650,KOSPI,25075,1.2255,1.8075,1.0,250,0.5686,1.5587,0.004725,28.2609,6.8932,0.715,0.0833,3679839422.0,823,0.029229,0.0,-8.33,-7.46,0,1,6.3409
79550,LIG넥스원,2024-06-17,183300,206500,KOSPI,99880,12.6568,6.0535,1.0,66,0.6608,1.4521,0.076391,184.4353,33.202,0.715,0.2431,83701906360.0,66,0.044967,13.08,-5.23,13.08,1,1,6.3409
25000,KPX케미칼,2024-06-17,44664,45136,KOSPI,2089,1.0568,1.14,0.9414,16,0.4364,0.9786,0.006183,12.9869,5.1486,0.715,0.0251,466595060.0,773,0.014184,4.39,0.31,0.94,0,1,6.3409
17940,E1,2024-06-18,74300,75400,KOSPI,5913,1.4805,1.9807,0.7619,19,0.4459,1.1929,0.026537,53.0964,2.3521,0.7943,0.0461,1463107480.0,19,0.037041,2.79,-4.11,-1.72,0,1,7.0561
71320,지역난방공사,2024-06-18,49100,53500,KOSPI,11428,8.9613,5.0669,0.9412,19,1.0,1.1977,0.070939,131.1015,11.7189,0.7943,0.1431,2951076460.0,19,0.047397,-4.3,-15.51,-13.18,0,1,7.0561
44990,에이치엔에스하이텍,2024-06-18,29450,29500,KOSDAQ,1238,0.1698,0.9942,0.5882,15,0.3333,0.8961,0.077821,113.7681,-1.0611,1.4013,0.0215,163077470.0,15,0.03414,0.85,-0.51,0.85,0,1,1.0226
19180,티에이치엔,2024-06-18,3850,3915,KOSPI,1262,1.6883,2.6653,0.875,73,0.5957,1.4183,0.010351,40.0716,9.9554,0.7943,0.0775,776303955.0,655,0.022624,-2.04,-11.62,-10.73,0,1,7.0561
204270,제이앤티씨,2024-06-18,22600,25400,KOSDAQ,13132,12.3894,3.362,0.9808,39,0.7886,0.9752,0.077667,245.1087,41.9396,1.4013,0.3323,155074000000.0,39,0.062514,23.03,-1.57,-1.57,1,1,1.0226
166090,하나머티리얼즈,2024-06-18,59500,60900,KOSDAQ,11965,2.3529,1.9567,0.4444,44,0.7801,1.4981,0.015662,44.6556,13.9396,1.4013,0.1465,23764688380.0,527,0.048792,7.88,-4.93,-4.93,0,1,1.0226
272210,한화시스템,2024-06-18,20350,21700,KOSPI,176451,6.6339,10.8575,0.7581,32,0.9433,1.905,0.022884,85.1536,19.1615,0.7943,0.2012,125346000000.0,32,0.041442,-4.61,-17.37,-7.14,0,1,7.0561
59090,미코,2024-06-18,17760,18160,KOSDAQ,5885,2.2523,2.6086,0.7846,15,0.6284,1.4739,0.05067,129.8734,21.6339,1.4013,0.0975,53151818058.0,15,0.070131,4.46,-24.23,-22.3,0,1,1.0226
250,삼천당제약,2024-06-18,140700,141500,KOSDAQ,109312,0.5686,2.8189,0.7213,51,0.5825,0.8816,0.069323,183.2833,23.1586,1.4013,0.1856,179528000000.0,51,0.068501,51.24,0.35,37.95,1,1,1.0226
89030,테크윙,2024-06-18,46450,49700,KOSDAQ,16841,6.9968,0.8737,1.0,6,0.6598,0.7748,0.215754,659.9388,19.8182,1.4013,0.1569,40630095580.0,6,0.067764,38.23,3.02,24.35,1,1,1.0226
35150,백산,2024-06-18,15000,15220,KOSPI,2632,1.4667,1.364,1.0,19,0.9873,1.044,0.061515,107.6398,1.8355,0.7943,0.0816,4694032398.0,19,0.038812,7.56,-7.82,-7.82,0,1,7.0561
86280,현대글로비스,2024-06-18,99839,101290,KOSPI,183750,1.4533,4.3667,0.8994,233,0.9961,2.0483,0.006865,22.3575,7.6115,0.7943,0.093,57809223678.0,836,0.0333,25.97,5.68,24.0,1,1,7.0561
7660,이수페타시스,2024-06-18,51543,54558,KOSPI,81558,5.8495,3.1727,0.5626,19,0.8571,1.1449,0.047417,215.3459,8.7753,0.7943,0.1202,284503000000.0,19,0.053602,4.63,-7.67,-4.64,0,1,7.0561
82640,동양생명,2024-06-18,6370,6500,KOSPI,11150,2.0408,51.8415,0.8144,66,1.0,5.9922,0.031009,90.8957,22.5454,0.7943,0.2682,13553572120.0,661,0.033077,30.0,-3.23,17.38,1,1,7.0561
323280,태성,2024-06-19,11976,13097,KOSDAQ,22323,9.3604,0.6422,0.9599,5,0.3678,1.4138,0.153763,533.0111,148.641,1.7318,0.5645,30236890702.0,5,0.104719,1.97,-40.53,-40.53,0,1,1.3028
12450,한화에어로스페이스,2024-06-19,246006,255683,KOSPI,637324,3.9336,2.5958,0.7827,36,0.7177,0.9305,0.067425,167.0235,18.2783,2.6852,0.1596,210816000000.0,36,0.05222,9.56,-8.57,9.56,0,1,8.2911
400,롯데손해보험,2024-06-19,3850,3950,KOSPI,5105,2.5974,0.5945,0.875,37,0.4451,0.4481,0.068726,150.1583,13.1506,2.6852,0.1502,3521371811.0,37,0.039964,2.28,-33.8,-28.73,0,1,8.2911
89860,롯데렌탈,2024-06-19,29200,29500,KOSPI,10984,1.0274,3.889,0.6667,250,0.7544,1.4049,0.004601,15.0097,6.574,2.6852,0.0582,2611627000.0,695,0.018281,8.14,0.68,6.44,0,1,8.2911
83500,에프엔에스테크,2024-06-19,15220,15350,KOSDAQ,1403,0.8541,0.654,0.56,47,0.4121,0.3783,0.038404,90.4467,24.0879,1.7318,0.1607,2910072838.0,684,0.050163,5.8,-10.36,-10.36,0,1,1.3028
397030,에이프릴바이오,2024-06-20,17670,19470,KOSDAQ,14286,10.1868,14.5642,1.0,59,0.9232,2.3988,0.022324,111.5385,29.5407,1.3941,0.3204,15679349690.0,59,0.051691,10.43,-9.96,2.36,1,1,0.8873
71970,HD현대마린엔진,2024-06-20,17350,17380,KOSPI,28664,0.1729,1.269,0.5185,24,0.5641,0.893,0.036821,179.4212,9.3286,3.0906,0.1108,9288563492.0,24,0.046646,23.71,-2.36,19.1,1,1,8.6263
305090,마이크로디지탈,2024-06-20,9480,9550,KOSDAQ,1688,0.7384,1.4174,0.9512,33,0.6377,1.0983,0.019492,94.3032,13.1143,1.3941,0.134,1839517840.0,681,0.049813,17.28,-1.36,11.2,1,1,0.8873
371950,풍원정밀,2024-06-20,11710,15060,KOSDAQ,2645,28.608,1.7879,1.0,250,0.7815,0.7966,0.009465,159.2083,63.0164,1.3941,0.6034,11626756714.0,566,0.078733,9.23,-16.0,-13.88,0,1,0.8873
15360,INVENI,2024-06-20,46500,47000,KOSPI,4389,1.0753,1.6172,0.7778,10,0.4286,0.8396,0.036081,49.2063,7.6279,3.0906,0.0409,303926250.0,10,0.029939,-0.11,-8.83,-6.38,0,1,8.6263
1200,유진투자증권,2024-06-20,4655,5410,KOSPI,3870,16.2191,19.9104,0.8848,152,0.9178,2.6325,0.008774,64.4377,28.5396,3.0906,0.2519,18000992503.0,756,0.045287,10.72,-3.33,-3.33,1,1,8.6263
26890,스틱인베스트먼트,2024-06-20,11220,11380,KOSPI,4664,1.426,1.2636,1.0,11,0.4809,0.6858,0.057923,89.6667,2.5733,3.0906,0.0499,1450689424.0,786,0.032011,-1.49,-18.19,-18.19,0,1,8.6263
377450,리파인,2024-06-20,12900,13000,KOSDAQ,2087,0.7752,0.8273,0.8696,1,0.3206,1.0379,0.047651,86.5136,13.5485,1.3941,0.0964,928502862.0,632,0.032143,3.23,-16.69,-8.85,0,1,0.8873
123860,아나패스,2024-06-21,28200,28900,KOSDAQ,2079,2.4823,2.573,0.8095,98,0.6138,2.1978,-0.003608,44.5,41.2954,0.7194,0.2613,7664950760.0,845,0.055734,6.75,-13.67,-1.9,0,1,0.3469
107640,한중엔시에스,2024-06-21,53400,55000,KOSDAQ,4220,2.9963,1.0789,1.0,2,0.4312,1.7642,0.117188,370.0855,37.8197,0.7194,0.1783,252120460.0,2,0.064805,0.91,-40.91,-28.18,0,1,0.3469
147830,제룡산업,2024-06-21,8150,9830,KOSDAQ,1408,20.6135,11.0292,0.9136,28,0.6955,3.8799,0.062151,211.0759,52.3959,0.7194,0.4869,139272000000.0,28,0.097224,7.22,-13.53,-13.53,0,1,0.3469
3160,디아이,2024-06-21,24300,25900,KOSPI,9042,6.5844,2.7255,0.6842,42,0.6355,0.996,0.1444,362.5,28.5137,2.2944,0.2374,149669000000.0,42,0.095256,10.81,-29.15,-29.15,1,1,7.6708
78930,GS,2024-06-21,52200,53900,KOSPI,59930,3.2567,27.283,0.7293,89,0.9346,3.4133,0.01322,54.0,22.7636,2.2944,0.226,51089643330.0,89,0.035516,-9.55,-16.33,-11.13,0,1,7.6708
33100,제룡전기,2024-06-21,76600,84500,KOSDAQ,7003,10.3133,3.08,0.7232,17,0.7762,0.8647,0.164623,398.5251,22.8186,0.7194,0.1826,129391000000.0,17,0.073964,15.74,-6.04,4.02,1,1,0.3469
51160,지어소프트,2024-06-21,11720,11960,KOSDAQ,1178,2.0478,1.1455,0.7647,1,0.8474,1.1937,0.034155,101.0084,5.4973,0.7194,0.1266,5751516646.0,703,0.048794,3.26,-21.99,-11.54,0,1,0.3469
272550,삼양패키징,2024-06-21,18310,19190,KOSPI,1838,4.8061,10.1168,0.9704,207,0.8579,2.1469,0.007636,27.2546,6.988,2.2944,0.0707,919374822.0,687,0.02077,-0.42,-6.15,-5.11,0,1,7.6708
3470,유안타증권,2024-06-24,2880,2905,KOSPI,8423,0.8681,2.1027,0.375,84,0.8947,2.8458,0.005575,22.833,3.1521,2.8698,0.0567,3008564831.0,744,0.02717,6.02,-2.24,0.86,0,1,6.8648
340570,티앤엘,2024-06-24,70800,71600,KOSDAQ,4405,1.1299,1.0564,0.4565,26,0.3429,0.9109,0.028872,90.1726,13.3994,0.2514,0.1233,13435877840.0,26,0.05018,0.42,-13.41,-12.85,0,0,-0.9316
329180,HD현대중공업,2024-06-24,147800,152000,KOSPI,576237,2.8417,1.5194,1.0,229,0.7341,0.9748,0.003403,48.8737,10.563,2.8698,0.1353,55023015380.0,536,0.03031,12.63,-2.11,12.11,1,1,6.8648
1250,GS글로벌,2024-06-24,3225,3850,KOSPI,1861,19.3798,178.9084,0.6407,248,0.9667,20.4034,-0.002507,73.4234,56.8812,2.8698,0.518,129538000000.0,526,0.043692,8.31,-19.74,-7.79,0,1,6.8648
12510,더존비즈온,2024-06-25,70100,72200,KOSPI,27952,2.9957,3.732,0.9444,9,1.0,0.9277,0.081777,183.1373,14.564,1.8876,0.1458,46334297440.0,849,0.059953,5.12,-8.17,-6.51,0,1,7.1903
5387,현대차2우B,2024-06-25,169000,171200,KOSPI,89857,1.3018,1.6931,0.9825,76,0.4237,1.0824,0.045821,71.029,3.0786,1.8876,0.0587,17200120420.0,76,0.021278,10.28,-3.56,-0.7,1,1,7.1903
97950,CJ제일제당,2024-06-25,396500,397500,KOSPI,31539,0.2522,0.8356,0.619,5,0.3,1.1139,0.022424,51.7176,5.111,1.8876,0.0716,19929663800.0,709,0.03558,0.13,-8.43,-3.14,0,1,7.1903
21240,코웨이,2024-06-25,62000,62100,KOSPI,58822,0.1613,2.1873,0.7451,90,0.9368,1.2482,0.029041,54.0943,9.4027,1.8876,0.1005,10714481360.0,717,0.035542,6.76,-4.35,0.97,0,1,7.1903
5385,현대차우,2024-06-25,167000,169000,KOSPI,59053,1.1976,1.4617,1.0,4,0.4562,1.1213,0.046039,69.6787,3.474,1.8876,0.0563,10547012580.0,4,0.01978,10.3,-4.26,-1.18,1,1,7.1903
5430,한국공항,2024-06-25,72000,74900,KOSPI,2137,4.0278,4.0192,0.803,33,0.6792,1.0022,0.059692,109.2179,3.6053,1.8876,0.0747,1396651260.0,33,0.034045,2.67,-4.54,1.2,0,1,7.1903
17510,세명전기,2024-06-25,6910,7080,KOSDAQ,1442,2.4602,5.9987,0.9286,32,0.7508,1.5845,0.068493,174.9515,37.9169,-0.7076,0.3635,74355042606.0,32,0.0966,27.26,-3.39,2.4,1,0,-0.8369
267250,HD현대,2024-06-25,73600,74000,KOSPI,176155,0.5435,0.9418,1.0,93,0.726,0.874,0.013675,28.9199,7.742,1.8876,0.0642,18960491920.0,769,0.022297,9.05,-2.03,8.78,0,1,7.1903
5380,현대차,2024-06-25,286500,288500,KOSPI,980790,0.6981,1.0298,0.68,4,0.4304,1.1249,0.039289,70.0059,6.7753,1.8876,0.0651,248130000000.0,4,0.03132,3.29,-11.61,-8.67,0,1,7.1903
5389,현대차3우B,2024-06-25,165700,167600,KOSPI,5760,1.1467,1.3162,0.9773,4,0.3774,1.0421,0.047007,68.4422,3.5212,1.8876,0.0542,2925913820.0,4,0.017985,8.65,-3.82,-1.97,0,1,7.1903
105,유한양행우,2024-06-26,67800,67900,KOSPI,1095,0.1475,1.5497,0.9286,173,0.5333,0.8237,0.005483,26.2082,7.6858,2.5415,0.0424,281334600.0,173,0.026404,12.37,-1.77,10.9,1,1,7.8227
24720,콜마홀딩스,2024-06-26,10200,10500,KOSPI,3313,2.9412,9.4069,0.29,29,1.0,2.5931,0.024162,71.8494,9.5183,2.5415,0.1365,21506969534.0,757,0.060272,3.52,-16.57,-13.33,0,1,7.8227
149950,아바텍,2024-06-26,15730,16280,KOSDAQ,1242,3.4965,10.9312,0.9341,250,0.8596,3.5011,-0.005277,37.2681,24.4715,-1.0446,0.1748,2845568556.0,670,0.037206,2.33,-25.92,-25.92,0,0,-0.7783
176750,듀켐바이오,2024-06-27,10340,10620,KOSDAQ,2962,2.7079,0.6003,1.0,5,0.2163,1.3211,0.053466,100.3774,32.7261,0.0239,0.1421,117021734.0,747,0.035714,41.24,-2.07,38.89,1,0,-1.1376
284740,쿠쿠홈시스,2024-06-27,24050,24300,KOSPI,5205,1.0395,2.1511,0.9333,29,0.7164,1.3329,0.002918,22.6034,4.7372,3.9876,0.0765,1160947730.0,760,0.037037,-2.06,-9.05,-9.05,0,1,7.4679
267260,HD현대일렉트릭,2024-06-27,317000,319000,KOSPI,301715,0.6309,0.6198,0.8596,4,0.5435,0.5732,0.179497,460.6327,3.7827,3.9876,0.1003,138962000000.0,4,0.059897,14.58,-7.84,4.86,1,1,7.4679
87010,펩트론,2024-06-27,43804,45064,KOSDAQ,66571,2.8764,6.2183,0.8618,200,0.9127,1.519,0.015356,384.4029,23.8124,0.0239,0.1821,53237984890.0,200,0.08095,75.91,6.13,56.34,1,0,-1.1376
214450,파마리서치,2024-06-27,154400,156200,KOSDAQ,43688,1.1658,0.798,0.8657,213,0.6355,0.9664,-0.001808,75.3086,16.0237,0.0239,0.1221,47476004860.0,213,0.050896,-3.78,-13.06,-10.56,0,0,-1.1376
810,삼성화재,2024-06-27,374000,377000,KOSPI,220854,0.8021,0.7431,1.0,26,0.5566,0.894,0.035227,73.3333,6.5696,3.9876,0.085,37241329100.0,26,0.03382,3.18,-7.96,-7.96,0,1,7.4679
54540,삼영엠텍,2024-06-27,4615,4630,KOSDAQ,1806,0.325,0.7061,0.6562,234,0.625,1.6717,0.004616,24.7978,7.0282,0.0239,0.0681,900415714.0,721,0.045665,12.53,-3.24,5.83,1,0,-1.1376
5880,대한해운,2024-06-28,2810,2895,KOSPI,6394,3.0249,10.1109,0.8318,109,0.9245,2.1071,0.026912,78.2635,28.1773,6.1614,0.2196,125554000000.0,747,0.053294,-5.87,-31.85,-28.84,0,1,7.9487
67160,SOOP,2024-06-28,129900,131300,KOSDAQ,8115,1.0778,5.961,0.6331,81,0.7849,1.7685,0.032201,111.0932,13.8575,1.0156,0.1665,28431632740.0,649,0.047601,4.34,-10.05,-10.05,0,0,-0.8752
3570,SNT다이내믹스,2024-06-28,21800,22450,KOSPI,16493,2.9817,0.9038,1.0,4,0.3699,1.3076,0.069145,138.07,14.9935,6.1614,0.1233,2245888990.0,4,0.040121,-5.57,-11.36,-5.79,0,1,7.9487
68930,디지털대성,2024-06-28,7380,7390,KOSDAQ,2256,0.1355,1.3033,1.0,1,0.4828,0.9638,0.021523,32.9137,1.3389,1.0156,0.018,226355784.0,660,0.008892,-0.68,-8.25,-6.5,0,0,-0.8752
155,두산우,2024-06-28,87400,87500,KOSPI,18384,0.1144,0.8784,0.8649,22,0.7073,0.6803,0.048994,93.7984,0.8068,6.1614,0.0381,662970880.0,559,0.03649,52.23,-2.97,7.43,1,1,7.9487
5830,DB손해보험,2024-06-28,111500,114500,KOSPI,97346,2.6906,1.2516,0.8235,30,0.7143,0.8664,0.029655,61.2676,5.655,6.1614,0.0739,14385909780.0,30,0.035309,0.87,-8.56,-6.55,0,1,7.9487
25320,시노펙스,2024-06-28,11033,11115,KOSDAQ,6937,0.7432,4.7443,0.6929,72,0.5859,1.0187,0.107156,340.3724,29.1671,1.0156,0.1516,125629000000.0,72,0.075631,8.74,-11.02,-10.78,0,0,-0.8752
106190,하이텍팜,2024-07-01,16400,17520,KOSDAQ,1275,6.8293,3.8011,0.4812,26,0.7213,0.9697,0.062257,121.4918,21.4074,0.8536,0.1647,2097147712.0,852,0.052144,8.28,-2.97,4.51,0,0,-0.041
49960,쎌바이오텍,2024-07-01,13340,13420,KOSDAQ,1275,0.5997,1.0543,0.9423,11,0.4558,0.845,0.010684,25.4206,10.3312,0.8536,0.0589,279273178.0,860,0.042155,21.31,-2.16,6.93,1,0,-0.041
336370,솔루스첨단소재,2024-07-01,19910,23050,KOSPI,5407,15.771,27.3338,0.9231,52,0.9736,3.3318,0.006147,116.4319,22.6953,6.3641,0.3193,129976000000.0,642,0.050542,-8.89,-33.32,-30.24,0,1,8.1489
92460,한라IMS,2024-07-01,7520,7560,KOSDAQ,2621,0.5319,3.1507,0.871,236,0.5565,1.7149,0.013054,40.5204,10.4866,0.8536,0.0938,946001018.0,276,0.045729,2.91,-9.92,2.91,0,0,-0.041
105560,KB금융,2024-07-02,81600,83200,KOSPI,508870,1.9608,2.4958,0.6842,34,0.8478,1.0288,0.044433,78.9247,1.2521,3.666,0.0504,110341000000.0,34,0.027816,9.13,0.48,7.33,0,1,7.204
293780,압타바이오,2024-07-02,11310,11730,KOSDAQ,2312,3.7135,8.6948,0.6678,216,0.7455,2.9306,-0.041854,124.7126,105.7532,-1.7532,0.5884,20748803718.0,693,0.073621,24.47,-4.52,0.34,1,0,-2.0236
94280,효성ITX,2024-07-02,13940,14050,KOSPI,1445,0.7891,1.3903,0.6923,25,0.944,3.5021,0.008361,17.0833,1.2631,3.666,0.0556,4300689698.0,728,0.038383,-2.06,-6.98,-6.98,0,1,7.204
78140,대봉엘에스,2024-07-02,14090,14210,KOSDAQ,1309,0.8517,43.3369,0.6027,224,0.8673,6.2572,-0.009555,81.4815,32.8418,-1.7532,0.2899,66108475362.0,224,0.066502,33.36,-7.74,14.14,1,0,-2.0236
220100,퓨쳐켐,2024-07-02,16990,17400,KOSDAQ,5405,2.4132,2.6025,0.7586,22,0.8733,0.8882,0.02082,138.3562,14.6669,-1.7532,0.1609,16566470950.0,861,0.065148,41.67,-2.99,19.25,1,0,-2.0236
36200,유니셈,2024-07-02,11940,12070,KOSDAQ,3158,1.0888,2.1341,0.7154,23,0.8327,0.7802,0.023516,74.9275,16.8152,-1.7532,0.1328,34724845732.0,783,0.048231,1.16,-29.66,-29.66,0,0,-2.0236
178320,서진시스템,2024-07-03,32750,34050,KOSDAQ,20003,3.9695,4.4205,1.0,26,0.8239,1.0483,0.066965,132.9001,14.2744,-1.1515,0.1706,50932114590.0,26,0.050241,1.17,-22.32,-20.41,0,0,-1.2431
2960,한국쉘석유,2024-07-03,304000,309500,KOSPI,5596,1.8092,4.0632,0.9615,31,0.7941,0.9371,0.030259,45.9906,-1.0961,4.9551,0.036,1421181500.0,31,0.015347,10.82,-1.29,10.82,1,1,7.6669
175330,JB금융지주,2024-07-03,14640,14790,KOSPI,48231,1.0246,1.5939,0.3692,3,0.6566,1.2001,0.045029,81.0282,-0.7268,4.9551,0.051,4636586036.0,3,0.03342,7.23,-3.65,-2.37,0,1,7.6669
37460,삼지전자,2024-07-03,9360,9400,KOSDAQ,3484,0.4274,17.5152,0.8947,33,0.988,2.491,0.013981,29.2985,7.9697,-1.1515,0.0636,1346138592.0,846,0.017553,0.21,-9.57,-7.45,0,0,-1.2431
55550,신한지주,2024-07-04,51500,52500,KOSPI,399562,1.9417,1.133,0.7083,75,0.7792,0.9937,0.031113,61.5385,10.2221,5.0359,0.1006,97294204200.0,75,0.028163,15.62,-2.86,15.62,1,1,8.804
39490,키움증권,2024-07-04,134800,136000,KOSPI,112832,0.8902,2.747,0.6768,82,0.8737,1.1157,0.024441,78.2438,-0.9011,5.0359,0.0851,9748505020.0,858,0.033666,6.32,-7.28,-0.15,0,1,8.804
86790,하나금융지주,2024-07-04,64600,65800,KOSPI,285562,1.8576,0.8922,0.6774,75,0.81,0.934,0.044744,75.233,5.1819,5.0359,0.0879,63356954080.0,75,0.026379,0.61,-7.45,-1.98,0,1,8.804
9150,삼성전기,2024-07-04,159600,162500,KOSPI,211383,1.817,2.7918,0.8148,26,0.697,1.0456,0.005861,32.0065,2.0834,5.0359,0.0662,77295898480.0,847,0.022242,6.28,-5.23,-1.85,0,1,8.804
16360,삼성증권,2024-07-04,42000,42550,KOSPI,75012,1.3095,2.031,0.775,69,0.637,1.0392,0.003599,22.6225,12.1818,5.0359,0.1194,31435370290.0,696,0.024677,7.52,0.59,7.29,0,1,8.804
138930,BNK금융지주,2024-07-04,8660,8790,KOSPI,51235,1.5012,1.4975,1.0,34,0.6471,0.8847,0.021228,33.9939,2.8169,5.0359,0.0649,7090787278.0,664,0.019421,9.56,-3.75,9.56,0,1,8.804
298380,에이비엘바이오,2024-07-04,28000,29700,KOSDAQ,109351,6.0714,13.194,0.9818,78,0.9006,2.7034,0.021545,91.2428,21.9001,-1.1684,0.2776,87642266760.0,601,0.052549,5.56,-10.61,-1.68,0,0,-0.6415
39200,오스코텍,2024-07-04,41400,42000,KOSDAQ,19397,1.4493,1.5849,0.8955,3,0.699,1.3271,0.021577,124.0,13.4678,-1.1684,0.1754,45863722950.0,863,0.055867,5.0,-1.9,-1.31,0,0,-0.6415
402340,SK스퀘어,2024-07-05,102200,104200,KOSPI,663077,1.9569,1.5815,0.9059,7,0.5979,0.9423,0.08799,159.5268,13.9599,5.1259,0.0876,42599766160.0,7,0.054634,2.4,-27.16,-27.16,0,1,10.1736
5930,삼성전자,2024-07-05,85300,87100,KOSPI,8944573,2.1102,2.3188,1.0,61,0.5083,1.0148,0.016989,31.9697,7.552,5.1259,0.0825,2148820000000.0,859,0.018698,0.8,-8.61,-8.61,0,1,10.1736
141080,리가켐바이오,2024-07-05,79000,80000,KOSDAQ,70292,1.2658,6.3302,0.8933,80,0.7005,1.6243,0.06725,143.9024,18.0998,-2.1578,0.1377,102100000000.0,80,0.059196,11.62,-2.12,4.5,1,1,0.1828
815,삼성화재우,2024-07-05,281500,284500,KOSPI,11282,1.0657,0.5136,0.5,32,0.5402,0.7271,0.040754,68.3432,3.2551,5.1259,0.0708,3133573200.0,32,0.030254,0.0,-7.73,-5.1,0,1,10.1736
131030,옵투스제약,2024-07-05,8450,8460,KOSDAQ,1369,0.1183,7.4365,0.2661,68,0.7893,4.114,0.026524,80.9626,40.8463,-2.1578,0.2337,41308241270.0,861,0.09642,19.5,-15.25,-15.25,1,1,0.1828
9155,삼성전기우,2024-07-05,75700,76300,KOSPI,3523,0.7926,4.7358,0.84,23,0.9333,1.4305,0.006659,25.4934,0.2609,5.1259,0.0544,1000165100.0,848,0.018255,2.36,-8.13,-8.13,0,1,10.1736
100,유한양행,2024-07-05,83800,89500,KOSPI,83727,6.8019,8.5053,0.8319,4,0.8333,1.8102,0.012242,66.3971,4.2874,5.1259,0.1422,161899000000.0,4,0.040942,9.27,-2.35,1.45,0,1,10.1736
53030,바이넥스,2024-07-05,17750,18250,KOSDAQ,5092,2.8169,12.7002,0.9551,74,0.6673,2.2132,0.057455,150.6868,16.0778,-2.1578,0.1964,92934339364.0,836,0.070646,20.82,0.27,0.27,1,1,0.1828
60370,LS마린솔루션,2024-07-08,16544,17290,KOSDAQ,15410,4.5092,2.0653,0.9072,23,0.8765,0.4151,0.05604,151.3081,7.6349,-0.6291,0.1061,23205537379.0,23,0.051557,24.11,-16.34,-16.34,1,1,1.6083
2390,한독,2024-07-08,17390,17680,KOSPI,1532,1.6676,4.3841,0.0588,30,0.7269,2.752,0.014442,52.5453,10.1373,5.7971,0.1562,31732279248.0,863,0.058581,-0.79,-22.4,-22.4,0,1,9.936
1750,한양증권,2024-07-08,11420,11440,KOSPI,2482,0.1751,1.0814,0.8,16,0.6,1.0507,0.023067,34.4301,-3.0119,5.7971,0.0125,137024802.0,698,0.01024,41.26,0.44,41.26,1,1,9.936
337930,젝시믹스,2024-07-08,7230,8350,KOSDAQ,1620,15.491,15.0636,1.0,108,0.6678,2.7552,0.025996,102.1792,55.2587,-0.6291,0.3327,14849732828.0,692,0.069974,4.19,-21.32,-21.32,0,1,1.6083
00088K,한화3우B,2024-07-09,15600,15680,KOSPI,8790,0.5128,1.8668,0.9459,95,0.7634,1.425,0.008675,18.2504,-1.0373,5.9904,0.0401,995505190.0,697,0.012482,2.3,-6.76,-4.53,0,1,10.2402
130660,한전산업,2024-07-09,13400,14670,KOSPI,4238,9.4776,4.5993,1.0,17,1.0,0.8013,0.054862,116.6913,7.2914,5.9904,0.1863,57110383992.0,665,0.069773,20.93,-13.09,-4.23,1,1,10.2402
100840,SNT에너지,2024-07-09,13010,15490,KOSPI,8634,19.0623,10.1508,0.8347,39,0.8907,1.4028,0.044611,112.3372,35.2129,5.9904,0.3156,23351553310.0,39,0.056534,-7.81,-30.28,-27.24,0,1,10.2402
319660,피에스케이,2024-07-09,37800,38300,KOSDAQ,16077,1.3228,1.4998,0.6744,3,0.6642,0.9753,0.069208,123.1935,17.5049,-0.9144,0.0853,13189968220.0,3,0.044293,0.78,-32.38,-30.16,0,1,1.7756
78150,HB테크놀러지,2024-07-09,3905,4550,KOSDAQ,1910,16.5173,10.2097,0.8911,54,0.7059,1.5627,0.021846,116.6667,49.1228,-0.9144,0.287,106680000000.0,796,0.04898,-12.64,-41.43,-40.0,0,1,1.7756
32820,우리기술,2024-07-09,2650,2825,KOSDAQ,14525,6.6038,7.5659,0.8182,29,1.0,1.1953,0.06115,126.3622,23.474,-0.9144,0.2817,148537000000.0,733,0.051049,8.5,-30.34,-27.96,0,1,1.7756
281820,케이씨텍,2024-07-09,50500,52400,KOSPI,9238,3.7624,2.6704,0.8451,82,0.7839,0.8842,0.076687,180.9651,20.2746,5.9904,0.1686,11533824660.0,82,0.060046,7.82,-36.74,-33.68,0,1,10.2402
34020,두산에너빌리티,2024-07-09,21800,22250,KOSPI,554085,2.0642,3.0021,0.9565,29,1.0,0.8622,0.020959,65.7973,10.1369,5.9904,0.1016,233551000000.0,761,0.035891,-1.8,-28.72,-24.18,0,1,10.2402
150,두산,2024-07-11,234000,241500,KOSPI,135542,3.2051,1.08,0.6786,20,0.6602,0.8293,0.089284,229.918,-1.7482,4.9534,0.1072,29507865500.0,20,0.059095,-0.83,-46.96,-44.14,0,1,11.0149
5940,NH투자증권,2024-07-11,13060,13150,KOSPI,89442,0.6891,2.0672,0.881,80,0.3623,1.2438,0.020613,41.0944,5.6438,4.9534,0.0455,8422822700.0,623,0.02352,7.76,-3.35,1.9,0,1,11.0149
103590,일진전기,2024-07-11,28600,28850,KOSPI,28516,0.8741,1.1584,0.8542,30,0.7745,0.5928,0.103161,236.0904,11.1432,4.9534,0.1125,53324754580.0,30,0.055831,1.91,-33.97,-23.05,0,1,11.0149
11780,금호석유화학,2024-07-11,161500,164500,KOSPI,35611,1.8576,3.6832,0.9167,97,0.8255,1.1661,0.019471,52.0333,6.421,4.9534,0.0957,24638963400.0,784,0.034173,0.43,-25.17,-21.28,0,1,11.0149
310210,보로노이,2024-07-12,74433,80200,KOSDAQ,39270,7.7479,2.9513,1.0,222,0.4391,2.0671,-0.026014,173.7201,90.2991,-1.3709,0.4535,36304326060.0,222,0.063057,1.87,-26.56,-4.99,0,1,0.6576
950160,코오롱티슈진,2024-07-12,15920,18120,KOSDAQ,85468,13.8191,26.8721,1.0,76,0.9381,3.8221,0.04664,123.4279,31.2634,-1.3709,0.2851,29116493942.0,423,0.056804,12.03,-11.75,-4.69,1,1,0.6576
251120,바이오에프디엔씨,2024-07-12,16100,16350,KOSDAQ,1327,1.5528,4.4118,0.7289,244,0.6771,1.1041,0.005986,41.3137,12.8989,-1.3709,0.0928,789237524.0,511,0.03543,5.81,-15.11,-4.1,0,1,0.6576
49430,코메론,2024-07-12,9470,9560,KOSDAQ,1317,0.9504,1.8671,1.0,144,0.8333,0.9045,0.00627,15.4589,5.7377,-1.3709,0.038,280824984.0,754,0.023087,6.49,-13.91,-9.73,0,1,0.6576
33790,피노,2024-07-12,10720,11240,KOSDAQ,3456,4.8507,2.0231,0.8537,15,0.7938,0.6245,0.357103,1058.7629,53.2628,-1.3709,0.2877,21308934764.0,15,0.099962,42.26,-4.09,15.84,1,1,0.6576
9540,HD한국조선해양,2024-07-15,167100,168800,KOSPI,283800,1.0174,1.1416,0.5273,2,0.4092,0.9546,0.032675,86.9324,18.3282,4.2571,0.0775,44013685700.0,2,0.032371,26.18,2.37,17.95,1,1,9.732
2380,KCC,2024-07-15,322000,335000,KOSPI,42211,4.0373,2.4232,0.5714,38,0.6324,1.0144,0.033922,76.781,15.5998,4.2571,0.1072,12545733400.0,697,0.04307,0.75,-17.01,-8.36,0,1,9.732
7110,일신석재,2024-07-15,1330,1596,KOSPI,1210,20.0,13.9957,0.2036,243,0.6921,5.1138,0.003022,65.3886,53.7627,4.2571,0.3872,21675439419.0,726,0.078724,3.38,-26.13,-22.12,0,1,9.732
79550,LIG넥스원,2024-07-15,221000,233500,KOSPI,99880,5.6561,5.3561,0.75,10,0.8526,1.5455,0.098795,221.6253,8.8179,4.2571,0.1273,108276000000.0,10,0.053013,2.57,-23.08,-13.06,0,1,9.732
6360,GS건설,2024-07-15,16970,17260,KOSPI,15687,1.7089,7.1392,1.0,157,0.7438,1.9322,0.005415,35.3725,13.962,4.2571,0.1349,20126003826.0,792,0.025658,17.32,-2.95,16.16,1,1,9.732
314930,바이오다인,2024-07-15,16140,16900,KOSDAQ,4006,4.7088,4.6234,1.0,20,0.795,1.1962,0.005668,103.8601,5.4166,-0.7078,0.1824,11941518152.0,797,0.067033,-1.78,-25.62,-13.55,0,1,0.9823
192400,쿠쿠홀딩스,2024-07-15,22200,22750,KOSPI,9602,2.4775,1.9545,0.7619,12,0.7674,0.708,0.017246,53.9242,1.3113,4.2571,0.0408,445995740.0,793,0.019937,1.54,-11.43,-3.3,0,1,9.732
290550,디케이티,2024-07-15,11880,11940,KOSDAQ,1944,0.5051,0.9559,0.9385,29,0.8082,0.7689,0.023083,63.5616,13.2432,-0.7078,0.0955,3394227364.0,703,0.047619,10.47,-17.25,-7.37,1,1,0.9823
64350,현대로템,2024-07-15,42600,42950,KOSPI,230836,0.8216,5.827,0.5063,20,0.8188,1.7678,0.030944,84.7312,-3.4355,4.2571,0.0806,220349000000.0,20,0.041244,17.58,-3.26,14.55,1,1,9.732
294870,HDC현대산업개발,2024-07-16,20400,20700,KOSPI,13247,1.4706,7.4019,0.8026,93,0.9187,2.1741,0.050754,107.6229,17.6399,3.6966,0.1554,13514046854.0,745,0.032367,12.08,-7.25,6.52,1,1,9.8689
11070,LG이노텍,2024-07-16,299000,302000,KOSPI,56564,1.0033,1.2462,0.5714,250,0.5784,0.8453,0.007421,66.5747,10.9144,3.6966,0.103,65889230800.0,572,0.029801,-1.16,-27.98,-16.89,0,1,9.8689
10120,LS ELECTRIC,2024-07-16,231500,234000,KOSPI,157500,1.0799,0.7911,0.931,33,0.4421,0.8795,0.109519,270.2532,12.4325,3.6966,0.121,159365000000.0,33,0.065659,11.11,-32.74,-28.08,1,1,9.8689
44990,에이치엔에스하이텍,2024-07-16,29550,29750,KOSDAQ,1238,0.6768,2.1199,0.7143,1,0.1389,0.6419,0.065322,115.5797,3.099,-2.2516,0.0106,167459210.0,1,0.026771,-0.17,-6.55,-1.34,0,0,-0.5585
71055,한국금융지주우,2024-07-16,50200,50300,KOSPI,8295,0.1992,2.0001,0.5455,100,0.3978,1.4701,0.016926,35.9459,4.0122,3.6966,0.0412,563521090.0,767,0.021443,2.39,-9.64,-0.7,0,1,9.8689
10140,삼성중공업,2024-07-16,10170,10280,KOSPI,242440,1.0816,1.7654,0.9744,44,0.4295,0.8469,0.013682,50.7331,12.3305,3.6966,0.0796,64908071886.0,44,0.026265,15.47,-2.24,4.67,1,1,9.8689
75580,세진중공업,2024-07-16,10420,10640,KOSPI,10597,2.1113,1.7321,0.7067,14,0.4015,0.93,0.067014,149.1803,26.0595,3.6966,0.0879,8704815392.0,14,0.054176,-7.42,-31.48,-26.03,0,1,9.8689
3220,대원제약,2024-07-17,18400,18630,KOSPI,2519,1.25,40.5155,0.3491,207,0.9295,8.6302,-0.01585,36.4835,28.7279,1.643,0.2565,142364000000.0,712,0.049306,-7.41,-21.1,-12.78,0,1,8.9356
12630,HDC,2024-07-17,8860,8900,KOSPI,11578,0.4515,6.0496,0.5476,63,0.9643,1.9434,0.02778,58.9286,8.5055,1.643,0.0815,1341069648.0,785,0.023997,14.27,-1.69,14.27,1,1,8.9356
12450,한화에어로스페이스,2024-07-17,274529,280131,KOSPI,637324,2.0406,1.4699,0.2593,1,0.5812,1.1577,0.084981,192.5558,7.9188,1.643,0.1131,186948000000.0,1,0.047402,17.27,-4.0,12.0,1,1,8.9356
24880,케이피에프,2024-07-17,5900,6020,KOSDAQ,1169,2.0339,11.5174,0.9,221,0.968,1.4571,-0.004705,39.1908,18.5735,-3.688,0.1423,2845227528.0,451,0.035299,-4.15,-22.59,-16.45,0,0,-1.7348
6280,녹십자,2024-07-17,126800,126900,KOSPI,18360,0.0789,1.923,0.8571,132,0.3642,1.8483,0.00414,34.1438,8.609,1.643,0.0654,4422133480.0,856,0.031408,25.14,-0.16,18.75,1,1,8.9356
71050,한국금융지주,2024-07-17,74100,75200,KOSPI,111452,1.4845,3.7232,0.5,91,0.6017,1.4069,0.027975,58.3158,10.5958,1.643,0.071,17351839040.0,793,0.033245,-1.2,-15.29,-6.12,0,1,8.9356
52690,한전기술,2024-07-18,81000,82000,KOSPI,48119,1.2346,17.8921,0.0747,248,0.8659,4.831,0.009516,56.7878,15.3875,0.5955,0.1449,202659000000.0,656,0.063763,-7.2,-22.8,-14.51,0,1,8.1551
300720,한일시멘트,2024-07-18,14490,14570,KOSPI,12488,0.5521,1.2085,0.8254,42,0.8824,0.7747,0.008382,29.6263,5.2142,0.5955,0.0711,3101177258.0,623,0.026865,1.24,-10.36,-2.26,0,1,8.1551
41440,현대에버다임,2024-07-22,8080,8980,KOSDAQ,1471,11.1386,114.2029,1.0,248,0.8911,13.712,-0.001746,52.9813,39.811,-3.7504,0.299,47634796376.0,416,0.04343,10.13,-20.6,-11.02,1,0,-3.9598
51600,한전KPS,2024-07-22,38950,39650,KOSPI,24435,1.7972,3.2941,0.898,104,0.8686,3.098,0.011142,22.9457,6.3444,-0.0441,0.0636,46663827970.0,770,0.04909,8.07,-6.94,8.07,0,1,5.7168
134380,미원화학,2024-07-22,81200,81300,KOSPI,2111,0.1232,0.2887,0.25,26,0.8667,0.2866,0.013313,27.4295,2.0517,-0.0441,0.0125,13245420.0,819,0.009313,0.62,-4.67,0.62,0,1,5.7168
329180,HD현대중공업,2024-07-23,171200,174900,KOSPI,576237,2.1612,0.7679,0.8036,4,0.4825,0.8458,0.025712,71.3026,16.6814,-0.0036,0.1004,47759761920.0,4,0.03892,23.5,0.34,17.21,1,1,6.0727
71970,HD현대마린엔진,2024-07-23,21500,22400,KOSPI,28664,4.186,2.6512,0.8788,4,0.6317,3.1133,0.066929,171.5152,30.4637,-0.0036,0.1848,64959261696.0,4,0.084662,9.82,-10.27,-6.47,0,1,6.0727
4310,현대약품,2024-07-23,4315,4795,KOSPI,3531,11.124,285.3069,1.0,210,0.935,29.7324,-0.01199,38.9855,34.5057,-0.0036,0.3354,22241856047.0,874,0.033592,21.38,0.0,0.0,1,1,6.0727
82740,한화엔진,2024-07-23,16170,16900,KOSPI,44561,4.5145,2.6945,0.977,21,0.7919,1.0162,0.050793,120.6266,6.8304,-0.0036,0.1324,31592383358.0,21,0.047041,-6.04,-28.99,-16.15,0,1,6.0727
9450,경동나비엔,2024-07-24,59900,61800,KOSPI,8217,3.172,3.1223,0.8769,59,0.8405,1.2486,0.01206,49.6368,18.9084,-1.1941,0.1603,7045543920.0,727,0.035368,19.09,-16.34,12.46,1,1,5.4174
305090,마이크로디지탈,2024-07-24,11200,11280,KOSDAQ,1688,0.7143,1.2987,0.8696,7,0.4359,1.4795,0.034856,129.5015,16.1095,-3.3095,0.0953,1882361124.0,705,0.055851,16.58,-19.33,7.54,1,0,-3.4278
196170,알테오젠,2024-07-24,289500,304500,KOSDAQ,210010,5.1813,1.1644,0.92,21,0.8378,0.6383,0.172499,650.9248,9.778,-3.3095,0.1154,262721000000.0,21,0.056533,5.25,-14.12,-5.09,0,0,-3.4278
6620,동구바이오제약,2024-07-24,7880,8500,KOSDAQ,1472,7.868,20.7694,0.7513,46,0.8635,2.3006,0.028263,79.1359,28.126,-3.3095,0.1952,42514917348.0,841,0.043445,-1.65,-31.18,-31.18,0,0,-3.4278
207940,삼성바이오로직스,2024-07-24,1264228,1299550,KOSPI,792964,2.794,3.8031,0.8704,115,0.4107,1.526,0.011521,29.8529,22.319,-1.1941,0.0878,108992000000.0,722,0.025886,10.31,-1.36,8.15,1,1,5.4174
69620,대웅제약,2024-07-24,126900,128800,KOSPI,18793,1.4972,4.7409,0.8056,82,0.5048,1.2234,0.00897,38.1974,29.2259,-1.1941,0.1183,7607212320.0,489,0.041094,13.28,-13.04,11.18,1,1,5.4174
272210,한화시스템,2024-07-24,21700,22250,KOSPI,176451,2.5346,6.0196,0.8214,26,0.788,1.7226,0.037471,89.8464,20.7535,-1.1941,0.166,107156000000.0,26,0.04687,-2.02,-17.89,-17.53,0,1,5.4174
241710,코스메카코리아,2024-07-24,87000,88800,KOSDAQ,10605,2.069,1.0457,0.5195,12,0.6068,0.6044,0.142294,262.449,15.9999,-3.3095,0.0778,16884186100.0,12,0.06427,-6.19,-23.42,-6.31,0,0,-3.4278
255220,SG,2024-07-25,2467,2795,KOSDAQ,2786,13.2955,16.4751,1.0,89,0.5587,5.231,0.050693,187.8476,120.7619,-4.9317,0.6003,61652537208.0,89,0.078814,25.94,-2.68,2.68,1,0,-5.4148
950210,프레스티지바이오파마,2024-07-26,13100,13760,KOSPI,6502,5.0382,34.6807,0.1076,235,0.6166,5.9104,-0.008839,78.9337,61.4313,-2.3561,0.3148,10676181650.0,853,0.069612,14.53,-17.01,4.72,1,1,4.279
316140,우리금융지주,2024-07-26,15290,16180,KOSPI,219489,5.8208,8.8061,0.965,86,0.8782,1.6432,0.019256,42.9329,12.4991,-2.3561,0.0923,64561569038.0,558,0.019159,2.6,-13.6,2.35,0,1,4.279
267250,HD현대,2024-07-26,80700,80900,KOSPI,176155,0.2478,1.8372,0.2917,6,0.488,1.0489,0.01613,40.9408,10.9467,-2.3561,0.0519,17334183280.0,6,0.034346,3.71,-5.07,1.36,0,1,4.279
4140,동방,2024-07-26,3515,3675,KOSPI,1190,4.5519,8.829,0.84,20,0.897,1.5665,0.041693,103.1509,6.908,-2.3561,0.2471,60018038119.0,850,0.061613,-4.76,-27.62,-22.18,0,1,4.279
334970,프레스티지바이오로직스,2024-07-26,5270,5400,KOSDAQ,2224,2.4668,26.356,0.1176,238,0.6667,4.5941,-0.003167,35.3383,40.4404,-5.1021,0.1838,8204120910.0,806,0.060119,32.22,-14.44,14.07,1,0,-5.3772
52420,오성첨단소재,2024-07-26,2035,2175,KOSDAQ,1380,6.8796,11.6277,0.1731,216,0.8014,5.5783,-0.012949,75.5448,58.0557,-5.1021,0.4042,141675000000.0,868,0.072479,29.43,1.38,8.51,1,0,-5.3772
17670,SK텔레콤,2024-07-26,54100,54200,KOSPI,149064,0.1848,0.8917,0.5,83,0.5,1.1529,0.005562,20.9821,7.5988,-2.3561,0.0316,26211162340.0,637,0.014101,3.51,-4.43,3.32,0,1,4.279
9070,KCTC,2024-07-26,4870,5330,KOSPI,1908,9.4456,30.1754,1.0,131,1.0,3.459,0.009337,48.0556,11.9142,-2.3561,0.2302,10457615031.0,837,0.048646,21.2,-12.57,-12.57,1,1,4.279
7390,네이처셀,2024-07-26,12300,12700,KOSDAQ,15787,3.252,8.9267,0.7293,47,0.7556,1.3236,0.026057,82.7338,40.641,-5.1021,0.2811,19821943812.0,741,0.052081,-6.3,-23.39,-20.87,0,0,-5.3772
54540,삼영엠텍,2024-07-26,5210,5250,KOSDAQ,1806,0.7678,1.3549,0.8795,7,0.5026,1.0457,0.021061,41.5094,16.9232,-5.1021,0.0899,729912286.0,742,0.04449,5.9,-14.57,-14.57,0,0,-5.3772
3350,한국화장품제조,2024-07-29,68300,69800,KOSPI,2237,2.1962,0.6842,0.8018,12,0.6244,0.2988,0.113535,228.4706,13.4214,-1.3829,0.1502,10073278420.0,12,0.086676,4.44,-25.93,-0.43,0,1,5.4898
225570,넥슨게임즈,2024-07-29,22750,23800,KOSDAQ,8292,4.6154,1.5933,0.5405,241,0.3988,1.316,0.02954,87.4016,59.975,-4.6226,0.1898,48922752730.0,578,0.085564,23.32,-6.09,0.0,1,0,-4.1438
14790,HL D&I,2024-07-29,2590,2645,KOSPI,1073,2.1236,0.8655,0.8148,5,0.5619,1.024,0.003942,36.5514,14.176,-1.3829,0.1187,498276297.0,705,0.050365,8.51,-14.93,2.84,0,1,5.4898
145020,휴젤,2024-07-29,248000,250500,KOSDAQ,32790,1.0081,0.8366,0.6667,26,1.0,0.8242,0.061358,144.3902,11.6738,-4.6226,0.1034,22703137800.0,746,0.043484,14.37,-15.77,8.98,1,0,-4.1438
14940,오리엔탈정공,2024-07-29,4160,4395,KOSDAQ,3660,5.649,1.6729,1.0,1,0.7188,0.9211,0.026973,71.0117,20.1285,-4.6226,0.1057,2108984058.0,790,0.045344,10.81,-10.13,-1.25,1,0,-4.1438
251970,펌텍코리아,2024-07-29,47350,48600,KOSDAQ,7849,2.6399,1.2547,0.9149,29,0.6394,0.8756,0.067728,125.0,18.8411,-4.6226,0.0828,9928804740.0,29,0.061728,3.7,-23.25,-21.81,0,0,-4.1438
92460,한라IMS,2024-07-29,7560,7780,KOSDAQ,2621,2.9101,4.3795,0.5417,20,0.7851,1.3505,0.021337,44.6097,7.5326,-4.6226,0.0833,853324654.0,20,0.042233,1.67,-14.78,-12.21,0,0,-4.1438
105,유한양행우,2024-07-30,76300,76500,KOSPI,1095,0.2621,0.5117,0.7647,10,0.2283,0.7233,0.015478,39.3443,16.2271,-1.5344,0.0442,251409420.0,10,0.028385,93.46,-14.9,93.46,1,1,4.3814
82800,비보존 제약,2024-07-30,3444,3749,KOSDAQ,2362,8.856,16.1131,0.6835,194,0.8756,2.7151,0.007593,44.0261,17.1692,-3.1485,0.2033,2566679769.0,867,0.047727,14.06,-5.09,-1.52,1,0,-4.6361
2960,한국쉘석유,2024-07-31,337500,343000,KOSPI,5596,1.6296,0.9479,0.7778,1,0.7614,1.1551,0.034081,61.7925,11.6586,-0.8346,0.0819,1811571900.0,1,0.020408,1.46,-7.43,-3.64,0,1,5.5462
63160,종근당바이오,2024-07-31,25450,25850,KOSPI,1136,1.5717,15.9413,0.1493,87,0.8514,4.7095,-0.00131,32.5641,21.9119,-0.8346,0.1266,2592999040.0,880,0.044349,24.95,-11.41,19.15,1,1,5.5462
3650,미창석유,2024-07-31,82900,85500,KOSPI,2093,3.1363,1.502,0.9355,41,0.4937,0.5338,0.012507,31.5385,10.1697,-0.8346,0.0573,78271700.0,530,0.015205,6.78,-6.08,6.2,0,1,5.5462
38500,삼표시멘트,2024-07-31,3470,3595,KOSDAQ,11784,3.6023,24.5875,0.2667,210,1.0,2.878,-0.006261,27.2566,21.8098,-3.9409,0.1401,36110728243.0,766,0.038645,-0.97,-18.08,-12.66,0,0,-4.7155
94800,맵스리얼티,2024-07-31,4380,4430,KOSPI,5357,1.1416,1.9107,0.9231,82,0.6364,1.212,0.007777,14.0283,6.0603,-0.8346,0.0293,191207520.0,775,0.013141,1.35,-5.64,1.35,0,1,5.5462
370,한화손해보험,2024-07-31,5550,5650,KOSPI,6853,1.8018,4.2663,0.8056,107,0.9811,1.2091,0.018135,55.8621,8.8652,-0.8346,0.0885,3934605398.0,107,0.03641,9.56,-9.73,0.53,0,1,5.5462
1450,현대해상,2024-07-31,35950,36050,KOSPI,24540,0.2782,1.2051,0.4615,120,0.8784,0.9471,0.005852,29.9099,6.3983,-0.8346,0.0439,13045433230.0,300,0.028235,0.28,-11.23,-3.19,0,1,5.5462
81660,미스토홀딩스,2024-07-31,41900,42800,KOSPI,24290,2.148,2.0512,0.8947,115,0.75,1.1952,0.00514,22.2857,9.7405,-0.8346,0.0561,3570518340.0,761,0.025617,3.86,-6.66,1.99,0,1,5.5462
320,노루홀딩스,2024-08-01,13560,13700,KOSPI,2711,1.0324,0.6193,0.8511,117,1.0,0.909,0.01189,31.4779,8.0394,-1.673,0.0472,319850726.0,798,0.025652,-0.73,-10.66,-3.65,0,1,5.7465
138930,BNK금융지주,2024-08-01,9520,9630,KOSPI,51235,1.1555,1.8142,0.6364,1,0.9412,1.7326,0.024089,46.7988,11.2293,-1.673,0.0946,20388793030.0,1,0.025961,6.85,-9.45,5.5,0,1,5.7465
82640,동양생명,2024-08-01,8450,8470,KOSPI,11150,0.2367,0.9607,0.7125,22,0.7972,0.6022,0.061528,148.7518,7.0212,-1.673,0.0773,8777298750.0,22,0.058357,5.79,-22.79,-22.79,0,1,5.7465
5945,NH투자증권우,2024-08-01,11980,12000,KOSPI,4133,0.1669,1.2792,0.6667,94,0.6825,1.3026,0.018934,33.1853,4.6772,-1.673,0.0229,1142279776.0,645,0.013929,0.17,-6.08,0.0,0,1,5.7465
5430,한국공항,2024-08-01,76900,77200,KOSPI,2137,0.3901,1.1087,0.4815,23,0.8605,0.938,0.061943,115.6425,6.8501,-1.673,0.0429,952555280.0,23,0.03664,-5.44,-34.2,-32.64,0,1,5.7465
24060,흥구석유,2024-08-05,19240,19560,KOSDAQ,2067,1.6632,4.0121,0.4524,43,0.9038,1.842,0.060029,303.299,57.8813,-19.5503,0.3382,256886000000.0,43,0.059487,3.78,-25.0,-23.16,0,0,-17.8944
1750,한양증권,2024-08-05,16100,16160,KOSPI,2482,0.3727,37.1554,0.1709,14,0.6588,4.6736,0.053574,86.8208,55.8229,-14.5642,0.0897,17788674600.0,718,0.067141,13.55,-8.85,1.36,1,0,-7.0821
5870,휴니드,2024-08-06,9270,10330,KOSPI,1155,11.4347,29.7222,0.6612,198,0.9567,7.2882,0.024109,124.8096,75.4893,-12.0399,0.5054,132523000000.0,554,0.062094,0.0,-33.2,-33.2,0,0,-4.0304
141080,리가켐바이오,2024-08-07,89300,89600,KOSDAQ,70292,0.3359,1.7903,0.7407,6,0.9185,1.3775,0.079076,168.2635,21.8159,-12.8135,0.0911,105145000000.0,6,0.074378,9.38,-6.25,-6.25,0,0,-11.0144
73010,케이에스피,2024-08-07,5130,5150,KOSDAQ,1716,0.3899,1.3201,0.4118,60,0.9318,1.8435,0.05325,101.0933,33.7055,-12.8135,0.1343,6511608730.0,60,0.074064,2.52,-28.93,-28.93,0,0,-11.0144
214450,파마리서치,2024-08-07,156200,166900,KOSDAQ,43688,6.8502,6.104,0.9244,29,1.0,1.4553,0.019479,87.3176,23.932,-12.8135,0.1651,70013601940.0,29,0.061542,12.7,0.48,6.65,1,0,-11.0144
337930,젝시믹스,2024-08-08,8700,10630,KOSDAQ,1620,22.1839,5.2259,1.0,20,1.0,1.066,0.065689,157.385,34.7528,-12.5689,0.3099,16720788336.0,715,0.080433,7.53,-11.95,-11.95,0,0,-11.3685
12210,삼미금속,2024-08-08,2300,2395,KOSDAQ,3648,4.1304,0.007,0.4872,33,1.0,1.5932,0.059383,172.1591,21.4326,-12.5689,0.089,3447234.0,303,0.052043,37.79,-12.32,20.25,1,0,-11.3685
3570,SNT다이내믹스,2024-08-08,22450,23750,KOSPI,16493,5.7906,4.4921,0.6863,29,0.7301,3.1292,0.061604,151.8558,30.9199,-11.5731,0.1182,6400188338.0,29,0.084752,7.16,-16.21,-16.21,0,0,-2.7521
7340,DN오토모티브,2024-08-09,18587,18767,KOSPI,14130,0.9684,1.5502,0.6291,242,0.8732,1.8865,0.007074,38.8194,22.9746,-9.4004,0.0951,2966533427.0,265,0.03843,0.53,-5.87,0.53,0,0,-1.5786
33780,KT&G,2024-08-09,95200,100600,KOSPI,182274,5.6723,4.9972,0.875,101,0.9796,1.5678,0.004826,21.059,24.3718,-9.4004,0.095,60106096860.0,417,0.028117,10.74,-1.49,9.05,1,0,-1.5786
7160,사조산업,2024-08-09,50200,59200,KOSPI,2920,17.9283,11.3234,0.6967,24,0.9831,1.3837,0.015068,66.7606,46.279,-9.4004,0.2912,16955768510.0,783,0.049047,22.13,1.69,6.42,1,0,-1.5786
64350,현대로템,2024-08-13,50500,52800,KOSPI,230836,4.5545,2.8461,0.7241,8,0.7689,1.2212,0.059185,127.0968,30.1929,-8.5339,0.1321,177626000000.0,8,0.0671,3.41,-8.71,-8.71,0,0,-0.4173
259960,크래프톤,2024-08-13,297000,331000,KOSPI,118036,11.4478,10.2052,1.0,37,0.7746,1.992,0.061158,125.9386,28.8976,-8.5339,0.1508,125188000000.0,675,0.041325,5.44,-6.19,-1.81,0,0,-0.4173
69080,웹젠,2024-08-13,18150,19470,KOSDAQ,5152,7.2727,26.28,0.8621,123,0.6941,4.6476,0.021565,59.1987,29.7596,-8.9029,0.1736,8651918666.0,825,0.049637,-1.85,-14.95,-14.95,0,0,-9.0318
24090,디씨엠,2024-08-13,12330,12640,KOSPI,1349,2.5142,7.6929,0.5031,27,0.8281,1.9844,0.004341,20.038,14.6632,-8.5339,0.0606,255768614.0,657,0.030402,0.63,-5.78,-5.38,0,0,-0.4173
3690,코리안리,2024-08-14,7222,7290,KOSPI,22443,0.9416,1.5912,0.6071,98,0.7718,1.1341,0.010903,44.1851,14.4978,-6.9915,0.0476,1618483240.0,98,0.025563,3.96,-4.42,-2.91,0,1,0.4066
323280,태성,2024-08-14,13355,16048,KOSDAQ,22323,20.1647,2.7499,1.0,35,0.746,0.7396,0.16362,598.0426,112.3736,-6.3394,0.5314,47833329742.0,35,0.075871,27.76,-3.46,10.33,1,0,-7.6038
37350,성도이엔지,2024-08-14,4910,5120,KOSDAQ,1097,4.277,55.2509,1.0,51,0.8157,6.2663,0.003573,45.0425,22.8355,-6.3394,0.2524,2625504590.0,766,0.046596,12.89,-6.25,6.25,1,0,-7.6038
12630,HDC,2024-08-14,10160,10170,KOSPI,11578,0.0984,1.3226,0.8929,1,0.6529,1.9293,0.043878,73.5495,21.2612,-6.9915,0.0688,1921321650.0,805,0.047549,9.93,0.39,6.39,0,1,0.4066
69510,에스텍,2024-08-14,10230,10490,KOSDAQ,1612,2.5415,8.4139,0.7,51,0.7094,1.5306,0.014716,32.1159,14.7072,-6.3394,0.0866,146764310.0,788,0.038676,6.86,-2.48,0.95,0,0,-7.6038
66620,국보디자인,2024-08-16,16390,16520,KOSDAQ,1616,0.7932,4.3293,0.961,49,0.7306,1.5255,0.015718,30.4897,5.5587,-4.3952,0.0556,109674536.0,693,0.025683,3.39,-2.85,2.91,0,0,-6.4825
77970,STX엔진,2024-08-16,17950,21550,KOSPI,13008,20.0557,17.585,1.0,38,0.8708,3.1676,0.025233,90.708,34.7911,-4.5009,0.3563,25038512864.0,811,0.060391,6.73,-18.56,-9.98,0,1,2.3437
70960,모나용평,2024-08-16,3710,3725,KOSPI,1497,0.4043,0.4825,0.5263,47,0.6631,0.6654,0.016317,36.6972,7.4014,-4.5009,0.0736,862145042.0,777,0.050623,36.64,3.09,20.94,1,1,2.3437
53030,바이넥스,2024-08-16,22050,22500,KOSDAQ,5092,2.0408,1.148,1.0,13,0.3781,0.8369,0.107996,209.0659,24.0125,-4.3952,0.1028,42363039460.0,865,0.075111,5.78,-11.33,-4.0,0,0,-6.4825
640,동아쏘시오홀딩스,2024-08-16,115600,118222,KOSPI,6922,2.2682,3.8849,0.8602,93,0.6557,1.7624,0.010246,40.2064,15.4397,-4.5009,0.0847,1885395895.0,758,0.034688,5.34,-3.7,-2.63,0,1,2.3437
326030,SK바이오팜,2024-08-16,103900,105600,KOSPI,87633,1.6362,5.7493,0.8657,153,0.5074,2.7402,0.00786,41.1765,26.8647,-4.5009,0.1991,51224144700.0,892,0.052286,8.9,-5.49,-1.23,0,1,2.3437
1720,신영증권,2024-08-19,75400,79900,KOSPI,28474,5.9682,5.6475,0.8852,52,0.5678,1.8518,0.02624,44.4846,16.5511,-4.332,0.0963,597807620.0,52,0.026551,5.88,-0.63,0.5,0,1,1.4038
18120,진로발효,2024-08-19,16510,17090,KOSDAQ,1143,3.513,7.5538,0.4567,224,0.7471,1.9999,0.001042,20.7774,14.5546,-6.1842,0.0609,143912412.0,794,0.022068,2.69,-0.99,2.69,0,0,-7.5547
340570,티앤엘,2024-08-19,71900,73000,KOSDAQ,4405,1.5299,2.4712,0.9592,38,0.5833,1.3027,0.037452,93.8911,22.7977,-6.1842,0.1891,17699455480.0,38,0.054599,3.56,-13.42,-8.08,0,0,-7.5547
5690,파미셀,2024-08-19,8210,8490,KOSPI,8132,3.4105,59.6417,0.6935,221,0.7812,9.9205,-0.019239,97.4419,63.9185,-4.332,0.5537,98501098744.0,766,0.06474,-3.42,-40.28,-36.04,0,1,1.4038
96530,씨젠,2024-08-19,29000,34450,KOSDAQ,14023,18.7931,17.4207,0.8125,136,0.5745,5.2571,0.017115,80.5556,72.2083,-6.1842,0.4202,162961000000.0,817,0.077027,-4.93,-28.74,-26.27,0,0,-7.5547
377740,바이오노트,2024-08-19,5670,6080,KOSPI,5817,7.231,42.1455,0.5616,250,0.8257,8.4165,0.001994,59.5801,52.9873,-4.332,0.3696,31057189311.0,406,0.058799,-6.74,-25.74,-24.67,0,1,1.4038
253840,수젠텍,2024-08-19,10700,10760,KOSDAQ,1063,0.5607,6.5484,0.6636,172,0.4192,3.6701,0.00979,127.7249,133.6684,-6.1842,0.4415,36863666040.0,814,0.109931,-7.62,-45.45,-43.12,0,0,-7.5547
137310,에스디바이오센서,2024-08-19,13270,14850,KOSPI,10763,11.9066,12.0838,0.7721,169,0.423,4.9174,0.0025,65.9218,68.2393,-4.332,0.3789,50538297232.0,626,0.073593,-5.99,-37.37,-35.82,0,1,1.4038
16610,DB증권,2024-08-20,4650,4725,KOSPI,5454,1.6129,3.26,0.7949,121,0.6294,1.222,0.012155,25.3316,8.3618,-2.4201,0.0796,403338401.0,808,0.029403,29.1,-1.27,27.2,1,1,2.1719
3520,영진약품,2024-08-20,2650,2695,KOSPI,3393,1.6981,2.2076,0.5676,250,0.5906,1.0105,0.016015,34.414,21.9323,-2.4201,0.0847,1624275305.0,893,0.054864,-3.15,-16.51,-10.2,0,1,2.1719
5830,DB손해보험,2024-08-20,115500,121500,KOSPI,97346,5.1948,2.3285,0.9195,31,0.7616,1.3748,0.018695,60.0791,17.4769,-2.4201,0.1479,32025150820.0,31,0.046326,1.4,-10.21,-8.15,0,1,2.1719
16360,삼성증권,2024-08-20,45750,47800,KOSPI,75012,4.4809,1.4896,1.0,24,0.5361,0.7042,0.018292,35.6028,9.8358,-2.4201,0.086,18348321300.0,728,0.034145,0.94,-5.65,-2.41,0,1,2.1719
294870,HDC현대산업개발,2024-08-20,23200,23550,KOSPI,13247,1.5086,1.6782,0.7742,5,0.4659,1.4527,0.069988,134.3284,17.2982,-2.4201,0.0884,10898117000.0,769,0.070155,13.38,1.49,5.52,1,1,2.1719
6360,GS건설,2024-08-20,20250,20700,KOSPI,15687,2.2222,2.1687,0.6284,12,0.4797,1.3213,0.036873,62.3529,18.7122,-2.4201,0.0936,17670151256.0,817,0.054796,4.11,-11.84,-7.44,0,1,2.1719
134380,미원화학,2024-08-20,81300,81800,KOSPI,2111,0.615,1.3594,0.3016,20,0.7129,0.7753,0.019902,27.8125,3.0351,-2.4201,0.022,26661580.0,839,0.02052,-0.73,-3.55,-1.71,0,1,2.1719
71055,한국금융지주우,2024-08-20,51500,51800,KOSPI,8295,0.5825,1.2965,0.9,23,0.3354,0.8686,0.018693,33.3333,6.1238,-2.4201,0.0446,542574110.0,791,0.030612,1.16,-5.31,-1.93,0,1,2.1719
51600,한전KPS,2024-08-20,42350,42850,KOSPI,24435,1.1806,0.9138,0.5455,1,0.32,0.966,0.018262,32.8682,10.4907,-2.4201,0.0791,11596824270.0,790,0.032422,0.82,-5.25,-5.25,0,1,2.1719
236200,슈프리마,2024-08-21,27750,29100,KOSDAQ,3055,4.8649,5.9093,1.0,139,0.5818,1.3,0.026281,50.8554,18.3129,-3.9711,0.1172,3077208030.0,888,0.036205,1.03,-15.12,-15.12,0,0,-7.3033
14620,성광벤드,2024-08-21,16350,16540,KOSDAQ,8326,1.1621,0.6959,0.9481,1,0.3989,1.2663,0.004038,62.9557,19.7164,-3.9711,0.134,15896654106.0,481,0.065253,-2.9,-16.08,-10.46,0,0,-7.3033
183190,아세아시멘트,2024-08-21,11600,11720,KOSPI,4586,1.0345,1.7605,0.88,115,0.5526,1.0992,0.009496,22.5941,8.8927,-2.6371,0.0465,876529210.0,590,0.034678,0.0,-8.28,-6.91,0,1,2.2667
300720,한일시멘트,2024-08-21,14750,15110,KOSPI,12488,2.4407,2.3166,0.8602,6,0.398,1.0491,0.015426,34.4306,10.6428,-2.6371,0.0663,1913361964.0,646,0.044294,2.58,-8.47,-8.47,0,1,2.2667
35890,서희건설,2024-08-21,1417,1458,KOSDAQ,3730,2.8934,5.3306,0.98,195,0.5613,1.7594,-0.00223,19.3126,13.4305,-3.9711,0.0994,917283964.0,747,0.026945,4.32,-3.57,4.32,0,0,-7.3033
6280,녹십자,2024-08-21,158800,164000,KOSPI,18360,3.2746,5.2113,0.8125,6,0.4416,2.3451,0.035583,73.3615,31.4666,-2.6371,0.1459,19037574220.0,880,0.061106,5.49,-11.1,-1.95,0,1,2.2667
1270,부국증권,2024-08-21,27250,27600,KOSPI,7414,1.2844,0.8257,0.9655,113,0.4815,1.5028,0.019297,31.7422,11.944,-2.6371,0.0613,165865690.0,113,0.038949,3.44,-2.17,3.44,0,1,2.2667
3610,방림,2024-08-21,2800,2930,KOSPI,2167,4.6429,2.4674,1.0,37,0.4593,1.6798,0.028663,50.5653,14.8976,-2.6371,0.1121,515842446.0,427,0.052535,9.04,-6.83,9.04,0,1,2.2667
900290,GRT,2024-08-22,4040,4185,KOSDAQ,2805,3.5891,2.2662,0.9492,241,0.6042,1.4491,0.017203,91.5332,35.7895,-5.0083,0.2723,647073643.0,286,0.048472,0.48,-13.98,-6.09,0,0,-8.0844
192080,더블유게임즈,2024-08-22,48750,49150,KOSPI,10820,0.8205,3.4751,0.9767,123,0.5,1.6126,0.02796,49.9756,8.3507,-1.8501,0.0842,4487210700.0,700,0.038512,2.34,-2.85,0.31,0,1,2.431
225190,LK삼양,2024-08-22,1800,1959,KOSDAQ,1012,8.8333,48.1581,0.8324,227,0.8938,7.8356,-0.016127,45.9762,30.7464,-5.0083,0.3209,23486017533.0,574,0.07708,-1.58,-26.19,-16.23,0,0,-8.0844
86790,하나금융지주,2024-08-22,66200,66500,KOSPI,285562,0.4532,0.8066,1.0,33,0.5321,0.9605,0.037533,77.0972,9.8047,-1.8501,0.0731,61213921920.0,33,0.035983,3.46,-13.53,-10.38,0,1,2.431
19010,베뉴지,2024-08-22,2265,2320,KOSDAQ,1764,2.4283,1.7335,0.9167,250,0.6,2.5516,-0.004139,21.4024,19.0132,-5.0083,0.122,425159106.0,764,0.025985,3.23,-6.47,-4.53,0,0,-8.0844
100,유한양행,2024-08-23,97800,106600,KOSPI,83727,8.998,10.1974,0.7037,21,0.567,3.0941,0.040506,98.1892,11.9536,-0.3305,0.1537,795057000000.0,21,0.067944,47.28,4.69,40.24,1,1,2.1275
3300,한일홀딩스,2024-08-23,13940,14390,KOSPI,4733,3.2281,3.0409,1.0,49,0.5778,0.9772,0.02096,35.8829,7.399,-0.3305,0.0651,287949374.0,811,0.023379,0.69,-5.07,-5.07,0,1,2.1275
69620,대웅제약,2024-08-23,145900,146200,KOSPI,18793,0.2056,1.0714,0.4412,2,0.5093,1.5699,0.020693,46.3463,14.4601,-0.3305,0.1254,19377043520.0,510,0.065126,2.6,-11.01,-4.17,0,1,2.1275
298380,에이비엘바이오,2024-08-23,31350,31500,KOSDAQ,109351,0.4785,1.0208,0.8113,17,0.369,0.7892,0.052903,102.8332,14.9145,-3.014,0.0595,36351227610.0,636,0.06678,9.84,-12.54,-3.33,0,0,-8.128
29780,삼성카드,2024-08-23,43300,44850,KOSPI,63722,3.5797,4.5776,0.9661,50,0.5804,0.8831,0.028059,53.5959,15.6262,-0.3305,0.096,3510852020.0,50,0.031534,1.23,-10.14,-10.14,0,1,2.1275
310210,보로노이,2024-08-26,81700,83500,KOSDAQ,39270,2.2032,2.8949,0.918,16,0.7167,0.82,0.076275,184.9829,7.8431,-3.858,0.1612,28141814140.0,16,0.077074,16.77,-9.58,16.77,1,0,-8.8934
71050,한국금융지주,2024-08-26,75200,75600,KOSPI,111452,0.5319,1.0389,0.55,27,0.2794,0.82,0.030875,54.918,6.533,-1.2405,0.0575,9375635100.0,820,0.032124,0.0,-9.66,0.0,0,1,1.92
237690,에스티팜,2024-08-26,109600,114500,KOSDAQ,31860,4.4708,4.3694,0.4804,55,0.5146,2.3871,0.028584,89.5695,25.7962,-3.858,0.2259,145610000000.0,654,0.05446,2.18,-15.46,-9.17,0,0,-8.8934
397030,에이프릴바이오,2024-08-26,21500,24450,KOSDAQ,14286,13.7209,5.713,0.7349,31,0.5409,0.9558,0.056079,145.7533,35.3096,-3.858,0.2757,51462023342.0,31,0.058545,-1.23,-19.22,-5.93,0,0,-8.8934
123330,제닉,2024-08-26,4390,4510,KOSDAQ,1693,2.7335,20.1282,0.7804,244,0.7022,2.7522,-0.000536,47.3856,36.8964,-3.858,0.2921,1432298172.0,799,0.059867,313.53,15.3,313.53,1,0,-8.8934
55550,신한지주,2024-08-26,60700,61400,KOSPI,399562,1.1532,1.5533,0.3725,19,0.5846,0.8387,0.050879,80.0587,7.1026,-1.2405,0.0765,90394451520.0,19,0.035365,-2.77,-13.52,-7.17,0,1,1.92
17940,E1,2024-08-26,77500,78600,KOSPI,5913,1.4194,2.0753,0.8824,43,0.4803,0.8765,0.021324,39.6092,7.3134,-1.2405,0.0705,1179134080.0,43,0.024991,0.13,-8.14,-2.42,0,1,1.92
25540,한국단자,2024-08-27,77700,78200,KOSPI,7252,0.6435,1.0761,0.7333,158,0.2975,3.449,0.008799,56.8706,34.8528,-2.7582,0.1692,8612456440.0,781,0.054348,-3.2,-15.6,-9.21,0,1,1.5276
307180,아이엘,2024-08-27,3665,3925,KOSDAQ,1284,7.0941,102.4095,1.0,235,0.7404,11.2164,-0.000931,53.6204,34.4386,-5.3268,0.305,4468611001.0,699,0.053594,-12.23,-20.25,-16.18,0,0,-9.1028
89860,롯데렌탈,2024-08-27,31900,32100,KOSPI,10984,0.627,0.8319,0.6667,35,0.3805,0.5795,0.013407,25.1462,7.8319,-2.7582,0.0642,1832321500.0,743,0.021807,-0.16,-6.23,-5.14,0,1,1.5276
64850,에프앤가이드,2024-08-28,9100,9340,KOSDAQ,1419,2.6374,1.9165,0.8696,228,0.5417,0.6262,0.022791,64.7266,29.6691,-5.1357,0.1343,300485924.0,843,0.027531,311.67,3.43,62.74,1,0,-9.3525
105,유한양행우,2024-08-28,121200,148000,KOSPI,1095,22.1122,2.4873,0.7246,1,0.7457,4.848,0.042954,169.5811,95.2302,-1.7661,0.7076,52068577420.0,1,0.079633,27.3,-6.62,-3.58,1,1,1.5135
305090,마이크로디지탈,2024-08-28,13150,13720,KOSDAQ,1688,4.3346,2.8723,0.7955,12,0.426,1.2269,0.063056,179.1455,27.3085,-5.1357,0.1662,6286900356.0,729,0.070231,15.96,-5.25,11.59,1,0,-9.3525
21240,코웨이,2024-08-28,66300,68000,KOSPI,58822,2.5641,1.7783,0.6744,44,0.4557,0.7619,0.032148,66.6667,13.6082,-1.7661,0.1163,10452890540.0,762,0.037395,2.79,-5.88,-1.91,0,1,1.5135
207940,삼성바이오로직스,2024-08-28,1433479,1458498,KOSPI,792964,1.7453,1.4769,0.5667,13,0.454,1.0533,0.029131,45.7353,7.5292,-1.7661,0.0508,121898000000.0,746,0.029191,9.69,-5.65,-1.41,0,1,1.5135
192400,쿠쿠홀딩스,2024-08-29,23100,23900,KOSPI,9602,3.4632,3.523,0.9394,31,0.5322,1.0681,0.025675,54.7927,12.0575,-3.9127,0.0942,558855260.0,825,0.020173,4.39,-4.6,-3.77,0,1,0.4324
5387,현대차2우B,2024-08-29,188800,189300,KOSPI,89857,0.2648,5.812,0.5254,44,0.5431,1.2529,0.045622,89.1109,17.5382,-3.9127,0.1346,41575142340.0,44,0.028828,-1.48,-12.2,-8.03,0,1,0.4324
5389,현대차3우B,2024-08-29,182100,183000,KOSPI,5760,0.4942,6.272,0.9255,44,0.5076,1.1666,0.044992,83.9196,16.4589,-3.9127,0.1223,6644436340.0,44,0.02178,-0.82,-10.93,-8.31,0,1,0.4324
94800,맵스리얼티,2024-08-29,4480,4490,KOSPI,5357,0.2232,0.7524,0.4444,2,0.4286,0.9242,0.009893,15.5727,5.2671,-3.9127,0.0305,217932214.0,795,0.013363,2.56,-0.67,2.56,0,1,0.4324
63160,종근당바이오,2024-08-30,32300,34950,KOSPI,1136,8.2043,7.6008,0.85,4,0.417,2.3174,0.03434,79.2308,34.8659,-3.7215,0.2226,3009769030.0,901,0.057633,-1.72,-19.03,-16.6,0,1,0.8382
195940,HK이노엔,2024-08-30,46500,48000,KOSDAQ,15383,3.2258,5.5017,0.8056,163,0.6632,2.0768,-0.002778,38.9291,25.3391,-5.6384,0.1631,40364069700.0,750,0.041815,5.21,-7.92,5.21,0,0,-8.6784
3350,한국화장품제조,2024-09-02,72900,83400,KOSPI,2237,14.4033,4.9988,0.8344,6,0.5842,1.0995,0.128031,285.2194,37.2173,0.1797,0.2704,24676899340.0,6,0.081877,1.2,-13.79,-2.52,0,1,1.0421
196170,알테오젠,2024-09-02,320500,322000,KOSDAQ,210010,0.468,0.5786,1.0,23,0.2905,0.7756,0.154837,659.434,10.4511,-1.2986,0.0721,240120000000.0,23,0.048802,12.73,-6.52,11.65,1,0,-8.4757
815,삼성화재우,2024-09-03,284500,290000,KOSPI,11282,1.9332,4.1768,0.9615,41,0.7922,1.1951,0.037237,61.1111,4.5887,9.1368,0.0797,4426070400.0,41,0.026478,-1.38,-7.24,-6.72,0,1,0.3769
17670,SK텔레콤,2024-09-03,56100,56500,KOSPI,149064,0.713,0.9524,1.0,7,0.383,0.8297,0.010674,19.8303,-0.2736,9.1368,0.0263,24454606180.0,663,0.013274,3.36,-3.19,-3.19,0,1,0.3769
78140,대봉엘에스,2024-09-09,18950,22350,KOSDAQ,1309,17.942,3.7479,1.0,33,0.77,1.9273,0.057076,175.9259,62.8306,-6.5369,0.5254,142279000000.0,33,0.082774,6.26,-10.07,-3.36,0,0,-14.8178
7340,DN오토모티브,2024-09-09,18767,18867,KOSPI,14130,0.5329,1.2617,0.9475,20,0.765,0.7336,0.01854,39.5591,2.5611,-2.0283,0.0447,1759524295.0,285,0.028235,8.5,-4.56,-0.14,0,0,-4.5476
12210,삼미금속,2024-09-10,3300,3420,KOSDAQ,3648,3.6364,0.01,0.5,8,0.854,0.9499,0.117067,288.6364,65.8499,-8.6086,0.2198,1121019.0,8,0.130221,-1.02,-42.66,-42.66,0,0,-15.756
214450,파마리서치,2024-09-10,188100,188300,KOSDAQ,43688,0.1063,2.3231,0.4176,17,1.0,1.5969,0.050969,111.3356,16.4551,-8.6086,0.0553,106987000000.0,17,0.055231,19.49,-2.55,18.96,1,0,-15.756
161890,한국콜마,2024-09-10,73000,76200,KOSPI,15886,4.3836,3.3189,0.587,52,0.6836,0.9913,0.02911,75.1724,18.5555,-3.6233,0.1303,42507454340.0,52,0.046213,-0.26,-9.32,-8.01,0,0,-5.0277
241710,코스메카코리아,2024-09-10,88800,90200,KOSDAQ,10605,1.5766,1.0429,0.541,33,0.6741,0.9645,0.091798,268.1633,30.8308,-8.6086,0.1154,18802332620.0,33,0.068815,6.32,-15.74,-15.74,0,0,-15.756
520,삼일제약,2024-09-11,11790,11940,KOSPI,2280,1.2723,8.5523,0.5393,111,1.0,1.7655,0.053671,104.4521,21.8762,-4.1247,0.1161,12264329156.0,111,0.059105,48.24,2.18,45.39,1,0,-5.4102
84110,휴온스글로벌,2024-09-11,26500,26750,KOSDAQ,6419,0.9434,3.6178,0.4878,17,1.0,1.1807,0.017763,34.5573,18.7067,-7.2484,0.0662,1455731710.0,822,0.045661,42.06,0.93,42.06,1,0,-15.3195
1530,DI동일,2024-09-12,29531,29576,KOSPI,3812,0.1524,1.3959,0.8813,139,0.56,1.1558,0.006574,47.6511,9.1305,-2.7381,0.0566,2867853877.0,755,0.025421,23.27,0.62,20.19,1,0,-3.2116
10130,고려아연,2024-09-13,557000,666000,KOSPI,345656,19.5691,16.8366,0.3143,243,1.0,2.6058,0.013161,52.7523,32.8402,-4.5165,0.2224,99985082800.0,502,0.039468,31.68,3.3,31.68,1,0,-3.0983
5940,NH투자증권,2024-09-13,14170,14180,KOSPI,89442,0.0706,1.7495,0.8525,30,1.0,0.9434,0.031493,46.4876,9.3981,-4.5165,0.0288,9112549472.0,30,0.025388,0.14,-6.77,-2.47,0,0,-3.0983
1250,GS글로벌,2024-09-13,4170,4190,KOSPI,1861,0.4796,7.8249,0.8304,55,0.9356,1.1436,0.047946,88.7387,23.5506,-4.5165,0.1309,65473758267.0,584,0.063416,2.86,-18.26,-17.3,0,0,-3.0983
33780,KT&G,2024-09-13,111400,111500,KOSPI,182274,0.0898,0.7895,0.75,5,0.3882,1.1017,0.021009,33.5329,17.0291,-4.5165,0.033,45788577980.0,5,0.030557,4.84,-8.34,-4.39,0,0,-3.0983
70,삼양홀딩스,2024-09-19,49847,50648,KOSPI,4611,1.6069,2.2863,1.0,133,0.8036,0.9033,0.005533,19.1521,8.0437,-3.4984,0.0433,418713713.0,838,0.020045,14.49,-5.27,-5.27,1,0,-2.9075
18120,진로발효,2024-09-19,17400,17550,KOSDAQ,1143,0.8621,0.73,0.8333,7,0.4815,0.6037,0.008662,23.0715,7.5741,-4.8825,0.0158,37788154.0,814,0.013757,2.11,-4.16,1.31,0,0,-11.5992
53030,바이넥스,2024-09-19,23800,27000,KOSDAQ,5092,13.4454,5.3158,0.9574,15,0.9327,1.0279,0.11041,270.8791,24.0878,-4.8825,0.2169,128313000000.0,886,0.071164,-2.22,-16.85,-16.85,0,0,-11.5992
36560,KZ정밀,2024-09-19,14950,15830,KOSDAQ,2129,5.8863,1.3893,0.5,243,1.0,1.211,-0.02088,76.2806,75.8328,-4.8825,0.6135,1109252732.0,443,0.039347,119.2,29.5,29.5,1,0,-11.5992
214150,클래시스,2024-09-19,55300,56400,KOSDAQ,47492,1.9892,2.1061,0.7778,62,0.4921,1.356,0.039737,98.5915,19.9845,-4.8825,0.0748,13960601160.0,62,0.04439,9.75,-5.14,-0.53,0,0,-11.5992
66575,LG전자우,2024-09-19,50200,50900,KOSPI,8404,1.3944,4.231,1.0,38,0.4662,1.1919,0.002359,23.0955,14.5126,-3.4984,0.0712,2098745820.0,901,0.024768,0.2,-5.7,-2.75,0,0,-2.9075
670,영풍,2024-09-20,51733,53711,KOSPI,10539,3.8235,80.2948,0.3189,246,0.9917,10.8424,-0.036731,97.2349,81.398,-3.8292,0.7014,27493625225.0,453,0.055769,-24.56,-40.97,-33.51,0,0,-2.4523
91810,티웨이항공,2024-09-20,3053,3139,KOSPI,4526,2.8169,9.3573,0.988,163,0.6995,2.2158,0.021072,65.2105,31.795,-3.8292,0.1675,11433729599.0,806,0.045829,14.4,-13.83,-12.01,1,0,-2.4523
82270,젬백스,2024-09-20,14920,15180,KOSDAQ,16389,1.7426,41.4229,0.5703,203,0.9315,6.6875,-0.031328,53.3333,54.5234,-4.9667,0.4355,31686842958.0,913,0.061124,51.19,5.34,21.08,1,0,-10.5092
12630,HDC,2024-09-20,11180,11370,KOSPI,11578,1.6995,1.3059,0.9508,10,0.6636,0.7137,0.055198,87.9339,12.0119,-3.8292,0.0382,1490069336.0,828,0.034238,0.53,-5.28,-4.75,0,0,-2.4523
220100,퓨쳐켐,2024-09-20,24650,26200,KOSDAQ,5405,6.288,2.3667,0.9275,41,0.7741,0.661,0.111061,235.8974,31.5368,-4.9667,0.1665,20742295940.0,41,0.066658,17.94,-7.82,4.01,1,0,-10.5092
141080,리가켐바이오,2024-09-20,98000,104900,KOSDAQ,70292,7.0408,1.9654,0.9895,16,0.8516,0.8467,0.078077,214.0719,18.1275,-4.9667,0.1459,74396203300.0,16,0.051137,24.59,-6.77,21.93,1,0,-10.5092
3570,SNT다이내믹스,2024-09-20,25450,25750,KOSPI,16493,1.1788,8.6126,0.9405,25,0.9794,1.3223,0.041347,135.8059,18.2737,-3.8292,0.2262,9372880230.0,25,0.045659,7.57,-8.74,3.69,0,0,-2.4523
64350,현대로템,2024-09-20,54600,56100,KOSPI,230836,2.7473,1.1493,0.7222,23,0.9479,0.5774,0.078158,141.2903,11.095,-3.8292,0.0727,96630761480.0,23,0.044882,19.61,-4.46,13.73,1,0,-2.4523
3090,대웅,2024-09-20,26100,26150,KOSPI,13605,0.1916,0.4085,0.7895,153,0.7647,0.3357,0.045447,84.4147,11.8871,-3.8292,0.0581,2090752230.0,914,0.043431,4.78,-14.72,-2.87,0,0,-2.4523
234690,녹십자웰빙,2024-09-20,12000,12830,KOSDAQ,1663,6.9167,52.9722,0.6688,137,0.9246,6.3111,0.035655,111.7162,44.1207,-4.9667,0.3598,39724168176.0,915,0.063189,-2.18,-12.24,-9.74,0,0,-10.5092
3610,방림,2024-09-23,3090,3195,KOSPI,2167,3.3981,0.6886,0.9667,1,0.84,0.5876,0.040823,64.1829,12.7139,-3.6696,0.0931,329505046.0,447,0.039347,11.42,-2.66,-0.16,1,0,-2.1469
35890,서희건설,2024-09-23,1520,1521,KOSDAQ,3730,0.0658,1.7648,0.8537,2,0.4098,1.7452,0.006588,24.4681,7.4946,-3.1736,0.0362,1019242367.0,767,0.023575,4.73,-7.3,-7.3,0,0,-9.6674
226400,오스테오닉,2024-09-23,5910,6030,KOSDAQ,1254,2.0305,12.249,0.8442,172,0.881,1.952,0.017492,53.0457,12.0184,-3.1736,0.1443,3585330436.0,306,0.048685,5.31,-5.8,-2.99,0,0,-9.6674
377450,리파인,2024-09-23,13420,13850,KOSDAQ,2087,3.2042,5.4601,0.8661,62,0.5122,1.5099,0.043221,98.7088,27.3889,-3.1736,0.1147,1411395160.0,695,0.042754,9.6,-5.78,-1.23,0,0,-9.6674
1270,부국증권,2024-09-23,28400,28550,KOSPI,7414,0.5282,0.3306,0.9,1,0.7568,1.1139,0.024308,36.2768,7.1116,-3.6696,0.0383,147554560.0,1,0.021766,2.98,-3.68,-3.68,0,0,-2.1469
88130,동아엘텍,2024-09-23,5310,5355,KOSDAQ,1084,0.8475,64.8258,1.0,92,0.9144,8.116,0.021687,108.3658,47.9033,-3.1736,0.4447,5420422780.0,781,0.058357,-7.84,-18.02,-16.34,0,0,-9.6674
314930,바이오다인,2024-09-24,16900,17200,KOSDAQ,4006,1.7751,8.3057,0.7985,47,0.7785,1.1338,0.035806,107.4789,16.6162,-0.7912,0.1715,12123336652.0,47,0.049169,32.56,-6.4,9.3,1,0,-8.1774
112610,씨에스윈드,2024-09-24,70500,72300,KOSPI,16510,2.5532,1.3318,0.7273,178,0.5622,0.9495,0.026254,61.3839,15.2482,-2.8065,0.1386,41248873660.0,891,0.045446,-0.83,-21.99,-21.99,0,0,-1.0516
49430,코메론,2024-09-24,10180,10300,KOSDAQ,1317,1.1788,3.0567,0.8214,47,0.7887,0.8938,0.007688,25.1519,5.3598,-0.7912,0.0827,442094384.0,802,0.033495,8.74,-0.87,3.2,0,0,-8.1774
66620,국보디자인,2024-09-25,17080,17140,KOSDAQ,1616,0.3513,0.9376,0.3939,22,0.4676,0.753,0.019376,35.387,4.1337,-1.8053,0.0282,95347498.0,718,0.021087,0.93,-5.54,-5.31,0,0,-9.1063
323280,태성,2024-09-25,20503,21126,KOSDAQ,22323,3.0386,2.7476,0.7531,16,0.8361,0.6629,0.25603,818.9213,27.5928,-1.8053,0.1954,31812753998.0,16,0.09018,100.9,4.31,29.48,1,0,-9.1063
180640,한진칼,2024-09-25,83000,87900,KOSPI,73505,5.9036,5.4396,0.9266,172,0.709,1.7273,0.032826,118.929,35.0942,-3.9002,0.2336,9545388560.0,172,0.049244,5.92,-12.51,0.91,0,0,-2.3951
3650,미창석유,2024-09-25,91300,91400,KOSPI,2093,0.1095,1.3823,1.0,19,0.8776,0.6844,0.018008,30.0142,5.0063,-3.9002,0.0216,84882080.0,19,0.016568,9.63,0.11,7.44,0,0,-2.3951
310210,보로노이,2024-09-26,96800,97500,KOSDAQ,39270,0.7231,0.8184,0.9457,3,0.4228,0.7708,0.098038,232.7645,15.1506,1.6158,0.1513,29725270900.0,3,0.067179,20.1,-3.59,5.64,1,0,-6.6972
18310,삼목에스폼,2024-09-26,24900,25600,KOSDAQ,2836,2.8112,1.3887,0.875,135,0.4694,1.2466,0.02337,73.3243,16.3565,1.6158,0.2138,1215857360.0,600,0.045871,11.91,-15.43,-14.65,1,0,-6.6972
14710,사조씨푸드,2024-09-26,8190,8250,KOSPI,1412,0.7326,0.4696,1.0,53,0.6552,1.0756,0.067044,148.8688,26.9342,-0.98,0.237,9887221778.0,53,0.065628,-1.94,-18.67,-14.91,0,1,0.4081
123330,제닉,2024-09-26,16500,18650,KOSDAQ,1693,13.0303,2.052,0.7619,1,0.2784,2.0297,0.241133,509.4771,311.9097,1.6158,0.5481,10011126456.0,1,0.169935,28.95,-10.72,15.82,1,0,-6.6972
1800,오리온홀딩스,2024-09-27,16220,16240,KOSPI,12968,0.1233,3.0723,0.6383,222,0.6043,1.2101,-0.001669,21.8305,4.6443,-1.4677,0.0428,1462773870.0,833,0.018605,2.71,-4.43,2.71,0,0,-0.438
65710,서호전기,2024-09-30,20700,21000,KOSDAQ,2626,1.4493,1.9596,0.0,94,0.7031,2.0614,0.003936,13.6979,8.3461,0.181,0.0659,570516208.0,798,0.016599,3.33,-0.24,3.1,0,0,-8.465
337930,젝시믹스,2024-09-30,11430,12440,KOSDAQ,1620,8.8364,7.0883,0.8472,32,0.6913,1.3559,0.096291,201.2107,9.713,0.181,0.2172,32067389256.0,748,0.067467,0.8,-34.32,-32.88,0,0,-8.465
94800,맵스리얼티,2024-10-02,4590,4605,KOSPI,5357,0.3268,1.9446,0.8095,5,0.4773,1.3502,0.011909,18.5328,6.3396,-3.7783,0.0191,233343667.0,815,0.014658,-0.43,-2.06,-1.63,0,0,-3.7742
166480,코아스템켐온,2024-10-04,11833,11962,KOSDAQ,1576,1.0902,7.438,0.781,74,0.6404,2.5511,0.060804,161.5216,23.9667,0.172,0.1892,5458878274.0,921,0.064132,8.79,-7.08,-4.51,0,0,-7.7976
3830,대한화섬,2024-10-04,123100,123300,KOSPI,1501,0.1625,1.2217,0.6667,162,0.2088,2.3905,0.006238,29.1099,26.7201,-3.9113,0.1408,200329380.0,800,0.020507,-0.57,-4.95,-4.3,0,0,-3.4864
24060,흥구석유,2024-10-04,20300,21800,KOSDAQ,2067,7.3892,5.1134,0.604,32,0.6714,1.6516,0.06168,251.6129,41.5706,0.172,0.3454,170859000000.0,32,0.062156,-0.92,-26.15,-21.33,0,0,-7.7976
225190,LK삼양,2024-10-04,1959,1982,KOSDAQ,1012,1.1741,6.7304,0.5765,26,0.5389,2.0619,-0.002222,47.69,22.0983,0.172,0.1701,29284978569.0,600,0.094133,40.92,-0.45,2.27,1,0,-7.7976
12450,한화에어로스페이스,2024-10-04,328517,332338,KOSPI,637324,1.1631,2.2586,0.8491,43,1.0,0.8125,0.084212,247.0784,16.4115,-3.9113,0.1137,246023000000.0,43,0.65312,16.44,3.85,8.74,1,0,-3.4864
58630,엠게임,2024-10-04,6760,6970,KOSDAQ,1083,3.1065,4.4833,0.814,250,0.5348,2.1289,-0.00918,39.5395,15.8014,0.172,0.1838,2590932820.0,706,0.037405,4.3,-9.61,-9.47,0,0,-7.7976
175330,JB금융지주,2024-10-04,15860,15900,KOSPI,48231,0.2522,1.1501,0.9828,59,0.586,1.5758,0.03344,64.4261,16.1994,-3.9113,0.0596,8089585374.0,59,0.044834,15.03,-2.2,11.7,1,0,-3.4864
140860,파크시스템스,2024-10-04,198400,199900,KOSDAQ,19240,0.756,1.2278,0.8,60,0.3168,1.2466,0.012118,42.7857,5.094,0.172,0.0874,6541370800.0,286,0.039341,8.55,-8.95,8.55,0,0,-7.7976
288330,파라택시스코리아,2024-10-07,4518,4840,KOSDAQ,1069,7.127,3.2025,0.3497,116,0.7364,0.8092,0.07598,229.925,28.9242,1.534,0.2029,10007021009.0,893,0.077184,20.87,-14.98,-13.22,1,0,-6.3371
79550,LIG넥스원,2024-10-07,239500,245000,KOSPI,99880,2.2965,2.6375,0.8696,53,0.5044,1.0835,0.068893,193.765,30.1055,-2.6341,0.1937,70444639000.0,53,0.043673,8.16,-2.24,-0.41,0,0,-1.9807
388720,유일로보틱스,2024-10-07,37850,38500,KOSDAQ,15124,1.7173,2.899,0.8636,87,0.4715,1.6581,0.040718,103.1662,40.2707,1.534,0.186,6860314620.0,87,0.058905,0.78,-23.64,-20.78,0,0,-6.3371
51600,한전KPS,2024-10-07,43200,43400,KOSPI,24435,0.463,0.7665,0.6667,28,0.6933,0.7222,0.019892,34.5736,8.3588,-2.6341,0.0383,6475482700.0,819,0.02839,4.49,-1.5,1.84,0,0,-1.9807
196170,알테오젠,2024-10-08,363000,369000,KOSDAQ,210010,1.6529,0.499,0.8947,10,0.5901,0.4131,0.143995,573.3577,11.0139,2.3502,0.1125,110095000000.0,10,0.045296,7.72,-3.39,6.1,0,0,-6.6401
192080,더블유게임즈,2024-10-08,50300,50500,KOSPI,10820,0.3976,1.2435,0.8286,26,0.6353,0.9063,0.022859,54.095,3.4355,-2.6371,0.0289,3219943120.0,728,0.023762,5.35,-1.49,4.36,0,0,-2.5962
67080,대화제약,2024-10-08,14900,17290,KOSDAQ,2914,16.0403,19.3159,1.0,250,0.7031,5.9343,0.017999,101.7503,69.3479,2.3502,0.5248,93637047580.0,923,0.067958,26.08,-11.8,-11.8,1,0,-6.6401
226950,올릭스,2024-10-08,20000,21600,KOSDAQ,26408,8.0,4.3648,0.9041,9,0.8357,1.1597,0.029454,146.8571,32.6498,2.3502,0.2053,10732926080.0,798,0.081085,44.44,-8.33,-8.33,1,0,-6.6401
298380,에이비엘바이오,2024-10-10,34600,35100,KOSDAQ,109351,1.4451,1.3114,0.7778,23,0.5326,0.5993,0.045627,126.0142,15.8989,5.9761,0.1353,48084613220.0,23,0.044465,17.81,1.71,1.71,1,0,-6.9379
51980,중앙첨단소재,2024-10-10,14450,14840,KOSDAQ,2755,2.699,5.5148,0.8798,77,0.9613,1.5526,0.136491,992.7835,32.7155,5.9761,0.367,65840390462.0,77,0.056459,2.16,-28.98,-28.98,0,0,-6.9379
1720,신영증권,2024-10-10,84600,84700,KOSPI,28474,0.1182,1.0164,0.8372,29,0.9241,0.4216,0.03136,52.6126,1.9553,0.7114,0.056,341817960.0,29,0.029938,-1.18,-5.31,-4.72,0,0,-2.4295
69620,대웅제약,2024-10-10,150000,150400,KOSPI,18793,0.2667,1.2505,0.8889,23,0.6867,0.5849,0.026697,50.5506,6.2587,0.7114,0.0799,6314443800.0,538,0.041223,7.11,-0.66,1.06,0,0,-2.4295
14820,동원시스템즈,2024-10-10,50700,53600,KOSPI,7828,5.7199,5.4861,0.8857,133,0.6507,2.3135,0.027092,93.1532,27.8258,0.7114,0.2421,8582551770.0,749,0.040045,-2.8,-13.34,-11.19,0,0,-2.4295
9450,경동나비엔,2024-10-10,73600,76900,KOSPI,8217,4.4837,1.8373,0.92,30,0.5155,0.6432,0.042009,86.1985,17.5963,0.7114,0.1046,4343488460.0,776,0.046071,20.03,3.77,13.78,1,0,-2.4295
320,노루홀딩스,2024-10-10,13700,13870,KOSPI,2711,1.2409,1.0277,0.925,43,0.5971,1.1438,0.009586,30.6026,7.0586,0.7114,0.0497,180453904.0,841,0.016737,0.07,-6.99,-5.26,0,0,-2.4295
100,유한양행,2024-10-10,157000,158700,KOSPI,83727,1.0828,2.108,0.9593,9,0.4833,1.053,0.104158,195.0527,12.9705,0.7114,0.1442,570247000000.0,9,0.060762,3.15,-17.27,-17.27,0,0,-2.4295
71050,한국금융지주,2024-10-11,75600,76700,KOSPI,111452,1.455,1.344,1.0,28,0.6044,1.0796,0.020144,57.1721,6.2916,0.8313,0.0513,12066975020.0,848,0.033991,3.26,-0.13,0.65,0,0,-2.5253
16450,한세예스24홀딩스,2024-10-11,5140,5850,KOSPI,1618,13.8132,86.8858,1.0,194,0.9023,8.8746,-0.007782,39.2857,26.898,0.8313,0.2788,6992089583.0,788,0.029365,29.91,-19.06,-19.06,1,0,-2.5253
105560,KB금융,2024-10-11,90800,91300,KOSPI,508870,0.5507,0.753,0.8571,47,0.7616,1.3829,0.043238,85.1927,7.0883,0.8313,0.0966,155407000000.0,47,0.037396,10.62,-1.1,2.08,1,0,-2.5253
326030,SK바이오팜,2024-10-11,115000,117800,KOSPI,87633,2.4348,2.262,0.9798,25,0.785,0.9243,0.02082,57.4866,12.4379,0.8313,0.1051,46892620560.0,926,0.041535,6.88,-4.92,-4.92,0,0,-2.5253
176750,듀켐바이오,2024-10-11,15000,15400,KOSDAQ,2962,2.6667,2.4268,1.0,51,0.9043,0.9366,0.092733,190.566,9.9254,6.301,0.1587,381375790.0,51,0.029314,26.36,2.6,22.4,1,0,-7.4398
358570,지아이이노베이션,2024-10-14,12006,12913,KOSDAQ,9274,7.5546,4.1403,0.7995,128,0.914,1.1547,0.025557,84.6825,12.1583,9.0109,0.2033,19758652812.0,281,0.049358,-1.73,-15.02,-13.15,0,0,-7.4935
9420,한올바이오파마,2024-10-14,44300,46650,KOSPI,25937,5.3047,4.7409,0.8125,191,0.7305,1.8799,0.009192,61.4187,23.3174,3.1054,0.2085,87393559580.0,191,0.046011,6.75,-9.97,-0.86,0,0,-1.5559
27970,한국제지,2024-10-14,1223,1350,KOSPI,1462,10.3843,414.8874,1.0,250,1.0,42.5184,-0.007304,33.2675,22.945,3.1054,0.261,6726174466.0,844,0.029365,-13.93,-30.81,-30.81,0,0,-1.5559
347700,스피어,2024-10-14,3814,3975,KOSDAQ,12281,4.2213,4.6156,0.7761,250,0.9939,1.0541,0.009037,144.3147,21.1037,9.0109,0.3806,3657831404.0,875,0.069991,10.06,-17.61,10.06,1,0,-7.4935
15360,INVENI,2024-10-15,47000,47050,KOSPI,4389,0.1064,1.5611,0.5714,76,0.4889,0.9148,0.026686,43.8838,-0.5524,3.8455,0.0262,268445510.0,76,0.020267,11.58,0.32,6.06,1,0,-1.1912
397030,에이프릴바이오,2024-10-15,24450,25000,KOSDAQ,14286,2.2495,1.6546,0.561,30,0.5512,0.7682,0.072583,142.0136,16.3813,8.307,0.0999,23767153000.0,30,0.052143,-1.4,-19.4,-19.4,0,0,-7.0298
251120,바이오에프디엔씨,2024-10-15,17300,17740,KOSDAQ,1327,2.5434,8.0442,0.5682,52,0.6931,2.4911,0.007152,53.3276,18.3169,8.307,0.1815,2149060524.0,571,0.038573,-1.63,-17.64,-17.64,0,0,-7.0298
68930,디지털대성,2024-10-15,7390,7410,KOSDAQ,2256,0.2706,2.6361,1.0,70,0.2838,1.4889,0.014063,33.2734,1.6337,8.307,0.051,153841212.0,730,0.017833,3.91,-0.67,3.64,0,0,-7.0298
5090,SGC에너지,2024-10-16,29700,30100,KOSPI,3040,1.3468,4.0778,1.0,209,0.7581,1.0004,-0.001312,38.7097,7.6252,3.4449,0.0692,1135560190.0,644,0.028121,-1.5,-15.78,-15.78,0,0,-2.0661
87010,펩트론,2024-10-16,79274,97500,KOSDAQ,66571,22.9911,4.7496,0.9895,54,0.714,2.087,0.068756,354.2067,105.6218,8.4381,0.6654,274400000000.0,54,0.070773,22.67,-14.97,14.97,1,0,-7.9533
30200,KT,2024-10-16,42200,42700,KOSPI,139368,1.1848,1.9673,1.0,159,0.8358,0.9681,0.018989,31.9938,0.448,3.4449,0.041,26126401460.0,159,0.025928,3.98,-3.75,-0.23,0,0,-2.0661
334970,프레스티지바이오로직스,2024-10-16,7140,7480,KOSDAQ,2224,4.7619,5.4449,0.9474,37,0.9208,1.3396,0.030089,87.4687,26.5799,8.4381,0.2141,8023297598.0,857,0.062261,1.07,-25.0,-25.0,0,0,-7.9533
3800,에이스침대,2024-10-16,27900,28000,KOSDAQ,3710,0.3584,0.7066,0.8333,100,0.4103,1.0378,0.004628,14.5194,-2.578,8.4381,0.0243,91203700.0,775,0.01773,-0.18,-9.29,-9.29,0,0,-7.9533
6800,미래에셋증권,2024-10-16,9020,9050,KOSPI,228252,0.3326,0.7844,0.7778,159,0.5435,0.8875,0.018358,50.3322,2.9006,3.4449,0.0431,7489687250.0,844,0.026756,1.99,-10.39,-10.39,0,0,-2.0661
30610,교보증권,2024-10-16,5640,5650,KOSPI,12775,0.1773,1.0552,1.0,159,0.6667,1.5408,0.008223,19.0727,3.3604,3.4449,0.0418,500401280.0,843,0.026169,1.24,-9.56,-9.56,0,0,-2.0661
138610,나이벡,2024-10-16,25150,25250,KOSDAQ,3796,0.3976,27.6848,0.8356,189,0.8117,5.7227,-0.003395,70.0337,53.6286,8.4381,0.4003,62171268682.0,807,0.055615,-3.76,-39.17,-39.17,0,0,-7.9533
145020,휴젤,2024-10-17,286500,293000,KOSDAQ,32790,2.2688,1.8991,0.619,37,0.75,1.6219,0.052514,117.5204,10.5408,7.843,0.1336,64664194100.0,37,0.058264,9.56,-9.9,-6.48,0,0,-7.9935
5945,NH투자증권우,2024-10-17,12020,12030,KOSPI,4133,0.0832,0.7309,0.6667,32,0.4242,0.6472,0.018328,26.8987,-1.4338,3.8168,0.0094,475966384.0,693,0.006947,0.25,-2.49,-2.49,0,0,-2.1137
71280,로체시스템즈,2024-10-17,18400,18420,KOSDAQ,1527,0.1087,0.4441,0.9219,77,0.369,0.5391,0.107458,236.7459,8.3715,7.843,0.0599,472117020.0,77,0.04157,7.93,-22.96,-22.96,0,0,-7.9935
340570,티앤엘,2024-10-17,75600,76900,KOSDAQ,4405,1.7196,1.6584,0.7843,36,0.7926,0.7296,0.050804,104.2497,9.2042,7.843,0.0854,7342700100.0,36,0.038362,-2.34,-17.82,-17.82,0,0,-7.9935
84110,휴온스글로벌,2024-10-17,36300,38000,KOSDAQ,6419,4.6832,2.4059,0.7143,1,0.504,1.5084,0.042501,91.1469,34.213,7.843,0.1923,3360338970.0,842,0.061654,15.0,-14.74,-14.74,1,0,-7.9935
102460,이연제약,2024-10-18,16730,16780,KOSPI,2063,0.2989,5.8784,0.9236,192,0.8685,1.7329,-0.00623,37.4283,28.9309,0.8448,0.1744,1673387936.0,804,0.035118,-1.31,-15.14,-12.69,0,0,-2.699
6280,녹십자,2024-10-18,173000,173800,KOSPI,18360,0.4624,1.6066,0.744,33,0.6306,0.7686,0.031426,83.7209,13.1224,0.8448,0.1025,16135452700.0,916,0.039824,0.52,-20.25,-20.25,0,0,-2.699
214450,파마리서치,2024-10-18,225000,227000,KOSDAQ,43688,0.8889,0.2933,0.6471,3,0.5243,0.4916,0.077072,154.7699,20.6703,3.0354,0.1038,26595999600.0,3,0.041315,3.74,-7.49,-3.52,0,0,-9.3602
71055,한국금융지주우,2024-10-21,52400,52900,KOSPI,8295,0.9542,1.1671,0.75,34,0.4571,0.9871,0.014486,36.1647,2.988,1.1458,0.033,585757480.0,829,0.019849,2.65,-1.13,-1.13,0,0,-2.2809
187660,현대ADM,2024-10-21,1918,1929,KOSDAQ,1719,0.5735,2.4825,0.8534,139,0.6573,1.9997,0.040245,115.7718,23.0095,3.6484,0.1934,1735786887.0,830,0.046953,2.85,-13.43,-12.91,0,0,-8.4936
10130,고려아연,2024-10-21,824000,877000,KOSPI,345656,6.432,3.8537,0.9062,1,0.5689,1.6125,0.053456,101.1468,30.5358,1.1458,0.1523,248389000000.0,1,0.049519,75.94,-0.34,14.71,1,0,-2.2809
207940,삼성바이오로직스,2024-10-21,1599786,1605673,KOSPI,792964,0.368,1.151,0.6667,17,0.5695,0.7535,0.039984,56.3038,9.0562,1.1458,0.0545,108906000000.0,17,0.034241,-2.75,-16.04,-16.04,0,0,-2.2809
368770,파이버프로,2024-10-22,4915,5180,KOSDAQ,6012,5.3917,15.7072,0.8364,92,0.845,2.1441,0.022188,77.3973,35.938,-0.1582,0.2709,12292877698.0,592,0.058949,6.56,-18.24,-7.43,0,0,-11.0308
316140,우리금융지주,2024-10-22,16600,16620,KOSPI,219489,0.1205,0.6271,1.0,37,0.236,0.9032,0.021899,39.899,5.5812,-0.3914,0.0375,26485956688.0,37,0.021919,2.77,-7.16,-1.38,0,0,-3.5593
26960,동서,2024-10-22,20650,25300,KOSPI,25075,22.5182,33.6878,1.0,84,0.8287,4.5033,0.00617,48.4742,36.9267,-0.3914,0.2948,16841812708.0,907,0.036702,12.85,-18.38,3.16,1,0,-3.5593
900290,GRT,2024-10-22,4205,5430,KOSDAQ,2805,29.132,10.7922,1.0,36,0.8577,2.0094,0.032188,120.7317,35.9082,-0.1582,0.4583,2285791570.0,323,0.065969,-10.68,-34.71,-34.71,0,0,-11.0308
13890,지누스,2024-10-23,20013,21198,KOSPI,2675,5.9212,1.8271,0.917,20,0.52,0.9061,0.032096,95.5535,5.6802,0.241,0.1424,2884069153.0,788,0.057751,16.99,-5.98,-5.98,1,0,-2.4744
3690,코리안리,2024-10-23,7579,7621,KOSPI,22443,0.5542,2.7586,0.4765,36,0.8208,0.9154,0.012138,30.7204,7.3091,0.241,0.0583,2028356392.0,36,0.020601,6.68,1.34,4.97,0,0,-2.4744
950210,프레스티지바이오파마,2024-10-23,15760,16950,KOSPI,6502,7.5508,12.0838,0.8537,42,0.8047,2.0459,0.051162,120.4161,14.5964,0.241,0.1591,8159577964.0,909,0.055668,17.82,-7.2,-6.25,1,0,-2.4744
7390,네이처셀,2024-10-24,12700,13980,KOSDAQ,15787,10.0787,24.2747,0.899,57,1.0,4.689,0.025057,101.1511,45.3718,-2.7188,0.3967,50977535394.0,798,0.045729,94.56,7.58,87.77,1,0,-11.3635
141080,리가켐바이오,2024-10-24,130700,131000,KOSDAQ,70292,0.2295,0.6589,0.9639,3,0.4575,0.8934,0.098774,292.2156,27.7188,-2.7188,0.1324,88273200980.0,3,0.058833,6.87,-25.95,-25.95,0,0,-11.3635
37270,YG PLUS,2024-10-24,5200,5750,KOSPI,4380,10.5769,23.0136,0.5526,213,0.9641,6.84,-0.036411,138.5892,131.2672,-0.8063,0.8276,131069000000.0,721,0.067143,20.17,-30.87,-21.74,1,0,-3.1679
83650,비에이치아이,2024-10-24,11540,11600,KOSDAQ,21568,0.5199,12.7124,0.8427,91,0.4946,4.8996,0.014612,81.25,52.2033,-2.7188,0.3475,44610960222.0,91,0.059729,54.48,-4.83,45.69,1,0,-11.3635
3920,남양유업,2024-10-24,62200,63500,KOSPI,2835,2.09,3.6651,0.7297,197,0.646,1.0038,0.02062,43.1793,12.9971,-0.8063,0.0999,2171006200.0,813,0.018223,11.18,-2.99,-2.99,1,0,-3.1679
82800,비보존 제약,2024-10-25,4276,4656,KOSDAQ,2362,8.8868,11.5129,0.7045,54,0.7259,2.0504,0.03178,78.8705,40.9484,-5.2049,0.1905,3066547481.0,923,0.056425,39.8,5.11,24.48,1,0,-12.1597
7160,사조산업,2024-10-28,72300,72800,KOSPI,2920,0.6916,3.5119,0.8971,43,1.0,0.4491,0.046278,105.0704,16.4213,0.6205,0.1579,4382405660.0,832,0.042092,-2.47,-50.0,-48.7,0,0,-1.9764
12750,에스원,2024-10-28,63600,63900,KOSPI,30513,0.4717,0.6338,1.0,98,0.5465,1.1981,-0.001222,20.339,5.7023,0.6205,0.0692,2702291220.0,934,0.026492,2.82,-6.57,-2.97,0,0,-1.9764
49430,코메론,2024-10-29,11200,11390,KOSDAQ,1317,1.6964,2.9096,0.6548,19,0.8134,0.9749,0.018937,38.3961,9.2757,-4.4919,0.0424,520068318.0,824,0.030352,1.84,-12.29,-10.89,0,0,-9.9928
52330,코텍,2024-10-29,8070,8120,KOSDAQ,1661,0.6196,1.4186,0.8387,116,0.78,0.9569,0.018613,31.8182,8.5945,-4.4919,0.0278,330589480.0,839,0.019792,2.09,-9.48,-4.31,0,0,-9.9928
206650,유바이오로직스,2024-10-29,13910,15480,KOSDAQ,4588,11.2868,52.8779,0.8936,121,0.7857,6.2223,0.016113,79.5824,36.0127,-4.4919,0.2474,39571488924.0,754,0.050157,11.18,-17.7,-17.25,1,0,-9.9928
3490,대한항공,2024-10-29,24000,24150,KOSPI,83218,0.625,1.996,0.8889,203,0.4483,1.2802,-0.002367,24.8062,8.4003,-2.0127,0.0649,24978968040.0,830,0.021,4.55,-3.93,4.55,0,0,-1.7653
18670,SK가스,2024-10-29,190500,194300,KOSPI,20709,1.9948,1.0956,0.9184,98,0.464,1.5488,0.015078,33.4478,14.3898,-2.0127,0.1057,1352682820.0,98,0.025182,8.08,-0.51,7.82,0,0,-1.7653
7110,일신석재,2024-10-30,1650,1707,KOSPI,1210,3.4545,11.5337,0.2,61,1.0,2.3863,0.028174,76.8912,28.0909,-2.113,0.2245,46355883877.0,796,0.063353,11.31,-20.33,11.31,1,0,-2.6639
140,하이트진로홀딩스,2024-10-30,9650,9730,KOSPI,2154,0.829,9.904,0.2895,177,1.0,2.8409,0.003322,15.6956,5.6236,-2.113,0.0485,897077526.0,840,0.024005,0.82,-5.04,-0.51,0,0,-2.6639
47810,한국항공우주,2024-10-30,58600,60000,KOSPI,156155,2.3891,3.1969,0.75,103,0.6022,1.6602,0.011135,35.7466,15.3206,-2.113,0.1017,71949356280.0,525,0.032262,16.17,-4.33,-1.17,1,0,-2.6639
1800,오리온홀딩스,2024-10-30,16600,16680,KOSPI,12968,0.4819,0.6631,1.0,1,0.3706,1.1659,0.00682,25.1313,4.8224,-2.113,0.0373,884754328.0,853,0.017814,1.08,-5.58,-2.22,0,0,-2.6639
12630,HDC,2024-11-04,11430,11900,KOSPI,11578,4.112,2.8485,1.0,13,0.8475,0.8059,0.048462,95.7237,9.232,0.7495,0.0725,1584312388.0,856,0.02521,2.69,-8.32,-1.85,0,0,-2.8365
86980,쇼박스,2024-11-04,4485,4975,KOSDAQ,1522,10.9253,35.9325,0.9,164,0.6484,4.8349,0.02475,84.9442,33.0312,-1.9376,0.1898,22530804955.0,742,0.041134,-5.63,-17.89,-13.77,0,0,-8.5015
84010,대한제강,2024-11-04,9575,10002,KOSPI,3619,4.4595,20.9279,0.487,227,0.9467,3.0505,0.005199,36.9949,12.4593,0.7495,0.0999,2091489832.0,656,0.036786,3.73,-6.27,3.33,0,0,-2.8365
140860,파크시스템스,2024-11-04,215000,217000,KOSDAQ,19240,0.9302,1.1425,0.7931,6,0.4239,0.9932,0.019741,55.0,10.4919,-1.9376,0.0676,5560462300.0,6,0.051152,-0.92,-20.18,-6.22,0,0,-8.5015
244920,에이플러스에셋,2024-11-04,4480,4645,KOSPI,2849,3.683,1.5582,1.0,48,0.9298,0.8144,-0.000868,29.5676,9.7142,0.7495,0.0985,263336148.0,805,0.023835,2.48,-5.6,0.11,0,0,-2.8365
69510,에스텍,2024-11-05,11210,11230,KOSDAQ,1612,0.1784,0.7828,0.4483,48,0.7089,0.8507,0.020328,36.7844,6.6718,-3.7387,0.0282,77872138.0,840,0.017428,0.89,-8.28,-5.7,0,0,-8.7034
3350,한국화장품제조,2024-11-05,84400,85600,KOSPI,2237,1.4218,0.7603,0.5577,39,0.9123,0.6012,0.130892,280.4444,6.5724,-1.2833,0.0913,10056234860.0,39,0.057827,-3.04,-50.47,-42.64,0,0,-3.293
298040,효성중공업,2024-11-05,449500,450000,KOSPI,213159,0.1112,1.0014,0.65,107,0.6768,0.9643,0.082114,185.3519,24.4024,-1.2833,0.1262,36407458600.0,107,0.04127,11.11,-14.22,-5.67,1,0,-3.293
136540,윈스테크넷,2024-11-05,14720,15120,KOSDAQ,1325,2.7174,70.4105,0.3571,88,0.9741,8.3989,0.003323,26.5272,23.0758,-3.7387,0.1929,1961041020.0,944,0.024376,-0.07,-16.67,-16.67,0,0,-8.7034
18120,진로발효,2024-11-05,17920,17940,KOSDAQ,1143,0.1116,0.8008,0.7143,14,0.272,0.5315,0.011026,25.8065,10.3975,-3.7387,0.0168,20190848.0,844,0.011387,2.17,-6.02,-6.02,0,0,-8.7034
376300,디어유,2024-11-05,38000,39200,KOSDAQ,8427,3.1579,11.3596,0.8641,170,0.4415,4.7632,-0.020287,115.1482,96.8422,-3.7387,0.4665,25236031930.0,727,0.062864,1.79,-10.33,-10.33,0,0,-8.7034
30190,NICE평가정보,2024-11-05,11550,11950,KOSPI,9762,3.4632,2.6556,1.0,117,0.6419,0.8782,0.016302,48.6318,13.4899,-1.2833,0.0724,932313892.0,824,0.02887,1.76,-12.72,-0.17,0,0,-3.293
175330,JB금융지주,2024-11-06,18290,18480,KOSPI,48231,1.0388,0.8836,0.7882,8,0.4136,1.0113,0.049566,83.5154,18.8212,-1.1891,0.0661,8995255070.0,8,0.030651,10.66,-3.79,6.06,1,0,-3.7987
310210,보로노이,2024-11-06,117100,118000,KOSDAQ,39270,0.7686,0.5328,0.4815,12,0.9214,0.869,0.122224,302.7304,17.299,-4.4883,0.0701,25214126840.0,12,0.068402,4.83,-37.2,-31.36,0,0,-9.6631
41440,현대에버다임,2024-11-06,9890,9900,KOSDAQ,1471,0.1011,11.8348,0.8966,64,0.9326,3.3588,0.027977,68.6542,38.0916,-4.4883,0.2071,48138951710.0,486,0.077994,2.93,-16.16,-16.16,0,0,-9.6631
79550,LIG넥스원,2024-11-07,265000,269000,KOSPI,99880,1.5094,1.8312,0.9231,12,1.0,0.8748,0.07045,208.8404,13.4118,-1.3285,0.0746,65940294800.0,12,0.045539,-1.12,-27.92,-27.92,0,0,-3.761
12450,한화에어로스페이스,2024-11-07,386989,398805,KOSPI,637324,3.0533,2.2908,0.9688,15,0.9541,1.2763,0.107863,287.6259,16.8776,-1.3285,0.0737,200916000000.0,15,0.041799,2.72,-23.95,-23.95,0,0,-3.761
361390,제노코,2024-11-07,18670,22100,KOSDAQ,2394,18.3717,23.9586,1.0,193,0.667,4.5849,-0.010405,94.8854,72.4554,-5.4108,0.4255,4053610144.0,722,0.046283,-2.26,-36.2,-36.2,0,0,-10.7721
259960,크래프톤,2024-11-07,349000,351000,KOSPI,118036,0.5731,1.738,0.875,47,0.9821,0.9332,0.053367,116.6667,9.4949,-1.3285,0.0336,44162915200.0,730,0.033069,-6.41,-17.52,-9.83,0,0,-3.761
272210,한화시스템,2024-11-08,22250,23200,KOSPI,176451,4.2697,5.9945,0.9778,70,0.9983,2.4754,0.009266,82.6772,30.7691,-1.377,0.2194,140088000000.0,70,0.044766,28.66,-8.84,-8.84,1,0,-3.8981
35000,HS애드,2024-11-08,6500,6540,KOSPI,1319,0.6154,1.1654,1.0,117,0.6842,0.7505,0.002576,10.6599,3.0878,-1.377,0.0177,40027098.0,674,0.01114,-0.31,-3.52,-2.75,0,0,-3.8981
2960,한국쉘석유,2024-11-08,348000,350000,KOSPI,5596,0.5747,2.8149,0.8571,64,0.7246,1.2334,0.033349,56.5996,10.5814,-1.377,0.0713,1114199400.0,64,0.015408,-0.43,-5.57,-5.0,0,0,-3.8981
255220,SG,2024-11-08,3520,3635,KOSDAQ,2786,3.267,4.1095,0.6719,65,1.0,2.3723,0.075453,272.4385,30.6778,-3.5799,0.2403,108777000000.0,65,0.100806,3.03,-26.13,-26.13,0,0,-9.5041
17800,현대엘리베이터,2024-11-08,48650,50800,KOSPI,36708,4.4193,7.7368,0.7802,239,0.809,2.0459,0.004686,34.5695,17.0946,-1.377,0.1159,9558693560.0,843,0.031426,5.91,-5.31,1.77,0,0,-3.8981
38390,레드캡투어,2024-11-08,8420,8575,KOSDAQ,2078,1.8409,18.4582,0.6093,111,0.9122,5.9835,0.001832,20.098,11.5773,-3.5799,0.08,1872013708.0,845,0.029071,7.99,-1.63,6.47,0,0,-9.5041
42660,한화오션,2024-11-08,34750,36200,KOSPI,410594,4.1727,12.1338,0.4333,132,0.9565,2.8064,0.017573,69.1589,18.719,-1.377,0.2104,225513000000.0,309,0.046073,8.29,-11.88,-11.88,0,0,-3.8981
453340,현대그린푸드,2024-11-08,13080,13090,KOSPI,4913,0.0765,4.9976,0.8113,97,0.8235,2.5686,0.004944,18.0343,12.592,-1.377,0.1006,2154017446.0,363,0.020736,6.95,-1.83,6.11,0,0,-3.8981
33780,KT&G,2024-11-08,116900,119500,KOSPI,182274,2.2241,2.4045,0.6392,21,0.7624,0.6935,0.02077,43.1138,18.3046,-1.377,0.0932,30899368780.0,21,0.032995,3.26,-3.35,-1.17,0,0,-3.8981
196170,알테오젠,2024-11-08,397500,437000,KOSDAQ,210010,9.9371,5.1286,0.8833,14,1.0,1.3501,0.143569,610.5691,16.7923,-3.5799,0.1358,457788000000.0,14,0.054021,1.95,-35.93,-29.98,0,0,-9.5041
347700,스피어,2024-11-11,4340,4375,KOSDAQ,12281,0.8065,1.6004,0.4853,1,0.9964,1.4385,0.058581,168.8998,15.4403,-5.3774,0.1752,5146917397.0,895,0.081143,-10.51,-35.77,-18.17,0,0,-11.2034
267260,HD현대일렉트릭,2024-11-11,365500,390000,KOSPI,301715,6.7031,1.5746,0.8246,71,0.7041,0.8176,0.110295,411.811,26.3276,-3.4929,0.1685,149452000000.0,71,0.053114,-0.9,-14.1,-11.41,0,0,-5.0057
225190,LK삼양,2024-11-11,2793,3059,KOSDAQ,1012,9.5238,4.8403,1.0,20,1.0,0.991,0.036045,127.9434,14.9012,-5.3774,0.3314,58918388477.0,20,0.083711,2.48,-19.91,-18.86,0,0,-11.2034
1530,DI동일,2024-11-12,36458,37324,KOSPI,3812,2.3753,2.2262,0.9351,21,0.6342,0.7495,0.036411,68.1792,9.6612,-5.7294,0.0645,4288298804.0,21,0.029043,3.79,0.0,3.79,0,0,-6.8451
333430,일승,2024-11-12,4010,4490,KOSDAQ,1751,11.9701,38.7562,1.0,66,0.9435,7.9776,0.00725,68.797,58.5978,-8.179,0.4723,30014320022.0,534,0.058781,-0.45,-24.39,-18.82,0,0,-13.3592
68930,디지털대성,2024-11-13,7700,7790,KOSDAQ,2256,1.1688,2.8557,0.8889,2,1.0,1.2665,0.023303,38.6121,15.2129,-9.9427,0.0449,200892886.0,751,0.014579,0.51,-6.16,-3.72,0,0,-15.8305
105550,엣지파운드리,2024-11-14,2900,2975,KOSDAQ,1190,2.5862,9.22,0.9605,113,0.7025,2.3983,-0.004245,48.75,38.8712,-10.9142,0.1926,2313644782.0,779,0.066387,32.77,-10.42,-7.39,1,0,-16.7372
34020,두산에너빌리티,2024-11-14,22250,22450,KOSPI,554085,0.8989,2.8533,1.0,85,0.6129,1.2229,0.030853,63.6297,13.4451,-7.2985,0.0765,182115000000.0,846,0.044257,-0.22,-23.47,-20.58,0,0,-9.2289
6805,미래에셋증권우,2024-11-14,4500,5450,KOSPI,2790,21.1111,160.5615,1.0,176,1.0,16.9859,0.010262,49.1108,35.3831,-7.2985,0.2622,2578682706.0,878,0.022608,-7.52,-20.37,-14.68,0,0,-9.2289
329180,HD현대중공업,2024-11-14,216000,217500,KOSPI,576237,0.6944,1.7495,1.0,63,0.4111,1.83,0.049239,101.2026,17.5926,-7.2985,0.124,79063831600.0,63,0.052611,11.26,-4.37,7.13,1,0,-9.2289
10140,삼성중공업,2024-11-15,11870,11890,KOSPI,242440,0.1685,1.5424,0.9714,73,0.3563,2.0476,0.032076,68.6525,25.1308,-6.8224,0.1468,152129000000.0,73,0.037847,1.18,-15.98,-4.54,0,0,-9.2944
211050,인카금융서비스,2024-11-15,6270,6400,KOSDAQ,7188,2.0734,18.3309,0.7434,123,0.9941,3.3417,0.041954,140.2402,34.0014,-9.0014,0.1963,4717010830.0,123,0.05625,0.78,-9.06,-3.91,0,0,-16.1851
87010,펩트론,2024-11-15,119600,131000,KOSDAQ,66571,9.5318,1.1226,1.0,3,0.7327,0.9909,0.155387,510.2674,45.3177,-9.0014,0.3617,211667000000.0,3,0.0741,-4.05,-40.38,-18.17,0,0,-16.1851
32830,삼성생명,2024-11-18,106000,108800,KOSPI,356600,2.6415,3.4247,0.7609,170,1.0,1.0822,0.04165,81.0316,12.0914,-5.2151,0.0654,39920716600.0,170,0.031184,0.18,-9.93,-9.74,0,0,-7.3358
100840,SNT에너지,2024-11-18,15490,15710,KOSPI,8634,1.4203,7.5671,0.5486,87,0.6792,2.6363,0.054824,115.353,23.2467,-5.2151,0.1399,6534236766.0,87,0.06479,22.09,-0.25,12.92,1,0,-7.3358
204610,티쓰리,2024-11-19,1445,1459,KOSDAQ,1166,0.9689,2.7483,0.7875,19,1.0,1.0077,0.009699,42.7593,11.2869,-7.0726,0.0769,995813842.0,429,0.039557,8.91,-4.87,8.91,0,0,-15.9432
14620,성광벤드,2024-11-19,16540,16910,KOSDAQ,8326,2.237,3.2421,0.9333,58,0.4375,2.5092,0.019218,66.601,34.12,-7.0726,0.1935,9322897686.0,539,0.054828,40.75,-0.65,38.97,1,0,-15.9432
158430,아톤,2024-11-19,4800,6090,KOSDAQ,1750,26.875,40.318,1.0,232,0.9214,6.7331,0.000898,96.4516,54.1741,-7.0726,0.4075,34702859722.0,706,0.065506,5.75,-19.87,1.15,0,0,-15.9432
51600,한전KPS,2024-11-19,45350,46200,KOSPI,24435,1.8743,1.021,0.8621,22,0.8806,0.8381,0.029083,39.577,6.8514,-3.8414,0.0322,8402768380.0,849,0.032622,5.19,-10.61,-2.38,0,0,-7.2265
92790,넥스틸,2024-11-19,11370,11810,KOSPI,2761,3.8698,3.7889,0.9216,101,0.5831,3.1677,0.035794,80.8576,29.4797,-3.8414,0.1849,18421577892.0,101,0.068223,-1.1,-39.12,-30.31,0,0,-7.2265
32640,LG유플러스,2024-11-20,10500,10570,KOSPI,68085,0.6667,2.984,0.9545,236,1.0,1.1645,0.00055,11.1462,11.281,-4.5134,0.0508,13506428070.0,848,0.015272,12.58,1.8,3.78,1,0,-6.8407
365330,에스와이스틸텍,2024-11-21,7158,7167,KOSDAQ,1774,0.1257,2.9531,0.2655,2,0.699,1.6173,0.088323,301.0632,61.9013,-7.3401,0.3577,160313000000.0,2,0.0918,4.81,-25.63,4.81,0,0,-16.4593
33500,동성화인텍,2024-11-22,13880,14190,KOSDAQ,7992,2.2334,7.4415,0.8092,78,0.7778,2.8023,0.000851,32.246,38.806,-6.9287,0.198,10474943122.0,328,0.050438,6.13,-8.88,3.45,0,0,-16.8267
30200,KT,2024-11-22,44400,44500,KOSPI,139368,0.2252,0.9442,0.3158,9,0.9176,1.3333,0.02516,35.2584,3.8542,-3.1754,0.0301,44537543750.0,9,0.036116,10.11,-1.46,0.45,1,0,-6.1353
3610,방림,2024-11-22,3560,3620,KOSPI,2167,1.6854,1.6268,0.6735,34,0.7727,0.7171,0.04323,86.0226,12.376,-3.1754,0.0753,352588203.0,488,0.044594,30.8,-5.39,23.76,1,0,-6.1353
83650,비에이치아이,2024-11-22,17920,19100,KOSDAQ,21568,6.5848,5.4052,0.6952,3,0.5931,2.9746,0.065773,188.9561,78.2291,-6.9287,0.3708,159667000000.0,3,0.089043,-3.19,-32.15,-23.82,0,0,-16.8267
14940,오리엔탈정공,2024-11-22,4870,4985,KOSDAQ,3660,2.3614,1.9944,0.9538,65,0.5041,3.7654,0.032856,93.9689,48.9515,-6.9287,0.2701,16934589409.0,867,0.081817,7.92,-14.94,5.52,0,0,-16.8267
19010,베뉴지,2024-11-25,2395,2445,KOSDAQ,1764,2.0877,3.4855,0.975,60,1.0,3.4813,0.009017,27.9435,19.8808,-5.8948,0.0831,985425918.0,825,0.056529,-4.5,-13.91,-13.5,0,0,-14.3273
82740,한화엔진,2024-11-25,16900,17480,KOSPI,44561,3.432,4.4888,0.5029,82,0.5907,1.8119,0.046471,116.8734,25.3125,-2.9892,0.1422,27171238308.0,82,0.062071,2.8,-18.71,2.8,0,0,-4.8991
69460,대호에이엘,2024-11-25,1293,1330,KOSPI,1182,2.8616,2.8344,0.8876,224,0.7238,1.1385,-0.001157,43.1647,21.1064,-2.9892,0.1181,493263446.0,836,0.03695,4.66,-9.32,4.66,0,0,-4.8991
9540,HD한국조선해양,2024-11-25,213000,216500,KOSPI,283800,1.6432,1.9642,0.875,75,0.62,1.0639,0.054147,120.4684,16.6375,-2.9892,0.1273,68070210980.0,75,0.044507,6.24,-13.21,6.24,0,0,-4.8991
65710,서호전기,2024-11-25,21700,22150,KOSDAQ,2626,2.0737,2.9183,0.8571,22,0.8529,1.3942,0.013397,19.9242,8.2043,-5.8948,0.0393,519768140.0,835,0.021122,3.84,-1.13,2.93,0,0,-14.3273
3490,대한항공,2024-11-26,24650,25250,KOSPI,83218,2.4341,3.1144,0.8462,5,0.5833,1.3205,0.006131,26.8844,8.2771,-3.7222,0.0474,32974301040.0,850,0.025177,2.77,-7.92,-5.15,0,0,-5.4276
101930,인화정공,2024-11-26,27750,30450,KOSDAQ,3836,9.7297,4.9044,0.9194,103,0.88,1.7791,0.080444,189.1738,40.1176,-6.8572,0.2665,2167612810.0,103,0.045625,7.88,-16.58,6.08,0,0,-14.7139
377450,리파인,2024-11-26,15180,15250,KOSDAQ,2087,0.4611,1.757,0.6349,35,0.6371,1.0117,0.042668,90.8636,19.4033,-6.8572,0.0951,1304826856.0,738,0.042389,9.11,-27.8,-20.13,0,0,-14.7139
71320,지역난방공사,2024-11-26,53500,56300,KOSPI,11428,5.2336,5.0447,0.9355,108,0.5308,1.8336,0.04932,141.6309,23.893,-3.7222,0.1659,1562673860.0,108,0.04561,4.97,-16.52,-12.08,0,0,-5.4276
82800,비보존 제약,2024-11-26,6509,7536,KOSDAQ,2362,15.7782,8.4189,1.0,15,0.6071,1.5814,0.094642,189.5121,47.2185,-6.8572,0.2776,17487098336.0,945,0.108403,42.62,-13.63,-2.02,1,0,-14.7139
7110,일신석재,2024-11-27,1782,1900,KOSPI,1210,6.6218,4.6893,0.1009,12,0.895,1.253,0.032603,95.0719,14.8044,-3.498,0.2068,43913162925.0,816,0.101579,36.32,-15.16,12.11,1,0,-6.0778
17670,SK텔레콤,2024-11-27,58400,61000,KOSPI,149064,4.4521,3.2849,0.8387,46,0.8154,1.245,0.014193,24.7444,10.7036,-3.498,0.0721,49673730980.0,718,0.020492,0.82,-8.2,-7.05,0,0,-6.0778
26960,동서,2024-11-27,28550,28900,KOSPI,25075,1.2259,0.7855,0.7333,9,0.9808,0.3718,0.050474,69.6009,8.2081,-3.498,0.0874,5871021560.0,933,0.053633,7.79,-6.57,-6.57,0,0,-6.0778
5945,NH투자증권우,2024-11-27,12060,12110,KOSPI,4133,0.4146,2.0742,0.75,26,0.4681,1.0156,0.020235,27.4737,4.3306,-3.498,0.014,512619734.0,722,0.011266,3.14,-1.73,1.82,0,0,-6.0778
35250,강원랜드,2024-11-27,18020,18060,KOSPI,36520,0.222,1.0781,0.92,189,0.6573,0.6148,0.014345,32.3077,5.5319,-3.498,0.0402,9773290588.0,858,0.018035,1.88,-8.86,-7.75,0,0,-6.0778
23160,태광,2024-11-27,17000,17060,KOSDAQ,6970,0.3529,2.5659,0.6091,79,0.549,2.2621,0.005552,51.6444,44.9564,-6.2572,0.2033,15863486198.0,327,0.053425,6.74,-14.3,5.63,0,0,-14.7992
78160,메디포스트,2024-11-27,8660,9770,KOSDAQ,9880,12.8176,8.1299,1.0,214,0.5509,2.0257,-0.001923,77.6364,54.0636,-6.2572,0.2568,4393398204.0,945,0.073403,53.84,-10.85,2.66,1,0,-14.7992
18670,SK가스,2024-11-27,210000,213500,KOSPI,20709,1.6667,8.5844,0.3279,12,0.9463,1.8292,0.032307,46.6346,11.8186,-3.498,0.0539,4769784980.0,12,0.041586,1.64,-8.1,-5.15,0,0,-6.0778
97230,HJ중공업,2024-11-27,4450,4665,KOSPI,21806,4.8315,15.5311,0.7589,222,0.646,4.5622,-0.020467,111.5646,113.6331,-3.498,0.5259,11469615783.0,783,0.083448,42.77,-30.98,35.91,1,0,-6.0778
815,삼성화재우,2024-11-27,290000,293500,KOSPI,11282,1.2069,2.8596,0.8889,55,0.5479,1.5441,0.034437,60.9984,12.809,-3.498,0.0796,3756633000.0,55,0.021903,5.62,-9.71,-6.81,0,0,-6.0778
127120,제이에스링크,2024-11-27,3940,4100,KOSDAQ,7125,4.0609,2.6056,0.9167,246,1.0,1.0872,0.018209,71.9078,21.5877,-6.2572,0.1116,662033332.0,958,0.057666,35.37,-2.44,35.37,1,0,-14.7992
3690,코리안리,2024-11-28,8130,8220,KOSPI,22443,1.107,1.4187,0.9091,9,1.0,0.9786,0.027883,40.9949,4.6101,-2.014,0.0278,2132689748.0,9,0.020768,3.41,-5.11,-1.22,0,0,-6.0107
8060,대덕,2024-11-28,6730,6780,KOSPI,3599,0.7429,1.1891,1.0,194,0.4516,1.1804,0.001515,12.0661,11.0172,-2.014,0.0495,302158684.0,860,0.011905,0.0,-4.87,-2.06,0,0,-6.0107
138930,BNK금융지주,2024-11-28,10290,10530,KOSPI,51235,2.3324,1.521,0.9655,61,0.5659,0.8911,0.029761,52.8302,13.5606,-2.014,0.0903,13859289612.0,61,0.02347,12.82,-2.56,-1.04,1,0,-6.0107
810,삼성화재,2024-11-29,389000,392500,KOSPI,220854,0.8997,1.3765,0.8261,103,0.4252,1.2744,0.033409,69.5464,17.4992,-3.4004,0.0905,46046403000.0,103,0.034759,10.83,-8.66,-8.66,1,0,-7.8129
8830,대동기어,2024-12-02,13430,13630,KOSDAQ,1594,1.4892,14.6515,0.7881,206,0.4592,5.4842,-0.019326,101.3294,80.7506,-10.3756,0.4304,35728958320.0,206,0.079185,17.75,-7.48,9.98,1,0,-16.5973
21240,코웨이,2024-12-02,69900,70200,KOSPI,58822,0.4292,1.6445,0.7708,46,0.8198,1.2181,0.013294,40.4,14.2009,-5.1947,0.0982,13814819080.0,824,0.041616,3.56,-4.7,-4.56,0,0,-7.8429
71055,한국금융지주우,2024-12-02,54300,54600,KOSPI,8295,0.5525,0.7704,1.0,15,0.475,0.7893,0.024728,35.99,8.6038,-5.1947,0.0225,638370780.0,859,0.018577,5.13,-4.76,-3.85,0,0,-7.8429
16360,삼성증권,2024-12-03,48250,50700,KOSPI,75012,5.0777,4.2041,1.0,65,0.7846,1.0942,0.02273,43.8298,11.1973,-2.9796,0.0933,20167710630.0,797,0.022753,-3.45,-15.29,-15.29,0,0,-6.1166
00680K,미래에셋증권2우B,2024-12-03,4160,4165,KOSPI,20775,0.1202,2.6968,0.9565,193,0.6061,0.9816,0.009396,19.5122,6.5865,-2.9796,0.0354,841070344.0,878,0.019465,-2.4,-6.84,-6.84,0,0,-6.1166
105560,KB금융,2024-12-03,101000,101200,KOSPI,508870,0.198,1.2054,0.8444,27,0.4894,0.8994,0.052654,105.2738,14.1884,-2.9796,0.0675,112103000000.0,27,0.030068,-5.73,-18.18,-17.19,0,0,-6.1166
71050,한국금융지주,2024-12-03,79200,80800,KOSPI,111452,2.0202,2.0657,0.9773,27,0.7917,0.8939,0.023987,50.1859,6.7023,-2.9796,0.0724,10515878900.0,885,0.026521,-3.34,-12.62,-12.0,0,0,-6.1166
244920,에이플러스에셋,2024-12-03,4760,4810,KOSPI,2849,1.0504,2.0464,0.8846,2,0.486,1.4074,0.012673,34.1702,7.318,-2.9796,0.0539,337174466.0,826,0.03668,-1.77,-9.04,-8.52,0,0,-6.1166
5940,NH투자증권,2024-12-03,14200,14530,KOSPI,89442,2.3239,3.8702,1.0,49,0.8859,1.3093,0.025912,49.332,9.7393,-2.9796,0.0772,11860992528.0,49,0.020647,-1.93,-7.36,-6.47,0,0,-6.1166
84010,대한제강,2024-12-03,10375,10462,KOSPI,3619,0.8386,0.702,0.9091,3,0.2175,0.9645,0.016095,43.2954,8.7739,-2.9796,0.0519,862054748.0,677,0.020755,6.38,-1.08,2.24,0,0,-6.1166
316140,우리금융지주,2024-12-03,17080,17200,KOSPI,219489,0.7026,1.7945,0.5652,27,0.4452,1.0777,0.022041,38.1526,11.4969,-2.9796,0.0451,40766341640.0,27,0.017608,-2.79,-11.4,-11.28,0,0,-6.1166
10130,고려아연,2024-12-04,1543000,1671000,KOSPI,345656,8.2955,0.4125,0.65,26,0.8366,0.3426,0.118029,283.2569,39.7354,-3.8818,0.4902,133600000000.0,26,0.064418,19.69,-44.28,-44.28,1,0,-7.4469
3300,한일홀딩스,2024-12-04,14490,14640,KOSPI,4733,1.0352,2.3489,0.8393,66,0.6644,1.2122,0.020602,38.2436,7.638,-3.8818,0.0538,443100656.0,66,0.02337,7.92,-8.06,-6.01,0,0,-7.4469
13360,일성건설,2024-12-04,1759,2025,KOSPI,1086,15.1222,1.4574,0.5,14,0.6555,1.6508,0.014427,73.5219,51.0475,-3.8818,0.2986,1605855730.0,774,0.103316,142.96,13.58,91.11,1,0,-7.4469
89860,롯데렌탈,2024-12-05,32100,33200,KOSPI,10984,3.4268,5.1462,0.9767,66,0.6699,2.2269,0.010722,27.9383,19.0731,-4.7874,0.1219,4366476160.0,809,0.031411,0.45,-11.3,-10.39,0,0,-8.2482
25950,동신건설,2024-12-05,30850,35250,KOSDAQ,1546,14.2626,7.3088,1.0,171,0.8027,3.0195,0.005603,142.7686,64.5049,-8.5315,0.7141,14811655572.0,899,0.076596,86.67,20.85,54.04,1,0,-16.9937
950160,코오롱티슈진,2024-12-05,20300,22200,KOSDAQ,85468,9.3596,5.3816,0.9791,96,0.7372,2.4748,0.038325,165.5502,41.4656,-8.5315,0.2971,26626551216.0,520,0.058108,26.8,-7.66,26.8,1,0,-16.9937
52400,코나아이,2024-12-06,20600,21000,KOSDAQ,8301,1.9417,27.7543,0.6387,161,0.9133,6.8605,-0.005516,57.4213,46.8718,-11.0374,0.3717,25331120854.0,843,0.070612,52.86,20.48,22.86,1,0,-18.0895
53800,안랩,2024-12-09,74400,82000,KOSDAQ,7010,10.2151,77.4806,0.8848,211,0.9151,9.5866,-0.013575,60.7843,44.9619,-13.9715,0.2974,93944480920.0,668,0.051829,-2.8,-19.51,-14.15,0,0,-22.2313
214450,파마리서치,2024-12-10,235500,240000,KOSDAQ,43688,1.9108,1.6661,1.0,24,0.7955,1.0356,0.070405,169.3603,19.036,-6.8865,0.1453,40186999500.0,24,0.056101,11.04,-3.54,4.58,1,0,-17.8416
18290,브이티,2024-12-10,38400,42550,KOSDAQ,6960,10.8073,6.5254,0.9667,118,0.5641,2.4403,0.057856,184.6154,41.7518,-6.8865,0.3299,109645000000.0,118,0.065889,1.76,-15.75,-15.75,0,0,-17.8416
119850,지엔씨에너지,2024-12-10,9950,10430,KOSDAQ,5658,4.8241,2.3251,0.7849,140,0.6301,1.3874,0.073011,157.2133,61.8642,-6.8865,0.1887,14128317984.0,140,0.076428,-2.49,-23.68,-18.02,0,0,-17.8416
6060,화승인더,2024-12-10,4350,4425,KOSPI,1787,1.7241,2.1745,1.0,140,0.7212,1.3147,0.021133,40.4762,9.8801,-2.6074,0.0624,1006945848.0,882,0.031235,4.29,-0.11,4.29,0,0,-9.0346
192080,더블유게임즈,2024-12-10,53200,53400,KOSPI,10820,0.3759,0.9308,0.8077,28,0.513,1.0001,0.017769,40.2864,15.8629,-2.6074,0.0698,3422621360.0,772,0.026953,3.37,-6.84,-6.84,0,0,-9.0346
35890,서희건설,2024-12-11,1593,1624,KOSDAQ,3730,1.946,2.1557,0.8043,43,0.471,1.8174,0.014562,32.8969,19.4168,-1.9909,0.1043,1568565801.0,821,0.033955,2.22,-4.43,0.62,0,0,-15.9672
115500,케이씨에스,2024-12-11,8670,9330,KOSDAQ,1123,7.6125,3.9476,1.0,201,1.0,0.9701,0.003723,84.7525,39.1967,-1.9909,0.2274,10815518300.0,420,0.078395,56.91,3.97,12.97,1,0,-15.9672
453340,현대그린푸드,2024-12-11,14000,14400,KOSPI,4913,2.8571,2.2797,0.9038,6,0.5537,1.402,0.014918,29.8467,11.0102,1.0521,0.0645,1322362508.0,386,0.029266,10.35,-3.47,1.18,1,0,-8.0708
66620,국보디자인,2024-12-11,17300,17460,KOSDAQ,1616,0.9249,3.2601,0.9683,50,0.7951,1.5864,0.013224,28.0059,7.9375,-1.9909,0.0405,254767858.0,770,0.018123,5.21,-0.34,5.21,0,0,-15.9672
49430,코메론,2024-12-12,11600,12460,KOSDAQ,1317,7.4138,24.5959,0.678,16,1.0,3.6683,0.017225,51.3973,22.6171,0.2626,0.1917,7194379212.0,856,0.065868,-5.46,-18.38,-14.21,0,0,-14.9509
347700,스피어,2024-12-12,4375,5380,KOSDAQ,12281,22.9714,7.9957,1.0,23,0.6547,1.4217,0.05646,230.6699,78.1785,0.2626,0.5414,6426293845.0,918,0.082382,-1.3,-26.49,-21.56,0,0,-14.9509
150,두산,2024-12-12,241500,243000,KOSPI,135542,0.6211,1.9321,0.8511,103,0.7509,1.246,0.076433,207.5949,1.9008,2.6153,0.1387,47319255300.0,103,0.063374,23.46,0.62,12.76,1,0,-6.5451
1530,DI동일,2024-12-12,38737,42292,KOSPI,3812,9.1773,7.7477,1.0,16,0.624,0.7748,0.049814,90.5646,9.735,2.6153,0.0909,5451362674.0,16,0.006004,13.05,6.89,12.82,1,0,-6.5451
356680,엑스게이트,2024-12-12,7870,9250,KOSDAQ,2166,17.5349,10.9882,1.0,244,0.8461,2.4834,-0.006712,182.8746,99.3059,0.2626,0.6461,89599311934.0,244,0.075135,25.62,-19.24,-19.24,1,0,-14.9509
9270,신원,2024-12-13,1425,1600,KOSPI,1590,12.2807,23.3367,0.7785,234,0.9258,3.5233,-0.005873,38.2887,28.1521,3.2108,0.2836,9280117192.0,776,0.054018,-1.44,-11.19,-3.12,0,0,-6.0516
30190,NICE평가정보,2024-12-13,12160,12250,KOSPI,9762,0.7401,1.9503,0.9412,12,0.9394,1.2291,0.014492,34.9119,6.6547,3.2108,0.0394,1380641240.0,852,0.035394,5.31,-7.27,-3.84,0,0,-6.0516
53580,웹케시,2024-12-13,10540,10980,KOSDAQ,1353,4.1746,31.915,0.5349,185,1.0,7.0888,-0.024102,74.2857,54.9754,1.2124,0.485,18548449704.0,899,0.070843,2.91,-16.94,-7.47,0,0,-13.5663
30610,교보증권,2024-12-13,5720,5730,KOSPI,12775,0.1748,0.7127,0.8889,38,0.88,1.037,0.00783,20.7587,5.7246,3.2108,0.0395,142544126.0,885,0.024433,0.35,-5.76,-5.76,0,0,-6.0516
293580,나우IB,2024-12-13,1325,1362,KOSDAQ,1744,2.7925,44.329,0.6456,241,0.9468,8.9379,-0.012137,56.7319,48.4579,1.2124,0.3941,20844251979.0,905,0.082442,1.17,-21.07,-10.79,0,0,-13.5663
17800,현대엘리베이터,2024-12-13,53800,57100,KOSPI,36708,6.1338,6.4728,0.8594,12,1.0,1.8318,0.025467,51.2583,7.2341,3.2108,0.1031,17610948440.0,868,0.046723,4.2,-15.76,-12.08,0,0,-6.0516
5990,매일홀딩스,2024-12-13,8580,8600,KOSDAQ,1423,0.2331,0.5753,0.75,7,1.0,1.2292,0.006914,14.6667,1.6584,1.2124,0.0156,55608630.0,863,0.014369,0.81,-1.74,0.7,0,0,-13.5663
3230,삼양식품,2024-12-16,712000,729000,KOSPI,82938,2.3876,1.6966,0.8261,122,0.5865,1.4601,0.092772,326.5652,33.2014,0.806,0.2448,75357483400.0,122,0.046933,7.41,-3.02,5.62,0,0,-6.2294
204610,티쓰리,2024-12-17,1579,1589,KOSDAQ,1166,0.6333,0.6501,0.7381,1,0.4435,1.4893,0.018603,55.4795,7.6932,1.217,0.068,1096907846.0,449,0.043513,7.93,-6.17,6.1,0,0,-13.2898
200670,휴메딕스,2024-12-17,38600,38800,KOSDAQ,4711,0.5181,3.9885,0.4412,58,0.6592,1.4891,0.014231,51.8591,27.0475,1.217,0.1732,10123738870.0,327,0.046208,18.3,-3.61,-3.61,1,0,-13.2898
300720,한일시멘트,2024-12-17,15500,15640,KOSPI,12488,0.9032,3.576,0.7701,76,0.8465,1.3059,0.015482,39.1459,13.6183,-0.6125,0.0909,2443027256.0,724,0.029914,4.99,-7.86,-0.77,0,0,-7.4048
99430,바이오플러스,2024-12-17,7390,7560,KOSDAQ,3199,2.3004,3.8994,0.2903,205,0.7258,2.1142,-0.018857,74.5958,53.5425,1.217,0.268,22961179112.0,326,0.064862,1.98,-11.9,-11.11,0,0,-13.2898
100840,SNT에너지,2024-12-17,19180,19190,KOSPI,8634,0.0521,1.6264,0.8394,17,0.8224,1.007,0.083045,163.0569,11.6015,-0.6125,0.0979,4842797158.0,17,0.068935,36.01,-1.77,36.01,1,0,-7.4048
15360,INVENI,2024-12-17,52500,53200,KOSPI,4389,1.3333,2.8483,0.5769,35,0.7603,1.464,0.032469,61.7021,6.8001,-0.6125,0.0598,624148440.0,35,0.027658,7.52,-8.27,-4.89,0,0,-7.4048
84110,휴온스글로벌,2024-12-18,43700,47000,KOSDAQ,6419,7.5515,2.6937,0.9853,27,0.3957,1.3052,0.044448,125.4197,52.9688,2.1467,0.3339,6034550810.0,886,0.062842,-0.74,-18.4,-15.43,0,0,-12.8097
329180,HD현대중공업,2024-12-18,242000,242500,KOSPI,576237,0.2066,1.0314,0.25,17,0.4667,1.0102,0.072617,121.2591,2.668,0.0862,0.0709,70017064900.0,17,0.049632,29.48,5.15,27.22,1,0,-6.3315
92460,한라IMS,2024-12-19,7910,7930,KOSDAQ,2621,0.2528,1.1583,0.8571,93,0.4786,0.7622,0.025291,38.1533,15.0556,0.5421,0.0498,506044920.0,93,0.038371,14.0,-1.01,14.0,1,0,-14.3628
14620,성광벤드,2024-12-19,23800,24050,KOSDAQ,8326,1.0504,1.585,0.7606,4,0.4423,1.165,0.085251,136.9458,42.6126,0.5421,0.1082,27490354390.0,4,0.078972,28.69,-4.16,28.69,1,0,-14.3628
333430,일승,2024-12-20,4490,4590,KOSDAQ,1751,2.2272,10.9748,0.3434,28,0.7553,1.6956,0.036651,72.5564,13.6474,-1.2851,0.1418,41731510279.0,562,0.076175,11.11,-6.75,5.56,1,0,-16.2741
69460,대호에이엘,2024-12-23,1389,1392,KOSPI,1182,0.216,1.6314,0.8919,19,0.5242,0.916,0.018296,49.8385,8.3048,-3.6432,0.0541,486140089.0,856,0.051827,0.36,-16.09,-16.09,0,0,-7.8192
82740,한화엔진,2024-12-23,17480,17970,KOSPI,44561,2.8032,1.985,0.8438,20,0.6422,0.8911,0.060679,122.9529,6.4464,-3.6432,0.1164,15801197320.0,20,0.049527,46.08,-1.84,24.37,1,0,-7.8192
33500,동성화인텍,2024-12-23,15060,15100,KOSDAQ,7992,0.2656,1.1859,0.4286,4,0.507,1.3795,0.022636,40.7269,9.6925,-2.5243,0.0581,10919234288.0,4,0.053879,42.05,-1.19,41.72,1,0,-14.8065
9540,HD한국조선해양,2024-12-23,216500,230000,KOSPI,283800,6.2356,1.8126,0.9032,20,0.5578,1.182,0.056714,120.3065,9.8787,-3.6432,0.1184,67919697500.0,20,0.045466,8.04,-3.04,-1.74,0,0,-7.8192
39340,한국경제TV,2024-12-24,6120,6130,KOSDAQ,1215,0.1634,0.4941,0.7778,216,0.2593,1.4684,-0.000228,20.9073,4.0479,-1.8813,0.0162,207136976.0,868,0.018644,2.77,-10.11,-3.75,0,0,-14.5995
35510,신세계 I&C,2024-12-24,14050,15310,KOSPI,2490,8.968,75.1918,0.5417,216,0.8842,12.296,-0.034518,87.1638,71.5946,-3.1678,0.586,149828000000.0,804,0.075161,9.14,-11.82,-11.76,0,0,-7.8403
65660,안트로젠,2024-12-24,18270,18290,KOSDAQ,4002,0.1095,30.9363,0.5649,176,0.8676,4.152,0.017992,36.4925,21.9732,-1.8813,0.1083,2552093072.0,829,0.062954,24.38,1.48,24.38,1,0,-14.5995
205500,넥써쓰,2024-12-24,2080,2300,KOSDAQ,1423,10.5769,8.2752,0.5783,210,0.4198,4.8317,-0.035873,134.2159,126.4906,-1.8813,0.5837,1470470414.0,773,0.095404,72.83,30.0,69.78,1,0,-14.5995
14940,오리엔탈정공,2024-12-26,5380,5450,KOSDAQ,3660,1.3011,1.5397,0.54,22,0.4975,0.9296,0.057904,112.0623,7.3738,-2.3642,0.1097,17342799766.0,890,0.066841,11.01,-6.42,3.49,1,0,-15.0555
71970,HD현대마린엔진,2024-12-26,24600,24900,KOSPI,28664,1.2195,1.3847,0.7778,97,0.5062,1.2514,0.059983,148.7512,20.9415,-2.932,0.1986,20537271980.0,97,0.051836,15.06,-3.21,12.45,1,0,-8.2076
267260,HD현대일렉트릭,2024-12-26,390000,391000,KOSPI,301715,0.2564,0.4635,0.8125,32,0.5397,0.9666,0.093392,388.75,11.0925,-2.932,0.0677,79058854600.0,32,0.044209,13.81,-2.3,4.86,1,0,-8.2076
127120,제이에스링크,2024-12-26,5160,5550,KOSDAQ,7125,7.5581,2.0677,1.0,1,0.6657,1.8633,0.036976,132.7044,37.73,-2.3642,0.259,2290002960.0,978,0.051995,15.5,-7.75,-5.59,1,0,-15.0555
6280,녹십자,2024-12-30,174700,179500,KOSPI,18360,2.7476,1.4178,0.9365,49,0.3648,0.8095,0.034162,66.05,21.1715,-2.2973,0.1069,8246126740.0,966,0.043733,-3.96,-27.35,-26.85,0,0,-9.2644
6040,동원산업,2024-12-30,36554,36950,KOSPI,17836,1.0833,1.4425,0.5962,199,0.5154,1.4318,-0.002067,38.6856,11.3845,-2.2973,0.0687,1389371289.0,895,0.031212,-1.76,-11.5,-10.42,0,0,-9.2644
226400,오스테오닉,2024-12-30,6350,6500,KOSDAQ,1254,2.3622,1.3062,0.7561,52,0.4033,1.3134,0.007126,55.5024,33.1967,0.0,0.1349,3168358532.0,372,0.051319,28.15,1.08,22.0,1,0,-14.5238
267250,HD현대,2025-01-02,83900,85600,KOSPI,176155,2.0262,2.5468,0.8611,101,0.6333,1.1639,0.012645,41.4876,13.4316,-2.2628,0.0777,16309275100.0,101,0.03221,-0.7,-4.79,-4.79,0,0,-9.2426
277810,레인보우로보틱스,2025-01-02,198700,211500,KOSDAQ,140067,6.4419,4.8566,1.0,190,0.8691,1.9863,-0.018041,86.3436,46.099,1.5965,0.5179,83670516820.0,317,0.048294,75.41,8.75,75.41,1,0,-13.3636
140860,파크시스템스,2025-01-02,217000,227500,KOSDAQ,19240,4.8387,1.2475,0.95,40,0.7835,0.7902,0.018156,62.037,10.1971,1.5965,0.1055,5703401120.0,40,0.04292,8.79,-0.66,-0.66,0,0,-13.3636
214370,케어젠,2025-01-02,29050,29750,KOSDAQ,57287,2.4096,2.3227,0.7333,250,0.4012,1.5442,0.008851,93.1818,22.8805,1.5965,0.1587,6605446770.0,367,0.055942,11.93,-5.55,3.19,1,0,-13.3636
86280,현대글로비스,2025-01-02,127600,133800,KOSPI,183750,4.8589,5.2955,0.8298,113,0.8862,1.212,0.023192,60.1762,10.0791,-2.2628,0.1357,29093537800.0,113,0.035928,11.66,-6.58,6.65,1,0,-9.2426
123330,제닉,2025-01-02,24050,25250,KOSDAQ,1693,4.9896,0.824,0.6383,50,0.417,0.7192,0.2136,725.1634,71.4672,1.5965,0.2481,4114340940.0,50,0.075898,10.3,-17.82,-14.65,1,0,-13.3636
214390,경보제약,2025-01-02,6274,6840,KOSPI,1389,9.0214,22.0195,0.8727,250,1.0,7.202,0.000916,39.763,27.5375,-2.2628,0.2287,1033005880.0,981,0.712824,7.6,-4.09,-4.09,0,0,-9.2426
23160,태광,2025-01-02,18210,18530,KOSDAQ,6970,1.7573,1.3905,0.5524,7,0.4083,1.5401,0.030665,64.7111,9.628,1.5965,0.1034,8312534854.0,350,0.052926,28.17,-4.91,20.62,1,0,-13.3636
82920,비츠로셀,2025-01-02,11229,11683,KOSDAQ,9181,4.0431,4.0437,0.9021,135,0.6117,0.9258,0.013774,44.2346,14.6754,1.5965,0.1445,3149250898.0,366,0.032318,25.92,1.29,9.93,1,0,-13.3636
86820,바이오솔루션,2025-01-02,7878,7912,KOSDAQ,1798,0.4316,4.3055,0.8784,250,0.5213,1.7095,0.016111,91.6667,43.8179,1.5965,0.244,1047159053.0,860,0.058564,21.7,-5.74,21.7,1,0,-13.3636
12630,HDC,2025-01-03,12220,12260,KOSPI,11578,0.3273,1.0386,0.6944,23,0.3723,0.8356,0.039066,91.5625,6.1374,-2.3271,0.0352,906710286.0,897,0.026334,7.75,-1.14,7.75,0,0,-7.5748
158430,아톤,2025-01-03,6440,7990,KOSDAQ,1750,24.0683,6.0668,1.0,11,0.8348,1.5591,0.036591,157.7419,51.7843,2.1656,0.3855,77687741388.0,736,0.090202,11.64,-23.15,-13.14,1,0,-10.8557
13890,지누스,2025-01-03,24800,26600,KOSPI,2675,7.2581,1.1112,0.8833,36,0.6032,0.6166,0.062884,145.3875,27.2097,-2.3271,0.1593,2400067980.0,837,0.051826,6.95,-22.56,-22.56,0,0,-7.5748
18670,SK가스,2025-01-03,217000,227500,KOSPI,20709,4.8387,2.1508,0.9667,23,0.7553,1.2357,0.02946,56.25,8.8845,-2.3271,0.1004,2941999900.0,23,0.040345,3.08,-7.03,0.0,0,0,-7.5748
5690,파미셀,2025-01-03,8490,8510,KOSPI,8132,0.2356,1.0531,0.6761,90,0.2172,1.1119,0.028319,97.907,82.4329,-2.3271,0.1861,6970319142.0,856,0.062364,11.05,-13.75,3.29,1,0,-7.5748
203650,드림시큐리티,2025-01-06,2009,2079,KOSDAQ,1610,3.4843,6.796,0.3571,216,0.5822,2.7815,-0.006738,81.2554,24.9752,6.0267,0.1558,34611013446.0,879,0.070707,-3.03,-21.02,-11.45,0,0,-9.2242
9450,경동나비엔,2025-01-06,92300,100000,KOSPI,8217,8.3424,2.8257,1.0,50,0.6,1.0823,0.050073,129.0951,29.2083,1.0,0.1815,12708508380.0,50,0.044429,5.5,-24.3,-24.3,0,0,-5.776
319400,현대무벡스,2025-01-06,3630,3645,KOSDAQ,37367,0.4132,3.1976,0.8462,238,0.4513,1.4041,0.002583,45.8,25.3246,6.0267,0.111,4189076946.0,981,0.034294,14.4,0.41,14.4,1,0,-9.2242
8060,대덕,2025-01-06,6780,6840,KOSPI,3599,0.885,1.625,0.6667,24,0.6744,1.1097,0.001199,13.0579,1.2422,1.0,0.0262,432333768.0,884,0.012322,-0.29,-1.75,-0.29,0,0,-5.776
187660,현대ADM,2025-01-06,1984,1985,KOSDAQ,1719,0.0504,31.4903,0.7719,50,0.6713,7.1574,0.011817,106.7708,25.4302,6.0267,0.2657,17593874987.0,882,0.095142,54.16,-4.79,4.79,1,0,-9.2242
368770,파이버프로,2025-01-06,5520,6060,KOSDAQ,6012,9.7826,8.6297,0.6222,37,0.6559,1.9016,0.022112,107.5342,47.391,6.0267,0.3714,28695306692.0,643,0.074552,-2.81,-18.81,-5.45,0,0,-9.2242
950160,코오롱티슈진,2025-01-07,27800,28150,KOSDAQ,85468,1.259,2.7363,0.5875,13,0.801,1.0221,0.099342,236.7225,19.7445,7.0573,0.1568,14593993560.0,13,0.085004,14.21,0.89,14.21,1,0,-9.0839
97230,HJ중공업,2025-01-07,6660,7190,KOSPI,21806,7.958,5.6074,0.8435,8,0.4399,2.6513,0.051695,226.0771,92.0042,2.0579,0.3947,18498304934.0,809,0.102126,1.11,-17.8,-11.68,0,0,-5.6111
42660,한화오션,2025-01-07,39200,42900,KOSPI,410594,9.4388,4.3581,1.0,35,0.5057,1.2845,0.039264,100.4673,29.7394,2.0579,0.2297,304323000000.0,348,0.047203,44.29,3.26,35.43,1,0,-5.6111
5800,신영와코루,2025-01-08,10040,12350,KOSPI,1422,23.008,613.3682,1.0,224,0.8571,64.2572,-0.003881,44.1074,34.1633,3.8255,0.3312,3421201008.0,679,0.030885,-6.72,-19.19,-14.98,0,0,-4.4834
214330,금호에이치티,2025-01-08,679,688,KOSPI,1116,1.3255,4.5097,0.6571,218,0.3952,1.638,-0.003961,40.4082,28.993,3.8255,0.1048,1052174195.0,969,0.031873,4.36,-7.99,-7.99,0,0,-4.4834
77970,STX엔진,2025-01-10,23000,23600,KOSPI,13008,2.6087,2.3758,0.8333,95,0.6708,1.3415,0.042696,105.5749,38.4614,4.0507,0.186,18685345636.0,95,0.054025,13.77,-9.32,13.77,1,0,-4.6202
8830,대동기어,2025-01-10,16050,16250,KOSDAQ,1594,1.2461,1.5021,0.8489,20,0.6202,1.0866,0.043643,140.0295,-7.2637,8.5098,0.1139,59584741876.0,20,0.087297,52.92,-18.46,52.92,1,0,-8.8479
10140,삼성중공업,2025-01-10,12030,12250,KOSPI,242440,1.8288,1.3464,0.8413,32,0.5572,0.8672,0.037446,73.7589,13.6246,4.0507,0.0693,80730870976.0,32,0.031837,11.59,-4.49,9.47,1,0,-4.6202
6060,화승인더,2025-01-10,4595,4615,KOSPI,1787,0.4353,0.9686,0.2778,13,0.6494,1.1575,0.031741,46.5079,0.2431,4.0507,0.0192,800662919.0,902,0.033431,4.66,0.43,4.01,0,0,-4.6202
340570,티앤엘,2025-01-13,76900,77200,KOSDAQ,4405,0.3901,7.7703,0.8961,59,0.7035,1.6013,0.029083,105.0465,20.9557,4.7772,0.1711,10182907740.0,59,0.039508,8.42,-4.92,4.92,0,0,-9.9705
66620,국보디자인,2025-01-13,18230,18370,KOSDAQ,1616,0.768,1.0207,0.6296,2,0.3885,0.8697,0.021011,34.6774,0.4347,4.7772,0.0187,147682168.0,790,0.01567,1.63,-6.21,-2.83,0,0,-9.9705
21240,코웨이,2025-01-14,72700,73700,KOSPI,58822,1.3755,2.0419,0.9216,24,0.5429,1.1183,0.022889,43.3852,4.9718,0.6156,0.0765,15374744880.0,852,0.03741,16.01,1.36,16.01,1,0,-5.2533
101930,인화정공,2025-01-15,32850,33650,KOSDAQ,3836,2.4353,2.6002,0.9104,14,1.0,1.0252,0.10375,219.5632,7.2106,2.5774,0.0809,1549727770.0,14,0.048822,14.26,-3.27,8.92,1,0,-9.3345
64820,케이프,2025-01-15,6400,7420,KOSDAQ,3405,15.9375,33.9166,0.6903,164,0.8486,4.6063,0.026887,82.7586,24.6954,2.5774,0.2489,8427266192.0,164,0.052753,2.43,-13.21,-11.73,0,0,-9.3345
103590,일진전기,2025-01-15,29400,30000,KOSPI,28516,2.0408,2.5809,0.6604,122,0.7129,1.096,0.067903,189.0173,16.4106,0.0942,0.0753,28869731480.0,122,0.048333,20.83,-2.67,10.67,1,0,-5.2409
34950,한국기업평가,2025-01-15,89700,90800,KOSDAQ,4386,1.2263,1.8474,0.8571,158,0.8261,1.0663,0.009147,19.4737,-0.6694,2.5774,0.0267,295461880.0,992,0.011957,3.74,-7.16,-4.96,0,0,-9.3345
5990,매일홀딩스,2025-01-16,8670,8730,KOSDAQ,1423,0.692,0.9126,0.9091,17,0.6944,0.8393,0.006253,16.4,-1.0954,3.6806,0.0199,56862380.0,884,0.017591,1.03,-1.49,0.57,0,0,-7.6193
122870,와이지엔터테인먼트,2025-01-16,49250,49300,KOSDAQ,13102,0.1015,0.6014,0.5185,30,0.9917,0.7166,0.009451,63.245,1.3247,3.6806,0.065,10384194340.0,399,0.034773,9.13,-2.74,7.91,0,0,-7.6193
225530,HC보광산업,2025-01-16,5620,5680,KOSDAQ,1008,1.0676,1.5391,0.2222,212,0.5385,2.4448,-0.011003,72.3824,21.9831,3.6806,0.1441,15651236630.0,810,0.068473,6.87,-19.98,-18.22,0,0,-7.6193
115310,인포바인,2025-01-16,22700,23300,KOSDAQ,2685,2.6432,6.9937,1.0,232,0.7895,1.1741,-0.006235,25.5388,13.9368,3.6806,0.1104,254754830.0,604,0.029123,57.3,3.86,54.51,1,0,-7.6193
353810,이지바이오,2025-01-16,4785,4860,KOSDAQ,2346,1.5674,13.4998,0.5714,147,0.8418,2.0895,0.019412,46.8278,5.288,3.6806,0.1049,2145793554.0,989,0.033877,8.02,-0.21,0.82,0,0,-7.6193
17960,한국카본,2025-01-17,13350,13440,KOSPI,16663,0.6742,3.0104,0.9573,99,0.4533,1.0733,0.013273,42.8268,23.5993,2.7165,0.1291,8783979946.0,589,0.036511,19.05,-2.38,10.04,1,0,-4.1438
50890,쏠리드,2025-01-17,7080,7100,KOSDAQ,5061,0.2825,6.5685,0.8197,246,0.7465,1.8299,0.006729,71.0843,26.4035,4.3515,0.1333,45764924766.0,990,0.073139,13.94,-4.93,0.42,1,0,-7.4561
100840,SNT에너지,2025-01-17,26050,26100,KOSPI,8634,0.1919,0.5855,0.36,1,0.4158,0.3964,0.122227,257.7793,33.2918,2.7165,0.1168,3918753950.0,1,0.067187,16.48,-7.47,0.96,1,0,-4.1438
229640,LS에코에너지,2025-01-17,42750,50800,KOSPI,11928,18.8304,25.9813,1.0,161,0.6919,4.4568,0.059563,188.6364,54.559,2.7165,0.4685,87765340810.0,161,0.049494,-7.87,-22.74,-22.74,0,0,-4.1438
108490,로보티즈,2025-01-17,32574,34327,KOSDAQ,45022,5.3816,3.4505,0.716,245,0.3391,3.2301,-0.003487,117.4659,74.9486,4.3515,0.3526,62367264303.0,440,0.086825,20.14,-4.4,-4.4,1,0,-7.4561
306200,세아제강,2025-01-20,140700,141000,KOSPI,3313,0.2132,10.8555,0.6911,199,0.8333,2.6226,-0.012092,29.1209,14.6157,1.4337,0.1579,3457123740.0,585,0.034498,10.43,-5.96,10.43,1,0,-4.2372
230240,에치에프알,2025-01-20,19790,19970,KOSDAQ,1831,0.9096,0.8335,0.6889,242,0.493,1.3738,0.023325,167.6944,25.7842,4.3135,0.1247,3280173844.0,688,0.064311,31.95,0.65,10.17,1,0,-6.9663
96770,SK이노베이션,2025-01-20,128900,129400,KOSPI,181225,0.3879,0.7396,0.6604,250,0.3113,1.3372,0.000475,39.4397,7.3058,1.4337,0.0756,31073800520.0,974,0.032844,2.32,-6.57,2.32,0,0,-4.2372
155,두산우,2025-01-21,133200,142300,KOSPI,18384,6.8318,2.6618,0.7664,126,0.7163,1.0073,0.068766,211.0383,26.8218,3.3704,0.2034,3638446940.0,126,0.050547,13.28,-9.21,10.96,1,0,-4.2704
5945,NH투자증권우,2025-01-21,12490,12520,KOSPI,4133,0.2402,0.8656,0.5882,32,0.5652,0.7786,0.008069,31.7895,-0.5789,3.3704,0.0201,697441732.0,758,0.010383,7.03,0.64,5.83,0,0,-4.2704
332570,PS일렉트로닉스,2025-01-21,4030,4170,KOSDAQ,3153,3.4739,143.4763,1.0,225,0.7841,16.9809,-0.015937,94.4056,61.7121,6.0947,0.4408,29936272380.0,984,0.055927,25.9,-5.16,0.24,1,0,-7.0567
329180,HD현대중공업,2025-01-21,314000,327000,KOSPI,576237,4.1401,1.276,0.9474,7,0.3425,1.0055,0.106701,198.3577,24.8649,3.3704,0.1018,100565000000.0,7,0.042049,11.93,-9.63,-8.72,1,0,-4.2704
13030,하이록코리아,2025-01-21,29450,29850,KOSDAQ,3778,1.3582,6.2381,0.6667,169,0.678,1.8957,0.00241,32.9621,9.1562,6.0947,0.1314,5867132730.0,353,0.033501,3.69,-8.21,-3.85,0,0,-7.0567
92460,한라IMS,2025-01-21,8780,9040,KOSDAQ,2621,2.9613,1.1327,0.9111,2,0.6617,0.9325,0.03537,57.4913,7.9027,6.0947,0.0785,1136468982.0,2,0.037769,4.98,-6.53,-2.65,0,0,-7.0567
64960,SNT모티브,2025-01-21,27549,28044,KOSPI,9130,1.7968,2.4997,0.8574,136,0.6304,2.8329,-0.0044,28.2129,22.3086,3.3704,0.1861,4991649368.0,982,0.036264,0.2,-11.21,-6.58,0,0,-4.2704
14620,성광벤드,2025-01-21,30550,30950,KOSDAQ,8326,1.3093,0.758,0.6512,2,0.6134,0.7576,0.109343,204.9261,22.5955,6.0947,0.1904,27602719300.0,2,0.067505,-1.45,-17.45,-15.51,0,0,-7.0567
267270,HD건설기계,2025-01-22,68500,72700,KOSPI,51572,6.1314,3.5243,0.8372,122,0.5952,1.1773,0.015396,60.4857,13.4317,5.9443,0.1488,24598100080.0,364,0.038023,13.89,-12.24,1.93,1,0,-3.1285
298040,효성중공업,2025-01-22,500000,506000,KOSPI,213159,1.2,1.4597,0.7568,48,0.4564,0.9365,0.056697,217.8392,17.621,5.9443,0.1787,58985130000.0,48,0.048137,5.34,-11.56,-9.98,0,0,-3.1285
119850,지엔씨에너지,2025-01-22,10430,13190,KOSDAQ,5658,26.4621,5.8428,1.0,28,0.7058,2.0933,0.062361,225.2774,27.1075,9.5764,0.4536,43707012302.0,28,0.074299,31.46,-5.91,19.26,1,0,-6.1505
138930,BNK금융지주,2025-01-22,11880,11960,KOSPI,51235,0.6734,1.2333,0.7353,33,0.4153,0.8518,0.032496,72.8324,10.6249,5.9443,0.0988,10227285484.0,33,0.027652,1.67,-6.1,-2.42,0,0,-3.1285
157,두산2우B,2025-01-22,134000,136100,KOSPI,3612,1.5672,4.2993,0.746,127,0.658,1.4924,0.047074,119.8708,24.2949,5.9443,0.1873,615451280.0,890,0.058413,3.89,-18.44,-0.73,0,0,-3.1285
241590,화승엔터프라이즈,2025-01-22,10000,10400,KOSPI,3048,4.0,4.7509,0.99,168,0.6714,1.2153,0.021479,56.1562,16.842,5.9443,0.1556,4120802144.0,910,0.039217,8.56,-2.98,-0.1,0,0,-3.1285
34020,두산에너빌리티,2025-01-22,22450,23950,KOSPI,554085,6.6815,4.1104,0.8286,46,0.5352,1.527,0.014092,67.2486,30.3676,5.9443,0.2219,333972000000.0,892,0.036982,26.51,-3.97,17.95,1,0,-3.1285
83650,비에이치아이,2025-01-22,19100,20900,KOSDAQ,21568,9.4241,3.9593,0.5989,40,0.6362,1.1976,0.072645,189.4737,34.0662,9.5764,0.266,109800000000.0,40,0.066268,12.44,-5.12,-1.2,1,0,-6.1505
150,두산,2025-01-22,300000,325500,KOSPI,135542,8.5,1.3102,0.92,9,0.6402,0.8257,0.08708,312.0253,23.737,5.9443,0.1587,42321670000.0,9,0.05508,15.51,-18.59,11.52,1,0,-3.1285
65680,우주일렉트로,2025-01-22,21200,21600,KOSDAQ,3008,1.8868,1.1836,0.6,196,0.5482,2.0685,0.008752,79.8501,48.0878,9.5764,0.1923,4513314676.0,975,0.051124,23.38,-7.64,15.51,1,0,-6.1505
91810,티웨이항공,2025-01-23,3591,3801,KOSPI,4526,5.848,19.1417,0.7017,72,0.6692,4.5487,0.005685,66.273,55.366,3.009,0.3975,106213000000.0,889,0.054309,3.0,-33.96,-33.96,0,0,-4.2872
500,가온전선,2025-01-23,66300,67700,KOSPI,13268,2.1116,0.774,0.525,171,0.6384,0.6682,0.078455,252.2373,26.4365,3.009,0.1139,20437206680.0,171,0.054969,0.44,-23.19,-22.75,0,0,-4.2872
14160,대영포장,2025-01-23,1902,2245,KOSPI,1098,18.0336,21.0711,1.0,205,0.5778,5.9241,-0.007784,137.0644,116.6583,3.009,0.704,48943678659.0,968,0.077537,-22.49,-35.86,-31.71,0,0,-4.2872
7340,DN오토모티브,2025-01-23,20470,20550,KOSPI,14130,0.3908,0.4931,0.7273,83,0.4126,0.9166,0.015848,31.8829,8.1923,3.009,0.0734,1562669804.0,374,0.023114,7.3,-0.49,6.81,0,0,-4.2872
25540,한국단자,2025-01-23,78200,80100,KOSPI,7252,2.4297,1.2875,0.7429,98,0.7799,1.1923,0.008782,45.1087,15.8337,3.009,0.1427,3415519960.0,879,0.034243,5.74,-6.37,-5.62,0,0,-4.2872
204610,티쓰리,2025-01-24,1715,1729,KOSDAQ,1166,0.8163,0.9764,0.7024,6,0.3791,0.6219,0.022518,69.1781,6.3756,7.1503,0.0613,598007817.0,474,0.030654,3.24,-3.01,3.24,0,0,-6.3904
2450,삼익악기,2025-01-24,1392,1501,KOSPI,1037,7.8305,157.7177,0.2792,170,0.9465,17.4821,-0.007337,50.5517,20.516,3.9451,0.2552,6636704813.0,886,0.034644,-7.59,-22.52,-19.79,0,0,-3.4379
33500,동성화인텍,2025-01-24,21450,21500,KOSDAQ,7992,0.2331,1.0935,0.3077,2,0.588,2.0379,0.042016,100.3728,33.6486,7.1503,0.2503,34480655472.0,2,0.054917,11.16,-8.7,7.67,1,0,-6.3904
65660,안트로젠,2025-01-24,22650,22750,KOSDAQ,4002,0.4415,1.1182,0.7037,1,0.831,1.0781,0.035096,69.7761,17.2346,7.1503,0.1549,1461761570.0,849,0.052119,-2.86,-23.65,-21.32,0,0,-6.3904
37460,삼지전자,2025-01-24,9420,9430,KOSDAQ,3484,0.1062,4.7554,0.4082,134,0.6357,1.3804,0.005893,17.581,-2.7206,7.1503,0.0616,650002816.0,983,0.02083,-1.27,-5.3,-4.88,0,0,-6.3904
36530,SNT홀딩스,2025-01-31,25350,25800,KOSPI,8494,1.7751,7.9327,0.8409,173,0.7684,1.9616,0.002899,49.1329,4.5666,3.6095,0.1333,950651900.0,173,0.035022,29.26,1.94,24.22,1,0,-4.1354
205500,넥써쓰,2025-01-31,3975,4140,KOSDAQ,1423,4.1509,0.7757,1.0,13,0.125,0.6648,0.127864,321.5886,30.6689,7.7926,0.1315,1481224846.0,794,0.075656,-0.48,-18.0,-14.61,0,0,-6.3374
259960,크래프톤,2025-01-31,351000,364000,KOSPI,118036,3.7037,2.0562,1.0,54,0.5812,1.0456,0.03403,97.29,14.9572,3.6095,0.0872,46478468800.0,784,0.034733,5.22,-14.29,-5.63,0,0,-4.1354
274090,켄코아에어로스페이스,2025-01-31,14840,14940,KOSDAQ,3688,0.6739,6.1135,0.6727,249,0.7273,2.9745,-0.00341,86.0523,46.387,7.7926,0.3324,52718516432.0,873,0.05393,9.57,-11.65,-11.65,0,0,-6.3374
900290,GRT,2025-02-03,5430,5530,KOSDAQ,2805,1.8416,121.3602,1.0,67,0.9688,14.3805,0.000474,95.4064,66.3258,5.6804,0.6097,22151868600.0,390,0.050245,-7.78,-31.56,-24.5,0,0,-9.3775
42000,카페24,2025-02-03,41750,46850,KOSDAQ,8743,12.2156,5.3682,0.8808,148,0.6373,1.2133,0.070313,210.6764,36.0745,5.6804,0.217,59574188590.0,851,0.06251,46.21,13.34,33.4,1,0,-9.3775
207940,삼성바이오로직스,2025-02-03,1605673,1611560,KOSPI,792964,0.3666,1.2488,1.0,68,0.5398,0.9976,0.02019,50.619,15.1926,2.0451,0.0828,110617000000.0,68,0.03255,8.22,-2.1,2.28,0,0,-6.4972
71970,HD현대마린엔진,2025-02-04,28650,29650,KOSPI,28664,3.4904,1.1778,0.7931,6,0.5468,0.9517,0.086982,196.2038,17.8422,3.4257,0.1043,19210491860.0,6,0.055529,1.35,-17.2,-14.84,0,0,-5.3997
347700,스피어,2025-02-04,5380,5440,KOSDAQ,12281,1.1152,1.9604,0.9213,31,0.5852,1.3325,0.093847,234.3577,31.3943,6.1531,0.1727,4642998616.0,949,0.088892,48.9,1.1,47.06,1,0,-7.2063
352820,하이브,2025-02-04,230500,233000,KOSPI,152769,1.0846,0.9442,0.8333,189,0.3941,0.7661,0.004534,47.4684,17.05,3.4257,0.081,37866782000.0,787,0.031729,12.66,0.64,7.73,1,0,-5.3997
35000,HS애드,2025-02-04,6540,6650,KOSPI,1319,1.682,2.8877,1.0,55,0.825,1.3043,0.001,12.5212,1.4639,3.4257,0.046,111834344.0,729,0.010956,9.77,3.16,8.87,0,0,-5.3997
35420,NAVER,2025-02-05,221500,229000,KOSPI,419581,3.386,2.4172,0.7692,241,0.7345,1.041,0.010962,47.7419,13.5639,4.5991,0.1011,333025000000.0,834,0.029164,1.31,-10.26,-4.37,0,0,-4.3059
277810,레인보우로보틱스,2025-02-05,340000,371000,KOSDAQ,140067,9.1176,2.7852,0.7808,1,0.7851,1.662,0.051651,226.8722,68.9546,6.4591,0.4171,486045000000.0,1,0.059492,12.53,-11.86,-11.86,1,0,-5.6884
9680,모토닉,2025-02-05,8900,9070,KOSPI,2934,1.9101,4.7451,0.7778,110,0.975,2.0527,0.003948,13.8018,2.1068,4.5991,0.0687,718492762.0,999,0.017247,2.98,-1.87,2.98,0,0,-4.3059
304100,솔트룩스,2025-02-05,32200,33150,KOSDAQ,3596,2.9503,12.0333,0.9038,250,0.8683,3.0004,-0.010192,157.5758,31.3788,6.4591,0.3646,88044155000.0,341,0.057315,0.75,-27.6,-27.6,0,0,-5.6884
86820,바이오솔루션,2025-02-05,9528,9629,KOSDAQ,1798,1.06,0.7316,0.9183,1,0.5101,1.0882,0.04775,133.2607,15.2421,6.4591,0.1344,1156541328.0,880,0.061807,9.1,-4.2,5.07,0,0,-5.6884
64350,현대로템,2025-02-06,67100,71500,KOSPI,230836,6.5574,5.2324,0.9051,73,0.7568,1.0745,0.05058,163.8376,33.6166,3.8834,0.244,172146000000.0,73,0.045954,27.27,9.37,25.45,1,0,-3.2252
52330,코텍,2025-02-06,8290,8500,KOSDAQ,1661,2.5332,12.3938,0.6,60,1.0,2.2246,0.008165,32.6053,1.8871,4.8968,0.0478,412809292.0,904,0.016807,0.24,-2.94,-2.59,0,0,-4.4019
267250,HD현대,2025-02-06,85600,86700,KOSPI,176155,1.285,4.0337,0.8052,21,0.9872,1.1364,0.018626,43.3058,-0.9143,3.8834,0.0391,19523243680.0,21,0.028258,-9.34,-15.92,-14.76,0,0,-3.2252
12450,한화에어로스페이스,2025-02-06,409637,414068,KOSPI,637324,1.0817,1.1911,0.8871,56,0.622,0.7665,0.063538,211.4816,12.2767,3.8834,0.0733,127676000000.0,56,0.039408,73.84,-1.78,73.84,1,0,-3.2252
3230,삼양식품,2025-02-06,783000,809000,KOSPI,82938,3.3206,4.6585,0.7957,25,1.0,1.2613,0.105138,373.3762,5.2934,3.8834,0.1029,98092347200.0,25,0.047413,14.59,-1.36,11.99,1,0,-3.2252
58970,엠로,2025-02-06,81900,83000,KOSDAQ,4858,1.3431,2.6525,0.8642,250,0.932,1.7609,0.013876,112.2762,15.0453,4.8968,0.1929,40357224940.0,373,0.052238,-2.41,-33.73,-33.73,0,0,-4.4019
12630,HDC,2025-02-06,12780,13210,KOSPI,11578,3.3646,2.5771,0.9,1,0.7615,1.0335,0.045571,103.858,3.8654,3.8834,0.0537,1919390928.0,917,0.028063,6.36,-3.48,6.28,0,0,-3.2252
326030,SK바이오팜,2025-02-06,125900,127000,KOSPI,87633,0.8737,9.4745,0.9293,75,1.0,1.6425,0.019238,67.7675,12.4169,3.8834,0.1382,77694775600.0,1003,0.042407,0.71,-15.83,-15.83,0,0,-3.2252
161580,필옵틱스,2025-02-06,32900,38300,KOSDAQ,12474,16.4134,3.9972,0.9274,199,0.6146,1.5317,0.044803,343.287,82.3892,4.8968,0.3652,115521000000.0,199,0.082805,39.16,-0.78,1.7,1,0,-4.4019
214370,케어젠,2025-02-06,33300,33950,KOSDAQ,57287,1.952,4.8934,0.6882,19,0.9259,1.1264,0.032614,120.4545,2.0323,4.8968,0.1235,9991424190.0,388,0.054913,0.15,-26.22,-26.22,0,0,-4.4019
214450,파마리서치,2025-02-06,266500,270500,KOSDAQ,43688,1.5009,1.3627,0.9318,25,1.0,0.8995,0.090611,203.5915,-1.0581,4.8968,0.0784,27300694600.0,25,0.044098,20.15,-1.66,12.75,1,0,-4.4019
12510,더존비즈온,2025-02-06,75900,88000,KOSPI,27952,15.942,7.7309,0.993,147,0.6656,2.0202,0.030698,111.0312,39.6729,3.8834,0.4053,67429242340.0,997,0.046023,-2.61,-23.07,-20.68,0,0,-3.2252
260970,에스앤디,2025-02-07,56300,57000,KOSDAQ,1912,1.2433,4.1129,0.6038,156,0.9129,1.5194,0.054288,240.7053,31.1189,3.4737,0.2459,15326045860.0,1000,0.06015,26.49,-5.26,23.16,1,0,-3.9958
226400,오스테오닉,2025-02-07,8330,8390,KOSDAQ,1254,0.7203,0.5642,0.9474,12,0.2839,0.6815,0.053351,100.7177,20.6387,3.4737,0.0914,3556187574.0,12,0.058233,-2.03,-13.95,-12.04,0,0,-3.9958
30610,교보증권,2025-02-07,5750,5900,KOSPI,12775,2.6087,13.6698,1.0,30,1.0,1.9338,0.005333,24.3414,4.3975,1.3373,0.0771,457166212.0,918,0.019007,15.76,0.85,14.41,1,0,-3.755
319400,현대무벡스,2025-02-07,4135,4170,KOSDAQ,37367,0.8464,12.9022,0.1857,2,0.8333,2.4593,0.027905,66.8,10.9296,3.4737,0.0517,16468173743.0,1001,0.050445,4.08,-15.35,-15.11,0,0,-3.9958
41440,현대에버다임,2025-02-07,10190,10300,KOSDAQ,1471,1.0795,6.6099,0.7041,53,1.0,1.5623,0.032495,75.4685,16.5729,3.4737,0.1332,23780705520.0,546,0.052497,9.61,-13.59,-10.19,0,0,-3.9958
10100,한국무브넥스,2025-02-07,7300,7640,KOSPI,1675,4.6575,0.7599,0.9808,249,0.4237,4.2591,-0.019252,182.963,134.1019,1.3373,0.6751,11813693316.0,270,0.073205,11.13,-39.66,-39.53,1,0,-3.755
419530,SAMG엔터,2025-02-10,19390,19790,KOSDAQ,3542,2.0629,12.384,1.0,92,0.701,2.3839,0.001004,122.8604,44.4283,4.3687,0.35,5713892842.0,497,0.049917,45.28,6.11,35.42,1,0,-3.0522
950160,코오롱티슈진,2025-02-10,31800,32150,KOSDAQ,85468,1.1006,0.7807,0.5405,1,0.6348,0.4887,0.104921,252.1358,9.8409,4.3687,0.087,12241339070.0,1,0.050211,30.64,9.02,30.64,1,0,-3.0522
5690,파미셀,2025-02-10,9450,9690,KOSPI,8132,2.5397,4.2555,0.5849,18,0.9219,1.0189,0.042386,125.3488,6.1385,1.1705,0.1184,16789245688.0,878,0.070765,18.47,-3.3,16.31,1,0,-3.746
93050,LF,2025-02-10,16420,16450,KOSPI,5553,0.1827,1.1109,1.0,176,0.5085,1.4067,0.007144,30.9713,1.3856,1.1705,0.0311,752690346.0,890,0.020365,0.97,-7.72,-7.72,0,0,-3.746
376300,디어유,2025-02-10,39900,41000,KOSDAQ,8427,2.7569,3.4847,0.6304,53,0.6367,0.9452,0.020724,125.0274,23.3571,4.3687,0.1713,15182227660.0,789,0.0473,16.34,-3.9,-3.9,1,0,-3.0522
232680,라온로보틱스,2025-02-10,9820,9830,KOSDAQ,2866,0.1018,3.0354,0.7797,242,0.3265,4.5869,-0.013863,66.6102,36.8669,4.3687,0.2658,4942462480.0,929,0.049775,8.95,-14.55,-0.71,0,0,-3.0522
5940,NH투자증권,2025-02-10,14530,14540,KOSPI,89442,0.0688,1.2529,0.5172,42,0.5769,1.0113,0.013488,43.818,6.9336,1.1705,0.0378,9559571030.0,42,0.020731,5.36,-0.55,-0.55,0,0,-3.746
388720,유일로보틱스,2025-02-10,38800,45000,KOSDAQ,15124,15.9794,27.9694,0.1149,80,0.9346,4.2403,0.018238,92.3077,27.7899,4.3687,0.2876,46887154070.0,80,0.058571,58.0,0.89,48.67,1,0,-3.0522
8060,대덕,2025-02-10,6840,6960,KOSPI,3599,1.7544,3.3464,0.9524,21,0.8929,0.9616,0.003983,15.0413,1.4844,1.1705,0.0241,381629712.0,905,0.011392,3.74,-0.57,1.72,0,0,-3.746
880,한화,2025-02-11,31450,32500,KOSPI,81855,3.3386,2.7866,0.9062,124,0.6055,0.8132,0.005493,36.8421,15.5651,0.714,0.0923,10990210700.0,838,0.033956,60.92,16.0,40.62,1,0,-3.0361
42660,한화오션,2025-02-11,61900,63300,KOSPI,410594,2.2617,2.1354,0.6333,2,0.3722,1.3868,0.082313,191.7051,42.1754,0.714,0.1681,524544000000.0,2,0.070808,34.44,12.16,12.16,1,0,-3.0361
226950,올릭스,2025-02-11,31200,34700,KOSDAQ,26408,11.2179,0.2426,0.5,73,0.8537,1.1614,0.008334,296.5714,123.3777,4.1633,1.0085,10760306964.0,880,0.069164,69.45,21.33,33.57,1,0,-2.9945
35900,JYP Ent.,2025-02-11,81900,83600,KOSDAQ,24908,2.0757,1.6386,0.9512,250,0.4533,0.8864,0.011188,92.1839,12.9236,4.1633,0.1046,70880608980.0,374,0.036056,1.79,-16.15,-16.15,0,0,-2.9945
00088K,한화3우B,2025-02-11,16040,16100,KOSPI,8790,0.3741,3.3763,0.8537,124,0.5852,1.0357,0.002341,20.3288,6.6193,0.714,0.0457,870940854.0,838,0.021961,28.88,6.52,18.76,1,0,-3.0361
368770,파이버프로,2025-02-11,6060,6820,KOSDAQ,6012,12.5413,7.7701,0.837,22,0.7037,1.4268,0.056925,133.5616,20.9744,4.1633,0.2408,19346403084.0,665,0.06305,10.7,-12.02,0.88,1,0,-2.9945
82270,젬백스,2025-02-11,22950,23850,KOSDAQ,16389,3.9216,2.9887,0.8269,75,0.7082,1.1286,0.056108,140.9091,41.7083,4.1633,0.2539,19227098792.0,1005,0.064181,74.42,-5.66,74.42,1,0,-2.9945
271560,오리온,2025-02-12,106000,108000,KOSPI,46574,1.8868,1.9199,0.95,37,0.7054,1.0274,0.007252,28.7247,4.6247,1.0504,0.0741,14738094980.0,429,0.02209,1.94,-6.2,0.74,0,0,-2.6547
3570,SNT다이내믹스,2025-02-12,27700,28700,KOSPI,16493,3.6101,5.7976,0.5667,74,0.5679,1.7195,0.026976,96.5753,42.4496,1.0504,0.2559,8614003150.0,74,0.055774,27.18,-0.7,25.44,1,0,-2.6547
214430,아이쓰리시스템,2025-02-12,49000,60400,KOSDAQ,8747,23.2653,15.3918,0.7951,209,0.9369,2.2602,0.007995,126.2172,24.2982,2.9937,0.2809,19385859980.0,209,0.051443,7.12,-5.79,-1.49,0,0,-3.4932
272210,한화시스템,2025-02-12,29850,32800,KOSPI,176451,9.8827,13.429,0.9931,57,0.8601,2.455,0.040716,117.0748,32.8272,1.0504,0.2855,447342000000.0,57,0.060213,20.88,-6.86,6.86,1,0,-2.6547
108380,대양전기공업,2025-02-12,16720,17120,KOSDAQ,2665,2.3923,5.7068,0.9933,163,0.6818,1.7755,0.014503,54.5126,16.5594,2.9937,0.1408,2354888456.0,925,0.038802,12.15,-3.97,9.46,1,0,-3.4932
79550,LIG넥스원,2025-02-12,269000,290000,KOSPI,99880,7.8067,2.857,0.8837,62,0.5325,1.2919,0.031924,175.9277,22.3539,1.0504,0.2363,116340000000.0,62,0.043473,10.52,-6.72,-3.62,1,0,-2.6547
358570,지아이이노베이션,2025-02-12,12913,13319,KOSDAQ,9274,3.1441,2.1861,0.7126,80,0.6352,1.7733,-0.015392,100.2255,69.9579,2.9937,0.4383,25261006655.0,80,0.060408,17.13,-2.53,8.87,1,0,-3.4932
293580,나우IB,2025-02-12,1378,1409,KOSDAQ,1744,2.2496,11.9272,0.9626,35,1.0,1.3355,0.015509,62.1404,2.3127,2.9937,0.1955,17129825401.0,941,0.047247,-12.14,-22.0,-20.79,0,0,-3.4932
10120,LS ELECTRIC,2025-02-13,260000,263000,KOSPI,157500,1.1538,4.2687,0.7955,132,0.6856,1.4289,0.066766,316.1392,44.1666,2.6787,0.2144,184262000000.0,132,0.058392,10.84,-24.75,-21.48,1,0,-1.3097
38390,레드캡투어,2025-02-13,9260,11810,KOSDAQ,2078,27.5378,111.0496,1.0,45,0.9184,12.0894,0.014886,60.1356,32.3173,4.3725,0.3276,5018448978.0,907,0.026975,20.66,-16.26,-16.26,1,0,-2.8974
8830,대동기어,2025-02-13,20300,24850,KOSDAQ,1594,22.4138,3.7422,0.7087,1,0.8233,1.4539,0.052329,267.0606,48.5505,4.3725,0.5098,152841000000.0,1,0.077637,8.25,-17.1,-11.07,0,0,-2.8974
77970,STX엔진,2025-02-13,25750,26850,KOSPI,13008,4.2718,3.1058,0.6667,1,1.0,1.5392,0.059805,132.4675,11.0925,2.6787,0.1485,30333440730.0,1,0.058659,11.73,-10.06,-4.84,1,0,-1.3097
320,노루홀딩스,2025-02-13,13880,13990,KOSPI,2711,0.7925,1.7283,0.9744,82,0.8162,1.4454,0.011957,26.1497,4.6889,2.6787,0.0694,424239718.0,924,0.017308,1.72,-2.79,0.29,0,0,-1.3097
71280,로체시스템즈,2025-02-14,19880,21300,KOSDAQ,1527,7.1429,9.1883,0.913,76,0.7946,1.7968,0.04437,187.8378,19.9171,6.7932,0.2236,3093347108.0,76,0.059725,-1.41,-26.43,-21.22,0,0,-1.9365
71055,한국금융지주우,2025-02-14,57400,58500,KOSPI,8295,1.9164,3.7587,0.8148,46,0.481,1.1089,0.01822,37.6471,6.3007,4.0766,0.0469,1682908320.0,906,0.020757,4.96,-8.03,-5.13,0,0,-1.0051
69510,에스텍,2025-02-14,11330,11430,KOSDAQ,1612,0.8826,1.8458,0.8,63,0.4815,1.8714,0.026853,39.2205,-4.0054,6.7932,0.0308,256458442.0,906,0.024997,4.46,-3.06,0.35,0,0,-1.9365
6060,화승인더,2025-02-14,4830,4980,KOSPI,1787,3.1056,2.3265,0.6596,13,0.6143,0.8436,0.030064,57.5949,3.0202,4.0766,0.0502,869209906.0,923,0.027108,4.82,-1.0,3.61,0,0,-1.0051
256940,킵스파마,2025-02-14,7760,7940,KOSDAQ,1803,2.3196,3.3127,1.0,238,0.4576,2.113,0.001569,87.4852,12.7851,6.7932,0.1501,934562448.0,1007,0.051457,22.67,7.05,8.44,1,0,-1.9365
179290,엠아이텍,2025-02-17,8900,9240,KOSDAQ,2327,3.8202,5.5018,0.9091,183,0.5102,1.5121,0.013242,57.9487,9.4949,7.0247,0.1359,2053417642.0,454,0.03641,-0.97,-16.99,-15.37,0,0,-0.3181
424960,스마트레이더시스템,2025-02-17,14880,15080,KOSDAQ,1292,1.3441,1.7899,0.8247,28,0.4051,1.0321,0.009741,149.2562,9.6033,7.0247,0.1464,18144906870.0,351,0.063376,10.28,-24.54,-19.63,1,0,-0.3181
21240,코웨이,2025-02-17,81800,85500,KOSPI,58822,4.5232,1.0129,0.8611,1,0.6692,0.8725,0.036331,66.3424,11.4853,4.5255,0.0848,12084895900.0,872,0.03584,1.29,-6.67,0.12,0,0,-0.27
102940,코오롱생명과학,2025-02-17,28550,28850,KOSDAQ,8885,1.0508,2.8702,0.9043,249,0.7576,0.7247,0.002027,66.763,11.213,7.0247,0.2405,1452908050.0,570,0.041099,27.56,-12.82,24.78,1,0,-0.3181
218410,RFHIC,2025-02-17,18500,18690,KOSDAQ,12695,1.027,1.117,0.5946,240,0.3214,1.4437,0.003647,75.493,32.6614,7.0247,0.1331,5231542900.0,1003,0.054269,2.73,-15.36,-15.09,0,0,-0.3181
11760,현대코퍼레이션,2025-02-17,23250,23700,KOSPI,2930,1.9355,12.0546,0.5672,140,0.9081,3.0373,0.012801,46.9312,20.277,4.5255,0.1952,8058003314.0,374,0.0412,7.81,-3.8,2.11,0,0,-0.27
105550,엣지파운드리,2025-02-17,3950,4050,KOSDAQ,1190,2.5316,7.4225,0.8701,45,0.5381,2.7712,0.023729,102.5,58.2814,7.0247,0.4298,12825791452.0,839,0.067284,28.15,5.06,15.8,1,0,-0.3181
1720,신영증권,2025-02-17,84700,86400,KOSPI,28474,2.0071,10.9741,0.6438,85,0.7754,2.3027,0.016686,38.0192,9.4587,4.5255,0.1125,1004945700.0,85,0.021164,0.69,-10.07,-6.94,0,0,-0.27
3920,남양유업,2025-02-17,70600,71900,KOSPI,2835,1.8414,1.9432,0.9615,66,0.6239,1.2837,0.020925,52.6539,8.1704,4.5255,0.0866,2544666980.0,888,0.038446,7.09,0.56,1.95,0,0,-0.27
71050,한국금융지주,2025-02-17,80800,81000,KOSPI,111452,0.2475,1.0559,0.7222,47,0.5556,1.0316,0.015737,33.0049,5.2306,4.5255,0.0381,13314777640.0,932,0.02619,1.85,-8.89,-6.79,0,0,-0.27
94170,동운아나텍,2025-02-17,21384,22000,KOSDAQ,6440,2.8807,1.6739,0.5862,242,0.745,0.993,0.005917,48.8297,10.8114,7.0247,0.1215,10363209760.0,382,0.052045,6.59,-11.77,6.59,0,0,-0.3181
139130,iM금융지주,2025-02-18,9760,9770,KOSPI,24720,0.1025,1.2676,0.7222,1,0.4911,1.0499,0.009352,30.4406,6.4505,5.2066,0.0567,6371480586.0,812,0.017985,-1.23,-10.64,-6.86,0,1,0.3577
720,현대건설,2025-02-18,35700,37000,KOSPI,110354,3.6415,3.4232,0.8358,188,0.5085,1.5624,-0.006257,53.527,37.6505,5.2066,0.1949,55848204440.0,887,0.03832,-2.16,-12.7,-8.65,0,1,0.3577
316140,우리금융지주,2025-02-18,17200,17240,KOSPI,219489,0.2326,0.5368,0.5833,48,0.4059,1.1957,0.012815,30.9036,6.3069,5.2066,0.0713,41761795232.0,48,0.022207,1.04,-7.37,-3.25,0,1,0.3577
98460,고영,2025-02-18,21900,22100,KOSDAQ,22073,0.9132,2.0344,0.9318,232,0.3046,1.1564,-0.014306,190.4074,130.4592,8.7183,0.3277,85640054486.0,935,0.065191,-8.14,-28.19,-27.56,0,1,0.4059
298380,에이비엘바이오,2025-02-18,41350,46900,KOSDAQ,109351,13.422,7.5923,0.9624,84,0.5796,1.9459,0.044346,135.6784,49.1942,8.7183,0.2659,106643000000.0,84,0.064194,-9.7,-21.22,-13.54,0,1,0.4059
99320,쎄트렉아이,2025-02-18,56000,58200,KOSDAQ,20840,3.9286,4.2554,0.9783,180,0.6306,2.2154,0.01853,88.0452,22.9559,8.7183,0.2025,20057799920.0,984,0.043324,-1.72,-11.68,-4.81,0,1,0.4059
18670,SK가스,2025-02-19,234500,238000,KOSPI,20709,1.4925,1.6002,0.6667,10,0.5902,0.7985,0.038715,59.4106,2.9773,5.6985,0.0663,1987143200.0,10,0.039466,10.08,-1.26,8.82,1,1,2.0503
82740,한화엔진,2025-02-19,26250,26600,KOSPI,44561,1.3333,2.0614,0.5278,21,0.7667,2.151,0.094052,230.0248,2.8729,5.6985,0.1245,200699000000.0,21,0.071697,1.32,-14.85,-9.02,0,1,2.0503
241520,DSC인베스트먼트,2025-02-19,4660,4710,KOSDAQ,2165,1.073,0.8588,1.0,225,0.3655,4.7384,-0.022316,83.2685,56.3659,7.4602,0.4382,51323161368.0,946,0.066576,19.32,-7.01,11.89,1,1,1.0472
115180,큐리언트,2025-02-19,5730,5880,KOSDAQ,13315,2.6178,6.5773,0.8222,80,0.8176,2.0234,0.011879,78.4522,-1.8947,7.4602,0.1631,1804189438.0,1011,0.057276,30.95,-4.42,27.55,1,1,1.0472
41510,에스엠,2025-02-19,95800,96500,KOSDAQ,24291,0.7307,1.6646,0.9846,177,0.4167,1.3991,0.008849,72.3214,17.7019,7.4602,0.1092,21935256020.0,475,0.043375,5.7,-5.49,-1.55,0,1,1.0472
10140,삼성중공업,2025-02-19,13670,14730,KOSPI,242440,7.7542,8.1663,0.7915,17,0.9455,2.0334,0.042281,106.882,4.6385,5.6985,0.1189,326889000000.0,17,0.042721,4.82,-9.23,-1.29,0,1,2.0503
115310,인포바인,2025-02-20,36650,38000,KOSDAQ,2685,3.6835,1.4397,1.0,4,0.2734,2.1211,0.047596,104.7414,51.0112,6.0136,0.1897,1970774790.0,625,0.057801,0.53,-11.45,-10.53,0,0,-0.2009
5990,매일홀딩스,2025-02-20,8820,9190,KOSDAQ,1423,4.195,3.089,1.0,20,0.7778,1.5669,0.008914,17.2194,-1.8186,6.0136,0.049,154551956.0,905,0.01298,9.79,0.33,4.24,0,0,-0.2009
122870,와이지엔터테인먼트,2025-02-20,53800,60200,KOSDAQ,13102,11.8959,13.1878,0.6842,7,0.8179,2.2382,0.018742,99.3377,17.2208,6.0136,0.164,40945079340.0,420,0.037019,9.63,-4.32,2.16,0,0,-0.2009
00680K,미래에셋증권2우B,2025-02-20,4165,4180,KOSPI,20775,0.3601,0.6951,0.7,50,0.4821,1.1129,0.010738,19.9426,1.0545,5.1717,0.0332,859928716.0,928,0.011705,2.39,-1.91,1.79,0,1,1.3786
375500,DL이앤씨,2025-02-21,39850,40150,KOSPI,16928,0.7528,1.0398,1.0,248,0.3153,1.4115,0.001035,38.21,25.0188,5.3384,0.1372,8363336890.0,890,0.039139,13.08,-1.62,3.36,1,1,1.3923
306200,세아제강,2025-02-21,149500,155700,KOSPI,3313,4.1472,3.1071,0.3953,1,0.7492,1.5719,0.006061,42.5824,5.0871,5.3384,0.0883,3634607460.0,605,0.051335,34.23,0.45,32.95,1,1,1.3923
5440,현대지에프홀딩스,2025-02-21,5280,5480,KOSPI,14437,3.7879,2.3992,0.9231,250,0.6623,0.972,0.01213,38.3838,7.4188,5.3384,0.092,933656634.0,905,0.027046,5.29,-6.2,-3.28,0,1,1.3923
96770,SK이노베이션,2025-02-21,131400,132400,KOSPI,181225,0.761,0.9174,0.6,1,0.9478,0.9284,0.010905,42.6724,-3.02,5.3384,0.0541,35743394780.0,994,0.03005,5.14,-6.8,-5.21,0,1,1.3923
60980,HL홀딩스,2025-02-24,36200,36750,KOSPI,4091,1.5193,2.0877,0.9615,42,0.5231,0.921,0.005397,16.6667,0.2477,5.0532,0.0503,589013960.0,838,0.017979,4.08,-0.41,0.95,0,1,1.0426
100840,SNT에너지,2025-02-24,30400,31250,KOSPI,8634,2.7961,1.6252,0.9867,17,0.7853,1.3586,0.11928,299.5653,18.221,5.0532,0.1309,20093865620.0,17,0.088114,18.4,-2.4,-1.28,1,1,1.0426
17960,한국카본,2025-02-24,16000,16060,KOSPI,16663,0.375,2.6322,0.7388,3,0.7079,2.0874,0.030776,70.6695,8.0454,5.0532,0.1315,39581965832.0,611,0.051459,1.56,-11.58,-11.58,0,1,1.0426
11200,HMM,2025-02-24,19970,20000,KOSPI,184309,0.1502,18.0225,0.2601,155,0.9838,2.6989,0.018086,37.457,5.7502,5.0532,0.0764,135211000000.0,918,0.031857,10.75,-2.05,2.75,1,1,1.0426
3030,세아제강지주,2025-02-25,237500,238500,KOSPI,5426,0.4211,1.2852,0.6667,220,0.6772,1.3167,-0.002701,50.6633,9.2323,3.2677,0.0983,3208811100.0,285,0.053729,16.56,-2.73,2.1,1,1,0.4701
69960,현대백화점,2025-02-25,57600,57800,KOSPI,20932,0.3472,1.6277,0.4737,2,0.5561,1.2634,0.003714,38.7755,14.212,3.2677,0.0951,5879147800.0,930,0.030648,5.54,-2.6,-2.08,0,1,0.4701
253450,스튜디오드래곤,2025-02-25,49400,49500,KOSDAQ,13616,0.2024,1.6554,0.7097,57,0.7175,2.6709,-0.003594,45.1613,25.1943,5.0689,0.1975,36031196760.0,1003,0.044228,3.84,-7.47,-3.84,0,1,0.1082
65680,우주일렉트로,2025-02-26,26650,28600,KOSDAQ,3008,7.3171,3.6731,0.987,5,0.5852,1.5582,0.028138,138.1349,26.4764,6.5469,0.1958,6165845030.0,996,0.057817,2.97,-8.39,-8.39,0,1,0.4216
29780,삼성카드,2025-02-26,45400,45450,KOSPI,63722,0.1101,0.9473,0.5333,118,0.3451,1.0304,0.015864,28.3898,8.3486,4.9931,0.0555,2810263670.0,118,0.018623,-0.66,-10.56,-10.56,0,1,0.8855
339770,교촌에프앤비,2025-02-26,5890,6000,KOSPI,2109,1.8676,1.1138,0.4186,167,0.5333,0.6704,0.028773,54.9187,14.2912,4.9931,0.1166,811074356.0,884,0.038452,0.17,-6.83,-5.83,0,1,0.8855
17810,풀무원,2025-02-26,17610,18310,KOSPI,4868,3.975,12.4296,0.5258,169,0.5212,3.0135,0.017233,87.6025,73.9903,4.9931,0.3391,16308671244.0,929,0.052508,-0.87,-14.69,-13.33,0,1,0.8855
30190,NICE평가정보,2025-02-26,12900,13020,KOSPI,9762,0.9302,1.8173,0.7882,39,0.75,0.5907,0.018995,37.9237,-0.9163,4.9931,0.0526,835529324.0,898,0.02381,2.61,-6.76,-5.68,0,1,0.8855
168360,펨트론,2025-02-26,11660,11820,KOSDAQ,3679,1.3722,1.0831,0.7447,231,0.3427,0.8334,0.014128,275.2381,45.5767,6.5469,0.1495,8415179412.0,350,0.085448,6.6,-8.04,-8.04,0,1,0.4216
145020,휴젤,2025-02-26,321000,323500,KOSDAQ,32790,0.7788,1.1251,0.5833,73,0.5025,1.3919,0.028365,100.807,28.8088,6.5469,0.1962,32561838600.0,73,0.040296,4.33,-6.49,2.47,0,1,0.4216
214150,클래시스,2025-02-27,61900,69100,KOSDAQ,47492,11.6317,19.9077,0.8643,86,0.6886,4.6138,0.035162,119.3651,23.1394,5.7785,0.2579,161307000000.0,86,0.06471,-8.68,-17.51,-15.63,0,1,0.4133
204610,티쓰리,2025-02-27,1783,1785,KOSDAQ,1166,0.1122,0.373,0.9048,1,0.4278,0.6357,0.043004,74.6575,-2.5396,5.7785,0.0329,404574440.0,494,0.028691,3.64,-5.71,-5.71,0,1,0.4133
217270,넵튠,2025-02-27,7110,7320,KOSDAQ,2346,2.9536,1.1862,0.5094,249,0.6244,0.7821,-0.000447,50.7724,23.3221,5.7785,0.1904,1686675818.0,802,0.049961,5.33,-5.33,-1.23,0,1,0.4133
37460,삼지전자,2025-02-28,9430,10060,KOSDAQ,3484,6.6808,59.3805,0.4464,21,1.0,6.6367,0.00321,25.4364,5.9042,2.1516,0.0965,4581319676.0,1004,0.027691,1.09,-8.85,-8.75,0,0,-3.0106
23160,태광,2025-02-28,23750,23800,KOSDAQ,6970,0.2105,1.1138,0.75,18,0.7757,1.1939,0.068351,111.5556,5.0556,2.1516,0.0736,24241629510.0,18,0.061975,6.09,-16.97,-13.24,0,0,-3.0106
97230,HJ중공업,2025-03-04,7270,7930,KOSPI,21806,9.0784,6.0139,1.0,34,0.9561,1.0826,0.099486,259.6372,29.3322,3.0551,0.1958,26941068750.0,844,0.070258,14.5,-25.6,-23.83,1,0,-3.3291
92790,넥스틸,2025-03-04,11810,14140,KOSPI,2761,19.729,12.5408,0.8903,67,0.6421,3.4318,0.023852,104.3353,56.7189,3.0551,0.4751,80519848444.0,67,0.069863,27.58,-14.0,-11.6,1,0,-3.3291
310210,보로노이,2025-03-04,123700,135000,KOSDAQ,39270,9.135,2.6319,0.9611,73,0.6102,0.9878,0.114369,360.7509,59.1889,4.8451,0.2045,32708609280.0,73,0.06672,10.22,-21.33,-16.52,1,0,-3.7193
5010,휴스틸,2025-03-04,5500,5600,KOSPI,2281,1.8182,41.5196,0.6341,178,0.8538,6.4605,-0.00117,61.1511,25.9772,3.0551,0.2601,55451473037.0,604,0.050574,20.36,-9.46,-8.21,1,0,-3.3291
9540,HD한국조선해양,2025-03-05,248500,251000,KOSPI,283800,1.006,2.7383,0.9074,26,0.9681,1.5256,0.057927,132.8386,5.1095,3.0802,0.1111,125995000000.0,26,0.054781,-1.79,-21.75,-17.93,0,0,-2.1903
139480,이마트,2025-03-05,78100,80300,KOSPI,24395,2.8169,1.8867,0.907,7,0.3545,0.8709,0.014838,44.6847,21.9977,3.0802,0.1156,22003206640.0,993,0.035848,6.6,-2.86,2.49,0,0,-2.1903
10820,퍼스텍,2025-03-05,3600,3630,KOSPI,2265,0.8333,2.4506,0.9792,67,0.6364,1.0567,-0.000663,39.3474,15.7414,3.0802,0.0793,2858818878.0,670,0.034042,11.85,-6.61,-6.34,1,0,-2.1903
71200,인피니트헬스케어,2025-03-05,5858,6153,KOSDAQ,1622,5.0358,6.2498,0.7023,250,0.8256,5.3095,-0.011437,52.4529,39.5384,3.7546,0.2933,26489992234.0,892,0.058102,-3.64,-20.64,-17.34,0,0,-2.4629
30530,원익홀딩스,2025-03-05,4475,4630,KOSDAQ,30818,3.4637,6.1317,0.8378,4,0.4123,2.8966,-0.003156,114.3519,72.291,3.7546,0.2982,52715921343.0,945,0.097192,5.4,-20.09,-20.09,0,0,-2.4629
7340,DN오토모티브,2025-03-05,22050,22100,KOSPI,14130,0.2268,1.4013,0.8333,6,0.6078,1.2228,0.028586,41.8303,3.4259,3.0802,0.0382,1994320520.0,6,0.037815,1.58,-7.01,-7.01,0,0,-2.1903
2020,코오롱,2025-03-06,17960,18010,KOSPI,7977,0.2784,0.3067,0.5517,249,0.3911,0.2971,0.001165,43.2776,24.8839,2.6657,0.0978,921247706.0,850,0.034703,66.02,3.28,15.49,1,0,-1.4712
120030,조선선재,2025-03-06,101600,101800,KOSPI,1274,0.1969,3.2696,0.3333,250,0.5812,1.4626,0.00133,14.5107,1.7445,2.6657,0.0389,332018880.0,940,0.018664,1.47,-7.76,-7.37,0,0,-1.4712
9680,모토닉,2025-03-06,9250,9340,KOSPI,2934,0.973,2.6451,0.7368,5,0.8644,1.4688,0.010164,15.8809,0.3111,2.6657,0.0295,393901292.0,1019,0.019654,1.61,-3.21,-2.03,0,0,-1.4712
47810,한국항공우주,2025-03-06,69700,76400,KOSPI,156155,9.6126,5.0074,0.7292,72,0.6411,2.6549,0.015396,57.3635,43.4146,2.6657,0.2899,259105000000.0,72,0.053852,24.35,-2.23,2.36,1,0,-1.4712
5710,대원산업,2025-03-07,6630,7590,KOSDAQ,2561,14.4796,247.7105,0.6744,205,0.8964,25.38,-0.00612,36.2657,31.6704,-1.7047,0.2467,4040116346.0,905,0.031432,-0.79,-5.8,-5.8,0,0,-4.8019
36890,진성티이씨,2025-03-07,10610,10620,KOSDAQ,3111,0.0943,1.7031,0.5143,224,1.0,1.6434,0.001074,35.6322,13.4941,-1.7047,0.0578,4818486108.0,946,0.044054,-1.13,-18.55,-18.55,0,0,-4.8019
12450,한화에어로스페이스,2025-03-07,690278,719820,KOSPI,637324,4.2797,1.9734,0.8816,3,0.4498,1.3618,0.123953,358.56,72.7873,1.0537,0.2055,593334000000.0,3,0.072503,4.51,-14.23,-3.97,0,0,-1.9221
6800,미래에셋증권,2025-03-10,9230,9290,KOSPI,228252,0.6501,1.6971,0.8077,85,0.8167,1.4874,0.014398,39.4895,10.4118,1.9219,0.0698,8447636454.0,939,0.028987,8.72,-5.6,-5.6,0,0,-1.631
64350,현대로템,2025-03-10,91000,92300,KOSPI,230836,1.4286,0.864,0.6078,10,0.6845,0.8134,0.091815,207.6667,14.0328,1.9219,0.0824,116054000000.0,10,0.071196,25.35,-2.06,-2.06,1,0,-1.631
35000,HS애드,2025-03-10,7300,7340,KOSPI,1319,0.5479,5.6605,0.875,7,0.5273,1.4388,0.012668,22.1298,4.9194,1.9219,0.029,298602648.0,752,0.014305,-0.82,-9.54,-9.4,0,0,-1.631
12630,HDC,2025-03-10,14050,14390,KOSPI,11578,2.4199,1.4662,0.9111,2,0.5419,1.1748,0.047922,86.8831,8.7704,1.9219,0.072,1901018278.0,938,0.022387,11.33,-3.27,8.13,1,0,-1.631
950160,코오롱티슈진,2025-03-11,40650,42000,KOSDAQ,85468,3.321,1.6008,0.8857,3,0.4231,0.7261,0.150687,342.1053,34.3953,-3.7577,0.1139,17245818940.0,3,0.071088,34.76,-1.79,-1.43,1,0,-5.4355
82270,젬백스,2025-03-12,41200,41600,KOSDAQ,16389,0.9709,0.6605,0.9412,1,0.3341,1.2151,0.16499,320.202,77.1049,-2.6815,0.2231,33800987540.0,1,0.070828,-3.85,-29.09,-29.09,0,0,-4.3099
33500,동성화인텍,2025-03-12,23900,24400,KOSDAQ,7992,2.0921,4.0425,0.1429,10,0.6836,1.1763,0.073273,127.3998,22.8785,-2.6815,0.0849,30189803520.0,10,0.071897,3.28,-11.89,-6.35,0,0,-4.3099
214450,파마리서치,2025-03-12,325000,328000,KOSDAQ,43688,0.9231,0.7503,0.7714,4,0.4959,0.9017,0.09058,268.1257,17.9714,-2.6815,0.1028,29484692100.0,4,0.046712,6.71,-4.88,-2.13,0,0,-4.3099
84110,휴온스글로벌,2025-03-12,47000,47050,KOSDAQ,6419,0.1064,6.8843,0.6842,52,1.0,1.615,0.046279,125.6595,29.16,-2.6815,0.3318,9915266150.0,938,0.058221,0.85,-21.25,-21.25,0,0,-4.3099
300720,한일시멘트,2025-03-12,16420,16500,KOSPI,12488,0.4872,1.4772,0.3182,50,0.5047,1.0768,0.022446,39.8305,9.033,1.4088,0.0343,1884106544.0,777,0.029177,2.67,-9.03,-9.03,0,0,-1.3969
419530,SAMG엔터,2025-03-12,28750,29200,KOSDAQ,3542,1.5652,1.1785,0.8387,3,0.3797,1.0229,0.095607,228.8288,41.3988,-2.6815,0.141,9077252490.0,518,0.091243,9.59,-5.99,-5.99,0,0,-4.3099
52330,코텍,2025-03-12,8520,8770,KOSDAQ,1661,2.9343,2.6625,0.9811,13,1.0,1.1534,0.008637,33.8931,6.4684,-2.6815,0.0429,186732554.0,927,0.021583,5.93,-2.74,-2.74,0,0,-4.3099
5690,파미셀,2025-03-12,11480,12250,KOSPI,8132,6.7073,4.1034,0.8585,15,0.7994,1.3269,0.083281,184.8837,26.8635,1.4088,0.1424,31237419260.0,899,0.071603,3.18,-31.1,-31.1,0,0,-1.3969
288330,파라택시스코리아,2025-03-12,5850,6120,KOSDAQ,1069,4.6154,3.1256,0.65,94,0.7267,1.3136,0.077448,317.1779,38.6815,-2.6815,0.2421,20163028442.0,996,0.076856,34.48,-0.65,23.04,1,0,-4.3099
380540,옵티코어,2025-03-12,1461,1490,KOSDAQ,1739,1.9849,1.9066,0.8229,144,0.3512,1.0805,0.003489,70.6758,73.3573,-2.6815,0.1549,1293575356.0,522,0.078667,26.85,-15.57,26.85,1,0,-4.3099
24110,기업은행,2025-03-13,15700,15780,KOSPI,173241,0.5096,2.3392,0.6818,240,0.7778,1.4051,0.013759,24.0566,2.3491,0.9908,0.0167,20229700082.0,240,0.014123,0.13,-13.81,-9.89,0,0,-1.4125
3650,미창석유,2025-03-13,100200,102000,KOSPI,2093,1.7964,27.4091,0.4612,104,1.0,3.4411,0.014265,37.4663,10.6066,0.9908,0.1229,481099540.0,104,0.032563,0.1,-3.43,0.1,0,0,-1.4125
368770,파이버프로,2025-03-13,7550,8220,KOSDAQ,6012,8.8742,11.5046,0.7471,4,0.8218,2.2457,0.069161,181.5068,29.6597,-3.0033,0.2415,65594425674.0,4,0.069691,-2.68,-31.02,-26.4,0,0,-5.1007
271560,오리온,2025-03-14,110100,110400,KOSPI,46574,0.2725,1.8447,0.617,15,0.6161,1.2017,0.015131,31.5852,3.253,-0.6508,0.0325,13786184800.0,450,0.028856,10.42,0.63,3.71,1,0,-1.6562
30200,KT,2025-03-14,49000,49100,KOSPI,139368,0.2041,1.0765,0.7391,66,0.5333,0.9943,0.031628,47.4474,9.2791,-0.6508,0.0291,22877714010.0,66,0.019712,3.26,-5.6,-3.56,0,0,-1.6562
260970,에스앤디,2025-03-14,72100,74500,KOSDAQ,1912,3.3287,0.6017,0.8958,6,0.3348,0.7693,0.084072,317.3669,39.9676,-2.0046,0.165,3723691280.0,1024,0.066251,-1.74,-17.99,-6.58,0,0,-3.5099
16590,신대양제지,2025-03-14,6470,6570,KOSPI,4711,1.5456,2.3218,1.0,235,0.7222,1.2364,0.003937,33.6724,11.0709,-0.6508,0.08,181632294.0,880,0.01696,9.28,-1.52,9.28,0,0,-1.6562
65710,서호전기,2025-03-14,23000,23050,KOSDAQ,2626,0.2174,1.2997,0.9231,57,0.459,0.9748,0.01231,23.9914,15.5514,-2.0046,0.0412,239738510.0,906,0.022932,4.34,-1.3,1.08,0,0,-3.5099
267320,나인테크,2025-03-17,3255,3275,KOSDAQ,1877,0.6144,10.4003,0.198,226,0.9747,1.9872,0.002791,100.3058,13.6595,-1.6937,0.1025,13565613083.0,379,0.062159,25.34,-4.43,12.37,1,0,-2.2227
9970,영원무역홀딩스,2025-03-17,97500,99900,KOSPI,27133,2.4615,2.0385,1.0,250,0.7197,1.1764,0.005207,28.5714,17.8881,0.758,0.1048,1644269800.0,255,0.035107,-2.0,-15.22,-9.91,0,1,0.0644
320,노루홀딩스,2025-03-17,14230,14370,KOSPI,2711,0.9838,1.683,1.0,18,0.7403,1.0739,0.014912,29.5762,1.8849,0.758,0.025,177824748.0,945,0.021274,-0.77,-7.72,-1.46,0,1,0.0644
111770,영원무역,2025-03-17,47650,49600,KOSPI,37399,4.0923,0.9852,1.0,10,0.5,1.1136,0.021102,53.323,11.2059,0.758,0.0723,2804835220.0,383,0.034706,6.45,-15.52,-7.86,0,1,0.0644
272210,한화시스템,2025-03-18,39650,41300,KOSPI,176451,4.1614,2.819,0.6094,6,0.6393,1.7094,0.078715,154.6239,20.1593,0.0736,0.1845,442688000000.0,6,0.068705,2.3,-27.0,-5.93,0,1,0.1525
94170,동운아나텍,2025-03-18,22800,23450,KOSDAQ,6440,2.8509,1.169,0.7083,1,0.5625,0.9731,0.014852,58.6389,9.576,-2.9851,0.1047,9623662050.0,402,0.050015,-1.49,-19.15,-14.29,0,0,-1.8902
127120,제이에스링크,2025-03-18,6410,6680,KOSDAQ,7125,4.2122,4.5048,0.5604,45,0.8626,1.0364,0.091866,180.0839,16.2055,-2.9851,0.098,2012820284.0,1029,0.057314,40.72,-1.2,40.72,1,0,-1.8902
347700,스피어,2025-03-18,8100,8200,KOSDAQ,12281,1.2346,0.3525,1.0,12,0.7329,0.521,0.182925,403.9951,9.4786,-2.9851,0.0584,1573080182.0,978,0.077091,-3.66,-26.59,-5.37,0,0,-1.8902
92460,한라IMS,2025-03-18,9490,9510,KOSDAQ,2621,0.2107,1.1214,0.9429,23,0.7193,0.7668,0.031301,63.6833,8.4175,-2.9851,0.0646,965218442.0,23,0.039733,-0.11,-21.14,-4.73,0,0,-1.8902
14940,오리엔탈정공,2025-03-18,6050,6190,KOSDAQ,3660,2.314,5.4138,0.8235,35,0.8696,1.4659,0.046321,113.0809,22.4832,-2.9851,0.1367,14583178582.0,941,0.058908,-4.85,-31.5,-14.54,0,0,-1.8902
340570,티앤엘,2025-03-18,83700,84000,KOSDAQ,4405,0.3584,3.0561,0.8966,26,0.9455,0.9424,0.024352,83.8074,5.8003,-2.9851,0.076,7465558400.0,26,0.039796,-3.81,-21.79,-12.02,0,0,-1.8902
69460,대호에이엘,2025-03-19,1397,1418,KOSPI,1182,1.5032,8.2246,0.8651,52,0.6231,2.1878,0.016056,52.6372,18.7911,0.0689,0.0998,1206574778.0,910,0.04453,23.77,5.08,21.51,1,1,0.7951
12330,현대모비스,2025-03-19,269000,270000,KOSPI,398316,0.3717,1.8415,0.7647,243,0.7778,1.0224,0.010499,32.3529,8.8021,0.0689,0.0561,60906082300.0,1019,0.030556,5.74,-13.15,-11.3,0,1,0.7951
36930,주성엔지니어링,2025-03-19,38900,38950,KOSDAQ,19380,0.1285,1.4348,0.6765,19,0.7906,1.2225,0.004566,75.0562,17.6252,-4.5628,0.1147,49928238050.0,254,0.047497,8.99,-12.58,-12.45,0,0,-2.7672
21240,코웨이,2025-03-20,86600,87000,KOSPI,58822,0.4619,2.05,0.4062,3,0.7143,0.8507,0.038219,67.3077,1.9828,-1.2884,0.0481,15818524460.0,894,0.044171,0.69,-19.54,-10.46,0,1,1.1371
6040,동원산업,2025-03-20,36950,37800,KOSPI,17836,2.3004,2.8857,0.931,51,0.6282,1.2353,0.00666,41.8759,11.0126,-1.2884,0.0518,1071392350.0,946,0.024471,12.96,-10.32,12.96,1,1,1.1371
1045,CJ우,2025-03-20,66800,67000,KOSPI,2186,0.2994,1.9595,0.6667,204,0.7834,3.4916,0.000382,23.6162,15.0405,-1.2884,0.079,2063431280.0,931,0.038806,1.49,-7.76,-3.28,0,1,1.1371
211050,인카금융서비스,2025-03-21,6450,6580,KOSDAQ,7188,2.0155,1.7711,0.7027,73,0.7182,1.2544,0.008405,61.2745,23.2336,-6.3597,0.1037,2171312584.0,73,0.035497,17.33,-2.13,13.68,1,0,-5.1066
115180,큐리언트,2025-03-21,7700,8700,KOSDAQ,13315,12.987,2.8793,0.9291,2,0.546,1.778,0.0543,164.0364,61.164,-6.3597,0.3032,3322930668.0,1032,0.072003,6.32,-16.21,1.61,0,0,-5.1066
00680K,미래에셋증권2우B,2025-03-24,4280,4290,KOSPI,20775,0.2336,1.7883,0.875,4,0.2889,1.4461,0.014483,23.099,3.973,-0.848,0.0181,1429238575.0,949,0.01307,0.58,-10.72,-0.93,0,1,0.9701
44820,코스맥스비티아이,2025-03-24,10330,10360,KOSPI,1219,0.2904,1.1915,0.8095,200,0.3333,1.6841,-0.001888,23.3333,17.778,-0.848,0.0751,153887416.0,918,0.022339,4.15,-0.29,4.15,0,1,0.9701
92130,이크레더블,2025-03-24,13620,13760,KOSDAQ,1843,1.0279,3.0961,0.9268,57,0.5823,1.1727,0.001014,17.5064,10.6409,-7.0264,0.0328,126208398.0,1033,0.009084,5.38,-0.51,4.65,0,0,-4.925
5870,휴니드,2025-03-24,10330,10530,KOSPI,1155,1.9361,34.0863,0.8735,149,0.8677,4.608,0.020556,73.1908,27.7154,-0.848,0.2287,26629343222.0,703,0.06261,-8.64,-30.2,-21.46,0,1,0.9701
41510,에스엠,2025-03-24,102000,102700,KOSDAQ,24291,0.6863,0.6746,0.6591,16,0.8435,0.737,0.018917,83.3929,10.2425,-7.0264,0.0515,18232155820.0,497,0.049381,13.24,1.17,10.52,1,0,-4.925
122870,와이지엔터테인먼트,2025-03-25,66000,66400,KOSDAQ,13102,0.6061,1.0941,0.85,15,0.7849,0.6827,0.04687,119.8675,23.3041,-8.0263,0.065,14064724360.0,442,0.040232,0.6,-12.65,-3.61,0,0,-6.023
7390,네이처셀,2025-03-25,27200,28850,KOSDAQ,15787,6.0662,8.8836,1.0,81,0.9198,1.4556,0.053347,312.7325,68.3041,-8.0263,0.6469,39445333870.0,898,0.050681,15.25,-11.27,15.25,1,0,-6.023
36530,SNT홀딩스,2025-03-25,33350,34950,KOSPI,8494,4.7976,2.6009,0.6327,18,0.7759,1.1267,0.036706,70.9046,14.7722,-1.1137,0.0901,1488835060.0,18,0.036378,-3.86,-16.02,-8.58,0,1,0.367
256940,킵스파마,2025-03-25,9740,9830,KOSDAQ,1803,0.924,0.8735,0.697,19,0.8261,0.769,0.040474,132.1133,12.0475,-8.0263,0.0792,1473622254.0,1033,0.046069,20.04,-7.73,17.8,1,0,-6.023
121440,골프존홀딩스,2025-03-26,4215,4345,KOSDAQ,1964,3.0842,3.0575,0.8077,110,0.3941,4.2504,-0.000195,41.3008,26.0861,-6.8817,0.1415,817402244.0,817,0.039701,7.36,-4.03,7.36,0,0,-5.2491
182360,큐브엔터,2025-03-27,17460,18710,KOSDAQ,1941,7.1592,10.4771,0.9073,65,0.6789,1.815,0.013896,56.569,22.2325,-8.2861,0.1308,6457229088.0,430,0.037566,0.59,-21.11,-5.08,0,0,-6.3569
3480,한진중공업홀딩스,2025-03-28,3815,3830,KOSPI,1398,0.3932,49.2547,0.3626,197,0.9667,5.9103,-0.000541,20.4403,11.3939,-2.4323,0.0722,956301000.0,913,0.030586,18.02,-6.53,18.02,1,0,-1.8092
3310,대주산업,2025-04-01,1805,1817,KOSDAQ,1878,0.6648,2.311,0.792,213,0.7898,0.615,-0.001638,39.2337,10.0049,-6.2949,0.0631,2054509823.0,700,0.044382,82.44,-5.34,19.98,1,0,-8.2013
145020,휴젤,2025-04-01,337500,350000,KOSDAQ,32790,3.7037,1.2937,0.5789,5,0.569,0.6081,0.04933,97.6285,18.4744,-6.2949,0.0619,15996867000.0,5,0.034286,5.71,-11.57,5.71,0,0,-8.2013
8060,대덕,2025-04-01,7220,7310,KOSPI,3599,1.2465,2.6247,0.9655,26,1.0,2.4215,0.01256,20.8264,3.6924,-0.2978,0.0252,2505788088.0,940,0.017686,9.99,-3.15,9.85,0,0,-3.1549
388720,유일로보틱스,2025-04-02,71100,72300,KOSDAQ,15124,1.6878,2.1493,0.2444,27,1.0,0.4333,0.112613,208.9744,28.2143,-8.3138,0.1368,23510352280.0,27,0.069156,28.08,-2.9,-2.35,1,0,-8.9802
251970,펌텍코리아,2025-04-02,50400,54000,KOSDAQ,7849,7.1429,2.9046,0.9029,161,0.4931,1.2869,0.041636,150.0,38.7486,-8.3138,0.1473,3966947020.0,161,0.048743,4.63,-8.61,1.11,0,0,-8.9802
25950,동신건설,2025-04-02,65800,67600,KOSDAQ,1546,2.7356,6.0066,0.4868,73,0.8121,2.5176,0.102978,365.5647,35.1431,-8.3138,0.3271,90377160740.0,73,0.106033,-3.11,-35.58,-24.56,0,0,-8.9802
5610,SPC삼립,2025-04-02,65500,67500,KOSPI,4340,3.0534,10.8709,0.7619,193,0.6142,4.0019,-0.004324,52.7149,37.4495,-2.0433,0.2115,6881310860.0,720,0.042116,2.07,-9.78,-6.07,0,0,-3.7225
17960,한국카본,2025-04-03,16310,16550,KOSPI,16663,1.4715,1.9683,1.0,26,0.9698,0.7258,0.035033,75.8767,8.087,-3.4726,0.0976,12195244108.0,26,0.045706,21.45,-2.96,18.97,1,0,-4.4214
263860,지니언스,2025-04-03,12900,13460,KOSDAQ,1667,4.3411,3.3846,0.6923,246,1.0,4.4391,-0.003101,57.9812,29.0289,-6.998,0.2057,5558723014.0,442,0.06506,39.0,-6.76,38.11,1,0,-9.0599
53580,웹케시,2025-04-03,11300,14080,KOSDAQ,1353,24.6018,37.7956,0.8988,70,0.8417,5.8954,0.013079,123.4921,44.0964,-6.998,0.3995,23665696554.0,970,0.073052,25.21,-19.82,-17.47,1,0,-9.0599
294570,쿠콘,2025-04-04,20450,20500,KOSDAQ,3381,0.2445,11.5587,0.696,244,0.8717,2.1613,0.006356,72.7043,21.3586,-5.5394,0.1148,2545535880.0,822,0.059512,24.39,-5.07,11.46,1,0,-8.4321
13990,아가방컴퍼니,2025-04-04,6030,6740,KOSDAQ,1483,11.7745,21.4035,0.8122,72,1.0,3.2771,0.001252,95.0796,32.7092,-5.5394,0.2535,17224759762.0,922,0.0656,22.11,-3.56,10.68,1,0,-8.4321
84690,대상홀딩스,2025-04-04,13150,14010,KOSPI,3476,6.5399,11.221,0.802,191,1.0,3.2529,0.025694,77.3418,27.3702,-3.8253,0.18,40659088084.0,316,0.093403,20.49,-32.83,-32.83,1,0,-5.1925
53800,안랩,2025-04-04,82000,93900,KOSDAQ,7010,14.5122,20.8419,0.7975,76,0.8917,3.0165,0.022979,84.1176,29.418,-5.5394,0.2029,40835679960.0,744,0.05302,19.28,-31.1,-29.07,1,0,-8.4321
52400,코나아이,2025-04-04,32100,35100,KOSDAQ,8301,9.3458,11.7623,0.5667,70,0.9074,3.6529,0.059663,163.1184,33.4082,-5.5394,0.2604,53149351580.0,920,0.104701,33.76,-12.39,33.76,1,0,-8.4321
139480,이마트,2025-04-04,85600,88400,KOSPI,24395,3.271,1.4454,0.9853,20,0.763,0.604,0.031268,59.2793,7.0963,-3.8253,0.0763,17930525060.0,1015,0.041694,3.73,-8.14,2.15,0,0,-5.1925
45390,대아티아이,2025-04-04,3370,3385,KOSDAQ,2879,0.4451,2.3166,0.9444,34,1.0,0.9737,0.002194,37.3225,13.1705,-5.5394,0.0713,2428787173.0,895,0.035873,22.9,-3.55,22.9,1,0,-8.4321
13580,계룡건설,2025-04-07,15470,15800,KOSPI,1916,2.1332,199.4719,0.509,149,1.0,21.243,-0.004324,31.6667,24.3314,-9.4223,0.1808,13843945112.0,879,0.034222,98.1,17.41,69.62,1,0,-10.405
14160,대영포장,2025-04-08,2245,2480,KOSPI,1098,10.4677,4.4053,1.0,48,0.9444,1.8885,0.020605,161.8796,83.1555,-8.0143,0.6699,59601541665.0,1016,0.072264,-17.94,-52.26,-41.45,0,0,-10.1088
298380,에이비엘바이오,2025-04-08,46900,51000,KOSDAQ,109351,8.742,5.9149,0.744,34,1.0,1.1478,0.043043,137.2093,37.6894,-8.7387,0.3594,121048000000.0,34,0.069258,36.08,3.14,20.0,1,0,-12.0392
285490,노바텍,2025-04-08,21400,22750,KOSDAQ,3046,6.3084,37.5287,0.8732,214,0.9733,7.0894,-0.025153,123.0392,60.4054,-8.7387,0.4179,24007624124.0,969,0.083297,11.43,-19.87,-19.3,1,0,-12.0392
241520,DSC인베스트먼트,2025-04-08,5620,5890,KOSDAQ,2165,4.8043,3.8187,0.6566,26,1.0,0.916,0.034961,129.1829,22.6652,-8.7387,0.2265,39921321732.0,979,0.083071,57.89,6.62,18.17,1,0,-12.0392
353810,이지바이오,2025-04-08,5250,5300,KOSDAQ,2346,0.9524,1.2218,0.8929,36,0.6318,1.2805,0.011685,58.9205,21.2653,-8.7387,0.0889,2725604674.0,1042,0.048383,3.21,-4.53,-0.38,0,0,-12.0392
3650,미창석유,2025-04-10,102000,102100,KOSPI,2093,0.098,1.2366,0.7917,20,0.37,0.9827,0.023006,37.6011,5.0941,-4.996,0.0184,182410340.0,20,0.029663,5.78,-2.84,-0.98,0,0,-5.7056
380540,옵티코어,2025-04-10,1890,1900,KOSDAQ,1739,0.5291,1.1442,0.4124,4,0.4059,0.8643,0.033112,117.6403,37.2527,-5.6738,0.1651,1555722638.0,543,0.078045,40.0,-10.53,-7.37,1,0,-8.667
720,현대건설,2025-04-10,37000,37800,KOSPI,110354,2.1622,1.1121,1.0,36,0.626,0.7054,0.003998,56.8465,22.0239,-4.996,0.0844,27130034930.0,923,0.034958,16.93,1.06,15.08,1,0,-5.7056
419530,SAMG엔터,2025-04-10,32000,34300,KOSDAQ,3542,7.1875,2.872,0.8923,12,1.0,0.8523,0.1294,286.2613,16.677,-5.6738,0.1537,15163891860.0,539,0.076843,16.91,-2.77,13.99,1,0,-8.667
99430,바이오플러스,2025-04-11,7710,8050,KOSDAQ,3199,4.4099,3.4177,1.0,70,1.0,0.7929,0.041464,85.9122,16.6082,-5.2665,0.1235,8470015576.0,401,0.052351,3.73,-6.58,-6.58,0,0,-6.7142
12450,한화에어로스페이스,2025-04-11,752315,767085,KOSPI,637324,1.9633,0.6315,0.963,18,0.8146,0.6602,0.133736,274.6447,15.7038,-5.2074,0.127,307644000000.0,18,0.060242,14.25,-1.03,5.26,1,0,-6.1225
214450,파마리서치,2025-04-11,350000,366000,KOSDAQ,43688,4.5714,0.7472,0.88,8,1.0,0.9892,0.096277,262.7354,14.3574,-5.2665,0.1018,35258494400.0,8,0.049375,15.71,-2.19,15.71,1,0,-6.7142
288330,파라택시스코리아,2025-04-11,8230,8950,KOSDAQ,1069,8.7485,1.0091,0.8582,11,0.5829,0.5693,0.165961,510.0886,41.4918,-5.2665,0.2039,8462780296.0,1018,0.082203,0.11,-91.9,-91.4,0,0,-6.7142
17800,현대엘리베이터,2025-04-11,59500,62800,KOSPI,36708,5.5462,4.5871,0.8429,70,0.9906,1.4168,0.033556,66.3576,18.3605,-5.2074,0.119,13588417100.0,70,0.04288,23.41,4.46,22.45,1,0,-6.1225
2030,아세아,2025-04-11,276000,280000,KOSPI,5876,1.4493,1.6099,1.0,219,1.0,1.2929,0.003423,22.807,10.273,-5.2074,0.0632,449057900.0,219,0.026276,0.0,-6.96,-4.29,0,0,-6.1225
71970,HD현대마린엔진,2025-04-11,30050,31200,KOSPI,28664,3.827,2.7,0.7671,36,0.9669,0.6812,0.055886,169.8962,14.6811,-5.2074,0.1361,26313655670.0,36,0.060897,30.93,5.93,27.4,1,0,-6.1225
87010,펩트론,2025-04-11,131000,164700,KOSDAQ,66571,25.7252,4.3347,1.0,97,0.7516,1.5553,0.091895,667.2599,92.4256,-5.2665,0.5974,96333912460.0,97,0.059936,18.15,-6.98,12.57,1,0,-6.7142
12630,HDC,2025-04-11,16020,16340,KOSPI,11578,1.9975,1.0089,0.9935,5,0.7734,1.2662,0.063885,108.9514,17.587,-5.2074,0.0932,2375005970.0,5,0.043845,19.95,2.82,16.65,1,0,-6.1225
241770,메카로,2025-04-11,11050,11100,KOSDAQ,2380,0.4525,1.3172,0.8125,241,1.0,0.6594,0.006767,54.3811,16.9365,-5.2665,0.0707,292589168.0,1032,0.049099,16.22,3.33,9.37,1,0,-6.7142
33500,동성화인텍,2025-04-11,25200,25450,KOSDAQ,7992,0.9921,0.9598,0.6818,18,0.8571,0.744,0.077386,137.1855,8.0948,-5.2665,0.0877,17130466710.0,18,0.057536,4.72,-5.5,-1.38,0,0,-6.7142
8970,KBI동양철관,2025-04-14,2837,2926,KOSPI,1854,3.1371,3.4228,0.762,207,0.8396,1.8023,0.023016,170.1754,88.9188,-5.9295,0.3424,179392000000.0,936,0.095718,13.98,-15.99,-15.41,1,0,-5.1757
101930,인화정공,2025-04-14,38450,38900,KOSDAQ,3836,1.1704,1.853,0.9167,47,0.8861,1.1845,0.085441,226.3423,19.7329,-4.6442,0.1292,1036485230.0,47,0.057427,6.68,-0.64,1.29,0,0,-4.8228
304100,솔트룩스,2025-04-14,33400,39300,KOSDAQ,3596,17.6647,7.2413,0.7883,45,0.6186,2.1398,0.01334,205.3613,61.8442,-4.6442,0.5389,106594000000.0,388,0.083788,-2.8,-23.41,-14.5,0,0,-4.8228
41960,코미팜,2025-04-14,4675,4765,KOSDAQ,5253,1.9251,1.6033,1.0,250,0.8375,1.6832,0.001054,25.3947,20.7221,-4.6442,0.1263,1060890999.0,926,0.036876,40.19,0.31,18.57,1,0,-4.8228
119850,지엔씨에너지,2025-04-14,17340,18580,KOSDAQ,5658,7.1511,0.8049,0.9358,37,0.9718,0.3611,0.089063,278.0264,19.9047,-4.6442,0.1933,10993713504.0,37,0.061664,48.28,-4.25,47.2,1,0,-4.8228
16590,신대양제지,2025-04-14,7180,7280,KOSPI,4711,1.3928,1.3016,0.4359,6,0.5175,0.9424,0.015302,48.118,16.5678,-5.9295,0.0455,198453074.0,901,0.039443,17.31,1.24,13.87,1,0,-5.1757
339770,교촌에프앤비,2025-04-14,6010,6050,KOSPI,2109,0.6656,0.7467,0.8889,17,0.6875,0.7449,0.014876,56.2097,7.7813,-5.9295,0.0318,482247056.0,916,0.043093,-0.5,-14.05,-12.07,0,0,-5.1757
217270,넵튠,2025-04-15,7710,7800,KOSDAQ,2346,1.1673,1.8947,0.7246,23,1.0,0.943,0.019146,60.6591,10.6319,-4.5095,0.1083,1925949122.0,834,0.059158,11.54,-16.54,-16.54,1,0,-4.3337
79940,가비아,2025-04-15,21200,22200,KOSDAQ,4449,4.717,2.1443,0.9512,247,0.6138,0.8656,0.022096,80.3412,51.5294,-4.5095,0.174,2394621516.0,251,0.048005,1.35,-11.26,-8.56,0,0,-4.3337
25980,아난티,2025-04-15,6500,6530,KOSDAQ,7557,0.4615,0.9186,0.3571,1,0.4929,1.5578,-0.000182,43.0449,15.3754,-4.5095,0.1027,5796235204.0,866,0.046161,10.11,-1.07,2.76,1,0,-4.3337
970,한국주철관,2025-04-15,6940,7290,KOSPI,1519,5.0432,218.4688,0.8544,210,0.9091,22.7197,-0.005527,21.0963,21.433,-5.1651,0.1627,10008782796.0,964,0.026651,0.82,-5.08,-5.08,0,0,-4.2918
127120,제이에스링크,2025-04-15,8950,9400,KOSDAQ,7125,5.0279,1.2002,0.9737,2,0.6622,1.3289,0.124042,294.13,45.228,-4.5095,0.2547,3228141794.0,1049,0.064476,11.7,-11.28,-6.38,1,0,-4.3337
260970,에스앤디,2025-04-15,74500,83500,KOSDAQ,1912,12.0805,1.6397,0.9784,22,0.9524,0.5698,0.076686,205.3016,21.7848,-4.5095,0.2173,4284368040.0,1046,0.058854,20.24,-2.28,7.78,1,0,-4.3337
1790,대한제당,2025-04-16,3455,3885,KOSPI,2431,12.4457,110.7355,1.0,201,0.8921,14.4702,-0.009959,54.1667,43.6887,-6.893,0.3421,35938101754.0,724,0.050101,3.22,-29.73,-29.73,0,0,-5.3861
84110,휴온스글로벌,2025-04-16,47450,47750,KOSDAQ,6419,0.6322,2.5746,0.7899,22,0.8,1.0893,0.057451,129.0168,16.6199,-5.3146,0.1541,6239072800.0,963,0.070905,8.69,-7.43,-7.43,0,0,-5.9527
58820,CMG제약,2025-04-16,2425,2690,KOSDAQ,2921,10.9278,38.6846,1.0,158,0.8387,5.0651,-0.005367,68.125,53.7693,-5.3146,0.3427,16977981847.0,1049,0.055921,10.59,-18.4,-18.4,1,0,-5.9527
389140,포바이포,2025-04-16,10642,12260,KOSDAQ,1126,15.2039,10.6784,1.0,221,0.9774,1.4528,-0.042245,230.7257,96.8771,-5.3146,0.9326,41897258518.0,726,0.064326,119.28,29.98,55.16,1,0,-5.9527
3230,삼양식품,2025-04-16,927000,932000,KOSPI,82938,0.5394,1.1746,0.1087,29,0.5778,1.0095,0.044491,330.485,8.0873,-6.893,0.0783,55383336400.0,29,0.048437,26.61,-0.64,23.61,1,0,-5.3861
49630,재영솔루텍,2025-04-16,784,800,KOSDAQ,5547,2.0408,3.1916,0.7792,219,0.7333,1.1359,-0.007697,33.3333,21.5936,-5.3146,0.1841,1620948723.0,885,0.047857,15.75,5.62,8.0,1,0,-5.9527
7340,DN오토모티브,2025-04-16,22450,24150,KOSPI,14130,7.5724,4.9453,0.9661,29,0.8818,1.6228,0.025673,54.5897,20.2733,-6.893,0.1582,4619103240.0,29,0.047116,-1.45,-15.53,-14.7,0,0,-5.3861
48870,시너지이노베이션,2025-04-16,3360,4015,KOSDAQ,2031,19.494,1.5286,0.5,143,0.896,1.01,0.007472,77.2627,48.7074,-5.3146,0.426,1292331975.0,921,0.049991,-16.56,-31.88,-31.88,0,0,-5.9527
6040,동원산업,2025-04-17,42200,42700,KOSPI,17836,1.1848,5.9611,0.4648,1,0.8667,2.5887,0.013557,60.2672,19.2839,-6.321,0.1658,5405556480.0,966,0.043744,8.43,-5.04,7.96,0,0,-4.4354
310200,애니플러스,2025-04-17,3415,3490,KOSDAQ,1534,2.1962,14.3178,0.6957,250,0.8433,2.3616,0.011235,44.5135,19.7533,-1.8479,0.1045,4404034287.0,824,0.054953,12.18,-4.58,2.29,1,0,-4.1583
259960,크래프톤,2025-04-17,383000,384000,KOSPI,118036,0.2611,0.8203,0.5238,48,0.4766,0.8869,0.030239,70.2882,23.2159,-6.321,0.0783,57098839000.0,837,0.042969,0.52,-3.78,-1.17,0,0,-4.4354
347700,스피어,2025-04-17,8200,8360,KOSDAQ,12281,1.9512,1.8493,0.785,22,0.5534,0.6961,0.145211,413.8291,12.5764,-1.8479,0.1391,3225822740.0,1000,0.079545,31.58,-2.15,24.4,1,0,-4.1583
18000,유니슨,2025-04-17,994,1095,KOSDAQ,2302,10.161,20.3338,0.7578,250,0.5477,3.8847,0.015687,111.7988,52.26,-1.8479,0.2835,5475916889.0,1052,0.065427,52.42,-2.83,52.42,1,0,-4.1583
65710,서호전기,2025-04-18,24050,24700,KOSDAQ,2626,2.7027,2.5216,1.0,13,0.5417,1.2259,0.017658,32.8671,3.7919,-0.228,0.0496,310747730.0,931,0.026171,57.49,-4.25,48.18,1,0,-3.2598
33920,무학,2025-04-18,7080,7200,KOSPI,2468,1.6949,2.503,0.8696,204,0.618,1.701,0.012713,42.2925,12.5513,-6.0425,0.0758,547349772.0,877,0.03125,4.86,-2.36,4.86,0,0,-3.8762
7210,벽산,2025-04-18,2330,2335,KOSPI,1108,0.2146,1.2842,0.8889,227,0.7021,1.0466,0.007992,34.8152,14.6471,-6.0425,0.0579,527215012.0,928,0.028602,8.14,-3.43,-3.43,0,0,-3.8762
358570,지아이이노베이션,2025-04-18,15601,15980,KOSDAQ,9274,2.4293,0.9399,0.9653,30,0.45,0.7784,0.038849,140.2285,16.1006,-0.228,0.1944,17079077208.0,30,0.07454,16.4,-15.71,7.26,1,0,-3.2598
320,노루홀딩스,2025-04-18,14370,14380,KOSPI,2711,0.0696,0.502,0.5882,24,0.5691,0.9297,0.010556,29.6664,7.6679,-6.0425,0.0392,168793218.0,969,0.022154,8.62,-0.14,7.37,0,0,-3.8762
163730,핑거,2025-04-18,12630,12840,KOSDAQ,1121,1.6627,4.3201,1.0,115,0.4142,3.9881,0.024103,111.5321,50.9322,-0.228,0.2727,23698063816.0,1025,0.092902,3.04,-13.24,-11.53,0,0,-3.2598
35890,서희건설,2025-04-18,1660,1699,KOSDAQ,3730,2.3494,2.3661,1.0,79,0.605,1.7028,0.013191,38.4678,14.4849,-0.228,0.0933,648507071.0,905,0.026991,3.53,-4.83,3.53,0,0,-3.2598
293580,나우IB,2025-04-18,1409,1680,KOSDAQ,1744,19.2335,21.6325,0.9184,46,0.6262,4.6706,0.020023,93.3257,54.0741,-0.228,0.4165,54253242671.0,987,0.092602,29.76,-18.75,-18.75,1,0,-3.2598
26150,특수건설,2025-04-18,7920,7940,KOSDAQ,1249,0.2525,2.5903,1.0,173,0.5394,2.9276,-0.007683,49.8113,25.2673,-0.228,0.1297,3039103864.0,956,0.053436,7.05,-2.02,2.14,0,0,-3.2598
236200,슈프리마,2025-04-18,29400,29950,KOSDAQ,3055,1.8707,0.7468,1.0,154,0.6,0.7552,0.007445,36.4465,6.8116,-0.228,0.0834,876274580.0,1046,0.047222,19.87,-1.5,19.87,1,0,-3.2598
30210,다올투자증권,2025-04-18,3665,3745,KOSPI,2333,2.1828,2.5079,0.8101,73,0.8165,3.1152,0.000237,56.0417,27.8311,-6.0425,0.1721,6003810647.0,922,0.051364,5.07,-15.75,-11.48,0,0,-3.8762
98120,마이크로컨텍솔,2025-04-21,10970,11290,KOSDAQ,1633,2.917,0.6028,0.5887,236,0.6548,0.5154,0.009625,165.6471,8.1861,-0.6623,0.1754,2659306358.0,798,0.060989,47.03,-6.55,38.09,1,0,-3.4905
4980,성신양회,2025-04-21,9630,12030,KOSPI,2412,24.9221,21.0282,1.0,188,0.8942,6.3654,-0.009526,74.3478,72.0782,-5.4577,0.5378,20873450886.0,815,0.065788,0.33,-29.43,-29.43,0,0,-3.6311
15760,한국전력,2025-04-21,24400,25300,KOSPI,368487,3.6885,1.9258,1.0,96,0.3864,1.2209,0.014589,37.5,18.9106,-5.4577,0.1081,51103944220.0,1053,0.024845,17.39,-0.79,17.39,1,0,-3.6311
9270,신원,2025-04-21,1600,1613,KOSPI,1590,0.8125,1.4101,0.8621,83,0.4501,1.4612,0.010348,39.4123,32.3656,-5.4577,0.1438,1969073134.0,859,0.039589,17.3,0.93,12.21,1,0,-3.6311
3460,유화증권,2025-04-21,2335,2350,KOSPI,1627,0.6424,1.3547,1.0,135,0.2941,0.7371,0.004335,10.8491,6.7508,-5.4577,0.0152,46025241.0,991,0.018845,5.53,0.0,5.32,0,0,-3.6311
307930,컴퍼니케이,2025-04-21,7250,7540,KOSDAQ,1071,4.0,7.8365,1.0,230,0.8021,1.6878,-0.025467,72.9358,47.3549,-0.6623,0.4598,10662152858.0,991,0.054471,-11.01,-24.67,-24.67,0,0,-3.4905
389470,인벤티지랩,2025-04-21,24100,24700,KOSDAQ,9147,2.4896,6.4826,0.6833,142,0.6391,3.017,0.031938,157.0239,70.5385,-0.6623,0.5359,18924768550.0,389,0.075853,118.62,-15.79,62.96,1,0,-3.4905
67280,멀티캠퍼스,2025-04-21,35450,35600,KOSDAQ,1742,0.4231,4.994,0.3077,1,0.6893,2.1381,0.001265,26.2411,10.5388,-0.6623,0.0614,639498830.0,823,0.02809,-0.84,-9.55,-9.41,0,0,-3.4905
1800,오리온홀딩스,2025-04-21,16860,16960,KOSPI,12968,0.5931,0.821,0.9767,113,0.4803,0.816,0.007999,23.2558,12.326,-5.4577,0.0402,1742699702.0,968,0.023964,16.04,0.71,7.37,1,0,-3.6311
65680,우주일렉트로,2025-04-21,29450,30400,KOSDAQ,3008,3.2258,1.4947,0.7955,35,0.4748,0.5625,0.067351,153.1224,9.428,-0.6623,0.1176,1255026800.0,1033,0.054511,4.61,-9.7,-2.8,0,0,-3.4905
28100,동아지질,2025-04-21,14540,14640,KOSPI,2411,0.6878,2.5668,0.439,59,0.4732,1.5184,0.000257,23.8579,16.8732,-5.4577,0.0779,614040974.0,953,0.028932,4.44,-2.39,3.76,0,0,-3.6311
44820,코스맥스비티아이,2025-04-21,10680,10790,KOSPI,1219,1.03,0.6821,0.76,1,0.6944,1.0408,0.004487,28.4524,9.6083,-5.4577,0.0282,65708272.0,938,0.024494,19.93,-0.28,18.54,1,0,-3.6311
115180,큐리언트,2025-04-21,9250,10240,KOSDAQ,13315,10.7027,2.2409,0.9419,20,0.6104,0.9064,0.097247,210.7739,11.365,-0.6623,0.2156,2613509120.0,1053,0.066197,18.65,-8.01,14.26,1,0,-3.4905
157,두산2우B,2025-04-21,141400,148200,KOSPI,3612,4.8091,3.3621,0.6504,40,0.6436,1.4922,0.037146,111.1111,15.5617,-5.4577,0.1919,751191960.0,948,0.063524,155.74,-1.48,119.3,1,0,-3.6311
138360,협진,2025-04-21,967,1223,KOSDAQ,2406,26.4736,26.0432,1.0,219,0.8338,5.2441,-0.030581,117.6157,102.145,-0.6623,0.7964,4095972737.0,1055,0.062376,-16.19,-39.0,-39.0,0,0,-3.4905
402030,코난테크놀로지,2025-04-21,27661,28736,KOSDAQ,2741,3.8863,1.9768,1.0,52,0.3949,1.1793,0.008101,125.983,46.2052,-0.6623,0.2418,4421223754.0,524,0.077056,-3.4,-17.01,-17.01,0,0,-3.4905
437730,삼현,2025-04-22,14500,14700,KOSDAQ,19183,1.3793,7.3135,0.5969,39,0.7362,1.5513,0.013382,146.6443,39.9866,0.6833,0.3712,85601052736.0,262,0.087026,3.61,-12.18,-8.44,0,0,-3.3181
00680K,미래에셋증권2우B,2025-04-22,4315,4325,KOSPI,20775,0.2317,1.303,0.75,19,0.4766,0.6157,0.013906,24.1033,5.8715,-4.938,0.0545,768570120.0,970,0.021718,20.23,2.2,20.23,1,0,-3.6464
7390,네이처셀,2025-04-22,32250,33250,KOSDAQ,15787,3.1008,2.7826,1.0,7,0.9153,1.2909,0.121536,291.1765,14.568,0.6833,0.1468,39786423470.0,918,0.078733,-8.27,-30.23,-28.72,0,0,-3.3181
64350,현대로템,2025-04-22,115700,116800,KOSPI,230836,0.9507,0.5187,1.0,21,0.4916,0.6342,0.111899,224.8957,15.649,-4.938,0.1288,140510000000.0,21,0.05137,7.36,-8.73,7.36,0,0,-3.6464
19210,와이지-원,2025-04-22,5820,5840,KOSDAQ,2713,0.3436,81.0166,0.4094,187,0.9162,8.9893,-0.004419,20.6612,8.069,0.6833,0.1077,8908842564.0,885,0.040056,4.28,-1.2,2.23,0,0,-3.3181
24800,유성티엔에스,2025-04-22,2255,2320,KOSDAQ,1100,2.8825,16.0966,0.6897,203,0.8104,3.5296,-0.014374,29.6089,26.6493,0.6833,0.2182,309175732.0,976,0.029587,18.1,0.0,12.28,1,0,-3.3181
3540,대신증권,2025-04-22,17350,17440,KOSPI,15004,0.5187,1.9063,0.8205,191,0.5077,0.9246,0.00352,21.1111,12.9257,-4.938,0.063,1720050012.0,879,0.016956,18.98,-0.86,18.98,1,0,-3.6464
100840,SNT에너지,2025-04-22,37000,37100,KOSPI,8634,0.2703,0.812,0.8765,34,0.4457,0.4917,0.122779,285.2544,25.1974,-4.938,0.1323,5675029340.0,34,0.059492,26.15,-6.87,26.15,1,0,-3.6464
83420,그린케미칼,2025-04-22,8640,10140,KOSPI,1423,17.3611,8.6742,1.0,227,0.6025,3.82,-0.019349,137.193,71.7144,-4.938,0.5001,13167796980.0,1045,0.071358,-10.45,-22.68,-10.45,0,0,-3.6464
14970,삼륭물산,2025-04-23,4205,4860,KOSDAQ,1038,15.5767,65.1897,1.0,210,0.891,10.0785,-0.031814,91.3386,74.7471,1.3399,0.6694,1514055080.0,1056,0.043798,119.34,15.23,29.63,1,0,-1.8965
9680,모토닉,2025-04-23,9490,9500,KOSPI,2934,0.1054,0.9397,0.375,32,0.3846,0.715,0.007569,17.284,5.7567,-4.4774,0.0305,250874350.0,1053,0.017293,8.32,-0.53,8.32,0,0,-2.0877
92130,이크레더블,2025-04-23,14500,14770,KOSDAQ,1843,1.8621,2.4928,1.0,16,0.4872,1.0211,0.008994,26.1315,5.0722,1.3399,0.0405,153144054.0,1055,0.015475,3.79,-1.15,3.79,0,0,-1.8965
300720,한일시멘트,2025-04-23,16940,16980,KOSPI,12488,0.2361,1.1255,0.9608,23,0.7543,1.1076,0.016062,36.9355,7.0136,-4.4774,0.0636,2267037154.0,807,0.038701,9.54,-0.35,9.54,0,0,-2.0877
52330,코텍,2025-04-23,9290,9400,KOSDAQ,1661,1.1841,1.7466,0.8,22,0.5684,0.908,0.01962,43.5115,0.172,1.3399,0.0386,406644818.0,957,0.02728,7.98,0.74,4.26,0,0,-1.8965
329180,HD현대중공업,2025-04-23,366000,367000,KOSPI,576237,0.2732,0.5422,0.7368,48,0.2634,0.79,0.082718,229.7394,31.908,-4.4774,0.146,90530908200.0,48,0.047781,15.4,2.45,12.4,1,0,-2.0877
84010,대한제강,2025-04-23,11129,11322,KOSPI,3619,1.7342,1.7206,1.0,77,0.5381,1.0642,0.019352,55.0746,9.2913,-4.4774,0.0855,720341929.0,770,0.027071,0.65,-10.13,-1.64,0,0,-2.0877
121440,골프존홀딩스,2025-04-23,4600,4665,KOSDAQ,1964,1.413,1.1191,0.8621,2,0.5317,0.8567,0.020787,51.7073,6.0249,1.3399,0.0578,600141136.0,837,0.033226,15.11,-1.18,8.68,1,0,-1.8965
6800,미래에셋증권,2025-04-23,10100,10290,KOSPI,228252,1.8812,1.8746,0.7,20,0.5431,0.7789,0.026485,54.5045,6.3586,-4.4774,0.1005,6497517368.0,971,0.032139,32.85,-0.1,32.85,1,0,-2.0877
12210,삼미금속,2025-04-24,3420,3865,KOSDAQ,3648,13.0117,2.4366,0.3349,148,1.0,0.2437,-0.003855,154.2763,77.5589,2.6276,0.8368,1528994.0,148,0.52774,17.46,-13.84,-0.26,1,0,-1.8219
64960,SNT모티브,2025-04-24,28100,28150,KOSPI,9130,0.1779,0.8226,0.7895,60,0.3977,0.6848,0.002652,28.6975,5.617,-3.2534,0.0571,1334733190.0,1044,0.040979,11.19,-3.02,4.62,1,0,-2.1633
16610,DB증권,2025-04-24,6100,6110,KOSPI,5454,0.1639,0.3459,0.5,145,0.3936,0.6729,0.028166,53.325,8.9627,-3.2534,0.0863,314293486.0,971,0.023498,8.84,0.0,6.38,0,0,-2.1633
192080,더블유게임즈,2025-04-24,55200,55300,KOSPI,10820,0.1812,0.9423,0.4,80,0.5538,0.8345,0.01632,39.823,12.5419,-3.2534,0.0515,2106817160.0,861,0.024929,3.25,-10.4,-8.14,0,0,-2.1633
35810,이지홀딩스,2025-04-24,3365,3370,KOSDAQ,3271,0.1486,1.9406,0.6111,223,0.549,1.1301,-0.00337,33.4653,11.2238,2.6276,0.0927,789056375.0,734,0.024057,11.72,1.34,5.04,1,0,-1.8219
211050,인카금융서비스,2025-04-24,7720,7780,KOSDAQ,7188,0.7772,0.5346,0.7714,6,0.2914,0.8414,0.029663,81.352,7.8838,2.6276,0.0864,843881026.0,6,0.047558,27.51,0.51,27.51,1,0,-1.8219
1045,CJ우,2025-04-24,68000,68100,KOSPI,2186,0.1471,0.6071,0.8571,21,1.0,0.7673,0.006493,25.6458,4.2919,-3.2534,0.0471,562816880.0,21,0.038913,9.25,0.59,8.08,0,0,-2.1633
319400,현대무벡스,2025-04-25,4340,4460,KOSDAQ,37367,2.765,1.675,1.0,52,0.4225,1.3532,0.021867,78.4,26.3844,5.179,0.2102,4085429631.0,1055,0.036595,0.78,-12.0,-9.98,0,0,-1.2598
5990,매일홀딩스,2025-04-25,10090,10370,KOSDAQ,1423,2.775,1.5866,0.7547,41,0.5605,1.9539,0.016989,32.2704,0.2072,5.179,0.0676,204339180.0,950,0.043808,2.6,-3.66,1.93,0,0,-1.2598
9540,HD한국조선해양,2025-04-25,251000,265500,KOSPI,283800,5.7769,1.8909,1.0,37,0.6015,0.8321,0.039073,137.6902,32.5462,-0.4566,0.2166,87750273600.0,37,0.038929,11.68,0.38,9.04,1,0,-1.1854
155,두산우,2025-04-25,161200,169000,KOSPI,18384,4.8387,2.1645,0.967,44,0.3327,1.4931,0.052229,167.8288,24.5388,-0.4566,0.2076,4715740520.0,44,0.052663,88.46,0.3,88.46,1,0,-1.1854
108380,대양전기공업,2025-04-25,19200,19350,KOSDAQ,2665,0.7812,1.6308,0.7287,35,0.5265,0.6031,0.012791,74.639,16.6724,5.179,0.1629,1295463156.0,976,0.038095,16.02,-2.58,9.3,1,0,-1.2598
5710,대원산업,2025-04-25,7590,7730,KOSDAQ,2561,1.8445,1.2733,0.8542,35,0.6364,0.3522,0.016282,38.7792,1.0023,5.179,0.0653,295015942.0,940,0.027167,19.28,-0.78,19.28,1,0,-1.2598
3480,한진중공업홀딩스,2025-04-25,4235,4520,KOSPI,1398,6.7296,2.4704,0.8611,1,0.5254,1.1985,0.003702,39.0769,18.4723,-0.4566,0.1641,428762389.0,933,0.032317,15.93,0.88,15.93,1,0,-1.1854
82740,한화엔진,2025-04-25,26950,27150,KOSPI,44561,0.7421,0.7547,0.6111,28,0.4667,0.4752,0.055777,153.5014,30.0509,-0.4566,0.1386,43820942010.0,28,0.047751,15.47,-0.37,0.74,1,0,-1.1854
54540,삼영엠텍,2025-04-25,5560,5810,KOSDAQ,1806,4.4964,11.2329,0.8615,169,0.5786,1.7908,0.011634,60.4972,24.2196,5.179,0.1883,2416604226.0,922,0.042906,-1.89,-12.22,-11.53,0,0,-1.2598
42660,한화오션,2025-04-25,85100,89900,KOSPI,410594,5.6404,1.3838,0.9877,38,0.4846,0.4951,0.105903,236.0748,34.6357,-0.4566,0.201,271660000000.0,38,0.042349,-0.67,-15.46,-14.91,0,0,-1.1854
41510,에스엠,2025-04-25,116300,117000,KOSDAQ,24291,0.6019,0.8364,0.6667,5,0.4892,0.7212,0.036597,108.9286,4.1668,5.179,0.0631,12207214940.0,521,0.046398,13.42,1.62,9.32,1,0,-1.2598
50,경방,2025-04-28,8140,8700,KOSPI,2599,6.8796,264.7139,0.8831,229,0.8664,28.0305,-0.017559,50.519,30.9103,2.7302,0.3131,2719710522.0,736,0.035304,5.98,-21.26,-14.37,0,0,-1.037
69460,대호에이엘,2025-04-28,1755,1814,KOSPI,1182,3.3618,1.6856,0.8397,12,0.554,0.9543,0.057482,95.2637,16.2206,2.7302,0.073,1388081620.0,938,0.042448,5.07,-5.18,-2.26,0,0,-1.037
182360,큐브엔터,2025-04-28,18820,18990,KOSDAQ,1941,0.9033,0.5269,0.8485,6,0.3244,0.9542,0.018964,58.9121,4.4585,6.9198,0.109,3143171884.0,452,0.054089,4.48,-13.01,-10.53,0,0,-2.5667
30200,KT,2025-04-28,50700,51100,KOSPI,139368,0.789,1.2034,0.1,28,0.4914,0.6838,0.027963,53.4535,0.294,2.7302,0.05,18400064250.0,28,0.020268,4.7,-2.15,-0.2,0,0,-1.037
83650,비에이치아이,2025-04-28,23500,25600,KOSDAQ,21568,8.9362,5.1412,0.9074,61,0.4679,1.2899,0.065275,254.5706,41.6582,6.9198,0.3311,50767891200.0,61,0.053153,50.0,10.35,38.48,1,0,-2.5667
37460,삼지전자,2025-04-28,10170,10610,KOSDAQ,3484,4.3265,2.2145,0.6612,38,0.5953,0.5443,0.007668,32.2943,8.6575,6.9198,0.1175,887695426.0,1044,0.023866,2.45,-6.5,-1.79,0,0,-2.5667
101140,인바이오젠,2025-04-28,11700,11730,KOSPI,1125,0.2564,12.5502,1.0,250,0.7573,2.5384,-0.044553,162.1229,59.0629,2.7302,0.6541,2541060986.0,921,0.078249,24.89,-4.77,7.59,1,0,-1.037
32640,LG유플러스,2025-04-28,11900,11910,KOSPI,68085,0.084,3.4826,0.8611,100,0.28,1.3905,0.011462,25.2366,12.9008,2.7302,0.0886,14938407158.0,953,0.02207,9.82,0.42,8.06,0,0,-1.037
2460,HS화성,2025-04-28,10050,10080,KOSPI,1196,0.2985,0.8281,0.6,83,0.451,1.3558,0.00015,19.0083,3.9364,2.7302,0.0496,237710760.0,758,0.025368,1.49,-3.27,1.49,0,0,-1.037
272210,한화시스템,2025-04-28,42250,42300,KOSPI,176451,0.1183,1.2636,0.6032,28,0.4312,0.4931,0.076932,160.7891,29.0455,2.7302,0.1616,140636000000.0,28,0.049899,11.94,-7.8,7.33,1,0,-1.037
3920,남양유업,2025-04-29,77000,78300,KOSPI,2835,1.6883,1.3615,0.9459,48,0.5636,0.7424,0.031356,66.242,7.4588,1.7463,0.0921,900652440.0,48,0.024813,4.85,-3.7,-3.7,0,0,-0.3523
79550,LIG넥스원,2025-04-29,320500,321000,KOSPI,99880,0.156,0.4419,1.0,38,0.2712,0.5769,0.038604,110.6299,22.4317,1.7463,0.1432,51123206200.0,38,0.043947,38.79,-0.16,33.64,1,0,-0.3523
3545,대신증권우,2025-04-29,16410,16490,KOSPI,5772,0.4875,1.4509,0.8462,46,0.2792,0.779,0.006774,17.9542,4.8471,1.7463,0.0459,1025664794.0,886,0.011306,15.34,1.7,15.34,1,0,-0.3523
5945,NH투자증권우,2025-04-29,13400,13510,KOSPI,4133,0.8209,2.0976,0.7941,47,0.2825,0.7492,0.01269,31.165,5.5611,1.7463,0.0639,1003979682.0,47,0.015491,13.55,2.74,13.55,1,0,-0.3523
271560,오리온,2025-04-29,121900,123700,KOSPI,46574,1.4766,0.9089,0.8571,27,0.4085,0.7587,0.023116,47.4374,2.9955,1.7463,0.0484,12602571280.0,482,0.024137,2.59,-10.75,-10.75,0,0,-0.3523
2960,한국쉘석유,2025-04-29,350000,358000,KOSPI,5596,2.2857,1.0566,1.0,114,0.5,1.2361,0.01247,35.8634,5.2792,1.7463,0.0582,1244790300.0,114,0.014266,12.43,1.4,12.43,1,0,-0.3523
69510,에스텍,2025-04-29,11940,12180,KOSDAQ,1612,2.0101,3.4539,0.9556,50,0.4146,1.1059,0.013371,46.747,5.463,5.0633,0.0783,152408568.0,957,0.021405,18.72,-1.07,16.26,1,0,-1.5429
3547,대신증권2우B,2025-04-29,15710,15920,KOSPI,2115,1.3367,0.98,0.9167,48,0.2515,0.9289,0.006648,17.9259,6.4059,1.7463,0.0542,584862918.0,886,0.010409,11.81,1.19,11.49,1,0,-0.3523
122870,와이지엔터테인먼트,2025-04-29,66800,67000,KOSDAQ,13102,0.2994,0.8768,0.8276,7,0.5217,0.584,0.049081,121.8543,3.1758,5.0633,0.0766,11395192400.0,467,0.040299,23.73,0.15,20.9,1,0,-1.5429
139130,iM금융지주,2025-04-29,9770,10190,KOSPI,24720,4.2989,4.4231,0.9423,49,0.3833,1.2374,0.014988,36.0481,10.8504,1.7463,0.1037,7793566984.0,861,0.020258,9.62,0.1,9.62,0,0,-0.3523
51500,CJ프레시웨이,2025-04-29,24050,24300,KOSDAQ,3366,1.0395,1.7145,0.75,27,0.5156,0.7974,0.009506,53.603,0.1315,5.0633,0.0555,962767460.0,727,0.034098,8.64,-0.82,8.64,0,0,-1.5429
78000,텔코웨어,2025-04-29,11030,11270,KOSPI,1418,2.1759,22.0749,0.9078,206,0.7661,4.8086,-0.016107,30.8943,27.3488,1.7463,0.2325,1957203544.0,936,0.040183,14.82,-16.95,14.73,1,0,-0.3523
145020,휴젤,2025-04-29,361000,370000,KOSDAQ,32790,2.4931,1.1147,0.925,3,0.3893,0.8222,0.043805,93.7173,0.651,5.0633,0.0746,19359224900.0,3,0.045656,0.54,-12.3,-10.27,0,0,-1.5429
29530,신도리코,2025-04-29,42100,42750,KOSPI,5373,1.5439,3.1324,0.9535,139,0.5948,1.2402,0.003827,21.9686,10.3114,1.7463,0.0878,407280600.0,267,0.025898,14.97,-1.4,14.97,1,0,-0.3523
352820,하이브,2025-04-30,262500,267000,KOSPI,152769,1.7143,2.8177,1.0,43,0.7043,1.0925,0.016747,68.9873,12.8135,2.0253,0.1444,70637290800.0,847,0.030364,8.43,-0.94,1.87,0,0,-0.6487
16360,삼성증권,2025-04-30,50700,52200,KOSPI,75012,2.9586,2.6685,0.8983,98,0.4703,1.2324,0.017872,45.8101,12.1979,2.0253,0.1414,18429525360.0,98,0.021004,15.9,0.57,13.41,1,0,-0.6487
316140,우리금융지주,2025-04-30,17420,17710,KOSPI,219489,1.6648,1.6016,1.0,46,0.4,0.9843,0.014363,31.1852,3.7061,2.0253,0.0695,36428537516.0,46,0.01694,8.81,-0.51,6.66,0,0,-0.6487
00088K,한화3우B,2025-04-30,20750,20900,KOSPI,8790,0.7229,0.5003,0.8182,50,0.4779,0.6235,0.026424,42.9549,7.7437,2.0253,0.0895,1836682250.0,50,0.026555,45.69,3.59,45.45,1,0,-0.6487
5940,NH투자증권,2025-04-30,15320,15350,KOSPI,89442,0.1958,2.4869,1.0,43,0.4074,0.9943,0.00918,37.5448,8.327,2.0253,0.1343,10619290226.0,43,0.020102,13.68,-0.98,12.12,1,0,-0.6487
21240,코웨이,2025-04-30,87600,87700,KOSPI,58822,0.1142,1.6304,1.0,25,0.5052,0.7875,0.026147,62.4074,7.1902,2.0253,0.1406,14115073840.0,923,0.0338,17.22,-3.19,3.88,1,0,-0.6487
32350,롯데관광개발,2025-04-30,10840,10850,KOSPI,19885,0.0923,2.0467,0.8955,222,0.5326,1.408,-0.004475,43.5185,28.2268,2.0253,0.1557,7640463344.0,955,0.034826,17.14,-0.92,17.14,1,0,-0.6487
448280,에코아이,2025-04-30,10500,10516,KOSDAQ,3079,0.1524,1.324,0.2422,233,0.2452,3.9506,-0.007415,119.5407,59.583,4.7295,0.2622,9593598354.0,349,0.079097,35.98,-12.99,-3.2,1,0,-2.7141
71050,한국금융지주,2025-04-30,82500,83000,KOSPI,111452,0.6061,1.6136,0.7073,46,0.4133,0.867,0.007164,36.289,9.5339,2.0253,0.1409,10490256080.0,983,0.025645,30.48,-0.36,26.39,1,0,-0.6487
1720,신영증권,2025-04-30,87000,89300,KOSPI,28474,2.6437,5.1833,0.7273,43,0.5721,1.2805,0.006856,39.9687,18.3252,2.0253,0.1508,1352530820.0,43,0.022836,25.2,5.71,17.13,1,0,-0.6487
16880,웅진,2025-05-02,1527,1702,KOSPI,1806,11.4604,49.0317,0.7028,231,0.8337,8.3206,-0.012928,117.3691,94.7379,2.9392,0.6113,25702515027.0,961,0.066057,28.67,-9.46,28.67,1,0,-0.4739
253450,스튜디오드래곤,2025-05-02,51400,52200,KOSDAQ,13616,1.5564,1.2258,0.2174,43,0.9727,0.687,0.011214,53.0792,3.5912,5.6138,0.1314,9277402140.0,1049,0.034414,-1.72,-17.34,-4.79,0,0,-2.0084
45390,대아티아이,2025-05-07,4080,4160,KOSDAQ,2879,1.9608,1.5663,0.9508,7,0.3711,1.2047,0.024476,68.7627,17.7423,5.1528,0.1029,2843410543.0,915,0.042668,12.98,-2.88,12.98,1,0,-1.7963
63170,서울옥션,2025-05-07,9020,9190,KOSDAQ,1351,1.8847,15.9771,1.0,241,0.7078,4.8813,-0.010618,47.9871,37.1072,5.1528,0.2894,29345872506.0,848,0.057283,-2.5,-16.43,-8.92,0,0,-1.7963
17960,한국카본,2025-05-07,20100,20200,KOSPI,16663,0.4975,0.4497,0.8876,6,0.3086,0.5578,0.06943,114.6652,15.6278,4.396,0.0641,8673334074.0,6,0.04162,11.14,-1.98,11.14,1,1,0.127
71200,인피니트헬스케어,2025-05-07,6153,6305,KOSDAQ,1622,2.4703,0.4289,0.8866,42,0.2755,0.6643,0.01074,56.219,19.1816,5.1528,0.104,1082209594.0,934,0.057279,8.37,-3.71,8.37,0,0,-1.7963
71055,한국금융지주우,2025-05-07,61400,63000,KOSPI,8295,2.6059,2.4405,0.5926,49,0.5896,0.9782,0.017667,38.6139,11.6261,4.396,0.1148,1214649600.0,960,0.023243,25.87,1.59,25.08,1,1,0.127
52400,코나아이,2025-05-07,46300,46950,KOSDAQ,8301,1.4039,3.7505,1.0,17,0.6332,1.2172,0.116247,251.949,28.6079,5.1528,0.2342,61022012910.0,940,0.101171,52.5,-15.23,52.5,1,0,-1.7963
10660,화천기계,2025-05-07,4460,4720,KOSPI,1234,5.8296,4.4559,0.8151,9,0.5423,1.4384,0.022458,89.9396,36.4995,4.396,0.1602,2997363537.0,269,0.061365,13.14,-11.76,-1.06,1,1,0.127
204620,글로벌텍스프리,2025-05-07,5590,5740,KOSDAQ,3300,2.6834,0.9501,0.3333,2,0.5939,0.5382,0.057033,102.5406,8.0622,5.1528,0.0693,4104259686.0,388,0.040443,5.92,-8.89,4.01,0,0,-1.7963
65660,안트로젠,2025-05-07,22750,23450,KOSDAQ,4002,3.0769,1.9981,0.8846,65,0.7228,1.2703,0.034339,75.0,14.3681,5.1528,0.1291,784184920.0,914,0.05297,1.92,-8.96,-4.05,0,0,-1.7963
268280,미원에스씨,2025-05-07,164000,164600,KOSPI,6500,0.3659,3.2147,1.0,230,0.7584,1.3832,0.002744,25.3618,4.3226,4.396,0.082,284245120.0,871,0.022088,0.73,-6.14,-2.19,0,1,0.127
278470,에이피알,2025-05-08,80500,98400,KOSPI,102934,22.236,11.1915,0.961,208,0.6979,1.5874,-0.00407,140.0,47.4065,10.7929,0.3608,148303000000.0,208,0.04457,29.98,4.17,29.98,1,1,0.4023
92460,한라IMS,2025-05-08,9510,9700,KOSDAQ,2621,1.9979,2.4245,0.6296,34,0.3562,1.2259,0.025702,56.7044,17.3128,12.0206,0.0854,752825472.0,34,0.034904,2.16,-7.63,-5.88,0,0,-0.7878
376300,디어유,2025-05-08,47700,48500,KOSDAQ,8427,1.6771,0.698,0.7895,51,0.2283,0.8869,0.055589,166.191,8.3268,12.0206,0.1543,10875920790.0,848,0.051804,14.64,-10.1,14.23,1,0,-0.7878
161890,한국콜마,2025-05-08,76200,79600,KOSPI,15886,4.4619,1.5629,0.9535,155,0.3395,0.8572,0.010412,64.8033,12.618,10.7929,0.0891,12315517680.0,155,0.029612,8.79,3.14,8.79,0,1,0.4023
251970,펌텍코리아,2025-05-08,56500,59800,KOSDAQ,7849,5.8407,2.9274,0.6964,12,0.5821,0.9222,0.025669,136.8317,4.0959,12.0206,0.1009,4882430660.0,12,0.046106,0.17,-8.03,-5.35,0,0,-0.7878
24090,디씨엠,2025-05-08,12720,12740,KOSPI,1349,0.1572,1.6024,0.6818,170,0.3054,0.9226,0.008885,18.0723,0.8636,10.7929,0.038,59364026.0,831,0.017493,7.14,-1.41,7.14,0,1,0.4023
194700,노바렉스,2025-05-08,11320,11560,KOSDAQ,2579,2.1201,2.3762,0.3208,205,0.7474,1.5513,-0.005034,73.0539,11.7482,12.0206,0.1679,2281615706.0,931,0.032501,53.11,2.42,51.56,1,0,-0.7878
69960,현대백화점,2025-05-08,61000,62100,KOSPI,20932,1.8033,1.8036,0.9429,41,0.4353,0.6643,0.019107,49.0996,-5.5386,10.7929,0.0729,3224046460.0,978,0.028295,16.59,-1.29,16.26,1,1,0.4023
214150,클래시스,2025-05-08,69100,70700,KOSDAQ,47492,2.3155,1.3197,0.7027,46,0.4692,0.3518,0.020484,92.381,14.6819,12.0206,0.1285,19512653480.0,46,0.031623,-0.14,-19.38,-17.26,0,0,-0.7878
23590,다우기술,2025-05-08,22300,22700,KOSPI,21469,1.7937,2.5424,0.8889,33,0.4217,0.877,0.010012,32.904,11.4473,10.7929,0.0992,2481096520.0,948,0.022498,26.87,-0.22,26.87,1,1,0.4023
298040,효성중공업,2025-05-08,533000,537000,KOSPI,213159,0.7505,1.406,0.8611,61,0.3438,1.0924,0.027827,116.0966,25.6747,10.7929,0.156,35160911300.0,61,0.045358,24.02,-3.54,24.02,1,1,0.4023
32190,다우데이타,2025-05-08,12470,12600,KOSDAQ,9690,1.0425,2.4447,0.9848,245,0.3837,0.8287,0.00034,30.2999,6.9596,12.0206,0.0976,889525588.0,547,0.018764,37.7,2.54,37.46,1,0,-0.7878
1270,부국증권,2025-05-08,29400,30000,KOSPI,7414,2.0408,4.6201,1.0,143,0.5278,1.3534,0.005006,27.1186,10.1749,10.7929,0.1262,238062170.0,143,0.024881,41.5,-1.33,41.5,1,1,0.4023
5720,넥센,2025-05-08,4865,4935,KOSPI,3106,1.4388,0.7136,1.0,216,0.5437,0.5826,-0.003858,18.9157,-1.3694,10.7929,0.0667,121663363.0,943,0.019684,24.82,-1.42,24.82,1,1,0.4023
59210,메타바이오메드,2025-05-08,5160,5760,KOSDAQ,1336,11.6279,85.6667,0.8038,232,0.8584,9.1353,0.001091,75.8779,15.9794,12.0206,0.2084,29176153547.0,289,0.037016,6.94,-9.03,0.0,0,0,-0.7878
53580,웹케시,2025-05-09,17630,17800,KOSDAQ,1353,0.9643,2.386,0.6068,21,0.985,2.2746,0.058932,182.5397,-3.3983,9.7304,0.3369,99780062388.0,993,0.072994,23.88,-26.12,17.13,1,0,-1.657
3240,태광산업,2025-05-09,809000,825000,KOSPI,9820,1.9778,1.9825,0.7018,42,0.4474,1.011,0.012631,51.3761,17.297,10.412,0.1521,1102882200.0,961,0.033939,27.27,-4.36,25.58,1,1,0.3729
214430,아이쓰리시스템,2025-05-09,64700,65200,KOSDAQ,8747,0.7728,0.9011,0.7143,49,0.5,0.6355,0.037466,144.1948,28.5517,9.7304,0.1861,3196628960.0,49,0.036426,30.52,-3.53,25.46,1,0,-1.657
95660,네오위즈,2025-05-09,23950,24400,KOSDAQ,6153,1.8789,1.526,1.0,241,0.4265,1.0205,0.013042,36.848,2.4535,9.7304,0.0575,1821790140.0,470,0.020345,7.99,-2.46,0.0,0,0,-1.657
139480,이마트,2025-05-09,91700,93500,KOSPI,24395,1.9629,0.8647,0.8889,4,0.3636,0.725,0.04768,68.4685,-1.4376,10.412,0.0579,11400464540.0,1037,0.030023,-2.35,-11.44,-11.12,0,1,0.3729
256940,킵스파마,2025-05-09,11800,12790,KOSDAQ,1803,8.3898,12.52,1.0,12,1.0,2.5314,0.072282,202.0071,29.2913,9.7304,0.1785,10096814978.0,1063,0.089076,43.32,-7.58,28.69,1,0,-1.657
23530,롯데쇼핑,2025-05-09,71300,72100,KOSPI,23508,1.122,4.5258,0.92,242,0.6396,1.1388,0.003478,37.8585,4.0324,10.412,0.0967,7130149380.0,1023,0.029423,15.26,3.05,4.85,1,1,0.3729
4960,한신공영,2025-05-12,7430,7600,KOSPI,1157,2.288,1.63,0.878,168,0.413,1.1095,0.005192,31.0345,8.513,13.6735,0.0816,275456148.0,980,0.036372,18.16,-1.71,17.89,1,1,1.5952
375500,DL이앤씨,2025-05-12,45400,45600,KOSPI,16928,0.4405,1.244,0.9286,39,0.6331,0.843,0.025485,56.9707,6.3265,13.6735,0.0913,7134956430.0,942,0.032503,10.75,-4.5,10.75,1,1,1.5952
39490,키움증권,2025-05-12,144600,147200,KOSPI,112832,1.7981,1.4737,0.7143,199,0.3615,1.0518,0.000212,34.7985,20.2664,13.6735,0.1542,14663090680.0,1062,0.0296,30.03,-2.51,29.08,1,1,1.5952
92230,KPX홀딩스,2025-05-12,61200,62300,KOSPI,3164,1.7974,0.6356,0.8,235,0.3924,0.7562,0.001722,20.9709,1.0594,13.6735,0.0627,156992300.0,979,0.017083,12.68,-2.25,11.56,1,1,1.5952
53300,한국정보인증,2025-05-12,5100,5440,KOSDAQ,2729,6.6667,19.1798,0.4198,81,0.8119,6.5563,-0.002309,46.8286,27.2792,12.7465,0.223,45563169791.0,1037,0.057707,64.52,-2.76,64.52,1,0,-1.1754
124500,아이티센글로벌,2025-05-12,7290,7850,KOSDAQ,11219,7.6818,5.3622,0.8205,144,0.6706,1.2772,0.044013,104.6936,30.7635,12.7465,0.1981,4897649558.0,311,0.057598,169.43,4.59,169.43,1,0,-1.1754
6805,미래에셋증권우,2025-05-12,5450,5580,KOSPI,2790,2.3853,1.8499,0.7857,116,0.2737,1.5199,0.022188,48.0106,20.7843,13.6735,0.138,342886900.0,994,0.028354,46.06,-1.61,46.06,1,1,1.5952
36530,SNT홀딩스,2025-05-12,34950,35700,KOSPI,8494,2.1459,1.1733,1.0,31,0.5378,0.8452,0.046674,74.5721,6.7312,13.6735,0.0924,953387330.0,31,0.033313,62.18,2.24,54.06,1,1,1.5952
5440,현대지에프홀딩스,2025-05-12,5770,5970,KOSPI,14437,3.4662,4.1323,0.9524,51,0.5061,1.3204,0.020421,50.7576,8.4123,13.6735,0.1126,1204662008.0,957,0.026202,35.68,1.01,33.0,1,1,1.5952
192400,쿠쿠홀딩스,2025-05-12,24950,26500,KOSPI,9602,6.2124,4.4531,0.9412,160,0.6452,3.0653,0.009848,35.6192,6.781,13.6735,0.1035,2715013170.0,990,0.026685,19.25,1.32,15.28,1,1,1.5952
9970,영원무역홀딩스,2025-05-12,99900,100800,KOSPI,27133,0.9009,0.5396,1.0,37,0.4863,0.6872,0.012676,29.7297,5.3347,13.6735,0.0769,922548120.0,292,0.028628,27.38,4.37,27.38,1,1,1.5952
244920,에이플러스에셋,2025-05-12,4810,5030,KOSPI,2849,4.5738,7.0676,0.8701,103,0.4762,2.1935,0.010579,40.3068,9.9137,13.6735,0.1258,734438575.0,929,0.035785,25.84,-1.19,23.06,1,1,1.5952
180640,한진칼,2025-05-13,93100,115900,KOSPI,73505,24.4898,15.7425,1.0,137,0.9008,2.6392,0.019742,100.8666,37.473,6.6812,0.3911,21062731860.0,137,0.041538,33.74,-3.97,33.74,1,1,1.6937
97520,엠씨넥스,2025-05-13,26650,26800,KOSPI,5029,0.5629,0.9656,0.8667,245,0.6061,0.9726,0.007351,59.9045,11.9028,6.6812,0.1139,1825134140.0,1046,0.024787,6.34,-0.75,4.1,0,1,1.6937
284740,쿠쿠홈시스,2025-05-13,24300,25050,KOSPI,5205,3.0864,5.0254,0.9362,210,0.5728,1.1375,-0.005207,32.2598,17.0225,6.6812,0.1322,1205304160.0,970,0.027374,9.78,0.8,9.78,0,1,1.6937
4800,효성,2025-05-13,53846,54200,KOSPI,23135,0.6574,1.4186,1.0,232,0.3108,1.2946,0.013507,35.3308,7.3041,6.6812,0.0542,921947440.0,935,0.024249,23.99,-1.48,21.96,1,1,1.6937
67830,세이브존I&C,2025-05-13,2410,2425,KOSPI,1244,0.6224,2.3972,0.8182,239,0.5357,1.7349,-0.002678,32.2246,4.3028,6.6812,0.0549,144550876.0,983,0.021208,15.88,0.21,15.88,1,1,1.6937
30610,교보증권,2025-05-13,6830,6980,KOSPI,12775,2.1962,2.0878,1.0,45,0.4091,0.8912,0.023952,45.4167,14.9216,6.6812,0.1079,1091979984.0,981,0.020978,17.48,0.72,17.48,1,1,1.6937
52710,아모텍,2025-05-13,8450,8550,KOSDAQ,1435,1.1834,2.7489,0.8974,245,0.7955,0.8301,0.027791,197.9094,13.9298,7.3468,0.0908,896355106.0,1064,0.050961,12.05,-9.94,12.05,1,0,-0.2107
56080,유진로봇,2025-05-13,9710,12510,KOSDAQ,12116,28.8363,19.6072,1.0,62,0.9239,3.2646,0.005998,145.2941,71.3674,7.3468,0.6034,33629937468.0,403,0.041167,29.98,-16.39,-14.87,1,0,-0.2107
109740,디에스케이,2025-05-14,6500,6560,KOSDAQ,2008,0.9231,8.9891,0.4824,249,0.6246,3.2152,-0.025118,79.4802,58.5762,6.2479,0.3604,1046223858.0,929,0.065658,12.65,-25.15,12.5,1,1,0.8435
4690,삼천리,2025-05-14,95400,95500,KOSPI,5616,0.1048,1.218,0.6957,228,0.4241,1.0498,-0.000491,12.7509,2.2449,8.5439,0.0492,1004885800.0,510,0.012004,45.24,1.36,40.52,1,1,2.9906
86820,바이오솔루션,2025-05-14,10505,11464,KOSDAQ,1798,9.129,18.2855,0.6448,49,0.847,3.0704,0.058894,177.7132,40.5194,6.2479,0.2619,11573456692.0,946,0.081173,2.64,-7.89,-7.89,0,1,0.8435
85620,미래에셋생명,2025-05-14,5870,6010,KOSPI,16339,2.385,7.4872,0.6047,206,0.6849,3.7315,7.4e-05,39.4432,16.4041,8.5439,0.1506,1652681034.0,306,0.042192,9.98,-10.98,9.15,0,1,2.9906
353810,이지바이오,2025-05-14,5470,5540,KOSDAQ,2346,1.2797,0.942,0.9429,8,0.678,0.8119,0.021357,66.1169,-0.7241,6.2479,0.0385,1031994278.0,1065,0.036617,3.25,-9.93,-8.3,0,1,0.8435
3380,하림지주,2025-05-14,6600,6630,KOSDAQ,15054,0.4545,1.7953,0.7222,250,0.6116,0.8426,-0.001136,32.0717,14.2975,6.2479,0.1132,1580746006.0,509,0.026287,43.44,1.81,39.52,1,1,0.8435
9830,한화솔루션,2025-05-14,33900,37350,KOSPI,45637,10.177,3.0486,0.7547,222,0.4359,1.4714,-0.002286,151.3459,74.5443,8.5439,0.3512,147409000000.0,1057,0.06158,4.55,-23.96,-5.22,0,1,2.9906
71320,지역난방공사,2025-05-14,59100,61500,KOSPI,11428,4.0609,3.9555,0.9032,107,0.6053,1.3353,0.008693,55.4994,16.0761,8.5439,0.1713,2381133380.0,107,0.034262,35.77,3.74,28.29,1,1,2.9906
34020,두산에너빌리티,2025-05-14,30300,31300,KOSPI,554085,3.3003,2.0441,0.875,57,0.5647,1.2283,0.031231,97.3518,25.2167,8.5439,0.1594,280485000000.0,964,0.045527,74.44,2.08,74.44,1,1,2.9906
3470,유안타증권,2025-05-14,3080,3170,KOSPI,8423,2.9221,3.5458,0.8636,198,0.5439,1.451,-0.001888,27.3092,10.629,8.5439,0.1129,1795233427.0,958,0.026025,12.15,-4.1,10.25,1,1,2.9906
322000,HD현대에너지솔루션,2025-05-14,37000,44050,KOSPI,5667,19.0541,14.7014,1.0,232,0.7931,2.5331,0.010302,135.0587,61.2056,8.5439,0.5024,27183068020.0,649,0.056754,18.73,-10.9,9.42,1,1,2.9906
100090,SK오션플랜트,2025-05-14,16050,19840,KOSPI,10827,23.6137,21.0738,0.892,152,0.826,2.9493,0.007383,82.3529,34.7052,8.5439,0.3219,18855892736.0,663,0.044031,6.1,-10.23,2.57,0,1,2.9906
60980,HL홀딩스,2025-05-14,38250,38750,KOSPI,4091,1.3072,3.3502,0.92,35,0.4828,1.2913,0.007067,23.0159,2.4876,8.5439,0.0632,837647890.0,891,0.01576,8.9,-4.0,3.23,0,1,2.9906
192820,코스맥스,2025-05-14,197800,214000,KOSPI,21485,8.1901,2.2607,0.8619,211,0.7486,1.1477,-0.005644,81.8182,21.153,8.5439,0.212,28333243500.0,211,0.037583,13.32,-5.37,11.68,1,1,2.9906
3200,일신방직,2025-05-14,9180,9290,KOSPI,2973,1.1983,2.6127,0.2727,218,0.5987,1.501,-0.002073,32.7143,7.0033,8.5439,0.0835,405365624.0,489,0.020145,28.96,0.43,15.18,1,1,2.9906
263860,지니언스,2025-05-14,18710,18930,KOSDAQ,1667,1.1758,0.8684,0.4615,10,0.268,1.2921,0.075977,122.1831,38.0356,6.2479,0.119,1613918482.0,10,0.103577,8.03,-6.92,-0.37,0,1,0.8435
299170,더블유에스아이,2025-05-14,2075,2105,KOSDAQ,1430,1.4458,0.7436,0.8261,235,0.4817,2.6548,-0.000143,87.9464,26.7274,6.2479,0.1616,1938174052.0,1066,0.054666,-0.48,-15.25,-15.25,0,1,0.8435
30190,NICE평가정보,2025-05-14,13360,13760,KOSPI,9762,2.994,1.528,0.7746,47,0.5419,1.018,0.016526,45.7627,7.281,8.5439,0.0862,930150310.0,949,0.030783,6.83,1.02,3.71,0,1,2.9906
108490,로보티즈,2025-05-14,41241,47717,KOSDAQ,45022,15.7028,5.1412,1.0,69,0.8323,0.972,0.052802,202.2933,38.7224,6.2479,0.3577,45015751069.0,515,0.044683,39.18,7.14,12.65,1,1,0.8435
419530,SAMG엔터,2025-05-14,40100,50800,KOSDAQ,3542,26.6833,2.6994,1.0,4,0.809,0.8012,0.176026,472.0721,37.0525,6.2479,0.346,14903129080.0,560,0.055224,55.31,22.05,55.31,1,1,0.8435
150,두산,2025-05-14,376000,408500,KOSPI,135542,8.6436,1.779,1.0,54,0.5874,1.4791,0.040836,218.8915,33.7906,8.5439,0.3002,91196095300.0,54,0.047648,45.17,-4.04,39.29,1,1,2.9906
214450,파마리서치,2025-05-14,401500,423500,KOSDAQ,43688,5.4795,1.0549,0.7937,3,0.7952,0.9275,0.103668,232.1569,9.4624,6.2479,0.1177,40619897600.0,3,0.051442,23.49,-3.19,2.36,1,1,0.8435
140410,메지온,2025-05-15,42050,42450,KOSDAQ,48248,0.9512,2.4134,0.9459,224,0.6364,0.9085,0.000282,63.8996,16.1571,3.4204,0.1182,4917783300.0,818,0.04417,-2.0,-14.25,-4.36,0,1,0.1311
2810,삼영무역,2025-05-15,14080,14280,KOSPI,3134,1.4205,1.9751,1.0,241,0.5929,1.0755,0.004408,15.2542,1.8555,6.7377,0.046,170399586.0,979,0.012605,12.68,0.49,11.2,1,1,2.2891
12630,HDC,2025-05-15,19600,19650,KOSPI,11578,0.2551,1.1595,0.8925,6,0.4641,1.1516,0.089911,151.2788,10.2266,6.7377,0.0578,3615265838.0,6,0.038422,15.01,-4.07,15.01,1,1,2.2891
880,한화,2025-05-15,52300,52800,KOSPI,81855,0.956,0.4003,0.9583,45,0.5279,0.5325,0.062372,106.6536,14.7813,6.7377,0.1147,17474965000.0,45,0.048363,90.53,-4.73,90.53,1,1,2.2891
453340,현대그린푸드,2025-05-15,15890,16160,KOSPI,4913,1.6992,3.6065,0.9474,95,0.6376,1.2001,0.023981,40.1561,2.3778,6.7377,0.0506,780841842.0,95,0.027272,13.12,2.78,10.89,1,1,2.2891
214370,케어젠,2025-05-15,34000,34300,KOSDAQ,57287,0.8824,2.4322,0.925,65,0.9744,2.2775,0.014352,122.7273,25.044,3.4204,0.3063,10400627400.0,454,0.04873,5.98,-6.71,-6.71,0,1,0.1311
119850,지엔씨에너지,2025-05-16,27550,28700,KOSDAQ,5658,4.1742,1.2864,0.5,3,0.3759,0.7863,0.175475,483.9268,56.0187,1.8471,0.2234,18432859830.0,3,0.064211,14.11,-11.15,14.11,1,0,-0.9058
9780,엠에스씨,2025-05-16,7400,7930,KOSDAQ,1378,7.1622,16.2454,0.8772,217,0.7805,2.4433,0.003307,60.0404,28.3663,1.8471,0.2238,4470530798.0,447,0.038281,29.38,4.92,24.09,1,0,-0.9058
720,현대건설,2025-05-16,44200,44600,KOSPI,110354,0.905,1.0842,0.7333,4,0.3885,1.017,0.029184,85.0622,6.8785,6.0329,0.0834,29810884550.0,946,0.038677,77.35,2.02,74.89,1,1,2.552
12750,에스원,2025-05-16,65700,67400,KOSPI,30513,2.5875,1.3531,0.8214,124,0.6446,1.0153,0.008234,24.3542,2.3272,6.0329,0.0507,2321434720.0,1067,0.021884,6.38,-3.56,3.12,0,1,2.552
111770,영원무역,2025-05-16,52800,53100,KOSPI,37399,0.5682,1.4422,0.9688,38,0.8765,0.9987,0.028683,64.1422,8.6539,6.0329,0.1161,3203516220.0,424,0.035311,16.95,0.56,13.18,1,1,2.552
11200,HMM,2025-05-16,22150,22950,KOSPI,184309,3.6117,1.718,0.8529,46,0.9461,1.3597,0.002576,49.902,13.374,6.0329,0.1871,100034000000.0,973,0.033209,5.88,-7.19,0.22,0,1,2.552
87010,펩트론,2025-05-16,194600,197800,KOSDAQ,66571,1.6444,0.7958,0.7529,3,0.8679,0.7195,0.146526,600.2018,21.1628,1.8471,0.1311,60956378040.0,3,0.063701,17.54,-20.48,-4.35,1,0,-0.9058
3100,선광,2025-05-16,18080,18770,KOSDAQ,1346,3.8164,8.2783,0.9153,247,0.8025,1.7695,-0.00531,31.7193,17.2519,1.8471,0.1402,632299506.0,501,0.021691,16.41,-1.44,14.28,1,0,-0.9058
3690,코리안리,2025-05-16,8500,8510,KOSPI,22443,0.1176,4.3378,0.8824,107,0.6341,1.4089,0.016953,30.4015,2.513,6.0329,0.0583,3456781488.0,107,0.015864,19.27,3.64,17.39,1,1,2.552
24720,콜마홀딩스,2025-05-19,10870,10920,KOSPI,3313,0.46,2.2633,0.7516,214,0.9741,0.5575,0.000763,75.2809,8.8162,6.3736,0.1338,7005245920.0,972,0.054618,46.06,3.85,46.06,1,1,1.6841
136480,하림,2025-05-19,3585,3800,KOSDAQ,3250,5.9972,165.8739,0.832,222,1.0,17.4307,-0.006928,40.4806,22.2922,2.0941,0.2235,61979412138.0,338,0.027068,-10.92,-18.42,-18.03,0,0,-2.3757
389260,대명에너지,2025-05-19,20450,24900,KOSDAQ,2963,21.7604,0.7339,0.5,236,0.8335,2.9772,0.01023,152.2796,77.3007,2.0941,0.5639,14240893332.0,660,0.05743,24.3,-15.06,7.43,1,0,-2.3757
30530,원익홀딩스,2025-05-19,4880,5310,KOSDAQ,30818,8.8115,7.4315,0.6335,46,0.8173,1.2189,0.031692,145.8333,30.6559,2.0941,0.2095,71358868514.0,995,0.06746,15.44,-1.32,-0.19,1,0,-2.3757
2900,TYM,2025-05-20,5650,5730,KOSPI,2848,1.4159,2.644,0.8947,68,0.5143,2.3968,0.011748,102.4735,26.4056,5.3186,0.2058,2900466992.0,737,0.032785,-2.27,-13.53,-7.16,0,1,1.6651
16590,신대양제지,2025-05-20,8540,8670,KOSPI,4711,1.5222,1.6007,0.8387,11,0.6013,1.4572,0.036421,76.3988,8.3119,5.3186,0.0822,262679396.0,924,0.060306,65.97,1.73,65.97,1,1,1.6651
297090,씨에스베어링,2025-05-20,8640,8690,KOSDAQ,1546,0.5787,36.9802,1.0,237,0.6715,5.2594,-0.009068,137.4317,61.896,0.5339,0.3951,9433704532.0,1068,0.053592,-1.61,-16.34,-15.54,0,0,-2.0579
3570,SNT다이내믹스,2025-05-20,36500,39300,KOSPI,16493,7.6712,3.2108,0.8727,48,0.9419,1.3194,0.054966,146.8593,8.2653,5.3186,0.1475,6136347170.0,48,0.053072,42.49,-0.25,42.49,1,1,1.6651
445680,큐리옥스바이오시스템즈,2025-05-20,28908,29000,KOSDAQ,19842,0.3183,1.4416,0.4348,249,0.7279,1.2066,0.014361,115.7738,25.0072,0.5339,0.1429,5377917640.0,410,0.05468,40.69,0.34,18.62,1,0,-2.0579
9160,SIMPAC,2025-05-20,4345,4360,KOSPI,3180,0.3452,1.1531,0.9,244,0.5366,1.4981,0.007492,30.7346,7.4887,5.3186,0.0705,890168401.0,890,0.017857,15.14,1.15,14.45,1,1,1.6651
18120,진로발효,2025-05-20,18330,18370,KOSDAQ,1143,0.2182,1.0793,0.7647,126,0.4113,1.0164,0.013256,27.5694,6.1444,0.5339,0.0362,49297238.0,973,0.011082,2.78,-1.52,2.34,0,0,-2.0579
6120,SK디스커버리,2025-05-20,45000,45450,KOSPI,9981,1.0,1.6567,0.7241,250,0.4636,0.9625,0.01237,39.2037,7.1814,5.3186,0.0801,1678525430.0,1044,0.022867,19.69,-3.41,19.69,1,1,1.6651
18000,유니슨,2025-05-20,1615,1669,KOSDAQ,2302,3.3437,1.5922,0.8345,4,0.4099,2.0044,0.087668,222.824,51.8862,0.5339,0.2875,11984683466.0,1072,0.079988,11.74,-19.23,-0.6,1,0,-2.0579
36890,진성티이씨,2025-05-20,10620,11300,KOSDAQ,3111,6.403,43.3795,0.7778,49,0.7611,4.9199,0.002263,44.8718,30.1019,0.5339,0.2218,15778356474.0,995,0.033186,2.83,-6.55,1.33,0,0,-2.0579
25980,아난티,2025-05-20,7190,7210,KOSDAQ,7557,0.2782,1.7471,0.7778,9,0.6907,1.0939,0.021537,57.9409,8.3785,0.5339,0.0542,4820828932.0,888,0.042104,48.68,-2.22,48.68,1,0,-2.0579
500,가온전선,2025-05-20,68000,73200,KOSPI,13268,7.6471,2.7891,0.8736,74,0.4879,1.1104,0.022602,145.6376,47.0228,5.3186,0.2304,8781373500.0,74,0.049766,11.2,-12.16,-12.16,1,1,1.6651
136490,선진,2025-05-21,8190,8520,KOSPI,2568,4.0293,3.3568,0.9167,225,0.4484,4.2084,-0.00955,64.1618,39.1736,5.7244,0.2962,5913420940.0,1045,0.04938,36.97,-1.76,36.74,1,1,2.6283
123330,제닉,2025-05-21,27850,28300,KOSDAQ,1693,1.6158,2.1724,0.4348,85,0.6279,1.5403,0.131726,824.8366,28.4087,0.815,0.1403,4072176400.0,85,0.072564,50.53,-1.06,47.7,1,0,-0.882
204610,티쓰리,2025-05-21,1850,1900,KOSDAQ,1166,2.7027,5.5907,0.875,49,0.9508,2.5774,0.038093,85.91,14.6865,0.815,0.1205,2986141670.0,549,0.035376,11.32,-1.11,11.32,1,0,-0.882
236200,슈프리마,2025-05-21,35700,35900,KOSDAQ,3055,0.5602,0.683,0.7895,5,0.4558,1.1982,0.028959,60.2679,19.0514,0.815,0.0886,2473458610.0,5,0.044469,5.57,-2.65,-2.23,0,0,-0.882
75580,세진중공업,2025-05-21,10640,12030,KOSPI,10597,13.0639,27.5351,1.0,203,0.7602,3.7602,-0.010219,88.854,36.1388,5.7244,0.3186,36535345100.0,203,0.050113,7.23,-8.56,0.42,0,1,2.6283
4700,조광피혁,2025-05-21,57000,57200,KOSPI,4814,0.3509,2.1875,0.8889,164,0.8551,1.5778,0.002684,14.8594,6.4325,5.7244,0.086,222552660.0,311,0.025475,18.36,-2.8,6.47,1,1,2.6283
347850,디앤디파마텍,2025-05-21,23023,23223,KOSDAQ,38877,0.8687,0.7965,0.7459,4,0.1919,1.5161,0.098523,261.1102,55.4215,0.815,0.2397,32580269473.0,4,0.077356,53.55,-16.27,53.34,1,0,-0.882
200670,휴메딕스,2025-05-21,45900,51200,KOSDAQ,4711,11.5468,5.3929,0.8621,96,0.9084,1.7059,0.02487,100.3914,28.4779,0.815,0.2234,10321255160.0,96,0.044643,19.14,-1.95,14.65,1,0,-0.882
290650,엘앤씨바이오,2025-05-21,27100,29150,KOSDAQ,22060,7.5646,10.7623,0.9318,90,0.8883,2.3852,-0.002141,90.8972,37.6648,0.815,0.2843,10516574910.0,736,0.049008,11.15,-11.15,0.17,1,0,-0.882
33920,무학,2025-05-21,7290,7550,KOSPI,2468,3.5665,1.6714,0.7045,12,0.7333,1.202,0.01851,46.6019,-0.8633,5.7244,0.0488,555569074.0,897,0.025449,8.48,0.0,5.96,0,1,2.6283
71970,HD현대마린엔진,2025-05-21,40850,41200,KOSPI,28664,0.8568,0.8911,0.5806,8,0.4175,0.5167,0.084269,179.1328,15.6306,5.7244,0.0914,15970230240.0,8,0.053008,31.55,-3.28,27.43,1,1,2.6283
23760,한국캐피탈,2025-05-21,632,633,KOSDAQ,2490,0.1582,2.9257,0.9375,243,0.3284,1.5606,-0.000999,20.1139,10.6286,0.815,0.0619,116280692.0,961,0.015346,22.27,0.47,22.27,1,0,-0.882
35890,서희건설,2025-05-21,1750,1759,KOSDAQ,3730,0.5143,0.7921,0.9818,14,0.8297,1.0885,0.024565,43.3578,2.7165,0.815,0.0339,582021372.0,925,0.026111,4.66,-2.39,-1.59,0,0,-0.882
15760,한국전력,2025-05-22,29300,29700,KOSPI,368487,1.3652,1.7606,0.4545,1,0.6408,1.6853,0.033338,61.413,13.1617,4.2296,0.1142,109787000000.0,1,0.030063,6.73,-7.58,-4.88,0,1,1.4147
44450,KSS해운,2025-05-22,9630,9830,KOSPI,2189,2.0768,2.5663,0.7959,134,0.5636,1.7694,0.009954,23.3375,4.7505,4.2296,0.0709,821564446.0,986,0.023761,2.54,-1.32,0.1,0,1,1.4147
115310,인포바인,2025-05-22,38200,39400,KOSDAQ,2685,3.1414,2.8252,0.9153,53,0.8844,0.9761,0.051431,112.2845,23.2007,0.3103,0.197,508860810.0,686,0.034627,13.96,-5.08,9.14,1,0,-1.6348
34830,한국토지신탁,2025-05-22,1104,1130,KOSPI,3020,2.3551,4.5536,0.6296,170,0.5238,1.6191,0.004156,15.8974,7.7625,4.2296,0.0625,568099501.0,840,0.016561,15.66,0.35,7.79,1,1,1.4147
389030,지니너스,2025-05-22,1946,2110,KOSDAQ,1149,8.4275,4.908,0.7802,234,0.561,1.0751,-0.006717,95.3704,74.7934,0.3103,0.2914,1211914734.0,436,0.058971,33.18,0.0,19.67,1,0,-1.6348
82270,젬백스,2025-05-22,41600,41700,KOSDAQ,16389,0.2404,0.4908,0.9804,48,0.6359,0.5589,0.130595,321.2121,20.9106,0.3103,0.1498,13287637560.0,48,0.071257,67.39,7.43,56.59,1,0,-1.6348
82920,비츠로셀,2025-05-22,14711,14837,KOSDAQ,9181,0.8565,2.1134,0.7603,78,0.5153,1.4921,0.023735,72.0431,21.6844,0.3103,0.1546,4432985320.0,78,0.038504,6.46,-4.77,2.04,0,0,-1.6348
00680K,미래에셋증권2우B,2025-05-23,5180,5200,KOSPI,20775,0.3861,3.0736,0.5,2,0.3684,2.3122,0.030217,49.2109,15.9906,4.2407,0.068,6515957318.0,2,0.026854,73.08,-2.31,73.08,1,1,1.389
2030,아세아,2025-05-23,280000,284000,KOSPI,5876,1.4286,1.7911,0.9375,27,0.8305,0.9407,0.003849,24.5614,1.5321,4.2407,0.0682,370043700.0,27,0.021756,10.92,0.0,10.92,1,1,1.389
3460,유화증권,2025-05-23,2480,2490,KOSPI,1627,0.4032,0.6793,0.9,2,0.7097,1.2818,0.009489,17.4528,0.3812,4.2407,0.0291,72834632.0,1012,0.018359,12.45,-0.4,9.64,1,1,1.389
3830,대한화섬,2025-05-23,123300,123400,KOSPI,1501,0.0811,2.8421,0.5357,153,0.3115,1.7685,0.00917,29.2147,7.7376,4.2407,0.0629,60748240.0,953,0.027726,20.34,0.0,17.5,1,1,1.389
27410,BGF,2025-05-23,3770,3790,KOSPI,3771,0.5305,1.5767,1.0,250,0.4937,1.6474,0.003104,14.5015,3.583,4.2407,0.0419,461612754.0,1011,0.017433,17.94,-1.19,12.27,1,1,1.389
950170,JTC,2025-05-23,6050,6060,KOSDAQ,2851,0.1653,2.0911,0.8684,227,0.4359,1.5303,0.001639,68.5675,21.3409,-0.0195,0.082,1126896604.0,967,0.054455,6.77,-26.16,-5.78,0,0,-1.8018
320,노루홀딩스,2025-05-23,15620,15820,KOSPI,2711,1.2804,1.591,0.7674,6,0.7248,1.6157,0.016997,30.2058,5.4681,4.2407,0.0413,328016790.0,991,0.02095,50.44,5.12,50.44,1,1,1.389
36620,감성코퍼레이션,2025-05-23,4595,4910,KOSDAQ,6091,6.8553,10.0545,0.9355,241,0.6042,2.049,0.002557,94.4554,29.7421,-0.0195,0.2361,12227826591.0,451,0.044516,23.63,1.02,16.7,1,0,-1.8018
36190,금화피에스시,2025-05-23,29000,31300,KOSDAQ,1920,7.931,31.6383,0.7077,180,0.8667,5.3466,0.003071,32.3467,22.5244,-0.0195,0.1729,2260206620.0,971,0.028412,8.63,-8.47,3.83,0,0,-1.8018
100840,SNT에너지,2025-05-23,40550,46800,KOSPI,8634,15.4131,3.2307,0.906,2,0.7249,0.9994,0.129604,385.9813,21.9049,4.2407,0.216,10270474460.0,2,0.058226,-3.63,-13.68,-12.93,0,1,1.389
3530,한화투자증권,2025-05-23,4275,4305,KOSPI,12980,0.7018,3.3352,0.7455,110,0.5484,2.5724,0.00753,45.9322,27.4107,4.2407,0.1676,9806404241.0,1010,0.038377,60.74,-4.76,59.12,1,1,1.389
28100,동아지질,2025-05-23,15290,15390,KOSPI,2411,0.654,0.8683,0.7714,2,0.528,1.3048,0.011829,30.203,1.8973,4.2407,0.0378,617135924.0,974,0.023995,11.44,0.84,11.11,1,1,1.389
115180,큐리언트,2025-05-23,12150,12780,KOSDAQ,13315,5.1852,1.2941,0.88,3,0.483,0.816,0.135415,287.8604,25.4366,-0.0195,0.2018,3221292808.0,1074,0.056338,0.7,-21.75,-2.82,0,0,-1.8018
21320,KCC건설,2025-05-23,4920,4935,KOSDAQ,1130,0.3049,1.6657,1.0,175,0.451,1.0305,0.002442,31.4248,13.078,-0.0195,0.0979,111239284.0,926,0.033652,7.4,-2.94,4.36,0,0,-1.8018
330350,위더스제약,2025-05-23,8700,9510,KOSDAQ,1130,9.3103,159.4264,0.4891,182,0.9905,20.1551,-0.018504,69.5187,44.5484,-0.0195,0.4232,41432992488.0,920,0.044014,-7.57,-19.14,-18.72,0,0,-1.8018
383220,F&F,2025-05-23,74000,75500,KOSPI,27160,2.027,1.8305,0.7949,204,0.9286,1.1467,0.013,59.6195,9.8077,4.2407,0.0795,7553720300.0,830,0.035856,7.15,-1.32,3.71,0,1,1.389
3540,대신증권,2025-05-23,20600,20750,KOSPI,15004,0.7282,1.0509,0.6154,2,0.4617,1.3683,0.011951,37.5083,14.7387,4.2407,0.0937,3076440286.0,899,0.028503,22.41,-0.72,21.45,1,1,1.389
86790,하나금융지주,2025-05-26,68800,70500,KOSPI,285562,2.4709,0.9688,1.0,178,0.3645,0.82,0.00425,35.0575,12.4041,4.7055,0.081,43755918260.0,178,0.020213,18.01,-0.85,18.01,1,1,3.4583
383800,LX홀딩스,2025-05-26,7280,7420,KOSPI,6469,1.9231,1.8531,1.0,194,0.3564,1.3589,-0.001216,24.7059,11.0511,4.7055,0.0782,591772484.0,978,0.020408,31.13,-1.08,31.13,1,1,3.4583
8040,사조동아원,2025-05-26,1211,1213,KOSPI,1496,0.1652,1.3801,0.9722,228,0.9569,3.5158,0.001624,35.2285,7.1949,4.7055,0.1178,11385582307.0,736,0.040278,0.08,-5.61,-4.95,0,1,3.4583
300720,한일시멘트,2025-05-26,18260,18600,KOSPI,12488,1.862,2.1593,0.9381,8,1.0,1.0482,0.026802,42.7475,4.8351,4.7055,0.0535,1566549664.0,827,0.037788,2.26,-5.75,-1.13,0,1,3.4583
92130,이크레더블,2025-05-26,15310,15330,KOSDAQ,1843,0.1306,0.6265,0.2917,1,0.3358,1.0742,0.018017,30.9137,3.903,-0.1116,0.0237,156893050.0,1075,0.017333,7.63,-2.09,4.31,0,0,-0.4669
6800,미래에셋증권,2025-05-26,13590,13670,KOSPI,228252,0.5887,0.5917,0.6857,1,0.297,1.1653,0.055158,105.2553,28.1419,4.7055,0.1121,16841006812.0,1,0.038301,71.54,-1.98,71.54,1,1,3.4583
3300,한일홀딩스,2025-05-26,15800,16130,KOSPI,4733,2.0886,2.0935,0.8526,98,0.9651,2.091,0.011168,27.0079,7.6987,4.7055,0.0779,382235030.0,98,0.038925,19.65,0.74,12.4,1,1,3.4583
9680,모토닉,2025-05-26,10100,10290,KOSPI,2934,1.8812,1.6353,0.5588,3,0.8559,1.9793,0.011269,25.4878,3.6103,4.7055,0.0582,849758586.0,1073,0.022838,6.71,-1.46,1.65,0,1,3.4583
267250,HD현대,2025-05-26,86700,87200,KOSPI,176155,0.5767,1.4132,1.0,73,0.3311,1.0603,0.005544,30.3438,14.7466,4.7055,0.0814,12632104120.0,73,0.023182,56.65,-0.34,48.62,1,1,3.4583
65710,서호전기,2025-05-26,38900,39150,KOSDAQ,2626,0.6427,3.5715,0.8033,4,0.3293,4.1668,0.041906,110.5971,57.9745,-0.1116,0.3766,6200506840.0,4,0.06705,12.13,-4.98,9.45,1,0,-0.4669
105560,KB금융,2025-05-26,101200,102000,KOSPI,508870,0.7905,1.0843,1.0,113,0.3923,0.7346,0.010096,44.6809,15.2945,4.7055,0.0957,95467048880.0,113,0.019608,10.1,-1.96,7.35,1,1,3.4583
460930,현대힘스,2025-05-26,20650,22100,KOSDAQ,6062,7.0218,20.3667,0.9112,81,0.9884,2.6084,0.016836,124.5935,26.6866,-0.1116,0.2599,37166006748.0,320,0.038752,1.36,-12.99,-12.99,0,0,-0.4669
114090,GKL,2025-05-26,14030,14080,KOSPI,7893,0.3564,1.0111,1.0,250,0.4391,1.8394,0.004523,36.965,11.7544,4.7055,0.1032,4192498146.0,552,0.025974,10.51,0.07,6.75,1,1,3.4583
33780,KT&G,2025-05-26,123400,125000,KOSPI,182274,1.2966,0.9158,1.0,112,0.6593,0.8658,0.027025,49.7006,6.012,4.7055,0.0698,25781156720.0,112,0.027714,1.2,-3.84,0.24,0,1,3.4583
700,유수홀딩스,2025-05-26,5700,5940,KOSPI,1503,4.2105,4.152,0.9615,234,0.9286,1.3039,0.001355,18.3267,1.9372,4.7055,0.0691,250822366.0,998,0.018098,6.57,-0.17,1.68,0,1,3.4583
64350,현대로템,2025-05-26,125400,136600,KOSPI,230836,8.9314,2.0914,0.3214,11,0.7942,0.9572,0.113809,279.9722,17.8057,4.7055,0.1872,203081000000.0,11,0.063846,56.66,1.98,40.41,1,1,3.4583
65680,우주일렉트로,2025-05-26,31800,31900,KOSDAQ,3008,0.3145,0.948,1.0,9,0.4957,1.0066,0.077901,165.612,3.683,-0.1116,0.0592,992034760.0,1055,0.046126,19.28,-7.05,19.28,1,0,-0.4669
381970,케이카,2025-05-26,15000,15080,KOSPI,7323,0.5333,1.8215,0.9583,226,0.6875,1.5347,0.00765,25.562,5.0471,4.7055,0.0621,1412228686.0,844,0.022073,7.03,-7.89,2.85,0,1,3.4583
14940,오리엔탈정공,2025-05-27,6190,6660,KOSDAQ,3660,7.5929,4.5388,0.4386,47,0.929,1.1965,0.035812,106.8323,21.8362,0.1419,0.1917,12203788964.0,988,0.055341,-5.41,-17.27,-17.27,0,0,-0.1663
377300,카카오페이,2025-05-27,35650,35950,KOSPI,85952,0.8415,5.7752,0.9326,250,0.9664,1.189,0.012686,65.6682,13.5075,4.5549,0.1766,14889470320.0,854,0.034472,160.92,3.76,160.92,1,1,3.1922
68290,삼성출판사,2025-05-27,19400,19660,KOSPI,1036,1.3402,4.3937,0.6781,229,0.6828,1.1071,8.4e-05,47.8195,15.7633,4.5549,0.1501,1419648170.0,1012,0.036296,3.51,-13.99,-10.83,0,1,3.1922
79960,동양이엔피,2025-05-27,21550,22250,KOSDAQ,2405,3.2483,3.911,0.8824,231,0.5431,1.9436,0.005946,40.2016,11.3311,0.1419,0.0742,739085810.0,1066,0.026613,11.24,-2.25,7.87,1,0,-0.1663
10140,삼성중공업,2025-05-27,15440,16350,KOSPI,242440,5.8938,3.5332,0.9709,47,0.9064,0.9886,0.039023,84.5372,7.5081,4.5549,0.1102,185533000000.0,47,0.030843,10.52,-4.16,-0.18,1,1,3.1922
298380,에이비엘바이오,2025-05-27,69400,82600,KOSDAQ,109351,19.0202,2.9745,0.9146,21,0.8137,0.7665,0.107175,284.186,20.4421,0.1419,0.2712,102406000000.0,21,0.054134,-2.3,-20.1,-20.1,0,0,-0.1663
12450,한화에어로스페이스,2025-05-27,876388,887000,KOSPI,637324,1.2109,1.0227,0.9636,14,0.6087,0.5481,0.133426,333.2112,4.7627,4.5549,0.0741,182656000000.0,14,0.038625,9.36,-8.57,-1.01,0,1,3.1922
00104K,CJ4우(전환),2025-05-27,104200,107800,KOSPI,7265,3.4549,0.7655,0.96,249,1.0,0.8527,0.018381,51.1921,3.7868,4.5549,0.0551,1873922760.0,251,0.038298,23.38,2.78,20.87,1,1,3.1922
211050,인카금융서비스,2025-05-27,9860,9920,KOSDAQ,7188,0.6085,0.9306,0.9,1,0.531,1.0379,0.067903,131.2354,27.3646,0.1419,0.1258,2391276628.0,1,0.043923,48.08,9.78,48.08,1,0,-0.1663
194370,제이에스코퍼레이션,2025-05-27,10325,11770,KOSPI,3531,13.9952,29.4789,1.0,237,0.7024,4.3279,-0.005798,79.9694,51.5459,4.5549,0.3828,11146314998.0,777,0.051341,3.4,-7.73,-1.44,0,1,3.1922
2200,한국수출포장,2025-05-27,2875,2895,KOSPI,1264,0.6957,4.0529,0.9,78,0.6452,1.5441,0.009264,42.2604,-0.9771,4.5549,0.029,261485755.0,522,0.014557,5.18,0.17,4.32,0,1,3.1922
1045,CJ우,2025-05-28,74400,75800,KOSPI,2186,1.8817,1.0521,0.6962,6,0.7143,0.5936,0.021933,39.8524,3.7321,4.8639,0.0512,412611080.0,6,0.035761,16.89,2.64,13.46,1,1,4.4933
1940,KISCO홀딩스,2025-05-28,22550,23000,KOSPI,3246,1.9956,2.7833,0.9048,250,0.6034,1.6666,0.011363,26.3736,6.7866,4.8639,0.0774,399483050.0,313,0.031056,17.83,1.96,7.61,1,1,4.4933
93190,빅솔론,2025-05-28,5460,5710,KOSDAQ,1160,4.5788,6.4045,0.9333,17,0.6613,1.1922,0.013281,39.4383,11.4294,-0.1233,0.0735,131273064.0,647,0.022517,10.16,0.7,3.33,1,1,0.1116
4170,신세계,2025-05-28,175300,176200,KOSPI,30189,0.5134,0.9174,0.8525,2,0.4274,0.9801,0.007032,39.9523,10.2995,4.8639,0.0603,7482535400.0,992,0.033728,7.21,-3.18,7.21,0,1,4.4933
155,두산우,2025-05-28,316000,318500,KOSPI,18384,0.7911,3.4694,0.3,1,0.4837,2.5335,0.12187,344.8324,83.5976,4.8639,0.323,29963043700.0,1,0.086342,44.11,1.57,23.55,1,1,4.4933
3480,한진중공업홀딩스,2025-05-28,5180,5240,KOSPI,1398,1.1583,0.8708,0.7857,2,0.233,1.3521,0.036298,57.3574,11.0653,4.8639,0.0726,411910192.0,953,0.040076,6.11,-3.63,0.95,0,1,4.4933
16610,DB증권,2025-05-28,6650,6720,KOSPI,5454,1.0526,2.1638,0.5789,2,0.6438,1.0469,0.037756,68.0,5.1197,4.8639,0.0451,570902714.0,992,0.025935,27.08,10.12,22.62,1,1,4.4933
6360,GS건설,2025-05-28,21550,22600,KOSPI,15687,4.8724,6.2538,0.6579,179,0.7119,2.1237,0.013985,56.1852,26.2266,4.8639,0.1833,24151126348.0,1001,0.037958,6.86,-5.75,-5.75,0,1,4.4933
4990,롯데지주,2025-05-28,26900,27250,KOSPI,31578,1.3011,6.4167,0.7429,250,0.6757,2.4232,-0.003097,37.4874,16.5169,4.8639,0.1298,9583908790.0,973,0.030931,15.41,0.18,2.2,1,1,4.4933
227840,현대코퍼레이션홀딩스,2025-05-28,11560,11720,KOSPI,1085,1.3841,2.5703,0.6667,2,0.3699,1.5246,0.002246,15.0147,1.7785,4.8639,0.0431,281448706.0,928,0.0206,13.91,1.79,10.41,1,1,4.4933
402340,SK스퀘어,2025-05-28,106700,108200,KOSPI,663077,1.4058,1.8505,0.6224,211,0.5495,0.9718,0.001572,53.6932,15.7604,4.8639,0.1123,29989714560.0,211,0.041557,77.63,1.94,62.94,1,1,4.4933
5710,대원산업,2025-05-28,9040,9220,KOSDAQ,2561,1.9912,2.3767,0.6667,5,0.3989,1.969,0.033408,65.5296,19.3989,-0.1233,0.1081,363151110.0,5,0.033313,18.33,2.39,16.49,1,1,0.1116
24800,유성티엔에스,2025-05-28,2740,2750,KOSDAQ,1100,0.365,0.8289,0.6364,5,0.3121,2.2589,0.021668,53.6313,15.9128,-0.1233,0.0989,296741088.0,999,0.046753,10.73,0.55,7.09,1,1,0.1116
9540,HD한국조선해양,2025-05-29,296500,310500,KOSPI,283800,4.7218,2.0257,0.8043,3,0.5963,0.8673,0.054805,142.0109,9.7708,6.7395,0.0862,72333122600.0,3,0.041235,26.25,0.64,17.87,1,1,6.4785
44820,코스맥스비티아이,2025-05-29,12940,13810,KOSPI,1219,6.7233,2.4988,0.8774,7,0.8225,1.4065,0.027693,64.4048,15.9071,6.7395,0.1243,374911872.0,963,0.038766,39.46,5.72,37.73,1,1,6.4785
2320,한진,2025-05-29,20350,20650,KOSPI,3030,1.4742,2.4638,0.8469,11,0.5426,0.9263,0.001133,19.6408,2.1166,6.7395,0.056,529649878.0,1077,0.02826,3.87,-4.7,-4.12,0,1,6.4785
35810,이지홀딩스,2025-05-29,3765,3840,KOSDAQ,3271,1.992,2.1532,0.6923,11,0.75,1.18,0.023397,52.0792,9.607,2.3464,0.0614,936940931.0,756,0.036365,8.72,-2.73,3.12,0,1,1.1917
2020,코오롱,2025-05-29,29900,34450,KOSPI,7977,15.2174,15.33,0.6589,48,0.8673,2.9752,0.048285,174.0652,40.798,6.7395,0.4378,32517979990.0,907,0.05847,55.3,-1.31,47.75,1,1,6.4785
2460,HS화성,2025-05-29,10190,10230,KOSPI,1196,0.3925,0.3564,0.8571,2,0.5574,0.6154,0.008658,20.7792,-5.2514,6.7395,0.0194,131519792.0,778,0.017176,9.97,1.08,8.99,0,1,6.4785
44490,태웅,2025-05-29,20750,22100,KOSDAQ,5772,6.506,8.5571,0.8378,244,0.9203,5.2337,-0.004242,138.9189,39.8673,2.3464,0.3609,122804000000.0,422,0.086975,66.74,3.62,47.74,1,1,1.1917
93520,매커스,2025-05-29,12460,12530,KOSDAQ,3265,0.5618,1.1838,0.7143,239,0.417,1.2587,0.015085,74.7559,15.4168,2.3464,0.0954,736288194.0,306,0.039448,30.89,-0.24,26.34,1,1,1.1917
7860,서연,2025-05-29,10000,10070,KOSPI,2475,0.7,17.5702,0.8115,227,0.8091,2.5458,-0.007753,74.2215,27.5272,6.7395,0.2678,10729091732.0,978,0.049085,8.24,-6.06,-1.69,0,1,6.4785
138610,나이벡,2025-05-29,25250,28950,KOSDAQ,3796,14.6535,0.165,0.5,150,0.7178,0.6829,0.011658,121.4996,46.1913,2.3464,0.341,2143979040.0,957,0.056723,22.11,-12.09,-12.09,1,1,1.1917
54800,아이디스홀딩스,2025-05-29,10250,10430,KOSDAQ,1238,1.7561,2.3958,0.9661,248,0.5909,0.9153,0.001496,25.8142,14.4509,2.3464,0.111,158124504.0,970,0.021915,12.37,-0.86,-0.86,1,1,1.1917
6040,동원산업,2025-05-29,46300,47100,KOSPI,17836,1.7279,2.2835,0.9273,8,0.4156,1.1779,0.03978,76.7819,9.4134,6.7395,0.0752,2256854450.0,993,0.036321,6.58,-3.08,0.32,0,1,6.4785
5810,풍산홀딩스,2025-05-29,32450,32500,KOSPI,5623,0.1541,1.2945,0.7917,3,0.5941,1.4383,0.007997,35.6994,8.5087,6.7395,0.0882,1664609020.0,251,0.034066,57.54,-1.54,41.08,1,1,6.4785
11760,현대코퍼레이션,2025-05-29,25550,26750,KOSPI,2930,4.6967,4.0067,0.6667,58,0.6095,2.0241,0.008244,50.1965,13.4852,6.7395,0.1243,2957175950.0,443,0.038451,10.09,-1.5,8.41,1,1,6.4785
5680,삼영전자,2025-05-29,10830,11050,KOSPI,2246,2.0314,2.2684,0.9211,11,0.449,1.1479,0.016309,32.0191,-1.5014,6.7395,0.0316,255874006.0,960,0.020814,6.06,-1.36,1.45,0,1,6.4785
121440,골프존홀딩스,2025-05-29,5370,5520,KOSDAQ,1964,2.7933,2.4185,0.7391,12,0.6095,0.8926,0.030727,79.5122,16.7475,2.3464,0.0966,919904688.0,860,0.037267,7.61,-2.72,1.45,0,1,1.1917
41510,에스엠,2025-05-29,132700,137400,KOSDAQ,24291,3.5418,1.4911,0.8425,3,0.6404,1.8329,0.062071,145.3571,13.1158,2.3464,0.0981,100968000000.0,542,0.048295,2.62,-6.77,2.62,0,1,1.1917
5990,매일홀딩스,2025-05-29,10640,10930,KOSDAQ,1423,2.7256,2.2587,1.0,2,0.5051,0.8698,0.022833,37.4843,5.2324,2.3464,0.0562,123888290.0,971,0.01954,3.75,-2.47,0.46,0,1,1.1917
